iso,elapsedSec,runId,panelId,pid,memoryMb,pidShared,crashed,everCrashed,loading,urlDrifted,crashes,failedLoads,loads,watchdogReloads,reloadAttempts,reloadAttemptsPeak,recycleCount,timerRefreshes,lastUsedSecAgo,gaveUp
2026-08-25T13:26:20.607Z,0,35c9c808,control,15692,73,0,0,0,0,0,0,0,0,0,0,0,0,0,,0
2026-08-25T13:26:20.607Z,0,35c9c808,heavy,12456,99,0,0,0,0,0,0,0,0,0,0,0,0,0,,0
2026-08-25T13:26:20.607Z,0,35c9c808,grafana,6396,248,0,0,0,0,1,0,0,0,0,0,0,0,0,,0
2026-08-25T13:26:20.607Z,0,35c9c808,earth,22868,128,0,0,0,0,0,0,0,0,0,0,0,0,0,,0
2026-08-25T13:27:20.637Z,60,35c9c808,control,15692,73,0,0,0,0,0,0,0,0,0,0,0,0,0,,0
2026-08-25T13:27:20.637Z,60,35c9c808,heavy,12456,99,0,0,0,0,0,0,0,0,0,0,0,0,0,,0
2026-08-25T13:27:20.637Z,60,35c9c808,grafana,6396,250,0,0,0,0,1,0,0,0,0,0,0,0,0,,0
2026-08-25T13:27:20.637Z,60,35c9c808,earth,22868,128,0,0,0,0,0,0,0,0,0,0,0,0,0,,0
2026-08-25T13:28:20.653Z,120,35c9c808,control,15692,73,0,0,0,0,0,0,0,0,0,0,0,0,0,,0
2026-08-25T13:28:20.653Z,120,35c9c808,heavy,12456,100,0,0,0,0,0,0,0,0,0,0,0,0,0,,0
2026-08-25T13:28:20.653Z,120,35c9c808,grafana,6396,250,0,0,0,0,1,0,0,0,0,0,0,0,0,,0
2026-08-25T13:28:20.653Z,120,35c9c808,earth,22868,128,0,0,0,0,0,0,0,0,0,0,0,0,0,,0
2026-08-25T13:29:20.672Z,180,35c9c808,control,15692,73,0,0,0,0,0,0,0,0,0,0,0,0,0,,0
2026-08-25T13:29:20.672Z,180,35c9c808,heavy,12456,99,0,0,0,0,0,0,0,0,0,0,0,0,0,,0
2026-08-25T13:29:20.672Z,180,35c9c808,grafana,6396,251,0,0,0,0,1,0,0,0,0,0,0,0,0,,0
2026-08-25T13:29:20.672Z,180,35c9c808,earth,22868,129,0,0,0,0,0,0,0,0,0,0,0,0,0,,0
2026-08-25T13:30:20.689Z,240,35c9c808,control,15692,73,0,0,0,0,0,0,0,0,0,0,0,0,0,,0
2026-08-25T13:30:20.689Z,240,35c9c808,heavy,12456,100,0,0,0,0,0,0,0,0,0,0,0,0,0,,0
2026-08-25T13:30:20.689Z,240,35c9c808,grafana,6396,252,0,0,0,0,1,0,0,0,0,0,0,0,0,,0
2026-08-25T13:30:20.689Z,240,35c9c808,earth,22868,129,0,0,0,0,0,0,0,0,0,0,0,0,0,,0
2026-08-25T13:31:20.708Z,300,35c9c808,control,15692,73,0,0,0,0,0,0,0,0,0,0,0,0,0,,0
2026-08-25T13:31:20.708Z,300,35c9c808,heavy,12456,100,0,0,0,0,0,0,0,0,0,0,0,0,0,,0
2026-08-25T13:31:20.708Z,300,35c9c808,grafana,6396,250,0,0,0,0,1,0,0,0,0,0,0,0,0,,0
2026-08-25T13:31:20.708Z,300,35c9c808,earth,22868,129,0,0,0,0,0,0,0,0,0,0,0,0,0,,0
2026-08-25T13:32:20.726Z,360,35c9c808,control,15692,73,0,0,0,0,0,0,0,0,0,0,0,0,0,,0
2026-08-25T13:32:20.726Z,360,35c9c808,heavy,12456,100,0,0,0,0,0,0,0,0,0,0,0,0,0,,0
2026-08-25T13:32:20.726Z,360,35c9c808,grafana,6396,251,0,0,0,0,1,0,0,0,0,0,0,0,0,,0
2026-08-25T13:32:20.726Z,360,35c9c808,earth,22868,129,0,0,0,0,0,0,0,0,0,0,0,0,0,,0
2026-08-25T13:33:20.743Z,420,35c9c808,control,15692,73,0,0,0,0,0,0,0,0,0,0,0,0,0,,0
2026-08-25T13:33:20.743Z,420,35c9c808,heavy,12456,100,0,0,0,0,0,0,0,0,0,0,0,0,0,,0
2026-08-25T13:33:20.743Z,420,35c9c808,grafana,6396,249,0,0,0,0,1,0,0,0,0,0,0,0,0,,0
2026-08-25T13:33:20.743Z,420,35c9c808,earth,22868,129,0,0,0,0,0,0,0,0,0,0,0,0,0,,0
2026-08-25T13:34:20.762Z,480,35c9c808,control,15692,73,0,0,0,0,0,0,0,0,0,0,0,0,0,,0
2026-08-25T13:34:20.762Z,480,35c9c808,heavy,12456,100,0,0,0,0,0,0,0,0,0,0,0,0,0,,0
2026-08-25T13:34:20.762Z,480,35c9c808,grafana,6396,249,0,0,0,0,1,0,0,0,0,0,0,0,0,,0
2026-08-25T13:34:20.762Z,480,35c9c808,earth,22868,129,0,0,0,0,0,0,0,0,0,0,0,0,0,,0
2026-08-25T13:35:20.781Z,540,35c9c808,control,15692,73,0,0,0,0,0,0,0,0,0,0,0,0,0,,0
2026-08-25T13:35:20.781Z,540,35c9c808,heavy,12456,100,0,0,0,0,0,0,0,0,0,0,0,0,0,,0
2026-08-25T13:35:20.781Z,540,35c9c808,grafana,6396,250,0,0,0,0,1,0,0,0,0,0,0,0,0,,0
2026-08-25T13:35:20.781Z,540,35c9c808,earth,22868,129,0,0,0,0,0,0,0,0,0,0,0,0,0,,0
2026-08-25T13:36:20.798Z,600,35c9c808,control,15692,73,0,0,0,0,0,0,0,0,0,0,0,0,0,,0
2026-08-25T13:36:20.798Z,600,35c9c808,heavy,12456,100,0,0,0,0,0,0,0,0,0,0,0,0,0,,0
2026-08-25T13:36:20.798Z,600,35c9c808,grafana,6396,249,0,0,0,0,1,0,0,0,0,0,0,0,0,,0
2026-08-25T13:36:20.798Z,600,35c9c808,earth,22868,129,0,0,0,0,0,0,0,0,0,0,0,0,0,,0
2026-08-25T13:37:20.815Z,660,35c9c808,control,15692,73,0,0,0,0,0,0,0,0,0,0,0,0,0,,0
2026-08-25T13:37:20.815Z,660,35c9c808,heavy,12456,101,0,0,0,0,0,0,0,0,0,0,0,0,0,,0
2026-08-25T13:37:20.815Z,660,35c9c808,grafana,6396,249,0,0,0,0,1,0,0,0,0,0,0,0,0,,0
2026-08-25T13:37:20.815Z,660,35c9c808,earth,22868,129,0,0,0,0,0,0,0,0,0,0,0,0,0,,0
2026-08-25T13:38:20.834Z,720,35c9c808,control,15692,73,0,0,0,0,0,0,0,0,0,0,0,0,0,,0
2026-08-25T13:38:20.834Z,720,35c9c808,heavy,12456,101,0,0,0,0,0,0,0,0,0,0,0,0,0,,0
2026-08-25T13:38:20.834Z,720,35c9c808,grafana,6396,249,0,0,0,0,1,0,0,0,0,0,0,0,0,,0
2026-08-25T13:38:20.834Z,720,35c9c808,earth,22868,130,0,0,0,0,0,0,0,0,0,0,0,0,0,,0
2026-08-25T13:39:20.851Z,780,35c9c808,control,15692,73,0,0,0,0,0,0,0,0,0,0,0,0,0,,0
2026-08-25T13:39:20.851Z,780,35c9c808,heavy,12456,100,0,0,0,0,0,0,0,0,0,0,0,0,0,,0
2026-08-25T13:39:20.851Z,780,35c9c808,grafana,6396,249,0,0,0,0,1,0,0,0,0,0,0,0,0,,0
2026-08-25T13:39:20.851Z,780,35c9c808,earth,22868,129,0,0,0,0,0,0,0,0,0,0,0,0,0,,0
2026-08-25T13:40:20.869Z,840,35c9c808,control,15692,73,0,0,0,0,0,0,0,0,0,0,0,0,0,,0
2026-08-25T13:40:20.869Z,840,35c9c808,heavy,12456,101,0,0,0,0,0,0,0,0,0,0,0,0,0,,0
2026-08-25T13:40:20.869Z,840,35c9c808,grafana,6396,249,0,0,0,0,1,0,0,0,0,0,0,0,0,,0
2026-08-25T13:40:20.869Z,840,35c9c808,earth,22868,129,0,0,0,0,0,0,0,0,0,0,0,0,0,,0
2026-08-25T13:41:20.888Z,900,35c9c808,control,15692,73,0,0,0,0,0,0,0,0,0,0,0,0,0,,0
2026-08-25T13:41:20.888Z,900,35c9c808,heavy,12456,101,0,0,0,0,0,0,0,0,0,0,0,0,0,,0
2026-08-25T13:41:20.888Z,900,35c9c808,grafana,6396,249,0,0,0,0,1,0,0,0,0,0,0,0,0,,0
2026-08-25T13:41:20.888Z,900,35c9c808,earth,22868,129,0,0,0,0,0,0,0,0,0,0,0,0,0,,0
2026-08-25T13:42:20.906Z,960,35c9c808,control,15692,73,0,0,0,0,0,0,0,0,0,0,0,0,0,,0
2026-08-25T13:42:20.906Z,960,35c9c808,heavy,12456,101,0,0,0,0,0,0,0,0,0,0,0,0,0,,0
2026-08-25T13:42:20.906Z,960,35c9c808,grafana,6396,249,0,0,0,0,1,0,0,0,0,0,0,0,0,,0
2026-08-25T13:42:20.906Z,960,35c9c808,earth,22868,129,0,0,0,0,0,0,0,0,0,0,0,0,0,,0
2026-08-25T13:43:20.923Z,1020,35c9c808,control,15692,73,0,0,0,0,0,0,0,0,0,0,0,0,0,,0
2026-08-25T13:43:20.923Z,1020,35c9c808,heavy,12456,101,0,0,0,0,0,0,0,0,0,0,0,0,0,,0
2026-08-25T13:43:20.923Z,1020,35c9c808,grafana,6396,248,0,0,0,0,1,0,0,0,0,0,0,0,0,,0
2026-08-25T13:43:20.923Z,1020,35c9c808,earth,22868,129,0,0,0,0,0,0,0,0,0,0,0,0,0,,0
2026-08-25T13:44:20.940Z,1080,35c9c808,control,15692,73,0,0,0,0,0,0,0,0,0,0,0,0,0,,0
2026-08-25T13:44:20.940Z,1080,35c9c808,heavy,12456,101,0,0,0,0,0,0,0,0,0,0,0,0,0,,0
2026-08-25T13:44:20.940Z,1080,35c9c808,grafana,6396,249,0,0,0,0,1,0,0,0,0,0,0,0,0,,0
2026-08-25T13:44:20.940Z,1080,35c9c808,earth,22868,130,0,0,0,0,0,0,0,0,0,0,0,0,0,,0
2026-08-25T13:45:20.961Z,1140,35c9c808,control,15692,73,0,0,0,0,0,0,0,0,0,0,0,0,0,,0
2026-08-25T13:45:20.961Z,1140,35c9c808,heavy,12456,102,0,0,0,0,0,0,0,0,0,0,0,0,0,,0
2026-08-25T13:45:20.961Z,1140,35c9c808,grafana,6396,249,0,0,0,0,1,0,0,0,0,0,0,0,0,,0
2026-08-25T13:45:20.961Z,1140,35c9c808,earth,22868,129,0,0,0,0,0,0,0,0,0,0,0,0,0,,0
2026-08-25T13:46:20.978Z,1200,35c9c808,control,15692,73,0,0,0,0,0,0,0,0,0,0,0,0,0,,0
2026-08-25T13:46:20.978Z,1200,35c9c808,heavy,12456,102,0,0,0,0,0,0,0,0,0,0,0,0,0,,0
2026-08-25T13:46:20.978Z,1200,35c9c808,grafana,6396,249,0,0,0,0,1,0,0,0,0,0,0,0,0,,0
2026-08-25T13:46:20.978Z,1200,35c9c808,earth,22868,129,0,0,0,0,0,0,0,0,0,0,0,0,0,,0
2026-08-25T13:47:20.996Z,1260,35c9c808,control,15692,73,0,0,0,0,0,0,0,0,0,0,0,0,0,,0
2026-08-25T13:47:20.996Z,1260,35c9c808,heavy,12456,102,0,0,0,0,0,0,0,0,0,0,0,0,0,,0
2026-08-25T13:47:20.996Z,1260,35c9c808,grafana,6396,249,0,0,0,0,1,0,0,0,0,0,0,0,0,,0
2026-08-25T13:47:20.996Z,1260,35c9c808,earth,22868,130,0,0,0,0,0,0,0,0,0,0,0,0,0,,0
2026-08-25T13:48:21.014Z,1320,35c9c808,control,15692,73,0,0,0,0,0,0,0,0,0,0,0,0,0,,0
2026-08-25T13:48:21.014Z,1320,35c9c808,heavy,12456,102,0,0,0,0,0,0,0,0,0,0,0,0,0,,0
2026-08-25T13:48:21.014Z,1320,35c9c808,grafana,6396,249,0,0,0,0,1,0,0,0,0,0,0,0,0,,0
2026-08-25T13:48:21.014Z,1320,35c9c808,earth,22868,129,0,0,0,0,0,0,0,0,0,0,0,0,0,,0
2026-08-25T13:49:21.032Z,1380,35c9c808,control,15692,73,0,0,0,0,0,0,0,0,0,0,0,0,0,,0
2026-08-25T13:49:21.032Z,1380,35c9c808,heavy,12456,102,0,0,0,0,0,0,0,0,0,0,0,0,0,,0
2026-08-25T13:49:21.032Z,1380,35c9c808,grafana,6396,249,0,0,0,0,1,0,0,0,0,0,0,0,0,,0
2026-08-25T13:49:21.032Z,1380,35c9c808,earth,22868,129,0,0,0,0,0,0,0,0,0,0,0,0,0,,0
2026-08-25T13:50:21.049Z,1440,35c9c808,control,15692,73,0,0,0,0,0,0,0,0,0,0,0,0,0,,0
2026-08-25T13:50:21.049Z,1440,35c9c808,heavy,12456,102,0,0,0,0,0,0,0,0,0,0,0,0,0,,0
2026-08-25T13:50:21.049Z,1440,35c9c808,grafana,6396,249,0,0,0,0,1,0,0,0,0,0,0,0,0,,0
2026-08-25T13:50:21.049Z,1440,35c9c808,earth,22868,129,0,0,0,0,0,0,0,0,0,0,0,0,0,,0
2026-08-25T13:51:21.068Z,1500,35c9c808,control,15692,73,0,0,0,0,0,0,0,0,0,0,0,0,0,,0
2026-08-25T13:51:21.068Z,1500,35c9c808,heavy,12456,102,0,0,0,0,0,0,0,0,0,0,0,0,0,,0
2026-08-25T13:51:21.068Z,1500,35c9c808,grafana,6396,249,0,0,0,0,1,0,0,0,0,0,0,0,0,,0
2026-08-25T13:51:21.068Z,1500,35c9c808,earth,22868,129,0,0,0,0,0,0,0,0,0,0,0,0,0,,0
2026-08-25T13:52:21.085Z,1560,35c9c808,control,15692,73,0,0,0,0,0,0,0,0,0,0,0,0,0,,0
2026-08-25T13:52:21.085Z,1560,35c9c808,heavy,12456,102,0,0,0,0,0,0,0,0,0,0,0,0,0,,0
2026-08-25T13:52:21.085Z,1560,35c9c808,grafana,6396,249,0,0,0,0,1,0,0,0,0,0,0,0,0,,0
2026-08-25T13:52:21.085Z,1560,35c9c808,earth,22868,129,0,0,0,0,0,0,0,0,0,0,0,0,0,,0
2026-08-25T13:53:21.103Z,1620,35c9c808,control,15692,73,0,0,0,0,0,0,0,0,0,0,0,0,0,,0
2026-08-25T13:53:21.103Z,1620,35c9c808,heavy,12456,102,0,0,0,0,0,0,0,0,0,0,0,0,0,,0
2026-08-25T13:53:21.103Z,1620,35c9c808,grafana,6396,249,0,0,0,0,1,0,0,0,0,0,0,0,0,,0
2026-08-25T13:53:21.103Z,1620,35c9c808,earth,22868,129,0,0,0,0,0,0,0,0,0,0,0,0,0,,0
2026-08-25T13:54:21.121Z,1681,35c9c808,control,15692,73,0,0,0,0,0,0,0,0,0,0,0,0,0,,0
2026-08-25T13:54:21.121Z,1681,35c9c808,heavy,12456,102,0,0,0,0,0,0,0,0,0,0,0,0,0,,0
2026-08-25T13:54:21.121Z,1681,35c9c808,grafana,6396,249,0,0,0,0,1,0,0,0,0,0,0,0,0,,0
2026-08-25T13:54:21.121Z,1681,35c9c808,earth,22868,129,0,0,0,0,0,0,0,0,0,0,0,0,0,,0
2026-08-25T13:55:21.139Z,1741,35c9c808,control,15692,73,0,0,0,0,0,0,0,0,0,0,0,0,0,,0
2026-08-25T13:55:21.139Z,1741,35c9c808,heavy,12456,102,0,0,0,0,0,0,0,0,0,0,0,0,0,,0
2026-08-25T13:55:21.139Z,1741,35c9c808,grafana,6396,249,0,0,0,0,1,0,0,0,0,0,0,0,0,,0
2026-08-25T13:55:21.139Z,1741,35c9c808,earth,22868,130,0,0,0,0,0,0,0,0,0,0,0,0,0,,0
2026-08-25T13:56:21.157Z,1801,35c9c808,control,15692,73,0,0,0,0,0,0,0,0,0,0,0,0,0,,0
2026-08-25T13:56:21.157Z,1801,35c9c808,heavy,12456,102,0,0,0,0,0,0,0,0,0,0,0,0,0,,0
2026-08-25T13:56:21.157Z,1801,35c9c808,grafana,6396,249,0,0,0,0,1,0,0,0,0,0,0,0,0,,0
2026-08-25T13:56:21.157Z,1801,35c9c808,earth,22868,132,0,0,0,0,0,0,0,0,0,0,0,0,0,,0
2026-08-25T13:57:21.175Z,1861,35c9c808,control,15692,73,0,0,0,0,0,0,0,0,0,0,0,0,0,,0
2026-08-25T13:57:21.175Z,1861,35c9c808,heavy,12456,102,0,0,0,0,0,0,0,0,0,0,0,0,0,,0
2026-08-25T13:57:21.175Z,1861,35c9c808,grafana,6396,249,0,0,0,0,1,0,0,0,0,0,0,0,0,,0
2026-08-25T13:57:21.175Z,1861,35c9c808,earth,22868,132,0,0,0,0,0,0,0,0,0,0,0,0,0,,0
2026-08-25T13:58:21.194Z,1921,35c9c808,control,15692,73,0,0,0,0,0,0,0,0,0,0,0,0,0,,0
2026-08-25T13:58:21.194Z,1921,35c9c808,heavy,12456,102,0,0,0,0,0,0,0,0,0,0,0,0,0,,0
2026-08-25T13:58:21.194Z,1921,35c9c808,grafana,6396,249,0,0,0,0,1,0,0,0,0,0,0,0,0,,0
2026-08-25T13:58:21.194Z,1921,35c9c808,earth,22868,132,0,0,0,0,0,0,0,0,0,0,0,0,0,,0
2026-08-25T13:59:21.212Z,1981,35c9c808,control,15692,73,0,0,0,0,0,0,0,0,0,0,0,0,0,,0
2026-08-25T13:59:21.212Z,1981,35c9c808,heavy,12456,102,0,0,0,0,0,0,0,0,0,0,0,0,0,,0
2026-08-25T13:59:21.212Z,1981,35c9c808,grafana,6396,249,0,0,0,0,1,0,0,0,0,0,0,0,0,,0
2026-08-25T13:59:21.212Z,1981,35c9c808,earth,22868,132,0,0,0,0,0,0,0,0,0,0,0,0,0,,0
2026-08-25T14:00:21.231Z,2041,35c9c808,control,15692,73,0,0,0,0,0,0,0,0,0,0,0,0,0,,0
2026-08-25T14:00:21.231Z,2041,35c9c808,heavy,12456,102,0,0,0,0,0,0,0,0,0,0,0,0,0,,0
2026-08-25T14:00:21.231Z,2041,35c9c808,grafana,6396,249,0,0,0,0,1,0,0,0,0,0,0,0,0,,0
2026-08-25T14:00:21.231Z,2041,35c9c808,earth,22868,132,0,0,0,0,0,0,0,0,0,0,0,0,0,,0
2026-08-25T14:01:21.247Z,2101,35c9c808,control,15692,73,0,0,0,0,0,0,0,0,0,0,0,0,0,,0
2026-08-25T14:01:21.247Z,2101,35c9c808,heavy,12456,102,0,0,0,0,0,0,0,0,0,0,0,0,0,,0
2026-08-25T14:01:21.247Z,2101,35c9c808,grafana,6396,250,0,0,0,0,1,0,0,0,0,0,0,0,0,,0
2026-08-25T14:01:21.247Z,2101,35c9c808,earth,22868,132,0,0,0,0,0,0,0,0,0,0,0,0,0,,0
2026-08-25T14:02:21.266Z,2161,35c9c808,control,15692,73,0,0,0,0,0,0,0,0,0,0,0,0,0,,0
2026-08-25T14:02:21.266Z,2161,35c9c808,heavy,12456,102,0,0,0,0,0,0,0,0,0,0,0,0,0,,0
2026-08-25T14:02:21.266Z,2161,35c9c808,grafana,6396,250,0,0,0,0,1,0,0,0,0,0,0,0,0,,0
2026-08-25T14:02:21.266Z,2161,35c9c808,earth,22868,132,0,0,0,0,0,0,0,0,0,0,0,0,0,,0
2026-08-25T14:03:21.284Z,2221,35c9c808,control,15692,73,0,0,0,0,0,0,0,0,0,0,0,0,0,,0
2026-08-25T14:03:21.284Z,2221,35c9c808,heavy,12456,102,0,0,0,0,0,0,0,0,0,0,0,0,0,,0
2026-08-25T14:03:21.284Z,2221,35c9c808,grafana,6396,250,0,0,0,0,1,0,0,0,0,0,0,0,0,,0
2026-08-25T14:03:21.284Z,2221,35c9c808,earth,22868,132,0,0,0,0,0,0,0,0,0,0,0,0,0,,0
2026-08-25T14:04:21.301Z,2281,35c9c808,control,15692,73,0,0,0,0,0,0,0,0,0,0,0,0,0,,0
2026-08-25T14:04:21.301Z,2281,35c9c808,heavy,12456,102,0,0,0,0,0,0,0,0,0,0,0,0,0,,0
2026-08-25T14:04:21.301Z,2281,35c9c808,grafana,6396,249,0,0,0,0,1,0,0,0,0,0,0,0,0,,0
2026-08-25T14:04:21.301Z,2281,35c9c808,earth,22868,132,0,0,0,0,0,0,0,0,0,0,0,0,0,,0
2026-08-25T14:05:21.319Z,2341,35c9c808,control,15692,73,0,0,0,0,0,0,0,0,0,0,0,0,0,,0
2026-08-25T14:05:21.319Z,2341,35c9c808,heavy,12456,102,0,0,0,0,0,0,0,0,0,0,0,0,0,,0
2026-08-25T14:05:21.319Z,2341,35c9c808,grafana,6396,249,0,0,0,0,1,0,0,0,0,0,0,0,0,,0
2026-08-25T14:05:21.319Z,2341,35c9c808,earth,22868,132,0,0,0,0,0,0,0,0,0,0,0,0,0,,0
2026-08-25T14:06:21.338Z,2401,35c9c808,control,15692,73,0,0,0,0,0,0,0,0,0,0,0,0,0,,0
2026-08-25T14:06:21.338Z,2401,35c9c808,heavy,12456,102,0,0,0,0,0,0,0,0,0,0,0,0,0,,0
2026-08-25T14:06:21.338Z,2401,35c9c808,grafana,6396,249,0,0,0,0,1,0,0,0,0,0,0,0,0,,0
2026-08-25T14:06:21.338Z,2401,35c9c808,earth,22868,132,0,0,0,0,0,0,0,0,0,0,0,0,0,,0
2026-08-25T14:07:21.354Z,2461,35c9c808,control,15692,73,0,0,0,0,0,0,0,0,0,0,0,0,0,,0
2026-08-25T14:07:21.354Z,2461,35c9c808,heavy,12456,102,0,0,0,0,0,0,0,0,0,0,0,0,0,,0
2026-08-25T14:07:21.354Z,2461,35c9c808,grafana,6396,249,0,0,0,0,1,0,0,0,0,0,0,0,0,,0
2026-08-25T14:07:21.354Z,2461,35c9c808,earth,22868,132,0,0,0,0,0,0,0,0,0,0,0,0,0,,0
2026-08-25T14:08:21.374Z,2521,35c9c808,control,15692,73,0,0,0,0,0,0,0,0,0,0,0,0,0,,0
2026-08-25T14:08:21.374Z,2521,35c9c808,heavy,12456,102,0,0,0,0,0,0,0,0,0,0,0,0,0,,0
2026-08-25T14:08:21.374Z,2521,35c9c808,grafana,6396,249,0,0,0,0,1,0,0,0,0,0,0,0,0,,0
2026-08-25T14:08:21.374Z,2521,35c9c808,earth,22868,132,0,0,0,0,0,0,0,0,0,0,0,0,0,,0
2026-08-25T14:09:21.392Z,2581,35c9c808,control,15692,73,0,0,0,0,0,0,0,0,0,0,0,0,0,,0
2026-08-25T14:09:21.392Z,2581,35c9c808,heavy,12456,102,0,0,0,0,0,0,0,0,0,0,0,0,0,,0
2026-08-25T14:09:21.392Z,2581,35c9c808,grafana,6396,249,0,0,0,0,1,0,0,0,0,0,0,0,0,,0
2026-08-25T14:09:21.392Z,2581,35c9c808,earth,22868,132,0,0,0,0,0,0,0,0,0,0,0,0,0,,0
2026-08-25T14:10:21.410Z,2641,35c9c808,control,15692,73,0,0,0,0,0,0,0,0,0,0,0,0,0,,0
2026-08-25T14:10:21.410Z,2641,35c9c808,heavy,12456,102,0,0,0,0,0,0,0,0,0,0,0,0,0,,0
2026-08-25T14:10:21.410Z,2641,35c9c808,grafana,6396,250,0,0,0,0,1,0,0,0,0,0,0,0,0,,0
2026-08-25T14:10:21.410Z,2641,35c9c808,earth,22868,132,0,0,0,0,0,0,0,0,0,0,0,0,0,,0
2026-08-25T14:11:21.427Z,2701,35c9c808,control,15692,73,0,0,0,0,0,0,0,0,0,0,0,0,0,,0
2026-08-25T14:11:21.427Z,2701,35c9c808,heavy,12456,102,0,0,0,0,0,0,0,0,0,0,0,0,0,,0
2026-08-25T14:11:21.427Z,2701,35c9c808,grafana,6396,249,0,0,0,0,1,0,0,0,0,0,0,0,0,,0
2026-08-25T14:11:21.427Z,2701,35c9c808,earth,22868,132,0,0,0,0,0,0,0,0,0,0,0,0,0,,0
2026-08-25T14:12:21.446Z,2761,35c9c808,control,15692,73,0,0,0,0,0,0,0,0,0,0,0,0,0,,0
2026-08-25T14:12:21.446Z,2761,35c9c808,heavy,12456,102,0,0,0,0,0,0,0,0,0,0,0,0,0,,0
2026-08-25T14:12:21.446Z,2761,35c9c808,grafana,6396,249,0,0,0,0,1,0,0,0,0,0,0,0,0,,0
2026-08-25T14:12:21.446Z,2761,35c9c808,earth,22868,132,0,0,0,0,0,0,0,0,0,0,0,0,0,,0
2026-08-25T14:13:21.463Z,2821,35c9c808,control,15692,73,0,0,0,0,0,0,0,0,0,0,0,0,0,,0
2026-08-25T14:13:21.463Z,2821,35c9c808,heavy,12456,102,0,0,0,0,0,0,0,0,0,0,0,0,0,,0
2026-08-25T14:13:21.463Z,2821,35c9c808,grafana,6396,250,0,0,0,0,1,0,0,0,0,0,0,0,0,,0
2026-08-25T14:13:21.463Z,2821,35c9c808,earth,22868,132,0,0,0,0,0,0,0,0,0,0,0,0,0,,0
2026-08-25T14:14:21.481Z,2881,35c9c808,control,15692,73,0,0,0,0,0,0,0,0,0,0,0,0,0,,0
2026-08-25T14:14:21.481Z,2881,35c9c808,heavy,12456,102,0,0,0,0,0,0,0,0,0,0,0,0,0,,0
2026-08-25T14:14:21.481Z,2881,35c9c808,grafana,6396,249,0,0,0,0,1,0,0,0,0,0,0,0,0,,0
2026-08-25T14:14:21.481Z,2881,35c9c808,earth,22868,132,0,0,0,0,0,0,0,0,0,0,0,0,0,,0
2026-08-25T14:15:21.500Z,2941,35c9c808,control,15692,73,0,0,0,0,0,0,0,0,0,0,0,0,0,,0
2026-08-25T14:15:21.500Z,2941,35c9c808,heavy,12456,103,0,0,0,0,0,0,0,0,0,0,0,0,0,,0
2026-08-25T14:15:21.500Z,2941,35c9c808,grafana,6396,249,0,0,0,0,1,0,0,0,0,0,0,0,0,,0
2026-08-25T14:15:21.500Z,2941,35c9c808,earth,22868,132,0,0,0,0,0,0,0,0,0,0,0,0,0,,0
2026-08-25T14:16:21.517Z,3001,35c9c808,control,15692,73,0,0,0,0,0,0,0,0,0,0,0,0,0,,0
2026-08-25T14:16:21.517Z,3001,35c9c808,heavy,12456,102,0,0,0,0,0,0,0,0,0,0,0,0,0,,0
2026-08-25T14:16:21.517Z,3001,35c9c808,grafana,6396,250,0,0,0,0,1,0,0,0,0,0,0,0,0,,0
2026-08-25T14:16:21.517Z,3001,35c9c808,earth,22868,132,0,0,0,0,0,0,0,0,0,0,0,0,0,,0
2026-08-25T14:17:21.536Z,3061,35c9c808,control,15692,73,0,0,0,0,0,0,0,0,0,0,0,0,0,,0
2026-08-25T14:17:21.536Z,3061,35c9c808,heavy,12456,102,0,0,0,0,0,0,0,0,0,0,0,0,0,,0
2026-08-25T14:17:21.536Z,3061,35c9c808,grafana,6396,250,0,0,0,0,1,0,0,0,0,0,0,0,0,,0
2026-08-25T14:17:21.536Z,3061,35c9c808,earth,22868,132,0,0,0,0,0,0,0,0,0,0,0,0,0,,0
2026-08-25T14:18:21.553Z,3121,35c9c808,control,15692,73,0,0,0,0,0,0,0,0,0,0,0,0,0,,0
2026-08-25T14:18:21.553Z,3121,35c9c808,heavy,12456,102,0,0,0,0,0,0,0,0,0,0,0,0,0,,0
2026-08-25T14:18:21.553Z,3121,35c9c808,grafana,6396,249,0,0,0,0,1,0,0,0,0,0,0,0,0,,0
2026-08-25T14:18:21.553Z,3121,35c9c808,earth,22868,132,0,0,0,0,0,0,0,0,0,0,0,0,0,,0
2026-08-25T14:19:21.571Z,3181,35c9c808,control,15692,73,0,0,0,0,0,0,0,0,0,0,0,0,0,,0
2026-08-25T14:19:21.571Z,3181,35c9c808,heavy,12456,102,0,0,0,0,0,0,0,0,0,0,0,0,0,,0
2026-08-25T14:19:21.571Z,3181,35c9c808,grafana,6396,249,0,0,0,0,1,0,0,0,0,0,0,0,0,,0
2026-08-25T14:19:21.571Z,3181,35c9c808,earth,22868,132,0,0,0,0,0,0,0,0,0,0,0,0,0,,0
2026-08-25T14:20:21.588Z,3241,35c9c808,control,15692,73,0,0,0,0,0,0,0,0,0,0,0,0,0,,0
2026-08-25T14:20:21.588Z,3241,35c9c808,heavy,12456,102,0,0,0,0,0,0,0,0,0,0,0,0,0,,0
2026-08-25T14:20:21.588Z,3241,35c9c808,grafana,6396,250,0,0,0,0,1,0,0,0,0,0,0,0,0,,0
2026-08-25T14:20:21.588Z,3241,35c9c808,earth,22868,133,0,0,0,0,0,0,0,0,0,0,0,0,0,,0
2026-08-25T14:21:21.608Z,3301,35c9c808,control,15692,73,0,0,0,0,0,0,0,0,0,0,0,0,0,,0
2026-08-25T14:21:21.608Z,3301,35c9c808,heavy,12456,102,0,0,0,0,0,0,0,0,0,0,0,0,0,,0
2026-08-25T14:21:21.608Z,3301,35c9c808,grafana,6396,249,0,0,0,0,1,0,0,0,0,0,0,0,0,,0
2026-08-25T14:21:21.608Z,3301,35c9c808,earth,22868,132,0,0,0,0,0,0,0,0,0,0,0,0,0,,0
2026-08-25T14:22:21.626Z,3361,35c9c808,control,15692,73,0,0,0,0,0,0,0,0,0,0,0,0,0,,0
2026-08-25T14:22:21.626Z,3361,35c9c808,heavy,12456,102,0,0,0,0,0,0,0,0,0,0,0,0,0,,0
2026-08-25T14:22:21.626Z,3361,35c9c808,grafana,6396,249,0,0,0,0,1,0,0,0,0,0,0,0,0,,0
2026-08-25T14:22:21.626Z,3361,35c9c808,earth,22868,132,0,0,0,0,0,0,0,0,0,0,0,0,0,,0
2026-08-25T14:23:21.642Z,3421,35c9c808,control,15692,73,0,0,0,0,0,0,0,0,0,0,0,0,0,,0
2026-08-25T14:23:21.642Z,3421,35c9c808,heavy,12456,102,0,0,0,0,0,0,0,0,0,0,0,0,0,,0
2026-08-25T14:23:21.642Z,3421,35c9c808,grafana,6396,250,0,0,0,0,1,0,0,0,0,0,0,0,0,,0
2026-08-25T14:23:21.642Z,3421,35c9c808,earth,22868,132,0,0,0,0,0,0,0,0,0,0,0,0,0,,0
2026-08-25T14:24:21.662Z,3481,35c9c808,control,15692,73,0,0,0,0,0,0,0,0,0,0,0,0,0,,0
2026-08-25T14:24:21.662Z,3481,35c9c808,heavy,12456,103,0,0,0,0,0,0,0,0,0,0,0,0,0,,0
2026-08-25T14:24:21.662Z,3481,35c9c808,grafana,6396,250,0,0,0,0,1,0,0,0,0,0,0,0,0,,0
2026-08-25T14:24:21.662Z,3481,35c9c808,earth,22868,132,0,0,0,0,0,0,0,0,0,0,0,0,0,,0
2026-08-25T14:25:21.678Z,3541,35c9c808,control,15692,73,0,0,0,0,0,0,0,0,0,0,0,0,0,,0
2026-08-25T14:25:21.678Z,3541,35c9c808,heavy,12456,103,0,0,0,0,0,0,0,0,0,0,0,0,0,,0
2026-08-25T14:25:21.678Z,3541,35c9c808,grafana,6396,249,0,0,0,0,1,0,0,0,0,0,0,0,0,,0
2026-08-25T14:25:21.678Z,3541,35c9c808,earth,22868,133,0,0,0,0,0,0,0,0,0,0,0,0,0,,0
2026-08-25T14:26:21.696Z,3601,35c9c808,control,15692,73,0,0,0,0,0,0,0,0,0,0,0,0,0,,0
2026-08-25T14:26:21.696Z,3601,35c9c808,heavy,12456,103,0,0,0,0,0,0,0,0,0,0,0,0,0,,0
2026-08-25T14:26:21.696Z,3601,35c9c808,grafana,6396,250,0,0,0,0,1,0,0,0,0,0,0,0,0,,0
2026-08-25T14:26:21.696Z,3601,35c9c808,earth,22868,132,0,0,0,0,0,0,0,0,0,0,0,0,0,,0
2026-08-25T14:27:21.714Z,3661,35c9c808,control,15692,73,0,0,0,0,0,0,0,0,0,0,0,0,0,,0
2026-08-25T14:27:21.714Z,3661,35c9c808,heavy,12456,103,0,0,0,0,0,0,0,0,0,0,0,0,0,,0
2026-08-25T14:27:21.714Z,3661,35c9c808,grafana,6396,250,0,0,0,0,1,0,0,0,0,0,0,0,0,,0
2026-08-25T14:27:21.714Z,3661,35c9c808,earth,22868,133,0,0,0,0,0,0,0,0,0,0,0,0,0,,0
2026-08-25T14:28:21.732Z,3721,35c9c808,control,15692,73,0,0,0,0,0,0,0,0,0,0,0,0,0,,0
2026-08-25T14:28:21.732Z,3721,35c9c808,heavy,12456,102,0,0,0,0,0,0,0,0,0,0,0,0,0,,0
2026-08-25T14:28:21.732Z,3721,35c9c808,grafana,6396,249,0,0,0,0,1,0,0,0,0,0,0,0,0,,0
2026-08-25T14:28:21.732Z,3721,35c9c808,earth,22868,132,0,0,0,0,0,0,0,0,0,0,0,0,0,,0
2026-08-25T14:29:21.751Z,3781,35c9c808,control,15692,73,0,0,0,0,0,0,0,0,0,0,0,0,0,,0
2026-08-25T14:29:21.751Z,3781,35c9c808,heavy,12456,103,0,0,0,0,0,0,0,0,0,0,0,0,0,,0
2026-08-25T14:29:21.751Z,3781,35c9c808,grafana,6396,250,0,0,0,0,1,0,0,0,0,0,0,0,0,,0
2026-08-25T14:29:21.751Z,3781,35c9c808,earth,22868,133,0,0,0,0,0,0,0,0,0,0,0,0,0,,0
2026-08-25T14:30:21.769Z,3841,35c9c808,control,15692,73,0,0,0,0,0,0,0,0,0,0,0,0,0,,0
2026-08-25T14:30:21.769Z,3841,35c9c808,heavy,12456,103,0,0,0,0,0,0,0,0,0,0,0,0,0,,0
2026-08-25T14:30:21.769Z,3841,35c9c808,grafana,6396,250,0,0,0,0,1,0,0,0,0,0,0,0,0,,0
2026-08-25T14:30:21.769Z,3841,35c9c808,earth,22868,133,0,0,0,0,0,0,0,0,0,0,0,0,0,,0
2026-08-25T14:31:21.786Z,3901,35c9c808,control,15692,73,0,0,0,0,0,0,0,0,0,0,0,0,0,,0
2026-08-25T14:31:21.786Z,3901,35c9c808,heavy,12456,103,0,0,0,0,0,0,0,0,0,0,0,0,0,,0
2026-08-25T14:31:21.786Z,3901,35c9c808,grafana,6396,250,0,0,0,0,1,0,0,0,0,0,0,0,0,,0
2026-08-25T14:31:21.786Z,3901,35c9c808,earth,22868,132,0,0,0,0,0,0,0,0,0,0,0,0,0,,0
2026-08-25T14:32:21.804Z,3961,35c9c808,control,15692,73,0,0,0,0,0,0,0,0,0,0,0,0,0,,0
2026-08-25T14:32:21.804Z,3961,35c9c808,heavy,12456,103,0,0,0,0,0,0,0,0,0,0,0,0,0,,0
2026-08-25T14:32:21.804Z,3961,35c9c808,grafana,6396,250,0,0,0,0,1,0,0,0,0,0,0,0,0,,0
2026-08-25T14:32:21.804Z,3961,35c9c808,earth,22868,133,0,0,0,0,0,0,0,0,0,0,0,0,0,,0
2026-08-25T14:33:21.823Z,4021,35c9c808,control,15692,73,0,0,0,0,0,0,0,0,0,0,0,0,0,,0
2026-08-25T14:33:21.823Z,4021,35c9c808,heavy,12456,103,0,0,0,0,0,0,0,0,0,0,0,0,0,,0
2026-08-25T14:33:21.823Z,4021,35c9c808,grafana,6396,250,0,0,0,0,1,0,0,0,0,0,0,0,0,,0
2026-08-25T14:33:21.823Z,4021,35c9c808,earth,22868,133,0,0,0,0,0,0,0,0,0,0,0,0,0,,0
2026-08-25T14:34:21.841Z,4081,35c9c808,control,15692,73,0,0,0,0,0,0,0,0,0,0,0,0,0,,0
2026-08-25T14:34:21.841Z,4081,35c9c808,heavy,12456,103,0,0,0,0,0,0,0,0,0,0,0,0,0,,0
2026-08-25T14:34:21.841Z,4081,35c9c808,grafana,6396,250,0,0,0,0,1,0,0,0,0,0,0,0,0,,0
2026-08-25T14:34:21.841Z,4081,35c9c808,earth,22868,132,0,0,0,0,0,0,0,0,0,0,0,0,0,,0
2026-08-25T14:35:21.859Z,4141,35c9c808,control,15692,73,0,0,0,0,0,0,0,0,0,0,0,0,0,,0
2026-08-25T14:35:21.859Z,4141,35c9c808,heavy,12456,102,0,0,0,0,0,0,0,0,0,0,0,0,0,,0
2026-08-25T14:35:21.859Z,4141,35c9c808,grafana,6396,250,0,0,0,0,1,0,0,0,0,0,0,0,0,,0
2026-08-25T14:35:21.859Z,4141,35c9c808,earth,22868,132,0,0,0,0,0,0,0,0,0,0,0,0,0,,0
2026-08-25T14:36:21.875Z,4201,35c9c808,control,15692,73,0,0,0,0,0,0,0,0,0,0,0,0,0,,0
2026-08-25T14:36:21.875Z,4201,35c9c808,heavy,12456,102,0,0,0,0,0,0,0,0,0,0,0,0,0,,0
2026-08-25T14:36:21.875Z,4201,35c9c808,grafana,6396,250,0,0,0,0,1,0,0,0,0,0,0,0,0,,0
2026-08-25T14:36:21.875Z,4201,35c9c808,earth,22868,133,0,0,0,0,0,0,0,0,0,0,0,0,0,,0
2026-08-25T14:37:21.895Z,4261,35c9c808,control,15692,73,0,0,0,0,0,0,0,0,0,0,0,0,0,,0
2026-08-25T14:37:21.895Z,4261,35c9c808,heavy,12456,102,0,0,0,0,0,0,0,0,0,0,0,0,0,,0
2026-08-25T14:37:21.895Z,4261,35c9c808,grafana,6396,250,0,0,0,0,1,0,0,0,0,0,0,0,0,,0
2026-08-25T14:37:21.895Z,4261,35c9c808,earth,22868,132,0,0,0,0,0,0,0,0,0,0,0,0,0,,0
2026-08-25T14:38:21.912Z,4321,35c9c808,control,15692,73,0,0,0,0,0,0,0,0,0,0,0,0,0,,0
2026-08-25T14:38:21.912Z,4321,35c9c808,heavy,12456,103,0,0,0,0,0,0,0,0,0,0,0,0,0,,0
2026-08-25T14:38:21.912Z,4321,35c9c808,grafana,6396,250,0,0,0,0,1,0,0,0,0,0,0,0,0,,0
2026-08-25T14:38:21.912Z,4321,35c9c808,earth,22868,132,0,0,0,0,0,0,0,0,0,0,0,0,0,,0
2026-08-25T14:39:21.930Z,4381,35c9c808,control,15692,73,0,0,0,0,0,0,0,0,0,0,0,0,0,,0
2026-08-25T14:39:21.930Z,4381,35c9c808,heavy,12456,103,0,0,0,0,0,0,0,0,0,0,0,0,0,,0
2026-08-25T14:39:21.930Z,4381,35c9c808,grafana,6396,251,0,0,0,0,1,0,0,0,0,0,0,0,0,,0
2026-08-25T14:39:21.930Z,4381,35c9c808,earth,22868,133,0,0,0,0,0,0,0,0,0,0,0,0,0,,0
2026-08-25T14:40:21.948Z,4441,35c9c808,control,15692,73,0,0,0,0,0,0,0,0,0,0,0,0,0,,0
2026-08-25T14:40:21.948Z,4441,35c9c808,heavy,12456,102,0,0,0,0,0,0,0,0,0,0,0,0,0,,0
2026-08-25T14:40:21.948Z,4441,35c9c808,grafana,6396,251,0,0,0,0,1,0,0,0,0,0,0,0,0,,0
2026-08-25T14:40:21.948Z,4441,35c9c808,earth,22868,132,0,0,0,0,0,0,0,0,0,0,0,0,0,,0
2026-08-25T14:41:21.964Z,4501,35c9c808,control,15692,73,0,0,0,0,0,0,0,0,0,0,0,0,0,,0
2026-08-25T14:41:21.964Z,4501,35c9c808,heavy,12456,102,0,0,0,0,0,0,0,0,0,0,0,0,0,,0
2026-08-25T14:41:21.964Z,4501,35c9c808,grafana,6396,251,0,0,0,0,1,0,0,0,0,0,0,0,0,,0
2026-08-25T14:41:21.964Z,4501,35c9c808,earth,22868,132,0,0,0,0,0,0,0,0,0,0,0,0,0,,0
2026-08-25T14:42:21.983Z,4561,35c9c808,control,15692,73,0,0,0,0,0,0,0,0,0,0,0,0,0,,0
2026-08-25T14:42:21.983Z,4561,35c9c808,heavy,12456,102,0,0,0,0,0,0,0,0,0,0,0,0,0,,0
2026-08-25T14:42:21.983Z,4561,35c9c808,grafana,6396,250,0,0,0,0,1,0,0,0,0,0,0,0,0,,0
2026-08-25T14:42:21.983Z,4561,35c9c808,earth,22868,133,0,0,0,0,0,0,0,0,0,0,0,0,0,,0
2026-08-25T14:43:22.001Z,4621,35c9c808,control,15692,73,0,0,0,0,0,0,0,0,0,0,0,0,0,,0
2026-08-25T14:43:22.001Z,4621,35c9c808,heavy,12456,103,0,0,0,0,0,0,0,0,0,0,0,0,0,,0
2026-08-25T14:43:22.001Z,4621,35c9c808,grafana,6396,250,0,0,0,0,1,0,0,0,0,0,0,0,0,,0
2026-08-25T14:43:22.001Z,4621,35c9c808,earth,22868,132,0,0,0,0,0,0,0,0,0,0,0,0,0,,0
2026-08-25T14:44:22.019Z,4681,35c9c808,control,15692,73,0,0,0,0,0,0,0,0,0,0,0,0,0,,0
2026-08-25T14:44:22.019Z,4681,35c9c808,heavy,12456,102,0,0,0,0,0,0,0,0,0,0,0,0,0,,0
2026-08-25T14:44:22.019Z,4681,35c9c808,grafana,6396,251,0,0,0,0,1,0,0,0,0,0,0,0,0,,0
2026-08-25T14:44:22.019Z,4681,35c9c808,earth,22868,132,0,0,0,0,0,0,0,0,0,0,0,0,0,,0
2026-08-25T14:45:22.037Z,4741,35c9c808,control,15692,73,0,0,0,0,0,0,0,0,0,0,0,0,0,,0
2026-08-25T14:45:22.037Z,4741,35c9c808,heavy,12456,103,0,0,0,0,0,0,0,0,0,0,0,0,0,,0
2026-08-25T14:45:22.037Z,4741,35c9c808,grafana,6396,250,0,0,0,0,1,0,0,0,0,0,0,0,0,,0
2026-08-25T14:45:22.037Z,4741,35c9c808,earth,22868,133,0,0,0,0,0,0,0,0,0,0,0,0,0,,0
2026-08-25T14:46:22.057Z,4801,35c9c808,control,15692,73,0,0,0,0,0,0,0,0,0,0,0,0,0,,0
2026-08-25T14:46:22.057Z,4801,35c9c808,heavy,12456,102,0,0,0,0,0,0,0,0,0,0,0,0,0,,0
2026-08-25T14:46:22.057Z,4801,35c9c808,grafana,6396,250,0,0,0,0,1,0,0,0,0,0,0,0,0,,0
2026-08-25T14:46:22.057Z,4801,35c9c808,earth,22868,132,0,0,0,0,0,0,0,0,0,0,0,0,0,,0
2026-08-25T14:47:22.074Z,4861,35c9c808,control,15692,73,0,0,0,0,0,0,0,0,0,0,0,0,0,,0
2026-08-25T14:47:22.074Z,4861,35c9c808,heavy,12456,103,0,0,0,0,0,0,0,0,0,0,0,0,0,,0
2026-08-25T14:47:22.074Z,4861,35c9c808,grafana,6396,250,0,0,0,0,1,0,0,0,0,0,0,0,0,,0
2026-08-25T14:47:22.074Z,4861,35c9c808,earth,22868,132,0,0,0,0,0,0,0,0,0,0,0,0,0,,0
2026-08-25T14:48:22.090Z,4921,35c9c808,control,15692,73,0,0,0,0,0,0,0,0,0,0,0,0,0,,0
2026-08-25T14:48:22.090Z,4921,35c9c808,heavy,12456,103,0,0,0,0,0,0,0,0,0,0,0,0,0,,0
2026-08-25T14:48:22.090Z,4921,35c9c808,grafana,6396,251,0,0,0,0,1,0,0,0,0,0,0,0,0,,0
2026-08-25T14:48:22.090Z,4921,35c9c808,earth,22868,133,0,0,0,0,0,0,0,0,0,0,0,0,0,,0
2026-08-25T14:49:22.108Z,4982,35c9c808,control,15692,73,0,0,0,0,0,0,0,0,0,0,0,0,0,,0
2026-08-25T14:49:22.108Z,4982,35c9c808,heavy,12456,103,0,0,0,0,0,0,0,0,0,0,0,0,0,,0
2026-08-25T14:49:22.108Z,4982,35c9c808,grafana,6396,250,0,0,0,0,1,0,0,0,0,0,0,0,0,,0
2026-08-25T14:49:22.108Z,4982,35c9c808,earth,22868,132,0,0,0,0,0,0,0,0,0,0,0,0,0,,0
2026-08-25T14:50:22.126Z,5042,35c9c808,control,15692,73,0,0,0,0,0,0,0,0,0,0,0,0,0,,0
2026-08-25T14:50:22.126Z,5042,35c9c808,heavy,12456,102,0,0,0,0,0,0,0,0,0,0,0,0,0,,0
2026-08-25T14:50:22.126Z,5042,35c9c808,grafana,6396,250,0,0,0,0,1,0,0,0,0,0,0,0,0,,0
2026-08-25T14:50:22.126Z,5042,35c9c808,earth,22868,132,0,0,0,0,0,0,0,0,0,0,0,0,0,,0
2026-08-25T14:51:22.144Z,5102,35c9c808,control,15692,73,0,0,0,0,0,0,0,0,0,0,0,0,0,,0
2026-08-25T14:51:22.144Z,5102,35c9c808,heavy,12456,103,0,0,0,0,0,0,0,0,0,0,0,0,0,,0
2026-08-25T14:51:22.144Z,5102,35c9c808,grafana,6396,251,0,0,0,0,1,0,0,0,0,0,0,0,0,,0
2026-08-25T14:51:22.144Z,5102,35c9c808,earth,22868,133,0,0,0,0,0,0,0,0,0,0,0,0,0,,0
2026-08-25T14:52:22.163Z,5162,35c9c808,control,15692,73,0,0,0,0,0,0,0,0,0,0,0,0,0,,0
2026-08-25T14:52:22.163Z,5162,35c9c808,heavy,12456,102,0,0,0,0,0,0,0,0,0,0,0,0,0,,0
2026-08-25T14:52:22.163Z,5162,35c9c808,grafana,6396,250,0,0,0,0,1,0,0,0,0,0,0,0,0,,0
2026-08-25T14:52:22.163Z,5162,35c9c808,earth,22868,132,0,0,0,0,0,0,0,0,0,0,0,0,0,,0
2026-08-25T14:53:22.180Z,5222,35c9c808,control,15692,73,0,0,0,0,0,0,0,0,0,0,0,0,0,,0
2026-08-25T14:53:22.180Z,5222,35c9c808,heavy,12456,102,0,0,0,0,0,0,0,0,0,0,0,0,0,,0
2026-08-25T14:53:22.180Z,5222,35c9c808,grafana,6396,250,0,0,0,0,1,0,0,0,0,0,0,0,0,,0
2026-08-25T14:53:22.180Z,5222,35c9c808,earth,22868,132,0,0,0,0,0,0,0,0,0,0,0,0,0,,0
2026-08-25T14:54:22.199Z,5282,35c9c808,control,15692,73,0,0,0,0,0,0,0,0,0,0,0,0,0,,0
2026-08-25T14:54:22.199Z,5282,35c9c808,heavy,12456,102,0,0,0,0,0,0,0,0,0,0,0,0,0,,0
2026-08-25T14:54:22.199Z,5282,35c9c808,grafana,6396,251,0,0,0,0,1,0,0,0,0,0,0,0,0,,0
2026-08-25T14:54:22.199Z,5282,35c9c808,earth,22868,133,0,0,0,0,0,0,0,0,0,0,0,0,0,,0
2026-08-25T14:55:22.217Z,5342,35c9c808,control,15692,73,0,0,0,0,0,0,0,0,0,0,0,0,0,,0
2026-08-25T14:55:22.217Z,5342,35c9c808,heavy,12456,102,0,0,0,0,0,0,0,0,0,0,0,0,0,,0
2026-08-25T14:55:22.217Z,5342,35c9c808,grafana,6396,251,0,0,0,0,1,0,0,0,0,0,0,0,0,,0
2026-08-25T14:55:22.217Z,5342,35c9c808,earth,22868,130,0,0,0,0,0,0,0,0,0,0,0,0,0,,0
2026-08-25T14:56:22.234Z,5402,35c9c808,control,15692,73,0,0,0,0,0,0,0,0,0,0,0,0,0,,0
2026-08-25T14:56:22.234Z,5402,35c9c808,heavy,12456,103,0,0,0,0,0,0,0,0,0,0,0,0,0,,0
2026-08-25T14:56:22.234Z,5402,35c9c808,grafana,6396,251,0,0,0,0,1,0,0,0,0,0,0,0,0,,0
2026-08-25T14:56:22.234Z,5402,35c9c808,earth,22868,132,0,0,0,0,0,0,0,0,0,0,0,0,0,,0
2026-08-25T14:57:22.252Z,5462,35c9c808,control,15692,73,0,0,0,0,0,0,0,0,0,0,0,0,0,,0
2026-08-25T14:57:22.252Z,5462,35c9c808,heavy,12456,103,0,0,0,0,0,0,0,0,0,0,0,0,0,,0
2026-08-25T14:57:22.252Z,5462,35c9c808,grafana,6396,252,0,0,0,0,1,0,0,0,0,0,0,0,0,,0
2026-08-25T14:57:22.252Z,5462,35c9c808,earth,22868,133,0,0,0,0,0,0,0,0,0,0,0,0,0,,0
2026-08-25T14:58:22.269Z,5522,35c9c808,control,15692,73,0,0,0,0,0,0,0,0,0,0,0,0,0,,0
2026-08-25T14:58:22.269Z,5522,35c9c808,heavy,12456,102,0,0,0,0,0,0,0,0,0,0,0,0,0,,0
2026-08-25T14:58:22.269Z,5522,35c9c808,grafana,6396,252,0,0,0,0,1,0,0,0,0,0,0,0,0,,0
2026-08-25T14:58:22.269Z,5522,35c9c808,earth,22868,133,0,0,0,0,0,0,0,0,0,0,0,0,0,,0
2026-08-25T14:59:22.287Z,5582,35c9c808,control,15692,73,0,0,0,0,0,0,0,0,0,0,0,0,0,,0
2026-08-25T14:59:22.287Z,5582,35c9c808,heavy,12456,102,0,0,0,0,0,0,0,0,0,0,0,0,0,,0
2026-08-25T14:59:22.287Z,5582,35c9c808,grafana,6396,252,0,0,0,0,1,0,0,0,0,0,0,0,0,,0
2026-08-25T14:59:22.287Z,5582,35c9c808,earth,22868,132,0,0,0,0,0,0,0,0,0,0,0,0,0,,0
2026-08-25T15:00:22.306Z,5642,35c9c808,control,15692,73,0,0,0,0,0,0,0,0,0,0,0,0,0,,0
2026-08-25T15:00:22.306Z,5642,35c9c808,heavy,12456,102,0,0,0,0,0,0,0,0,0,0,0,0,0,,0
2026-08-25T15:00:22.306Z,5642,35c9c808,grafana,6396,252,0,0,0,0,1,0,0,0,0,0,0,0,0,,0
2026-08-25T15:00:22.306Z,5642,35c9c808,earth,22868,132,0,0,0,0,0,0,0,0,0,0,0,0,0,,0
2026-08-25T15:01:22.324Z,5702,35c9c808,control,15692,73,0,0,0,0,0,0,0,0,0,0,0,0,0,,0
2026-08-25T15:01:22.324Z,5702,35c9c808,heavy,12456,102,0,0,0,0,0,0,0,0,0,0,0,0,0,,0
2026-08-25T15:01:22.324Z,5702,35c9c808,grafana,6396,253,0,0,0,0,1,0,0,0,0,0,0,0,0,,0
2026-08-25T15:01:22.324Z,5702,35c9c808,earth,22868,133,0,0,0,0,0,0,0,0,0,0,0,0,0,,0
2026-08-25T15:02:22.341Z,5762,35c9c808,control,15692,73,0,0,0,0,0,0,0,0,0,0,0,0,0,,0
2026-08-25T15:02:22.341Z,5762,35c9c808,heavy,12456,102,0,0,0,0,0,0,0,0,0,0,0,0,0,,0
2026-08-25T15:02:22.341Z,5762,35c9c808,grafana,6396,253,0,0,0,0,1,0,0,0,0,0,0,0,0,,0
2026-08-25T15:02:22.341Z,5762,35c9c808,earth,22868,132,0,0,0,0,0,0,0,0,0,0,0,0,0,,0
2026-08-25T15:03:22.359Z,5822,35c9c808,control,15692,73,0,0,0,0,0,0,0,0,0,0,0,0,0,,0
2026-08-25T15:03:22.359Z,5822,35c9c808,heavy,12456,102,0,0,0,0,0,0,0,0,0,0,0,0,0,,0
2026-08-25T15:03:22.359Z,5822,35c9c808,grafana,6396,252,0,0,0,0,1,0,0,0,0,0,0,0,0,,0
2026-08-25T15:03:22.359Z,5822,35c9c808,earth,22868,132,0,0,0,0,0,0,0,0,0,0,0,0,0,,0
2026-08-25T15:04:22.378Z,5882,35c9c808,control,15692,73,0,0,0,0,0,0,0,0,0,0,0,0,0,,0
2026-08-25T15:04:22.378Z,5882,35c9c808,heavy,12456,102,0,0,0,0,0,0,0,0,0,0,0,0,0,,0
2026-08-25T15:04:22.378Z,5882,35c9c808,grafana,6396,252,0,0,0,0,1,0,0,0,0,0,0,0,0,,0
2026-08-25T15:04:22.378Z,5882,35c9c808,earth,22868,133,0,0,0,0,0,0,0,0,0,0,0,0,0,,0
2026-08-25T15:05:22.395Z,5942,35c9c808,control,15692,73,0,0,0,0,0,0,0,0,0,0,0,0,0,,0
2026-08-25T15:05:22.395Z,5942,35c9c808,heavy,12456,102,0,0,0,0,0,0,0,0,0,0,0,0,0,,0
2026-08-25T15:05:22.395Z,5942,35c9c808,grafana,6396,252,0,0,0,0,1,0,0,0,0,0,0,0,0,,0
2026-08-25T15:05:22.395Z,5942,35c9c808,earth,22868,132,0,0,0,0,0,0,0,0,0,0,0,0,0,,0
2026-08-25T15:06:22.414Z,6002,35c9c808,control,15692,73,0,0,0,0,0,0,0,0,0,0,0,0,0,,0
2026-08-25T15:06:22.414Z,6002,35c9c808,heavy,12456,103,0,0,0,0,0,0,0,0,0,0,0,0,0,,0
2026-08-25T15:06:22.414Z,6002,35c9c808,grafana,6396,249,0,0,0,0,1,0,0,0,0,0,0,0,0,,0
2026-08-25T15:06:22.414Z,6002,35c9c808,earth,22868,132,0,0,0,0,0,0,0,0,0,0,0,0,0,,0
2026-08-25T15:07:22.431Z,6062,35c9c808,control,15692,73,0,0,0,0,0,0,0,0,0,0,0,0,0,,0
2026-08-25T15:07:22.431Z,6062,35c9c808,heavy,12456,103,0,0,0,0,0,0,0,0,0,0,0,0,0,,0
2026-08-25T15:07:22.431Z,6062,35c9c808,grafana,6396,249,0,0,0,0,1,0,0,0,0,0,0,0,0,,0
2026-08-25T15:07:22.431Z,6062,35c9c808,earth,22868,133,0,0,0,0,0,0,0,0,0,0,0,0,0,,0
2026-08-25T15:08:22.449Z,6122,35c9c808,control,15692,73,0,0,0,0,0,0,0,0,0,0,0,0,0,,0
2026-08-25T15:08:22.449Z,6122,35c9c808,heavy,12456,103,0,0,0,0,0,0,0,0,0,0,0,0,0,,0
2026-08-25T15:08:22.449Z,6122,35c9c808,grafana,6396,249,0,0,0,0,1,0,0,0,0,0,0,0,0,,0
2026-08-25T15:08:22.449Z,6122,35c9c808,earth,22868,132,0,0,0,0,0,0,0,0,0,0,0,0,0,,0
2026-08-25T15:09:22.467Z,6182,35c9c808,control,15692,73,0,0,0,0,0,0,0,0,0,0,0,0,0,,0
2026-08-25T15:09:22.467Z,6182,35c9c808,heavy,12456,103,0,0,0,0,0,0,0,0,0,0,0,0,0,,0
2026-08-25T15:09:22.467Z,6182,35c9c808,grafana,6396,250,0,0,0,0,1,0,0,0,0,0,0,0,0,,0
2026-08-25T15:09:22.467Z,6182,35c9c808,earth,22868,132,0,0,0,0,0,0,0,0,0,0,0,0,0,,0
2026-08-25T15:10:22.485Z,6242,35c9c808,control,15692,73,0,0,0,0,0,0,0,0,0,0,0,0,0,,0
2026-08-25T15:10:22.485Z,6242,35c9c808,heavy,12456,103,0,0,0,0,0,0,0,0,0,0,0,0,0,,0
2026-08-25T15:10:22.485Z,6242,35c9c808,grafana,6396,249,0,0,0,0,1,0,0,0,0,0,0,0,0,,0
2026-08-25T15:10:22.485Z,6242,35c9c808,earth,22868,133,0,0,0,0,0,0,0,0,0,0,0,0,0,,0
2026-08-25T15:11:22.503Z,6302,35c9c808,control,15692,73,0,0,0,0,0,0,0,0,0,0,0,0,0,,0
2026-08-25T15:11:22.503Z,6302,35c9c808,heavy,12456,103,0,0,0,0,0,0,0,0,0,0,0,0,0,,0
2026-08-25T15:11:22.503Z,6302,35c9c808,grafana,6396,249,0,0,0,0,1,0,0,0,0,0,0,0,0,,0
2026-08-25T15:11:22.503Z,6302,35c9c808,earth,22868,132,0,0,0,0,0,0,0,0,0,0,0,0,0,,0
2026-08-25T15:12:22.521Z,6362,35c9c808,control,15692,73,0,0,0,0,0,0,0,0,0,0,0,0,0,,0
2026-08-25T15:12:22.521Z,6362,35c9c808,heavy,12456,103,0,0,0,0,0,0,0,0,0,0,0,0,0,,0
2026-08-25T15:12:22.521Z,6362,35c9c808,grafana,6396,250,0,0,0,0,1,0,0,0,0,0,0,0,0,,0
2026-08-25T15:12:22.521Z,6362,35c9c808,earth,22868,132,0,0,0,0,0,0,0,0,0,0,0,0,0,,0
2026-08-25T15:13:22.538Z,6422,35c9c808,control,15692,73,0,0,0,0,0,0,0,0,0,0,0,0,0,,0
2026-08-25T15:13:22.538Z,6422,35c9c808,heavy,12456,103,0,0,0,0,0,0,0,0,0,0,0,0,0,,0
2026-08-25T15:13:22.538Z,6422,35c9c808,grafana,6396,249,0,0,0,0,1,0,0,0,0,0,0,0,0,,0
2026-08-25T15:13:22.538Z,6422,35c9c808,earth,22868,133,0,0,0,0,0,0,0,0,0,0,0,0,0,,0
2026-08-25T15:14:22.556Z,6482,35c9c808,control,15692,73,0,0,0,0,0,0,0,0,0,0,0,0,0,,0
2026-08-25T15:14:22.556Z,6482,35c9c808,heavy,12456,102,0,0,0,0,0,0,0,0,0,0,0,0,0,,0
2026-08-25T15:14:22.556Z,6482,35c9c808,grafana,6396,249,0,0,0,0,1,0,0,0,0,0,0,0,0,,0
2026-08-25T15:14:22.556Z,6482,35c9c808,earth,22868,133,0,0,0,0,0,0,0,0,0,0,0,0,0,,0
2026-08-25T15:15:22.576Z,6542,35c9c808,control,15692,73,0,0,0,0,0,0,0,0,0,0,0,0,0,,0
2026-08-25T15:15:22.576Z,6542,35c9c808,heavy,12456,103,0,0,0,0,0,0,0,0,0,0,0,0,0,,0
2026-08-25T15:15:22.576Z,6542,35c9c808,grafana,6396,250,0,0,0,0,1,0,0,0,0,0,0,0,0,,0
2026-08-25T15:15:22.576Z,6542,35c9c808,earth,22868,132,0,0,0,0,0,0,0,0,0,0,0,0,0,,0
2026-08-25T15:16:22.594Z,6602,35c9c808,control,15692,73,0,0,0,0,0,0,0,0,0,0,0,0,0,,0
2026-08-25T15:16:22.594Z,6602,35c9c808,heavy,12456,103,0,0,0,0,0,0,0,0,0,0,0,0,0,,0
2026-08-25T15:16:22.594Z,6602,35c9c808,grafana,6396,250,0,0,0,0,1,0,0,0,0,0,0,0,0,,0
2026-08-25T15:16:22.594Z,6602,35c9c808,earth,22868,133,0,0,0,0,0,0,0,0,0,0,0,0,0,,0
2026-08-25T15:17:22.609Z,6662,35c9c808,control,15692,73,0,0,0,0,0,0,0,0,0,0,0,0,0,,0
2026-08-25T15:17:22.609Z,6662,35c9c808,heavy,12456,103,0,0,0,0,0,0,0,0,0,0,0,0,0,,0
2026-08-25T15:17:22.609Z,6662,35c9c808,grafana,6396,249,0,0,0,0,1,0,0,0,0,0,0,0,0,,0
2026-08-25T15:17:22.609Z,6662,35c9c808,earth,22868,133,0,0,0,0,0,0,0,0,0,0,0,0,0,,0
2026-08-25T15:18:22.628Z,6722,35c9c808,control,15692,73,0,0,0,0,0,0,0,0,0,0,0,0,0,,0
2026-08-25T15:18:22.628Z,6722,35c9c808,heavy,12456,103,0,0,0,0,0,0,0,0,0,0,0,0,0,,0
2026-08-25T15:18:22.628Z,6722,35c9c808,grafana,6396,249,0,0,0,0,1,0,0,0,0,0,0,0,0,,0
2026-08-25T15:18:22.628Z,6722,35c9c808,earth,22868,132,0,0,0,0,0,0,0,0,0,0,0,0,0,,0
2026-08-25T15:19:22.647Z,6782,35c9c808,control,15692,73,0,0,0,0,0,0,0,0,0,0,0,0,0,,0
2026-08-25T15:19:22.647Z,6782,35c9c808,heavy,12456,103,0,0,0,0,0,0,0,0,0,0,0,0,0,,0
2026-08-25T15:19:22.647Z,6782,35c9c808,grafana,6396,250,0,0,0,0,1,0,0,0,0,0,0,0,0,,0
2026-08-25T15:19:22.647Z,6782,35c9c808,earth,22868,133,0,0,0,0,0,0,0,0,0,0,0,0,0,,0
2026-08-25T15:20:22.666Z,6842,35c9c808,control,15692,73,0,0,0,0,0,0,0,0,0,0,0,0,0,,0
2026-08-25T15:20:22.666Z,6842,35c9c808,heavy,12456,103,0,0,0,0,0,0,0,0,0,0,0,0,0,,0
2026-08-25T15:20:22.666Z,6842,35c9c808,grafana,6396,249,0,0,0,0,1,0,0,0,0,0,0,0,0,,0
2026-08-25T15:20:22.666Z,6842,35c9c808,earth,22868,133,0,0,0,0,0,0,0,0,0,0,0,0,0,,0
2026-08-25T15:21:22.684Z,6902,35c9c808,control,15692,73,0,0,0,0,0,0,0,0,0,0,0,0,0,,0
2026-08-25T15:21:22.684Z,6902,35c9c808,heavy,12456,103,0,0,0,0,0,0,0,0,0,0,0,0,0,,0
2026-08-25T15:21:22.684Z,6902,35c9c808,grafana,6396,249,0,0,0,0,1,0,0,0,0,0,0,0,0,,0
2026-08-25T15:21:22.684Z,6902,35c9c808,earth,22868,133,0,0,0,0,0,0,0,0,0,0,0,0,0,,0
2026-08-25T15:22:22.701Z,6962,35c9c808,control,15692,73,0,0,0,0,0,0,0,0,0,0,0,0,0,,0
2026-08-25T15:22:22.701Z,6962,35c9c808,heavy,12456,103,0,0,0,0,0,0,0,0,0,0,0,0,0,,0
2026-08-25T15:22:22.701Z,6962,35c9c808,grafana,6396,250,0,0,0,0,1,0,0,0,0,0,0,0,0,,0
2026-08-25T15:22:22.701Z,6962,35c9c808,earth,22868,133,0,0,0,0,0,0,0,0,0,0,0,0,0,,0
2026-08-25T15:23:22.718Z,7022,35c9c808,control,15692,73,0,0,0,0,0,0,0,0,0,0,0,0,0,,0
2026-08-25T15:23:22.718Z,7022,35c9c808,heavy,12456,102,0,0,0,0,0,0,0,0,0,0,0,0,0,,0
2026-08-25T15:23:22.718Z,7022,35c9c808,grafana,6396,250,0,0,0,0,1,0,0,0,0,0,0,0,0,,0
2026-08-25T15:23:22.718Z,7022,35c9c808,earth,22868,133,0,0,0,0,0,0,0,0,0,0,0,0,0,,0
2026-08-25T15:24:22.735Z,7082,35c9c808,control,15692,73,0,0,0,0,0,0,0,0,0,0,0,0,0,,0
2026-08-25T15:24:22.735Z,7082,35c9c808,heavy,12456,103,0,0,0,0,0,0,0,0,0,0,0,0,0,,0
2026-08-25T15:24:22.735Z,7082,35c9c808,grafana,6396,249,0,0,0,0,1,0,0,0,0,0,0,0,0,,0
2026-08-25T15:24:22.735Z,7082,35c9c808,earth,22868,133,0,0,0,0,0,0,0,0,0,0,0,0,0,,0
2026-08-25T15:25:22.752Z,7142,35c9c808,control,15692,73,0,0,0,0,0,0,0,0,0,0,0,0,0,,0
2026-08-25T15:25:22.752Z,7142,35c9c808,heavy,12456,102,0,0,0,0,0,0,0,0,0,0,0,0,0,,0
2026-08-25T15:25:22.752Z,7142,35c9c808,grafana,6396,249,0,0,0,0,1,0,0,0,0,0,0,0,0,,0
2026-08-25T15:25:22.752Z,7142,35c9c808,earth,22868,133,0,0,0,0,0,0,0,0,0,0,0,0,0,,0
2026-08-25T15:26:22.773Z,7202,35c9c808,control,15692,73,0,0,0,0,0,0,0,0,0,0,0,0,0,,0
2026-08-25T15:26:22.773Z,7202,35c9c808,heavy,12456,103,0,0,0,0,0,0,0,0,0,0,0,0,0,,0
2026-08-25T15:26:22.773Z,7202,35c9c808,grafana,6396,250,0,0,0,0,1,0,0,0,0,0,0,0,0,,0
2026-08-25T15:26:22.773Z,7202,35c9c808,earth,22868,133,0,0,0,0,0,0,0,0,0,0,0,0,0,,0
2026-08-25T15:27:22.791Z,7262,35c9c808,control,15692,73,0,0,0,0,0,0,0,0,0,0,0,0,0,,0
2026-08-25T15:27:22.791Z,7262,35c9c808,heavy,12456,103,0,0,0,0,0,0,0,0,0,0,0,0,0,,0
2026-08-25T15:27:22.791Z,7262,35c9c808,grafana,6396,249,0,0,0,0,1,0,0,0,0,0,0,0,0,,0
2026-08-25T15:27:22.791Z,7262,35c9c808,earth,22868,133,0,0,0,0,0,0,0,0,0,0,0,0,0,,0
2026-08-25T15:28:22.808Z,7322,35c9c808,control,15692,73,0,0,0,0,0,0,0,0,0,0,0,0,0,,0
2026-08-25T15:28:22.808Z,7322,35c9c808,heavy,12456,103,0,0,0,0,0,0,0,0,0,0,0,0,0,,0
2026-08-25T15:28:22.808Z,7322,35c9c808,grafana,6396,249,0,0,0,0,1,0,0,0,0,0,0,0,0,,0
2026-08-25T15:28:22.808Z,7322,35c9c808,earth,22868,133,0,0,0,0,0,0,0,0,0,0,0,0,0,,0
2026-08-25T15:29:22.825Z,7382,35c9c808,control,15692,73,0,0,0,0,0,0,0,0,0,0,0,0,0,,0
2026-08-25T15:29:22.825Z,7382,35c9c808,heavy,12456,103,0,0,0,0,0,0,0,0,0,0,0,0,0,,0
2026-08-25T15:29:22.825Z,7382,35c9c808,grafana,6396,250,0,0,0,0,1,0,0,0,0,0,0,0,0,,0
2026-08-25T15:29:22.825Z,7382,35c9c808,earth,22868,133,0,0,0,0,0,0,0,0,0,0,0,0,0,,0
2026-08-25T15:30:22.844Z,7442,35c9c808,control,15692,73,0,0,0,0,0,0,0,0,0,0,0,0,0,,0
2026-08-25T15:30:22.844Z,7442,35c9c808,heavy,12456,103,0,0,0,0,0,0,0,0,0,0,0,0,0,,0
2026-08-25T15:30:22.844Z,7442,35c9c808,grafana,6396,250,0,0,0,0,1,0,0,0,0,0,0,0,0,,0
2026-08-25T15:30:22.844Z,7442,35c9c808,earth,22868,133,0,0,0,0,0,0,0,0,0,0,0,0,0,,0
2026-08-25T15:31:22.861Z,7502,35c9c808,control,15692,73,0,0,0,0,0,0,0,0,0,0,0,0,0,,0
2026-08-25T15:31:22.861Z,7502,35c9c808,heavy,12456,103,0,0,0,0,0,0,0,0,0,0,0,0,0,,0
2026-08-25T15:31:22.861Z,7502,35c9c808,grafana,6396,249,0,0,0,0,1,0,0,0,0,0,0,0,0,,0
2026-08-25T15:31:22.861Z,7502,35c9c808,earth,22868,133,0,0,0,0,0,0,0,0,0,0,0,0,0,,0
2026-08-25T15:32:22.879Z,7562,35c9c808,control,15692,73,0,0,0,0,0,0,0,0,0,0,0,0,0,,0
2026-08-25T15:32:22.879Z,7562,35c9c808,heavy,12456,103,0,0,0,0,0,0,0,0,0,0,0,0,0,,0
2026-08-25T15:32:22.879Z,7562,35c9c808,grafana,6396,250,0,0,0,0,1,0,0,0,0,0,0,0,0,,0
2026-08-25T15:32:22.879Z,7562,35c9c808,earth,22868,133,0,0,0,0,0,0,0,0,0,0,0,0,0,,0
2026-08-25T15:33:22.898Z,7622,35c9c808,control,15692,73,0,0,0,0,0,0,0,0,0,0,0,0,0,,0
2026-08-25T15:33:22.898Z,7622,35c9c808,heavy,12456,103,0,0,0,0,0,0,0,0,0,0,0,0,0,,0
2026-08-25T15:33:22.898Z,7622,35c9c808,grafana,6396,250,0,0,0,0,1,0,0,0,0,0,0,0,0,,0
2026-08-25T15:33:22.898Z,7622,35c9c808,earth,22868,133,0,0,0,0,0,0,0,0,0,0,0,0,0,,0
2026-08-25T15:34:22.916Z,7682,35c9c808,control,15692,73,0,0,0,0,0,0,0,0,0,0,0,0,0,,0
2026-08-25T15:34:22.916Z,7682,35c9c808,heavy,12456,103,0,0,0,0,0,0,0,0,0,0,0,0,0,,0
2026-08-25T15:34:22.916Z,7682,35c9c808,grafana,6396,249,0,0,0,0,1,0,0,0,0,0,0,0,0,,0
2026-08-25T15:34:22.916Z,7682,35c9c808,earth,22868,132,0,0,0,0,0,0,0,0,0,0,0,0,0,,0
2026-08-25T15:35:22.933Z,7742,35c9c808,control,15692,73,0,0,0,0,0,0,0,0,0,0,0,0,0,,0
2026-08-25T15:35:22.933Z,7742,35c9c808,heavy,12456,103,0,0,0,0,0,0,0,0,0,0,0,0,0,,0
2026-08-25T15:35:22.933Z,7742,35c9c808,grafana,6396,250,0,0,0,0,1,0,0,0,0,0,0,0,0,,0
2026-08-25T15:35:22.933Z,7742,35c9c808,earth,22868,133,0,0,0,0,0,0,0,0,0,0,0,0,0,,0
2026-08-25T15:36:22.952Z,7802,35c9c808,control,15692,73,0,0,0,0,0,0,0,0,0,0,0,0,0,,0
2026-08-25T15:36:22.952Z,7802,35c9c808,heavy,12456,103,0,0,0,0,0,0,0,0,0,0,0,0,0,,0
2026-08-25T15:36:22.952Z,7802,35c9c808,grafana,6396,250,0,0,0,0,1,0,0,0,0,0,0,0,0,,0
2026-08-25T15:36:22.952Z,7802,35c9c808,earth,22868,133,0,0,0,0,0,0,0,0,0,0,0,0,0,,0
2026-08-25T15:37:22.969Z,7862,35c9c808,control,15692,73,0,0,0,0,0,0,0,0,0,0,0,0,0,,0
2026-08-25T15:37:22.969Z,7862,35c9c808,heavy,12456,103,0,0,0,0,0,0,0,0,0,0,0,0,0,,0
2026-08-25T15:37:22.969Z,7862,35c9c808,grafana,6396,250,0,0,0,0,1,0,0,0,0,0,0,0,0,,0
2026-08-25T15:37:22.969Z,7862,35c9c808,earth,22868,133,0,0,0,0,0,0,0,0,0,0,0,0,0,,0
2026-08-25T15:38:22.986Z,7922,35c9c808,control,15692,73,0,0,0,0,0,0,0,0,0,0,0,0,0,,0
2026-08-25T15:38:22.986Z,7922,35c9c808,heavy,12456,103,0,0,0,0,0,0,0,0,0,0,0,0,0,,0
2026-08-25T15:38:22.986Z,7922,35c9c808,grafana,6396,249,0,0,0,0,1,0,0,0,0,0,0,0,0,,0
2026-08-25T15:38:22.986Z,7922,35c9c808,earth,22868,133,0,0,0,0,0,0,0,0,0,0,0,0,0,,0
2026-08-25T15:39:23.004Z,7982,35c9c808,control,15692,73,0,0,0,0,0,0,0,0,0,0,0,0,0,,0
2026-08-25T15:39:23.004Z,7982,35c9c808,heavy,12456,103,0,0,0,0,0,0,0,0,0,0,0,0,0,,0
2026-08-25T15:39:23.004Z,7982,35c9c808,grafana,6396,250,0,0,0,0,1,0,0,0,0,0,0,0,0,,0
2026-08-25T15:39:23.004Z,7982,35c9c808,earth,22868,133,0,0,0,0,0,0,0,0,0,0,0,0,0,,0
2026-08-25T15:40:23.021Z,8042,35c9c808,control,15692,73,0,0,0,0,0,0,0,0,0,0,0,0,0,,0
2026-08-25T15:40:23.021Z,8042,35c9c808,heavy,12456,103,0,0,0,0,0,0,0,0,0,0,0,0,0,,0
2026-08-25T15:40:23.021Z,8042,35c9c808,grafana,6396,250,0,0,0,0,1,0,0,0,0,0,0,0,0,,0
2026-08-25T15:40:23.021Z,8042,35c9c808,earth,22868,132,0,0,0,0,0,0,0,0,0,0,0,0,0,,0
2026-08-25T15:41:23.041Z,8102,35c9c808,control,15692,73,0,0,0,0,0,0,0,0,0,0,0,0,0,,0
2026-08-25T15:41:23.041Z,8102,35c9c808,heavy,12456,103,0,0,0,0,0,0,0,0,0,0,0,0,0,,0
2026-08-25T15:41:23.041Z,8102,35c9c808,grafana,6396,250,0,0,0,0,1,0,0,0,0,0,0,0,0,,0
2026-08-25T15:41:23.041Z,8102,35c9c808,earth,22868,133,0,0,0,0,0,0,0,0,0,0,0,0,0,,0
2026-08-25T15:42:23.058Z,8162,35c9c808,control,15692,73,0,0,0,0,0,0,0,0,0,0,0,0,0,,0
2026-08-25T15:42:23.058Z,8162,35c9c808,heavy,12456,103,0,0,0,0,0,0,0,0,0,0,0,0,0,,0
2026-08-25T15:42:23.058Z,8162,35c9c808,grafana,6396,250,0,0,0,0,1,0,0,0,0,0,0,0,0,,0
2026-08-25T15:42:23.058Z,8162,35c9c808,earth,22868,133,0,0,0,0,0,0,0,0,0,0,0,0,0,,0
2026-08-25T15:43:23.076Z,8222,35c9c808,control,15692,73,0,0,0,0,0,0,0,0,0,0,0,0,0,,0
2026-08-25T15:43:23.076Z,8222,35c9c808,heavy,12456,103,0,0,0,0,0,0,0,0,0,0,0,0,0,,0
2026-08-25T15:43:23.076Z,8222,35c9c808,grafana,6396,250,0,0,0,0,1,0,0,0,0,0,0,0,0,,0
2026-08-25T15:43:23.076Z,8222,35c9c808,earth,22868,133,0,0,0,0,0,0,0,0,0,0,0,0,0,,0
2026-08-25T15:44:23.095Z,8282,35c9c808,control,15692,73,0,0,0,0,0,0,0,0,0,0,0,0,0,,0
2026-08-25T15:44:23.095Z,8282,35c9c808,heavy,12456,103,0,0,0,0,0,0,0,0,0,0,0,0,0,,0
2026-08-25T15:44:23.095Z,8282,35c9c808,grafana,6396,250,0,0,0,0,1,0,0,0,0,0,0,0,0,,0
2026-08-25T15:44:23.095Z,8282,35c9c808,earth,22868,133,0,0,0,0,0,0,0,0,0,0,0,0,0,,0
2026-08-25T15:45:23.111Z,8343,35c9c808,control,15692,73,0,0,0,0,0,0,0,0,0,0,0,0,0,,0
2026-08-25T15:45:23.111Z,8343,35c9c808,heavy,12456,103,0,0,0,0,0,0,0,0,0,0,0,0,0,,0
2026-08-25T15:45:23.111Z,8343,35c9c808,grafana,6396,249,0,0,0,0,1,0,0,0,0,0,0,0,0,,0
2026-08-25T15:45:23.111Z,8343,35c9c808,earth,22868,133,0,0,0,0,0,0,0,0,0,0,0,0,0,,0
2026-08-25T15:46:23.130Z,8403,35c9c808,control,15692,73,0,0,0,0,0,0,0,0,0,0,0,0,0,,0
2026-08-25T15:46:23.130Z,8403,35c9c808,heavy,12456,103,0,0,0,0,0,0,0,0,0,0,0,0,0,,0
2026-08-25T15:46:23.130Z,8403,35c9c808,grafana,6396,250,0,0,0,0,1,0,0,0,0,0,0,0,0,,0
2026-08-25T15:46:23.130Z,8403,35c9c808,earth,22868,133,0,0,0,0,0,0,0,0,0,0,0,0,0,,0
2026-08-25T15:47:23.148Z,8463,35c9c808,control,15692,73,0,0,0,0,0,0,0,0,0,0,0,0,0,,0
2026-08-25T15:47:23.148Z,8463,35c9c808,heavy,12456,103,0,0,0,0,0,0,0,0,0,0,0,0,0,,0
2026-08-25T15:47:23.148Z,8463,35c9c808,grafana,6396,250,0,0,0,0,1,0,0,0,0,0,0,0,0,,0
2026-08-25T15:47:23.148Z,8463,35c9c808,earth,22868,132,0,0,0,0,0,0,0,0,0,0,0,0,0,,0
2026-08-25T15:48:23.166Z,8523,35c9c808,control,15692,73,0,0,0,0,0,0,0,0,0,0,0,0,0,,0
2026-08-25T15:48:23.166Z,8523,35c9c808,heavy,12456,103,0,0,0,0,0,0,0,0,0,0,0,0,0,,0
2026-08-25T15:48:23.166Z,8523,35c9c808,grafana,6396,249,0,0,0,0,1,0,0,0,0,0,0,0,0,,0
2026-08-25T15:48:23.166Z,8523,35c9c808,earth,22868,133,0,0,0,0,0,0,0,0,0,0,0,0,0,,0
2026-08-25T15:49:23.184Z,8583,35c9c808,control,15692,73,0,0,0,0,0,0,0,0,0,0,0,0,0,,0
2026-08-25T15:49:23.184Z,8583,35c9c808,heavy,12456,103,0,0,0,0,0,0,0,0,0,0,0,0,0,,0
2026-08-25T15:49:23.184Z,8583,35c9c808,grafana,6396,250,0,0,0,0,1,0,0,0,0,0,0,0,0,,0
2026-08-25T15:49:23.184Z,8583,35c9c808,earth,22868,133,0,0,0,0,0,0,0,0,0,0,0,0,0,,0
2026-08-25T15:50:23.200Z,8643,35c9c808,control,15692,73,0,0,0,0,0,0,0,0,0,0,0,0,0,,0
2026-08-25T15:50:23.200Z,8643,35c9c808,heavy,12456,103,0,0,0,0,0,0,0,0,0,0,0,0,0,,0
2026-08-25T15:50:23.200Z,8643,35c9c808,grafana,6396,250,0,0,0,0,1,0,0,0,0,0,0,0,0,,0
2026-08-25T15:50:23.200Z,8643,35c9c808,earth,22868,133,0,0,0,0,0,0,0,0,0,0,0,0,0,,0
2026-08-25T15:51:23.220Z,8703,35c9c808,control,15692,73,0,0,0,0,0,0,0,0,0,0,0,0,0,,0
2026-08-25T15:51:23.220Z,8703,35c9c808,heavy,12456,103,0,0,0,0,0,0,0,0,0,0,0,0,0,,0
2026-08-25T15:51:23.220Z,8703,35c9c808,grafana,6396,250,0,0,0,0,1,0,0,0,0,0,0,0,0,,0
2026-08-25T15:51:23.220Z,8703,35c9c808,earth,22868,133,0,0,0,0,0,0,0,0,0,0,0,0,0,,0
2026-08-25T15:52:23.238Z,8763,35c9c808,control,15692,73,0,0,0,0,0,0,0,0,0,0,0,0,0,,0
2026-08-25T15:52:23.238Z,8763,35c9c808,heavy,12456,103,0,0,0,0,0,0,0,0,0,0,0,0,0,,0
2026-08-25T15:52:23.238Z,8763,35c9c808,grafana,6396,250,0,0,0,0,1,0,0,0,0,0,0,0,0,,0
2026-08-25T15:52:23.238Z,8763,35c9c808,earth,22868,133,0,0,0,0,0,0,0,0,0,0,0,0,0,,0
2026-08-25T15:53:23.257Z,8823,35c9c808,control,15692,73,0,0,0,0,0,0,0,0,0,0,0,0,0,,0
2026-08-25T15:53:23.257Z,8823,35c9c808,heavy,12456,103,0,0,0,0,0,0,0,0,0,0,0,0,0,,0
2026-08-25T15:53:23.257Z,8823,35c9c808,grafana,6396,250,0,0,0,0,1,0,0,0,0,0,0,0,0,,0
2026-08-25T15:53:23.257Z,8823,35c9c808,earth,22868,133,0,0,0,0,0,0,0,0,0,0,0,0,0,,0
2026-08-25T15:54:23.276Z,8883,35c9c808,control,15692,73,0,0,0,0,0,0,0,0,0,0,0,0,0,,0
2026-08-25T15:54:23.276Z,8883,35c9c808,heavy,12456,103,0,0,0,0,0,0,0,0,0,0,0,0,0,,0
2026-08-25T15:54:23.276Z,8883,35c9c808,grafana,6396,250,0,0,0,0,1,0,0,0,0,0,0,0,0,,0
2026-08-25T15:54:23.276Z,8883,35c9c808,earth,22868,132,0,0,0,0,0,0,0,0,0,0,0,0,0,,0
2026-08-25T15:55:23.293Z,8943,35c9c808,control,15692,73,0,0,0,0,0,0,0,0,0,0,0,0,0,,0
2026-08-25T15:55:23.293Z,8943,35c9c808,heavy,12456,103,0,0,0,0,0,0,0,0,0,0,0,0,0,,0
2026-08-25T15:55:23.293Z,8943,35c9c808,grafana,6396,250,0,0,0,0,1,0,0,0,0,0,0,0,0,,0
2026-08-25T15:55:23.293Z,8943,35c9c808,earth,22868,131,0,0,0,0,0,0,0,0,0,0,0,0,0,,0
2026-08-25T15:56:23.312Z,9003,35c9c808,control,15692,73,0,0,0,0,0,0,0,0,0,0,0,0,0,,0
2026-08-25T15:56:23.312Z,9003,35c9c808,heavy,12456,103,0,0,0,0,0,0,0,0,0,0,0,0,0,,0
2026-08-25T15:56:23.312Z,9003,35c9c808,grafana,6396,250,0,0,0,0,1,0,0,0,0,0,0,0,0,,0
2026-08-25T15:56:23.312Z,9003,35c9c808,earth,22868,133,0,0,0,0,0,0,0,0,0,0,0,0,0,,0
2026-08-25T15:57:23.330Z,9063,35c9c808,control,15692,73,0,0,0,0,0,0,0,0,0,0,0,0,0,,0
2026-08-25T15:57:23.330Z,9063,35c9c808,heavy,12456,103,0,0,0,0,0,0,0,0,0,0,0,0,0,,0
2026-08-25T15:57:23.330Z,9063,35c9c808,grafana,6396,250,0,0,0,0,1,0,0,0,0,0,0,0,0,,0
2026-08-25T15:57:23.330Z,9063,35c9c808,earth,22868,133,0,0,0,0,0,0,0,0,0,0,0,0,0,,0
2026-08-25T15:58:23.349Z,9123,35c9c808,control,15692,73,0,0,0,0,0,0,0,0,0,0,0,0,0,,0
2026-08-25T15:58:23.349Z,9123,35c9c808,heavy,12456,103,0,0,0,0,0,0,0,0,0,0,0,0,0,,0
2026-08-25T15:58:23.349Z,9123,35c9c808,grafana,6396,250,0,0,0,0,1,0,0,0,0,0,0,0,0,,0
2026-08-25T15:58:23.349Z,9123,35c9c808,earth,22868,133,0,0,0,0,0,0,0,0,0,0,0,0,0,,0
2026-08-25T15:59:23.367Z,9183,35c9c808,control,15692,73,0,0,0,0,0,0,0,0,0,0,0,0,0,,0
2026-08-25T15:59:23.367Z,9183,35c9c808,heavy,12456,103,0,0,0,0,0,0,0,0,0,0,0,0,0,,0
2026-08-25T15:59:23.367Z,9183,35c9c808,grafana,6396,251,0,0,0,0,1,0,0,0,0,0,0,0,0,,0
2026-08-25T15:59:23.367Z,9183,35c9c808,earth,22868,133,0,0,0,0,0,0,0,0,0,0,0,0,0,,0
2026-08-25T16:00:23.385Z,9243,35c9c808,control,15692,73,0,0,0,0,0,0,0,0,0,0,0,0,0,,0
2026-08-25T16:00:23.385Z,9243,35c9c808,heavy,12456,103,0,0,0,0,0,0,0,0,0,0,0,0,0,,0
2026-08-25T16:00:23.385Z,9243,35c9c808,grafana,6396,251,0,0,0,0,1,0,0,0,0,0,0,0,0,,0
2026-08-25T16:00:23.385Z,9243,35c9c808,earth,22868,133,0,0,0,0,0,0,0,0,0,0,0,0,0,,0
2026-08-25T16:01:23.404Z,9303,35c9c808,control,15692,73,0,0,0,0,0,0,0,0,0,0,0,0,0,,0
2026-08-25T16:01:23.404Z,9303,35c9c808,heavy,12456,103,0,0,0,0,0,0,0,0,0,0,0,0,0,,0
2026-08-25T16:01:23.404Z,9303,35c9c808,grafana,6396,251,0,0,0,0,1,0,0,0,0,0,0,0,0,,0
2026-08-25T16:01:23.404Z,9303,35c9c808,earth,22868,134,0,0,0,0,0,0,0,0,0,0,0,0,0,,0
2026-08-25T16:02:23.422Z,9363,35c9c808,control,15692,73,0,0,0,0,0,0,0,0,0,0,0,0,0,,0
2026-08-25T16:02:23.422Z,9363,35c9c808,heavy,12456,103,0,0,0,0,0,0,0,0,0,0,0,0,0,,0
2026-08-25T16:02:23.422Z,9363,35c9c808,grafana,6396,250,0,0,0,0,1,0,0,0,0,0,0,0,0,,0
2026-08-25T16:02:23.422Z,9363,35c9c808,earth,22868,133,0,0,0,0,0,0,0,0,0,0,0,0,0,,0
2026-08-25T16:03:23.440Z,9423,35c9c808,control,15692,73,0,0,0,0,0,0,0,0,0,0,0,0,0,,0
2026-08-25T16:03:23.440Z,9423,35c9c808,heavy,12456,103,0,0,0,0,0,0,0,0,0,0,0,0,0,,0
2026-08-25T16:03:23.440Z,9423,35c9c808,grafana,6396,250,0,0,0,0,1,0,0,0,0,0,0,0,0,,0
2026-08-25T16:03:23.440Z,9423,35c9c808,earth,22868,133,0,0,0,0,0,0,0,0,0,0,0,0,0,,0
2026-08-25T16:04:23.459Z,9483,35c9c808,control,15692,73,0,0,0,0,0,0,0,0,0,0,0,0,0,,0
2026-08-25T16:04:23.459Z,9483,35c9c808,heavy,12456,103,0,0,0,0,0,0,0,0,0,0,0,0,0,,0
2026-08-25T16:04:23.459Z,9483,35c9c808,grafana,6396,250,0,0,0,0,1,0,0,0,0,0,0,0,0,,0
2026-08-25T16:04:23.459Z,9483,35c9c808,earth,22868,134,0,0,0,0,0,0,0,0,0,0,0,0,0,,0
2026-08-25T16:05:23.476Z,9543,35c9c808,control,15692,73,0,0,0,0,0,0,0,0,0,0,0,0,0,,0
2026-08-25T16:05:23.476Z,9543,35c9c808,heavy,12456,103,0,0,0,0,0,0,0,0,0,0,0,0,0,,0
2026-08-25T16:05:23.476Z,9543,35c9c808,grafana,6396,250,0,0,0,0,1,0,0,0,0,0,0,0,0,,0
2026-08-25T16:05:23.476Z,9543,35c9c808,earth,22868,133,0,0,0,0,0,0,0,0,0,0,0,0,0,,0
2026-08-25T16:06:23.495Z,9603,35c9c808,control,15692,73,0,0,0,0,0,0,0,0,0,0,0,0,0,,0
2026-08-25T16:06:23.495Z,9603,35c9c808,heavy,12456,103,0,0,0,0,0,0,0,0,0,0,0,0,0,,0
2026-08-25T16:06:23.495Z,9603,35c9c808,grafana,6396,250,0,0,0,0,1,0,0,0,0,0,0,0,0,,0
2026-08-25T16:06:23.495Z,9603,35c9c808,earth,22868,133,0,0,0,0,0,0,0,0,0,0,0,0,0,,0
2026-08-25T16:07:23.514Z,9663,35c9c808,control,15692,73,0,0,0,0,0,0,0,0,0,0,0,0,0,,0
2026-08-25T16:07:23.514Z,9663,35c9c808,heavy,12456,103,0,0,0,0,0,0,0,0,0,0,0,0,0,,0
2026-08-25T16:07:23.514Z,9663,35c9c808,grafana,6396,250,0,0,0,0,1,0,0,0,0,0,0,0,0,,0
2026-08-25T16:07:23.514Z,9663,35c9c808,earth,22868,134,0,0,0,0,0,0,0,0,0,0,0,0,0,,0
2026-08-25T16:08:23.533Z,9723,35c9c808,control,15692,73,0,0,0,0,0,0,0,0,0,0,0,0,0,,0
2026-08-25T16:08:23.533Z,9723,35c9c808,heavy,12456,103,0,0,0,0,0,0,0,0,0,0,0,0,0,,0
2026-08-25T16:08:23.533Z,9723,35c9c808,grafana,6396,250,0,0,0,0,1,0,0,0,0,0,0,0,0,,0
2026-08-25T16:08:23.533Z,9723,35c9c808,earth,22868,133,0,0,0,0,0,0,0,0,0,0,0,0,0,,0
2026-08-25T16:09:23.550Z,9783,35c9c808,control,15692,73,0,0,0,0,0,0,0,0,0,0,0,0,0,,0
2026-08-25T16:09:23.550Z,9783,35c9c808,heavy,12456,103,0,0,0,0,0,0,0,0,0,0,0,0,0,,0
2026-08-25T16:09:23.550Z,9783,35c9c808,grafana,6396,250,0,0,0,0,1,0,0,0,0,0,0,0,0,,0
2026-08-25T16:09:23.550Z,9783,35c9c808,earth,22868,133,0,0,0,0,0,0,0,0,0,0,0,0,0,,0
2026-08-25T16:10:23.569Z,9843,35c9c808,control,15692,73,0,0,0,0,0,0,0,0,0,0,0,0,0,,0
2026-08-25T16:10:23.569Z,9843,35c9c808,heavy,12456,103,0,0,0,0,0,0,0,0,0,0,0,0,0,,0
2026-08-25T16:10:23.569Z,9843,35c9c808,grafana,6396,250,0,0,0,0,1,0,0,0,0,0,0,0,0,,0
2026-08-25T16:10:23.569Z,9843,35c9c808,earth,22868,134,0,0,0,0,0,0,0,0,0,0,0,0,0,,0
2026-08-25T16:11:23.585Z,9903,35c9c808,control,15692,73,0,0,0,0,0,0,0,0,0,0,0,0,0,,0
2026-08-25T16:11:23.585Z,9903,35c9c808,heavy,12456,103,0,0,0,0,0,0,0,0,0,0,0,0,0,,0
2026-08-25T16:11:23.585Z,9903,35c9c808,grafana,6396,250,0,0,0,0,1,0,0,0,0,0,0,0,0,,0
2026-08-25T16:11:23.585Z,9903,35c9c808,earth,22868,133,0,0,0,0,0,0,0,0,0,0,0,0,0,,0
2026-08-25T16:12:23.605Z,9963,35c9c808,control,15692,73,0,0,0,0,0,0,0,0,0,0,0,0,0,,0
2026-08-25T16:12:23.605Z,9963,35c9c808,heavy,12456,103,0,0,0,0,0,0,0,0,0,0,0,0,0,,0
2026-08-25T16:12:23.605Z,9963,35c9c808,grafana,6396,250,0,0,0,0,1,0,0,0,0,0,0,0,0,,0
2026-08-25T16:12:23.605Z,9963,35c9c808,earth,22868,133,0,0,0,0,0,0,0,0,0,0,0,0,0,,0
2026-08-25T16:13:23.623Z,10023,35c9c808,control,15692,73,0,0,0,0,0,0,0,0,0,0,0,0,0,,0
2026-08-25T16:13:23.623Z,10023,35c9c808,heavy,12456,103,0,0,0,0,0,0,0,0,0,0,0,0,0,,0
2026-08-25T16:13:23.623Z,10023,35c9c808,grafana,6396,250,0,0,0,0,1,0,0,0,0,0,0,0,0,,0
2026-08-25T16:13:23.623Z,10023,35c9c808,earth,22868,133,0,0,0,0,0,0,0,0,0,0,0,0,0,,0
2026-08-25T16:14:23.641Z,10083,35c9c808,control,15692,73,0,0,0,0,0,0,0,0,0,0,0,0,0,,0
2026-08-25T16:14:23.641Z,10083,35c9c808,heavy,12456,103,0,0,0,0,0,0,0,0,0,0,0,0,0,,0
2026-08-25T16:14:23.641Z,10083,35c9c808,grafana,6396,250,0,0,0,0,1,0,0,0,0,0,0,0,0,,0
2026-08-25T16:14:23.641Z,10083,35c9c808,earth,22868,133,0,0,0,0,0,0,0,0,0,0,0,0,0,,0
2026-08-25T16:15:23.659Z,10143,35c9c808,control,15692,73,0,0,0,0,0,0,0,0,0,0,0,0,0,,0
2026-08-25T16:15:23.659Z,10143,35c9c808,heavy,12456,103,0,0,0,0,0,0,0,0,0,0,0,0,0,,0
2026-08-25T16:15:23.659Z,10143,35c9c808,grafana,6396,250,0,0,0,0,1,0,0,0,0,0,0,0,0,,0
2026-08-25T16:15:23.659Z,10143,35c9c808,earth,22868,133,0,0,0,0,0,0,0,0,0,0,0,0,0,,0
2026-08-25T16:16:23.680Z,10203,35c9c808,control,15692,73,0,0,0,0,0,0,0,0,0,0,0,0,0,,0
2026-08-25T16:16:23.680Z,10203,35c9c808,heavy,12456,103,0,0,0,0,0,0,0,0,0,0,0,0,0,,0
2026-08-25T16:16:23.680Z,10203,35c9c808,grafana,6396,250,0,0,0,0,1,0,0,0,0,0,0,0,0,,0
2026-08-25T16:16:23.680Z,10203,35c9c808,earth,22868,133,0,0,0,0,0,0,0,0,0,0,0,0,0,,0
2026-08-25T16:17:23.695Z,10263,35c9c808,control,15692,73,0,0,0,0,0,0,0,0,0,0,0,0,0,,0
2026-08-25T16:17:23.695Z,10263,35c9c808,heavy,12456,103,0,0,0,0,0,0,0,0,0,0,0,0,0,,0
2026-08-25T16:17:23.695Z,10263,35c9c808,grafana,6396,250,0,0,0,0,1,0,0,0,0,0,0,0,0,,0
2026-08-25T16:17:23.695Z,10263,35c9c808,earth,22868,134,0,0,0,0,0,0,0,0,0,0,0,0,0,,0
2026-08-25T16:18:23.715Z,10323,35c9c808,control,15692,73,0,0,0,0,0,0,0,0,0,0,0,0,0,,0
2026-08-25T16:18:23.715Z,10323,35c9c808,heavy,12456,103,0,0,0,0,0,0,0,0,0,0,0,0,0,,0
2026-08-25T16:18:23.715Z,10323,35c9c808,grafana,6396,250,0,0,0,0,1,0,0,0,0,0,0,0,0,,0
2026-08-25T16:18:23.715Z,10323,35c9c808,earth,22868,133,0,0,0,0,0,0,0,0,0,0,0,0,0,,0
2026-08-25T16:19:23.733Z,10383,35c9c808,control,15692,73,0,0,0,0,0,0,0,0,0,0,0,0,0,,0
2026-08-25T16:19:23.733Z,10383,35c9c808,heavy,12456,103,0,0,0,0,0,0,0,0,0,0,0,0,0,,0
2026-08-25T16:19:23.733Z,10383,35c9c808,grafana,6396,250,0,0,0,0,1,0,0,0,0,0,0,0,0,,0
2026-08-25T16:19:23.733Z,10383,35c9c808,earth,22868,133,0,0,0,0,0,0,0,0,0,0,0,0,0,,0
2026-08-25T16:20:23.751Z,10443,35c9c808,control,15692,73,0,0,0,0,0,0,0,0,0,0,0,0,0,,0
2026-08-25T16:20:23.751Z,10443,35c9c808,heavy,12456,103,0,0,0,0,0,0,0,0,0,0,0,0,0,,0
2026-08-25T16:20:23.751Z,10443,35c9c808,grafana,6396,250,0,0,0,0,1,0,0,0,0,0,0,0,0,,0
2026-08-25T16:20:23.751Z,10443,35c9c808,earth,22868,133,0,0,0,0,0,0,0,0,0,0,0,0,0,,0
2026-08-25T16:21:23.769Z,10503,35c9c808,control,15692,73,0,0,0,0,0,0,0,0,0,0,0,0,0,,0
2026-08-25T16:21:23.769Z,10503,35c9c808,heavy,12456,103,0,0,0,0,0,0,0,0,0,0,0,0,0,,0
2026-08-25T16:21:23.769Z,10503,35c9c808,grafana,6396,250,0,0,0,0,1,0,0,0,0,0,0,0,0,,0
2026-08-25T16:21:23.769Z,10503,35c9c808,earth,22868,133,0,0,0,0,0,0,0,0,0,0,0,0,0,,0
2026-08-25T16:22:23.789Z,10563,35c9c808,control,15692,73,0,0,0,0,0,0,0,0,0,0,0,0,0,,0
2026-08-25T16:22:23.789Z,10563,35c9c808,heavy,12456,103,0,0,0,0,0,0,0,0,0,0,0,0,0,,0
2026-08-25T16:22:23.789Z,10563,35c9c808,grafana,6396,250,0,0,0,0,1,0,0,0,0,0,0,0,0,,0
2026-08-25T16:22:23.789Z,10563,35c9c808,earth,22868,133,0,0,0,0,0,0,0,0,0,0,0,0,0,,0
2026-08-25T16:23:23.806Z,10623,35c9c808,control,15692,73,0,0,0,0,0,0,0,0,0,0,0,0,0,,0
2026-08-25T16:23:23.806Z,10623,35c9c808,heavy,12456,103,0,0,0,0,0,0,0,0,0,0,0,0,0,,0
2026-08-25T16:23:23.806Z,10623,35c9c808,grafana,6396,250,0,0,0,0,1,0,0,0,0,0,0,0,0,,0
2026-08-25T16:23:23.806Z,10623,35c9c808,earth,22868,134,0,0,0,0,0,0,0,0,0,0,0,0,0,,0
2026-08-25T16:24:23.824Z,10683,35c9c808,control,15692,73,0,0,0,0,0,0,0,0,0,0,0,0,0,,0
2026-08-25T16:24:23.824Z,10683,35c9c808,heavy,12456,103,0,0,0,0,0,0,0,0,0,0,0,0,0,,0
2026-08-25T16:24:23.824Z,10683,35c9c808,grafana,6396,250,0,0,0,0,1,0,0,0,0,0,0,0,0,,0
2026-08-25T16:24:23.824Z,10683,35c9c808,earth,22868,133,0,0,0,0,0,0,0,0,0,0,0,0,0,,0
2026-08-25T16:25:23.843Z,10743,35c9c808,control,15692,73,0,0,0,0,0,0,0,0,0,0,0,0,0,,0
2026-08-25T16:25:23.843Z,10743,35c9c808,heavy,12456,103,0,0,0,0,0,0,0,0,0,0,0,0,0,,0
2026-08-25T16:25:23.843Z,10743,35c9c808,grafana,6396,250,0,0,0,0,1,0,0,0,0,0,0,0,0,,0
2026-08-25T16:25:23.843Z,10743,35c9c808,earth,22868,134,0,0,0,0,0,0,0,0,0,0,0,0,0,,0
2026-08-25T16:26:23.861Z,10803,35c9c808,control,15692,73,0,0,0,0,0,0,0,0,0,0,0,0,0,,0
2026-08-25T16:26:23.861Z,10803,35c9c808,heavy,12456,103,0,0,0,0,0,0,0,0,0,0,0,0,0,,0
2026-08-25T16:26:23.861Z,10803,35c9c808,grafana,6396,250,0,0,0,0,1,0,0,0,0,0,0,0,0,,0
2026-08-25T16:26:23.861Z,10803,35c9c808,earth,22868,133,0,0,0,0,0,0,0,0,0,0,0,0,0,,0
2026-08-25T16:27:23.879Z,10863,35c9c808,control,15692,73,0,0,0,0,0,0,0,0,0,0,0,0,0,,0
2026-08-25T16:27:23.879Z,10863,35c9c808,heavy,12456,103,0,0,0,0,0,0,0,0,0,0,0,0,0,,0
2026-08-25T16:27:23.879Z,10863,35c9c808,grafana,6396,251,0,0,0,0,1,0,0,0,0,0,0,0,0,,0
2026-08-25T16:27:23.879Z,10863,35c9c808,earth,22868,134,0,0,0,0,0,0,0,0,0,0,0,0,0,,0
2026-08-25T16:28:23.898Z,10923,35c9c808,control,15692,73,0,0,0,0,0,0,0,0,0,0,0,0,0,,0
2026-08-25T16:28:23.898Z,10923,35c9c808,heavy,12456,103,0,0,0,0,0,0,0,0,0,0,0,0,0,,0
2026-08-25T16:28:23.898Z,10923,35c9c808,grafana,6396,251,0,0,0,0,1,0,0,0,0,0,0,0,0,,0
2026-08-25T16:28:23.898Z,10923,35c9c808,earth,22868,133,0,0,0,0,0,0,0,0,0,0,0,0,0,,0
2026-08-25T16:29:23.915Z,10983,35c9c808,control,15692,73,0,0,0,0,0,0,0,0,0,0,0,0,0,,0
2026-08-25T16:29:23.915Z,10983,35c9c808,heavy,12456,103,0,0,0,0,0,0,0,0,0,0,0,0,0,,0
2026-08-25T16:29:23.915Z,10983,35c9c808,grafana,6396,251,0,0,0,0,1,0,0,0,0,0,0,0,0,,0
2026-08-25T16:29:23.915Z,10983,35c9c808,earth,22868,133,0,0,0,0,0,0,0,0,0,0,0,0,0,,0
2026-08-25T16:30:23.935Z,11043,35c9c808,control,15692,73,0,0,0,0,0,0,0,0,0,0,0,0,0,,0
2026-08-25T16:30:23.935Z,11043,35c9c808,heavy,12456,103,0,0,0,0,0,0,0,0,0,0,0,0,0,,0
2026-08-25T16:30:23.935Z,11043,35c9c808,grafana,6396,250,0,0,0,0,1,0,0,0,0,0,0,0,0,,0
2026-08-25T16:30:23.935Z,11043,35c9c808,earth,22868,134,0,0,0,0,0,0,0,0,0,0,0,0,0,,0
2026-08-25T16:31:23.953Z,11103,35c9c808,control,15692,73,0,0,0,0,0,0,0,0,0,0,0,0,0,,0
2026-08-25T16:31:23.953Z,11103,35c9c808,heavy,12456,103,0,0,0,0,0,0,0,0,0,0,0,0,0,,0
2026-08-25T16:31:23.953Z,11103,35c9c808,grafana,6396,250,0,0,0,0,1,0,0,0,0,0,0,0,0,,0
2026-08-25T16:31:23.953Z,11103,35c9c808,earth,22868,133,0,0,0,0,0,0,0,0,0,0,0,0,0,,0
2026-08-25T16:32:23.971Z,11163,35c9c808,control,15692,73,0,0,0,0,0,0,0,0,0,0,0,0,0,,0
2026-08-25T16:32:23.971Z,11163,35c9c808,heavy,12456,103,0,0,0,0,0,0,0,0,0,0,0,0,0,,0
2026-08-25T16:32:23.971Z,11163,35c9c808,grafana,6396,250,0,0,0,0,1,0,0,0,0,0,0,0,0,,0
2026-08-25T16:32:23.971Z,11163,35c9c808,earth,22868,133,0,0,0,0,0,0,0,0,0,0,0,0,0,,0
2026-08-25T16:33:23.988Z,11223,35c9c808,control,15692,73,0,0,0,0,0,0,0,0,0,0,0,0,0,,0
2026-08-25T16:33:23.988Z,11223,35c9c808,heavy,12456,103,0,0,0,0,0,0,0,0,0,0,0,0,0,,0
2026-08-25T16:33:23.988Z,11223,35c9c808,grafana,6396,250,0,0,0,0,1,0,0,0,0,0,0,0,0,,0
2026-08-25T16:33:23.988Z,11223,35c9c808,earth,22868,134,0,0,0,0,0,0,0,0,0,0,0,0,0,,0
2026-08-25T16:34:24.008Z,11283,35c9c808,control,15692,73,0,0,0,0,0,0,0,0,0,0,0,0,0,,0
2026-08-25T16:34:24.008Z,11283,35c9c808,heavy,12456,103,0,0,0,0,0,0,0,0,0,0,0,0,0,,0
2026-08-25T16:34:24.008Z,11283,35c9c808,grafana,6396,250,0,0,0,0,1,0,0,0,0,0,0,0,0,,0
2026-08-25T16:34:24.008Z,11283,35c9c808,earth,22868,133,0,0,0,0,0,0,0,0,0,0,0,0,0,,0
2026-08-25T16:35:24.025Z,11343,35c9c808,control,15692,73,0,0,0,0,0,0,0,0,0,0,0,0,0,,0
2026-08-25T16:35:24.025Z,11343,35c9c808,heavy,12456,103,0,0,0,0,0,0,0,0,0,0,0,0,0,,0
2026-08-25T16:35:24.025Z,11343,35c9c808,grafana,6396,250,0,0,0,0,1,0,0,0,0,0,0,0,0,,0
2026-08-25T16:35:24.025Z,11343,35c9c808,earth,22868,133,0,0,0,0,0,0,0,0,0,0,0,0,0,,0
2026-08-25T16:36:24.045Z,11403,35c9c808,control,15692,73,0,0,0,0,0,0,0,0,0,0,0,0,0,,0
2026-08-25T16:36:24.045Z,11403,35c9c808,heavy,12456,103,0,0,0,0,0,0,0,0,0,0,0,0,0,,0
2026-08-25T16:36:24.045Z,11403,35c9c808,grafana,6396,250,0,0,0,0,1,0,0,0,0,0,0,0,0,,0
2026-08-25T16:36:24.045Z,11403,35c9c808,earth,22868,134,0,0,0,0,0,0,0,0,0,0,0,0,0,,0
2026-08-25T16:37:24.061Z,11463,35c9c808,control,15692,73,0,0,0,0,0,0,0,0,0,0,0,0,0,,0
2026-08-25T16:37:24.061Z,11463,35c9c808,heavy,12456,103,0,0,0,0,0,0,0,0,0,0,0,0,0,,0
2026-08-25T16:37:24.061Z,11463,35c9c808,grafana,6396,251,0,0,0,0,1,0,0,0,0,0,0,0,0,,0
2026-08-25T16:37:24.061Z,11463,35c9c808,earth,22868,133,0,0,0,0,0,0,0,0,0,0,0,0,0,,0
2026-08-25T16:38:24.081Z,11523,35c9c808,control,15692,73,0,0,0,0,0,0,0,0,0,0,0,0,0,,0
2026-08-25T16:38:24.081Z,11523,35c9c808,heavy,12456,103,0,0,0,0,0,0,0,0,0,0,0,0,0,,0
2026-08-25T16:38:24.081Z,11523,35c9c808,grafana,6396,251,0,0,0,0,1,0,0,0,0,0,0,0,0,,0
2026-08-25T16:38:24.081Z,11523,35c9c808,earth,22868,133,0,0,0,0,0,0,0,0,0,0,0,0,0,,0
2026-08-25T16:39:24.100Z,11583,35c9c808,control,15692,73,0,0,0,0,0,0,0,0,0,0,0,0,0,,0
2026-08-25T16:39:24.100Z,11583,35c9c808,heavy,12456,103,0,0,0,0,0,0,0,0,0,0,0,0,0,,0
2026-08-25T16:39:24.100Z,11583,35c9c808,grafana,6396,251,0,0,0,0,1,0,0,0,0,0,0,0,0,,0
2026-08-25T16:39:24.100Z,11583,35c9c808,earth,22868,134,0,0,0,0,0,0,0,0,0,0,0,0,0,,0
2026-08-25T16:40:24.118Z,11644,35c9c808,control,15692,73,0,0,0,0,0,0,0,0,0,0,0,0,0,,0
2026-08-25T16:40:24.118Z,11644,35c9c808,heavy,12456,103,0,0,0,0,0,0,0,0,0,0,0,0,0,,0
2026-08-25T16:40:24.118Z,11644,35c9c808,grafana,6396,251,0,0,0,0,1,0,0,0,0,0,0,0,0,,0
2026-08-25T16:40:24.118Z,11644,35c9c808,earth,22868,133,0,0,0,0,0,0,0,0,0,0,0,0,0,,0
2026-08-25T16:41:24.136Z,11704,35c9c808,control,15692,73,0,0,0,0,0,0,0,0,0,0,0,0,0,,0
2026-08-25T16:41:24.136Z,11704,35c9c808,heavy,12456,103,0,0,0,0,0,0,0,0,0,0,0,0,0,,0
2026-08-25T16:41:24.136Z,11704,35c9c808,grafana,6396,250,0,0,0,0,1,0,0,0,0,0,0,0,0,,0
2026-08-25T16:41:24.136Z,11704,35c9c808,earth,22868,133,0,0,0,0,0,0,0,0,0,0,0,0,0,,0
2026-08-25T16:42:24.153Z,11764,35c9c808,control,15692,73,0,0,0,0,0,0,0,0,0,0,0,0,0,,0
2026-08-25T16:42:24.153Z,11764,35c9c808,heavy,12456,103,0,0,0,0,0,0,0,0,0,0,0,0,0,,0
2026-08-25T16:42:24.153Z,11764,35c9c808,grafana,6396,250,0,0,0,0,1,0,0,0,0,0,0,0,0,,0
2026-08-25T16:42:24.153Z,11764,35c9c808,earth,22868,134,0,0,0,0,0,0,0,0,0,0,0,0,0,,0
2026-08-25T16:43:24.173Z,11824,35c9c808,control,15692,73,0,0,0,0,0,0,0,0,0,0,0,0,0,,0
2026-08-25T16:43:24.173Z,11824,35c9c808,heavy,12456,103,0,0,0,0,0,0,0,0,0,0,0,0,0,,0
2026-08-25T16:43:24.173Z,11824,35c9c808,grafana,6396,251,0,0,0,0,1,0,0,0,0,0,0,0,0,,0
2026-08-25T16:43:24.173Z,11824,35c9c808,earth,22868,133,0,0,0,0,0,0,0,0,0,0,0,0,0,,0
2026-08-25T16:44:24.190Z,11884,35c9c808,control,15692,73,0,0,0,0,0,0,0,0,0,0,0,0,0,,0
2026-08-25T16:44:24.190Z,11884,35c9c808,heavy,12456,103,0,0,0,0,0,0,0,0,0,0,0,0,0,,0
2026-08-25T16:44:24.190Z,11884,35c9c808,grafana,6396,250,0,0,0,0,1,0,0,0,0,0,0,0,0,,0
2026-08-25T16:44:24.190Z,11884,35c9c808,earth,22868,133,0,0,0,0,0,0,0,0,0,0,0,0,0,,0
2026-08-25T16:45:24.209Z,11944,35c9c808,control,15692,73,0,0,0,0,0,0,0,0,0,0,0,0,0,,0
2026-08-25T16:45:24.209Z,11944,35c9c808,heavy,12456,103,0,0,0,0,0,0,0,0,0,0,0,0,0,,0
2026-08-25T16:45:24.209Z,11944,35c9c808,grafana,6396,250,0,0,0,0,1,0,0,0,0,0,0,0,0,,0
2026-08-25T16:45:24.209Z,11944,35c9c808,earth,22868,134,0,0,0,0,0,0,0,0,0,0,0,0,0,,0
2026-08-25T16:46:24.229Z,12004,35c9c808,control,15692,74,0,0,0,0,0,0,0,0,0,0,0,0,0,15,0
2026-08-25T16:46:24.229Z,12004,35c9c808,heavy,12456,103,0,0,0,0,0,0,0,0,0,0,0,0,0,,0
2026-08-25T16:46:24.229Z,12004,35c9c808,grafana,6396,247,0,0,0,0,1,0,0,0,0,0,0,0,0,,0
2026-08-25T16:46:24.229Z,12004,35c9c808,earth,22868,134,0,0,0,0,0,0,0,0,0,0,0,0,0,,0
2026-08-25T16:47:24.246Z,12064,35c9c808,control,15692,74,0,0,0,0,0,0,0,0,0,0,0,0,0,75,0
2026-08-25T16:47:24.246Z,12064,35c9c808,heavy,12456,103,0,0,0,0,0,0,0,0,0,0,0,0,0,,0
2026-08-25T16:47:24.246Z,12064,35c9c808,grafana,6396,245,0,0,0,0,1,0,0,0,0,0,0,0,0,,0
2026-08-25T16:47:24.246Z,12064,35c9c808,earth,22868,135,0,0,0,0,0,0,0,0,0,0,0,0,0,,0
2026-08-25T16:48:24.262Z,12124,35c9c808,control,15692,74,0,0,0,0,0,0,0,0,0,0,0,0,0,135,0
2026-08-25T16:48:24.262Z,12124,35c9c808,heavy,12456,103,0,0,0,0,0,0,0,0,0,0,0,0,0,,0
2026-08-25T16:48:24.262Z,12124,35c9c808,grafana,6396,245,0,0,0,0,1,0,0,0,0,0,0,0,0,,0
2026-08-25T16:48:24.262Z,12124,35c9c808,earth,22868,134,0,0,0,0,0,0,0,0,0,0,0,0,0,,0
2026-08-25T16:49:24.282Z,12184,35c9c808,control,15692,74,0,0,0,0,0,0,0,0,0,0,0,0,0,195,0
2026-08-25T16:49:24.282Z,12184,35c9c808,heavy,12456,103,0,0,0,0,0,0,0,0,0,0,0,0,0,,0
2026-08-25T16:49:24.282Z,12184,35c9c808,grafana,6396,245,0,0,0,0,1,0,0,0,0,0,0,0,0,,0
2026-08-25T16:49:24.282Z,12184,35c9c808,earth,22868,134,0,0,0,0,0,0,0,0,0,0,0,0,0,,0
2026-08-25T16:50:24.300Z,12244,35c9c808,control,15692,74,0,0,0,0,0,0,0,0,0,0,0,0,0,255,0
2026-08-25T16:50:24.300Z,12244,35c9c808,heavy,12456,103,0,0,0,0,0,0,0,0,0,0,0,0,0,,0
2026-08-25T16:50:24.300Z,12244,35c9c808,grafana,6396,244,0,0,0,0,1,0,0,0,0,0,0,0,0,,0
2026-08-25T16:50:24.300Z,12244,35c9c808,earth,22868,134,0,0,0,0,0,0,0,0,0,0,0,0,0,,0
2026-08-25T16:51:24.319Z,12304,35c9c808,control,15692,74,0,0,0,0,0,0,0,0,0,0,0,0,0,315,0
2026-08-25T16:51:24.319Z,12304,35c9c808,heavy,12456,103,0,0,0,0,0,0,0,0,0,0,0,0,0,,0
2026-08-25T16:51:24.319Z,12304,35c9c808,grafana,6396,245,0,0,0,0,1,0,0,0,0,0,0,0,0,,0
2026-08-25T16:51:24.319Z,12304,35c9c808,earth,22868,135,0,0,0,0,0,0,0,0,0,0,0,0,0,,0
2026-08-25T16:52:24.335Z,12364,35c9c808,control,15692,74,0,0,0,0,0,0,0,0,0,0,0,0,0,375,0
2026-08-25T16:52:24.335Z,12364,35c9c808,heavy,12456,104,0,0,0,0,0,0,0,0,0,0,0,0,0,,0
2026-08-25T16:52:24.335Z,12364,35c9c808,grafana,6396,245,0,0,0,0,1,0,0,0,0,0,0,0,0,,0
2026-08-25T16:52:24.335Z,12364,35c9c808,earth,22868,134,0,0,0,0,0,0,0,0,0,0,0,0,0,,0
2026-08-25T16:53:24.353Z,12424,35c9c808,control,15692,74,0,0,0,0,0,0,0,0,0,0,0,0,0,435,0
2026-08-25T16:53:24.353Z,12424,35c9c808,heavy,12456,103,0,0,0,0,0,0,0,0,0,0,0,0,0,,0
2026-08-25T16:53:24.353Z,12424,35c9c808,grafana,6396,238,0,0,0,0,1,0,0,0,0,0,0,0,0,,0
2026-08-25T16:53:24.353Z,12424,35c9c808,earth,22868,134,0,0,0,0,0,0,0,0,0,0,0,0,0,,0
2026-08-25T16:54:24.373Z,12484,35c9c808,control,15692,74,0,0,0,0,0,0,0,0,0,0,0,0,0,495,0
2026-08-25T16:54:24.373Z,12484,35c9c808,heavy,12456,103,0,0,0,0,0,0,0,0,0,0,0,0,0,,0
2026-08-25T16:54:24.373Z,12484,35c9c808,grafana,6396,237,0,0,0,0,1,0,0,0,0,0,0,0,0,,0
2026-08-25T16:54:24.373Z,12484,35c9c808,earth,22868,134,0,0,0,0,0,0,0,0,0,0,0,0,0,,0
2026-08-25T16:55:24.391Z,12544,35c9c808,control,15692,74,0,0,0,0,0,0,0,0,0,0,0,0,0,555,0
2026-08-25T16:55:24.391Z,12544,35c9c808,heavy,12456,103,0,0,0,0,0,0,0,0,0,0,0,0,0,,0
2026-08-25T16:55:24.391Z,12544,35c9c808,grafana,6396,238,0,0,0,0,1,0,0,0,0,0,0,0,0,,0
2026-08-25T16:55:24.391Z,12544,35c9c808,earth,22868,133,0,0,0,0,0,0,0,0,0,0,0,0,0,,0
2026-08-25T16:56:24.410Z,12604,35c9c808,control,15692,74,0,0,0,0,0,0,0,0,0,0,0,0,0,615,0
2026-08-25T16:56:24.410Z,12604,35c9c808,heavy,12456,103,0,0,0,0,0,0,0,0,0,0,0,0,0,,0
2026-08-25T16:56:24.410Z,12604,35c9c808,grafana,6396,238,0,0,0,0,1,0,0,0,0,0,0,0,0,,0
2026-08-25T16:56:24.410Z,12604,35c9c808,earth,22868,133,0,0,0,0,0,0,0,0,0,0,0,0,0,,0
2026-08-25T16:57:24.429Z,12664,35c9c808,control,15692,74,0,0,0,0,0,0,0,0,0,0,0,0,0,675,0
2026-08-25T16:57:24.429Z,12664,35c9c808,heavy,12456,103,0,0,0,0,0,0,0,0,0,0,0,0,0,,0
2026-08-25T16:57:24.429Z,12664,35c9c808,grafana,6396,238,0,0,0,0,1,0,0,0,0,0,0,0,0,,0
2026-08-25T16:57:24.429Z,12664,35c9c808,earth,22868,134,0,0,0,0,0,0,0,0,0,0,0,0,0,,0
2026-08-25T16:58:24.447Z,12724,35c9c808,control,15692,74,0,0,0,0,0,0,0,0,0,0,0,0,0,735,0
2026-08-25T16:58:24.447Z,12724,35c9c808,heavy,12456,103,0,0,0,0,0,0,0,0,0,0,0,0,0,,0
2026-08-25T16:58:24.447Z,12724,35c9c808,grafana,6396,238,0,0,0,0,1,0,0,0,0,0,0,0,0,,0
2026-08-25T16:58:24.447Z,12724,35c9c808,earth,22868,133,0,0,0,0,0,0,0,0,0,0,0,0,0,,0
2026-08-25T16:59:24.464Z,12784,35c9c808,control,15692,74,0,0,0,0,0,0,0,0,0,0,0,0,0,795,0
2026-08-25T16:59:24.464Z,12784,35c9c808,heavy,12456,103,0,0,0,0,0,0,0,0,0,0,0,0,0,,0
2026-08-25T16:59:24.464Z,12784,35c9c808,grafana,6396,238,0,0,0,0,1,0,0,0,0,0,0,0,0,,0
2026-08-25T16:59:24.464Z,12784,35c9c808,earth,22868,133,0,0,0,0,0,0,0,0,0,0,0,0,0,,0
2026-08-25T17:00:24.482Z,12844,35c9c808,control,15692,74,0,0,0,0,0,0,0,0,0,0,0,0,0,855,0
2026-08-25T17:00:24.482Z,12844,35c9c808,heavy,12456,103,0,0,0,0,0,0,0,0,0,0,0,0,0,,0
2026-08-25T17:00:24.482Z,12844,35c9c808,grafana,6396,238,0,0,0,0,1,0,0,0,0,0,0,0,0,,0
2026-08-25T17:00:24.482Z,12844,35c9c808,earth,22868,134,0,0,0,0,0,0,0,0,0,0,0,0,0,,0
2026-08-25T17:01:24.499Z,12904,35c9c808,control,15692,74,0,0,0,0,0,0,0,0,0,0,0,0,0,915,0
2026-08-25T17:01:24.499Z,12904,35c9c808,heavy,12456,103,0,0,0,0,0,0,0,0,0,0,0,0,0,,0
2026-08-25T17:01:24.499Z,12904,35c9c808,grafana,6396,237,0,0,0,0,1,0,0,0,0,0,0,0,0,,0
2026-08-25T17:01:24.499Z,12904,35c9c808,earth,22868,133,0,0,0,0,0,0,0,0,0,0,0,0,0,,0
2026-08-25T17:02:24.516Z,12964,35c9c808,control,15692,74,0,0,0,0,0,0,0,0,0,0,0,0,0,975,0
2026-08-25T17:02:24.516Z,12964,35c9c808,heavy,12456,103,0,0,0,0,0,0,0,0,0,0,0,0,0,,0
2026-08-25T17:02:24.516Z,12964,35c9c808,grafana,6396,238,0,0,0,0,1,0,0,0,0,0,0,0,0,,0
2026-08-25T17:02:24.516Z,12964,35c9c808,earth,22868,133,0,0,0,0,0,0,0,0,0,0,0,0,0,,0
2026-08-25T17:03:24.536Z,13024,35c9c808,control,15692,74,0,0,0,0,0,0,0,0,0,0,0,0,0,1035,0
2026-08-25T17:03:24.536Z,13024,35c9c808,heavy,12456,103,0,0,0,0,0,0,0,0,0,0,0,0,0,,0
2026-08-25T17:03:24.536Z,13024,35c9c808,grafana,6396,238,0,0,0,0,1,0,0,0,0,0,0,0,0,,0
2026-08-25T17:03:24.536Z,13024,35c9c808,earth,22868,134,0,0,0,0,0,0,0,0,0,0,0,0,0,,0
2026-08-25T17:04:24.553Z,13084,35c9c808,control,15692,74,0,0,0,0,0,0,0,0,0,0,0,0,0,1095,0
2026-08-25T17:04:24.553Z,13084,35c9c808,heavy,12456,103,0,0,0,0,0,0,0,0,0,0,0,0,0,,0
2026-08-25T17:04:24.553Z,13084,35c9c808,grafana,6396,237,0,0,0,0,1,0,0,0,0,0,0,0,0,,0
2026-08-25T17:04:24.553Z,13084,35c9c808,earth,22868,133,0,0,0,0,0,0,0,0,0,0,0,0,0,,0
2026-08-25T17:05:24.570Z,13144,35c9c808,control,15692,74,0,0,0,0,0,0,0,0,0,0,0,0,0,1155,0
2026-08-25T17:05:24.570Z,13144,35c9c808,heavy,12456,103,0,0,0,0,0,0,0,0,0,0,0,0,0,,0
2026-08-25T17:05:24.570Z,13144,35c9c808,grafana,6396,238,0,0,0,0,1,0,0,0,0,0,0,0,0,,0
2026-08-25T17:05:24.570Z,13144,35c9c808,earth,22868,133,0,0,0,0,0,0,0,0,0,0,0,0,0,,0
2026-08-25T17:06:24.591Z,13204,35c9c808,control,15692,74,0,0,0,0,0,0,0,0,0,0,0,0,0,1215,0
2026-08-25T17:06:24.591Z,13204,35c9c808,heavy,12456,103,0,0,0,0,0,0,0,0,0,0,0,0,0,,0
2026-08-25T17:06:24.591Z,13204,35c9c808,grafana,6396,238,0,0,0,0,1,0,0,0,0,0,0,0,0,,0
2026-08-25T17:06:24.591Z,13204,35c9c808,earth,22868,134,0,0,0,0,0,0,0,0,0,0,0,0,0,,0
2026-08-25T17:07:24.608Z,13264,35c9c808,control,15692,74,0,0,0,0,0,0,0,0,0,0,0,0,0,1275,0
2026-08-25T17:07:24.608Z,13264,35c9c808,heavy,12456,103,0,0,0,0,0,0,0,0,0,0,0,0,0,,0
2026-08-25T17:07:24.608Z,13264,35c9c808,grafana,6396,238,0,0,0,0,1,0,0,0,0,0,0,0,0,,0
2026-08-25T17:07:24.608Z,13264,35c9c808,earth,22868,134,0,0,0,0,0,0,0,0,0,0,0,0,0,,0
2026-08-25T17:08:24.627Z,13324,35c9c808,control,15692,74,0,0,0,0,0,0,0,0,0,0,0,0,0,1335,0
2026-08-25T17:08:24.627Z,13324,35c9c808,heavy,12456,103,0,0,0,0,0,0,0,0,0,0,0,0,0,,0
2026-08-25T17:08:24.627Z,13324,35c9c808,grafana,6396,237,0,0,0,0,1,0,0,0,0,0,0,0,0,,0
2026-08-25T17:08:24.627Z,13324,35c9c808,earth,22868,133,0,0,0,0,0,0,0,0,0,0,0,0,0,,0
2026-08-25T17:09:24.646Z,13384,35c9c808,control,15692,74,0,0,0,0,0,0,0,0,0,0,0,0,0,1395,0
2026-08-25T17:09:24.646Z,13384,35c9c808,heavy,12456,103,0,0,0,0,0,0,0,0,0,0,0,0,0,,0
2026-08-25T17:09:24.646Z,13384,35c9c808,grafana,6396,238,0,0,0,0,1,0,0,0,0,0,0,0,0,,0
2026-08-25T17:09:24.646Z,13384,35c9c808,earth,22868,134,0,0,0,0,0,0,0,0,0,0,0,0,0,,0
2026-08-25T17:10:24.662Z,13444,35c9c808,control,15692,74,0,0,0,0,0,0,0,0,0,0,0,0,0,1455,0
2026-08-25T17:10:24.662Z,13444,35c9c808,heavy,12456,103,0,0,0,0,0,0,0,0,0,0,0,0,0,,0
2026-08-25T17:10:24.662Z,13444,35c9c808,grafana,6396,238,0,0,0,0,1,0,0,0,0,0,0,0,0,,0
2026-08-25T17:10:24.662Z,13444,35c9c808,earth,22868,134,0,0,0,0,0,0,0,0,0,0,0,0,0,,0
2026-08-25T17:11:24.680Z,13504,35c9c808,control,15692,74,0,0,0,0,0,0,0,0,0,0,0,0,0,1515,0
2026-08-25T17:11:24.680Z,13504,35c9c808,heavy,12456,103,0,0,0,0,0,0,0,0,0,0,0,0,0,,0
2026-08-25T17:11:24.680Z,13504,35c9c808,grafana,6396,238,0,0,0,0,1,0,0,0,0,0,0,0,0,,0
2026-08-25T17:11:24.680Z,13504,35c9c808,earth,22868,133,0,0,0,0,0,0,0,0,0,0,0,0,0,,0
2026-08-25T17:12:24.699Z,13564,35c9c808,control,15692,74,0,0,0,0,0,0,0,0,0,0,0,0,0,1575,0
2026-08-25T17:12:24.699Z,13564,35c9c808,heavy,12456,103,0,0,0,0,0,0,0,0,0,0,0,0,0,,0
2026-08-25T17:12:24.699Z,13564,35c9c808,grafana,6396,238,0,0,0,0,1,0,0,0,0,0,0,0,0,,0
2026-08-25T17:12:24.699Z,13564,35c9c808,earth,22868,134,0,0,0,0,0,0,0,0,0,0,0,0,0,,0
2026-08-25T17:13:24.716Z,13624,35c9c808,control,15692,74,0,0,0,0,0,0,0,0,0,0,0,0,0,1635,0
2026-08-25T17:13:24.716Z,13624,35c9c808,heavy,12456,103,0,0,0,0,0,0,0,0,0,0,0,0,0,,0
2026-08-25T17:13:24.716Z,13624,35c9c808,grafana,6396,238,0,0,0,0,1,0,0,0,0,0,0,0,0,,0
2026-08-25T17:13:24.716Z,13624,35c9c808,earth,22868,134,0,0,0,0,0,0,0,0,0,0,0,0,0,,0
2026-08-25T17:14:24.735Z,13684,35c9c808,control,15692,74,0,0,0,0,0,0,0,0,0,0,0,0,0,1695,0
2026-08-25T17:14:24.735Z,13684,35c9c808,heavy,12456,103,0,0,0,0,0,0,0,0,0,0,0,0,0,,0
2026-08-25T17:14:24.735Z,13684,35c9c808,grafana,6396,238,0,0,0,0,1,0,0,0,0,0,0,0,0,,0
2026-08-25T17:14:24.735Z,13684,35c9c808,earth,22868,134,0,0,0,0,0,0,0,0,0,0,0,0,0,,0
2026-08-25T17:15:24.753Z,13744,35c9c808,control,15692,74,0,0,0,0,0,0,0,0,0,0,0,0,0,1755,0
2026-08-25T17:15:24.753Z,13744,35c9c808,heavy,12456,103,0,0,0,0,0,0,0,0,0,0,0,0,0,,0
2026-08-25T17:15:24.753Z,13744,35c9c808,grafana,6396,238,0,0,0,0,1,0,0,0,0,0,0,0,0,,0
2026-08-25T17:15:24.753Z,13744,35c9c808,earth,22868,134,0,0,0,0,0,0,0,0,0,0,0,0,0,,0
2026-08-25T17:16:24.771Z,13804,35c9c808,control,15692,74,0,0,0,0,0,0,0,0,0,0,0,0,0,1815,0
2026-08-25T17:16:24.771Z,13804,35c9c808,heavy,12456,103,0,0,0,0,0,0,0,0,0,0,0,0,0,,0
2026-08-25T17:16:24.771Z,13804,35c9c808,grafana,6396,238,0,0,0,0,1,0,0,0,0,0,0,0,0,,0
2026-08-25T17:16:24.771Z,13804,35c9c808,earth,22868,134,0,0,0,0,0,0,0,0,0,0,0,0,0,,0
2026-08-25T17:17:24.791Z,13864,35c9c808,control,15692,74,0,0,0,0,0,0,0,0,0,0,0,0,0,1875,0
2026-08-25T17:17:24.791Z,13864,35c9c808,heavy,12456,103,0,0,0,0,0,0,0,0,0,0,0,0,0,,0
2026-08-25T17:17:24.791Z,13864,35c9c808,grafana,6396,238,0,0,0,0,1,0,0,0,0,0,0,0,0,,0
2026-08-25T17:17:24.791Z,13864,35c9c808,earth,22868,133,0,0,0,0,0,0,0,0,0,0,0,0,0,,0
2026-08-25T17:18:24.807Z,13924,35c9c808,control,15692,74,0,0,0,0,0,0,0,0,0,0,0,0,0,1935,0
2026-08-25T17:18:24.807Z,13924,35c9c808,heavy,12456,103,0,0,0,0,0,0,0,0,0,0,0,0,0,,0
2026-08-25T17:18:24.807Z,13924,35c9c808,grafana,6396,238,0,0,0,0,1,0,0,0,0,0,0,0,0,,0
2026-08-25T17:18:24.807Z,13924,35c9c808,earth,22868,133,0,0,0,0,0,0,0,0,0,0,0,0,0,,0
2026-08-25T17:19:24.826Z,13984,35c9c808,control,15692,74,0,0,0,0,0,0,0,0,0,0,0,0,0,1996,0
2026-08-25T17:19:24.826Z,13984,35c9c808,heavy,12456,103,0,0,0,0,0,0,0,0,0,0,0,0,0,,0
2026-08-25T17:19:24.826Z,13984,35c9c808,grafana,6396,238,0,0,0,0,1,0,0,0,0,0,0,0,0,,0
2026-08-25T17:19:24.826Z,13984,35c9c808,earth,22868,134,0,0,0,0,0,0,0,0,0,0,0,0,0,,0
2026-08-25T17:20:24.844Z,14044,35c9c808,control,15692,74,0,0,0,0,0,0,0,0,0,0,0,0,0,2056,0
2026-08-25T17:20:24.844Z,14044,35c9c808,heavy,12456,103,0,0,0,0,0,0,0,0,0,0,0,0,0,,0
2026-08-25T17:20:24.844Z,14044,35c9c808,grafana,6396,238,0,0,0,0,1,0,0,0,0,0,0,0,0,,0
2026-08-25T17:20:24.844Z,14044,35c9c808,earth,22868,133,0,0,0,0,0,0,0,0,0,0,0,0,0,,0
2026-08-25T17:21:24.862Z,14104,35c9c808,control,15692,74,0,0,0,0,0,0,0,0,0,0,0,0,0,2116,0
2026-08-25T17:21:24.862Z,14104,35c9c808,heavy,12456,103,0,0,0,0,0,0,0,0,0,0,0,0,0,,0
2026-08-25T17:21:24.862Z,14104,35c9c808,grafana,6396,238,0,0,0,0,1,0,0,0,0,0,0,0,0,,0
2026-08-25T17:21:24.862Z,14104,35c9c808,earth,22868,133,0,0,0,0,0,0,0,0,0,0,0,0,0,,0
2026-08-25T17:22:24.881Z,14164,35c9c808,control,15692,74,0,0,0,0,0,0,0,0,0,0,0,0,0,2176,0
2026-08-25T17:22:24.881Z,14164,35c9c808,heavy,12456,103,0,0,0,0,0,0,0,0,0,0,0,0,0,,0
2026-08-25T17:22:24.881Z,14164,35c9c808,grafana,6396,238,0,0,0,0,1,0,0,0,0,0,0,0,0,,0
2026-08-25T17:22:24.881Z,14164,35c9c808,earth,22868,134,0,0,0,0,0,0,0,0,0,0,0,0,0,,0
2026-08-25T17:23:24.898Z,14224,35c9c808,control,15692,74,0,0,0,0,0,0,0,0,0,0,0,0,0,2236,0
2026-08-25T17:23:24.898Z,14224,35c9c808,heavy,12456,103,0,0,0,0,0,0,0,0,0,0,0,0,0,,0
2026-08-25T17:23:24.898Z,14224,35c9c808,grafana,6396,238,0,0,0,0,1,0,0,0,0,0,0,0,0,,0
2026-08-25T17:23:24.898Z,14224,35c9c808,earth,22868,133,0,0,0,0,0,0,0,0,0,0,0,0,0,,0
2026-08-25T17:24:24.916Z,14284,35c9c808,control,15692,74,0,0,0,0,0,0,0,0,0,0,0,0,0,2296,0
2026-08-25T17:24:24.916Z,14284,35c9c808,heavy,12456,103,0,0,0,0,0,0,0,0,0,0,0,0,0,,0
2026-08-25T17:24:24.916Z,14284,35c9c808,grafana,6396,238,0,0,0,0,1,0,0,0,0,0,0,0,0,,0
2026-08-25T17:24:24.916Z,14284,35c9c808,earth,22868,133,0,0,0,0,0,0,0,0,0,0,0,0,0,,0
2026-08-25T17:25:24.934Z,14344,35c9c808,control,15692,74,0,0,0,0,0,0,0,0,0,0,0,0,0,2356,0
2026-08-25T17:25:24.934Z,14344,35c9c808,heavy,12456,103,0,0,0,0,0,0,0,0,0,0,0,0,0,,0
2026-08-25T17:25:24.934Z,14344,35c9c808,grafana,6396,238,0,0,0,0,1,0,0,0,0,0,0,0,0,,0
2026-08-25T17:25:24.934Z,14344,35c9c808,earth,22868,132,0,0,0,0,0,0,0,0,0,0,0,0,0,,0
2026-08-25T17:26:24.952Z,14404,35c9c808,control,15692,74,0,0,0,0,0,0,0,0,0,0,0,0,0,2416,0
2026-08-25T17:26:24.952Z,14404,35c9c808,heavy,12456,103,0,0,0,0,0,0,0,0,0,0,0,0,0,,0
2026-08-25T17:26:24.952Z,14404,35c9c808,grafana,6396,238,0,0,0,0,1,0,0,0,0,0,0,0,0,,0
2026-08-25T17:26:24.952Z,14404,35c9c808,earth,22868,133,0,0,0,0,0,0,0,0,0,0,0,0,0,,0
2026-08-25T17:27:24.970Z,14464,35c9c808,control,15692,74,0,0,0,0,0,0,0,0,0,0,0,0,0,2476,0
2026-08-25T17:27:24.970Z,14464,35c9c808,heavy,12456,103,0,0,0,0,0,0,0,0,0,0,0,0,0,,0
2026-08-25T17:27:24.970Z,14464,35c9c808,grafana,6396,238,0,0,0,0,1,0,0,0,0,0,0,0,0,,0
2026-08-25T17:27:24.970Z,14464,35c9c808,earth,22868,134,0,0,0,0,0,0,0,0,0,0,0,0,0,,0
2026-08-25T17:28:24.989Z,14524,35c9c808,control,15692,74,0,0,0,0,0,0,0,0,0,0,0,0,0,2536,0
2026-08-25T17:28:24.989Z,14524,35c9c808,heavy,12456,103,0,0,0,0,0,0,0,0,0,0,0,0,0,,0
2026-08-25T17:28:24.989Z,14524,35c9c808,grafana,6396,238,0,0,0,0,1,0,0,0,0,0,0,0,0,,0
2026-08-25T17:28:24.989Z,14524,35c9c808,earth,22868,134,0,0,0,0,0,0,0,0,0,0,0,0,0,,0
2026-08-25T17:29:25.008Z,14584,35c9c808,control,15692,74,0,0,0,0,0,0,0,0,0,0,0,0,0,2596,0
2026-08-25T17:29:25.008Z,14584,35c9c808,heavy,12456,103,0,0,0,0,0,0,0,0,0,0,0,0,0,,0
2026-08-25T17:29:25.008Z,14584,35c9c808,grafana,6396,238,0,0,0,0,1,0,0,0,0,0,0,0,0,,0
2026-08-25T17:29:25.008Z,14584,35c9c808,earth,22868,134,0,0,0,0,0,0,0,0,0,0,0,0,0,,0
2026-08-25T17:30:25.025Z,14644,35c9c808,control,15692,74,0,0,0,0,0,0,0,0,0,0,0,0,0,2656,0
2026-08-25T17:30:25.025Z,14644,35c9c808,heavy,12456,103,0,0,0,0,0,0,0,0,0,0,0,0,0,,0
2026-08-25T17:30:25.025Z,14644,35c9c808,grafana,6396,238,0,0,0,0,1,0,0,0,0,0,0,0,0,,0
2026-08-25T17:30:25.025Z,14644,35c9c808,earth,22868,134,0,0,0,0,0,0,0,0,0,0,0,0,0,,0
2026-08-25T17:31:25.042Z,14704,35c9c808,control,15692,74,0,0,0,0,0,0,0,0,0,0,0,0,0,2716,0
2026-08-25T17:31:25.042Z,14704,35c9c808,heavy,12456,103,0,0,0,0,0,0,0,0,0,0,0,0,0,,0
2026-08-25T17:31:25.042Z,14704,35c9c808,grafana,6396,238,0,0,0,0,1,0,0,0,0,0,0,0,0,,0
2026-08-25T17:31:25.042Z,14704,35c9c808,earth,22868,134,0,0,0,0,0,0,0,0,0,0,0,0,0,,0
2026-08-25T17:32:25.061Z,14764,35c9c808,control,15692,74,0,0,0,0,0,0,0,0,0,0,0,0,0,2776,0
2026-08-25T17:32:25.061Z,14764,35c9c808,heavy,12456,103,0,0,0,0,0,0,0,0,0,0,0,0,0,,0
2026-08-25T17:32:25.061Z,14764,35c9c808,grafana,6396,238,0,0,0,0,1,0,0,0,0,0,0,0,0,,0
2026-08-25T17:32:25.061Z,14764,35c9c808,earth,22868,134,0,0,0,0,0,0,0,0,0,0,0,0,0,,0
2026-08-25T17:33:25.078Z,14824,35c9c808,control,15692,74,0,0,0,0,0,0,0,0,0,0,0,0,0,2836,0
2026-08-25T17:33:25.078Z,14824,35c9c808,heavy,12456,103,0,0,0,0,0,0,0,0,0,0,0,0,0,,0
2026-08-25T17:33:25.078Z,14824,35c9c808,grafana,6396,238,0,0,0,0,1,0,0,0,0,0,0,0,0,,0
2026-08-25T17:33:25.078Z,14824,35c9c808,earth,22868,134,0,0,0,0,0,0,0,0,0,0,0,0,0,,0
2026-08-25T17:34:25.098Z,14884,35c9c808,control,15692,74,0,0,0,0,0,0,0,0,0,0,0,0,0,2896,0
2026-08-25T17:34:25.098Z,14884,35c9c808,heavy,12456,103,0,0,0,0,0,0,0,0,0,0,0,0,0,,0
2026-08-25T17:34:25.098Z,14884,35c9c808,grafana,6396,238,0,0,0,0,1,0,0,0,0,0,0,0,0,,0
2026-08-25T17:34:25.098Z,14884,35c9c808,earth,22868,134,0,0,0,0,0,0,0,0,0,0,0,0,0,,0
2026-08-25T17:35:25.115Z,14945,35c9c808,control,15692,74,0,0,0,0,0,0,0,0,0,0,0,0,0,2956,0
2026-08-25T17:35:25.115Z,14945,35c9c808,heavy,12456,103,0,0,0,0,0,0,0,0,0,0,0,0,0,,0
2026-08-25T17:35:25.115Z,14945,35c9c808,grafana,6396,238,0,0,0,0,1,0,0,0,0,0,0,0,0,,0
2026-08-25T17:35:25.115Z,14945,35c9c808,earth,22868,134,0,0,0,0,0,0,0,0,0,0,0,0,0,,0
2026-08-25T17:36:25.133Z,15005,35c9c808,control,15692,74,0,0,0,0,0,0,0,0,0,0,0,0,0,3016,0
2026-08-25T17:36:25.133Z,15005,35c9c808,heavy,12456,103,0,0,0,0,0,0,0,0,0,0,0,0,0,,0
2026-08-25T17:36:25.133Z,15005,35c9c808,grafana,6396,238,0,0,0,0,1,0,0,0,0,0,0,0,0,,0
2026-08-25T17:36:25.133Z,15005,35c9c808,earth,22868,134,0,0,0,0,0,0,0,0,0,0,0,0,0,,0
2026-08-25T17:37:25.152Z,15065,35c9c808,control,15692,74,0,0,0,0,0,0,0,0,0,0,0,0,0,3076,0
2026-08-25T17:37:25.152Z,15065,35c9c808,heavy,12456,103,0,0,0,0,0,0,0,0,0,0,0,0,0,,0
2026-08-25T17:37:25.152Z,15065,35c9c808,grafana,6396,238,0,0,0,0,1,0,0,0,0,0,0,0,0,,0
2026-08-25T17:37:25.152Z,15065,35c9c808,earth,22868,134,0,0,0,0,0,0,0,0,0,0,0,0,0,,0
2026-08-25T17:38:25.171Z,15125,35c9c808,control,15692,74,0,0,0,0,0,0,0,0,0,0,0,0,0,3136,0
2026-08-25T17:38:25.171Z,15125,35c9c808,heavy,12456,103,0,0,0,0,0,0,0,0,0,0,0,0,0,,0
2026-08-25T17:38:25.171Z,15125,35c9c808,grafana,6396,238,0,0,0,0,1,0,0,0,0,0,0,0,0,,0
2026-08-25T17:38:25.171Z,15125,35c9c808,earth,22868,134,0,0,0,0,0,0,0,0,0,0,0,0,0,,0
2026-08-25T17:39:25.187Z,15185,35c9c808,control,15692,74,0,0,0,0,0,0,0,0,0,0,0,0,0,3196,0
2026-08-25T17:39:25.187Z,15185,35c9c808,heavy,12456,103,0,0,0,0,0,0,0,0,0,0,0,0,0,,0
2026-08-25T17:39:25.187Z,15185,35c9c808,grafana,6396,238,0,0,0,0,1,0,0,0,0,0,0,0,0,,0
2026-08-25T17:39:25.187Z,15185,35c9c808,earth,22868,134,0,0,0,0,0,0,0,0,0,0,0,0,0,,0
2026-08-25T17:40:25.207Z,15245,35c9c808,control,15692,74,0,0,0,0,0,0,0,0,0,0,0,0,0,3256,0
2026-08-25T17:40:25.207Z,15245,35c9c808,heavy,12456,103,0,0,0,0,0,0,0,0,0,0,0,0,0,,0
2026-08-25T17:40:25.207Z,15245,35c9c808,grafana,6396,238,0,0,0,0,1,0,0,0,0,0,0,0,0,,0
2026-08-25T17:40:25.207Z,15245,35c9c808,earth,22868,134,0,0,0,0,0,0,0,0,0,0,0,0,0,,0
2026-08-25T17:41:25.225Z,15305,35c9c808,control,15692,74,0,0,0,0,0,0,0,0,0,0,0,0,0,3316,0
2026-08-25T17:41:25.225Z,15305,35c9c808,heavy,12456,103,0,0,0,0,0,0,0,0,0,0,0,0,0,,0
2026-08-25T17:41:25.225Z,15305,35c9c808,grafana,6396,238,0,0,0,0,1,0,0,0,0,0,0,0,0,,0
2026-08-25T17:41:25.225Z,15305,35c9c808,earth,22868,134,0,0,0,0,0,0,0,0,0,0,0,0,0,,0
2026-08-25T17:42:25.242Z,15365,35c9c808,control,15692,74,0,0,0,0,0,0,0,0,0,0,0,0,0,3376,0
2026-08-25T17:42:25.242Z,15365,35c9c808,heavy,12456,103,0,0,0,0,0,0,0,0,0,0,0,0,0,,0
2026-08-25T17:42:25.242Z,15365,35c9c808,grafana,6396,238,0,0,0,0,1,0,0,0,0,0,0,0,0,,0
2026-08-25T17:42:25.242Z,15365,35c9c808,earth,22868,134,0,0,0,0,0,0,0,0,0,0,0,0,0,,0
2026-08-25T17:43:25.261Z,15425,35c9c808,control,15692,74,0,0,0,0,0,0,0,0,0,0,0,0,0,3436,0
2026-08-25T17:43:25.261Z,15425,35c9c808,heavy,12456,103,0,0,0,0,0,0,0,0,0,0,0,0,0,,0
2026-08-25T17:43:25.261Z,15425,35c9c808,grafana,6396,238,0,0,0,0,1,0,0,0,0,0,0,0,0,,0
2026-08-25T17:43:25.261Z,15425,35c9c808,earth,22868,134,0,0,0,0,0,0,0,0,0,0,0,0,0,,0
2026-08-25T17:44:25.278Z,15485,35c9c808,control,15692,74,0,0,0,0,0,0,0,0,0,0,0,0,0,3496,0
2026-08-25T17:44:25.278Z,15485,35c9c808,heavy,12456,103,0,0,0,0,0,0,0,0,0,0,0,0,0,,0
2026-08-25T17:44:25.278Z,15485,35c9c808,grafana,6396,238,0,0,0,0,1,0,0,0,0,0,0,0,0,,0
2026-08-25T17:44:25.278Z,15485,35c9c808,earth,22868,134,0,0,0,0,0,0,0,0,0,0,0,0,0,,0
2026-08-25T17:45:25.298Z,15545,35c9c808,control,15692,74,0,0,0,0,0,0,0,0,0,0,0,0,0,3556,0
2026-08-25T17:45:25.298Z,15545,35c9c808,heavy,12456,103,0,0,0,0,0,0,0,0,0,0,0,0,0,,0
2026-08-25T17:45:25.298Z,15545,35c9c808,grafana,6396,238,0,0,0,0,1,0,0,0,0,0,0,0,0,,0
2026-08-25T17:45:25.298Z,15545,35c9c808,earth,22868,133,0,0,0,0,0,0,0,0,0,0,0,0,0,,0
2026-08-25T17:46:25.314Z,15605,35c9c808,control,15692,74,0,0,0,0,0,0,0,0,0,0,0,0,0,3616,0
2026-08-25T17:46:25.314Z,15605,35c9c808,heavy,12456,103,0,0,0,0,0,0,0,0,0,0,0,0,0,,0
2026-08-25T17:46:25.314Z,15605,35c9c808,grafana,6396,238,0,0,0,0,1,0,0,0,0,0,0,0,0,,0
2026-08-25T17:46:25.314Z,15605,35c9c808,earth,22868,134,0,0,0,0,0,0,0,0,0,0,0,0,0,,0
2026-08-25T17:47:25.332Z,15665,35c9c808,control,15692,74,0,0,0,0,0,0,0,0,0,0,0,0,0,3676,0
2026-08-25T17:47:25.332Z,15665,35c9c808,heavy,12456,103,0,0,0,0,0,0,0,0,0,0,0,0,0,,0
2026-08-25T17:47:25.332Z,15665,35c9c808,grafana,6396,238,0,0,0,0,1,0,0,0,0,0,0,0,0,,0
2026-08-25T17:47:25.332Z,15665,35c9c808,earth,22868,134,0,0,0,0,0,0,0,0,0,0,0,0,0,,0
2026-08-25T17:48:25.352Z,15725,35c9c808,control,15692,74,0,0,0,0,0,0,0,0,0,0,0,0,0,3736,0
2026-08-25T17:48:25.352Z,15725,35c9c808,heavy,12456,103,0,0,0,0,0,0,0,0,0,0,0,0,0,,0
2026-08-25T17:48:25.352Z,15725,35c9c808,grafana,6396,238,0,0,0,0,1,0,0,0,0,0,0,0,0,,0
2026-08-25T17:48:25.352Z,15725,35c9c808,earth,22868,134,0,0,0,0,0,0,0,0,0,0,0,0,0,,0
2026-08-25T17:49:25.369Z,15785,35c9c808,control,15692,74,0,0,0,0,0,0,0,0,0,0,0,0,0,3796,0
2026-08-25T17:49:25.369Z,15785,35c9c808,heavy,12456,103,0,0,0,0,0,0,0,0,0,0,0,0,0,,0
2026-08-25T17:49:25.369Z,15785,35c9c808,grafana,6396,238,0,0,0,0,1,0,0,0,0,0,0,0,0,,0
2026-08-25T17:49:25.369Z,15785,35c9c808,earth,22868,134,0,0,0,0,0,0,0,0,0,0,0,0,0,,0
2026-08-25T17:50:25.388Z,15845,35c9c808,control,15692,74,0,0,0,0,0,0,0,0,0,0,0,0,0,3856,0
2026-08-25T17:50:25.388Z,15845,35c9c808,heavy,12456,103,0,0,0,0,0,0,0,0,0,0,0,0,0,,0
2026-08-25T17:50:25.388Z,15845,35c9c808,grafana,6396,238,0,0,0,0,1,0,0,0,0,0,0,0,0,,0
2026-08-25T17:50:25.388Z,15845,35c9c808,earth,22868,134,0,0,0,0,0,0,0,0,0,0,0,0,0,,0
2026-08-25T17:51:25.407Z,15905,35c9c808,control,15692,74,0,0,0,0,0,0,0,0,0,0,0,0,0,3916,0
2026-08-25T17:51:25.407Z,15905,35c9c808,heavy,12456,103,0,0,0,0,0,0,0,0,0,0,0,0,0,,0
2026-08-25T17:51:25.407Z,15905,35c9c808,grafana,6396,238,0,0,0,0,1,0,0,0,0,0,0,0,0,,0
2026-08-25T17:51:25.407Z,15905,35c9c808,earth,22868,134,0,0,0,0,0,0,0,0,0,0,0,0,0,,0
2026-08-25T17:52:25.423Z,15965,35c9c808,control,15692,74,0,0,0,0,0,0,0,0,0,0,0,0,0,3976,0
2026-08-25T17:52:25.423Z,15965,35c9c808,heavy,12456,103,0,0,0,0,0,0,0,0,0,0,0,0,0,,0
2026-08-25T17:52:25.423Z,15965,35c9c808,grafana,6396,238,0,0,0,0,1,0,0,0,0,0,0,0,0,,0
2026-08-25T17:52:25.423Z,15965,35c9c808,earth,22868,134,0,0,0,0,0,0,0,0,0,0,0,0,0,,0
2026-08-25T17:53:25.441Z,16025,35c9c808,control,15692,74,0,0,0,0,0,0,0,0,0,0,0,0,0,4036,0
2026-08-25T17:53:25.441Z,16025,35c9c808,heavy,12456,104,0,0,0,0,0,0,0,0,0,0,0,0,0,,0
2026-08-25T17:53:25.441Z,16025,35c9c808,grafana,6396,238,0,0,0,0,1,0,0,0,0,0,0,0,0,,0
2026-08-25T17:53:25.441Z,16025,35c9c808,earth,22868,134,0,0,0,0,0,0,0,0,0,0,0,0,0,,0
2026-08-25T17:54:25.459Z,16085,35c9c808,control,15692,74,0,0,0,0,0,0,0,0,0,0,0,0,0,4096,0
2026-08-25T17:54:25.459Z,16085,35c9c808,heavy,12456,103,0,0,0,0,0,0,0,0,0,0,0,0,0,,0
2026-08-25T17:54:25.459Z,16085,35c9c808,grafana,6396,238,0,0,0,0,1,0,0,0,0,0,0,0,0,,0
2026-08-25T17:54:25.459Z,16085,35c9c808,earth,22868,134,0,0,0,0,0,0,0,0,0,0,0,0,0,,0
2026-08-25T17:55:25.475Z,16145,35c9c808,control,15692,74,0,0,0,0,0,0,0,0,0,0,0,0,0,4156,0
2026-08-25T17:55:25.475Z,16145,35c9c808,heavy,12456,103,0,0,0,0,0,0,0,0,0,0,0,0,0,,0
2026-08-25T17:55:25.475Z,16145,35c9c808,grafana,6396,238,0,0,0,0,1,0,0,0,0,0,0,0,0,,0
2026-08-25T17:55:25.475Z,16145,35c9c808,earth,22868,134,0,0,0,0,0,0,0,0,0,0,0,0,0,,0
2026-08-25T17:56:25.495Z,16205,35c9c808,control,15692,74,0,0,0,0,0,0,0,0,0,0,0,0,0,4216,0
2026-08-25T17:56:25.495Z,16205,35c9c808,heavy,12456,103,0,0,0,0,0,0,0,0,0,0,0,0,0,,0
2026-08-25T17:56:25.495Z,16205,35c9c808,grafana,6396,238,0,0,0,0,1,0,0,0,0,0,0,0,0,,0
2026-08-25T17:56:25.495Z,16205,35c9c808,earth,22868,134,0,0,0,0,0,0,0,0,0,0,0,0,0,,0
2026-08-25T17:57:25.512Z,16265,35c9c808,control,15692,74,0,0,0,0,0,0,0,0,0,0,0,0,0,4276,0
2026-08-25T17:57:25.512Z,16265,35c9c808,heavy,12456,103,0,0,0,0,0,0,0,0,0,0,0,0,0,,0
2026-08-25T17:57:25.512Z,16265,35c9c808,grafana,6396,238,0,0,0,0,1,0,0,0,0,0,0,0,0,,0
2026-08-25T17:57:25.512Z,16265,35c9c808,earth,22868,134,0,0,0,0,0,0,0,0,0,0,0,0,0,,0
2026-08-25T17:58:25.531Z,16325,35c9c808,control,15692,74,0,0,0,0,0,0,0,0,0,0,0,0,0,4336,0
2026-08-25T17:58:25.531Z,16325,35c9c808,heavy,12456,103,0,0,0,0,0,0,0,0,0,0,0,0,0,,0
2026-08-25T17:58:25.531Z,16325,35c9c808,grafana,6396,238,0,0,0,0,1,0,0,0,0,0,0,0,0,,0
2026-08-25T17:58:25.531Z,16325,35c9c808,earth,22868,134,0,0,0,0,0,0,0,0,0,0,0,0,0,,0
2026-08-25T17:59:25.549Z,16385,35c9c808,control,15692,74,0,0,0,0,0,0,0,0,0,0,0,0,0,4396,0
2026-08-25T17:59:25.549Z,16385,35c9c808,heavy,12456,103,0,0,0,0,0,0,0,0,0,0,0,0,0,,0
2026-08-25T17:59:25.549Z,16385,35c9c808,grafana,6396,238,0,0,0,0,1,0,0,0,0,0,0,0,0,,0
2026-08-25T17:59:25.549Z,16385,35c9c808,earth,22868,134,0,0,0,0,0,0,0,0,0,0,0,0,0,,0
2026-08-25T18:00:25.568Z,16445,35c9c808,control,15692,74,0,0,0,0,0,0,0,0,0,0,0,0,0,4456,0
2026-08-25T18:00:25.568Z,16445,35c9c808,heavy,12456,103,0,0,0,0,0,0,0,0,0,0,0,0,0,,0
2026-08-25T18:00:25.568Z,16445,35c9c808,grafana,6396,238,0,0,0,0,1,0,0,0,0,0,0,0,0,,0
2026-08-25T18:00:25.568Z,16445,35c9c808,earth,22868,134,0,0,0,0,0,0,0,0,0,0,0,0,0,,0
2026-08-25T18:01:25.583Z,16505,35c9c808,control,15692,74,0,0,0,0,0,0,0,0,0,0,0,0,0,4516,0
2026-08-25T18:01:25.583Z,16505,35c9c808,heavy,12456,103,0,0,0,0,0,0,0,0,0,0,0,0,0,,0
2026-08-25T18:01:25.583Z,16505,35c9c808,grafana,6396,238,0,0,0,0,1,0,0,0,0,0,0,0,0,,0
2026-08-25T18:01:25.583Z,16505,35c9c808,earth,22868,134,0,0,0,0,0,0,0,0,0,0,0,0,0,,0
2026-08-25T18:02:25.604Z,16565,35c9c808,control,15692,74,0,0,0,0,0,0,0,0,0,0,0,0,0,4576,0
2026-08-25T18:02:25.604Z,16565,35c9c808,heavy,12456,103,0,0,0,0,0,0,0,0,0,0,0,0,0,,0
2026-08-25T18:02:25.604Z,16565,35c9c808,grafana,6396,238,0,0,0,0,1,0,0,0,0,0,0,0,0,,0
2026-08-25T18:02:25.604Z,16565,35c9c808,earth,22868,134,0,0,0,0,0,0,0,0,0,0,0,0,0,,0
2026-08-25T18:03:25.620Z,16625,35c9c808,control,15692,74,0,0,0,0,0,0,0,0,0,0,0,0,0,4636,0
2026-08-25T18:03:25.620Z,16625,35c9c808,heavy,12456,103,0,0,0,0,0,0,0,0,0,0,0,0,0,,0
2026-08-25T18:03:25.620Z,16625,35c9c808,grafana,6396,239,0,0,0,0,1,0,0,0,0,0,0,0,0,,0
2026-08-25T18:03:25.620Z,16625,35c9c808,earth,22868,134,0,0,0,0,0,0,0,0,0,0,0,0,0,,0
2026-08-25T18:04:25.639Z,16685,35c9c808,control,15692,74,0,0,0,0,0,0,0,0,0,0,0,0,0,4696,0
2026-08-25T18:04:25.639Z,16685,35c9c808,heavy,12456,103,0,0,0,0,0,0,0,0,0,0,0,0,0,,0
2026-08-25T18:04:25.639Z,16685,35c9c808,grafana,6396,239,0,0,0,0,1,0,0,0,0,0,0,0,0,,0
2026-08-25T18:04:25.639Z,16685,35c9c808,earth,22868,134,0,0,0,0,0,0,0,0,0,0,0,0,0,,0
2026-08-25T18:05:25.656Z,16745,35c9c808,control,15692,74,0,0,0,0,0,0,0,0,0,0,0,0,0,4756,0
2026-08-25T18:05:25.656Z,16745,35c9c808,heavy,12456,103,0,0,0,0,0,0,0,0,0,0,0,0,0,,0
2026-08-25T18:05:25.656Z,16745,35c9c808,grafana,6396,239,0,0,0,0,1,0,0,0,0,0,0,0,0,,0
2026-08-25T18:05:25.656Z,16745,35c9c808,earth,22868,134,0,0,0,0,0,0,0,0,0,0,0,0,0,,0
2026-08-25T18:06:25.675Z,16805,35c9c808,control,15692,74,0,0,0,0,0,0,0,0,0,0,0,0,0,4816,0
2026-08-25T18:06:25.675Z,16805,35c9c808,heavy,12456,103,0,0,0,0,0,0,0,0,0,0,0,0,0,,0
2026-08-25T18:06:25.675Z,16805,35c9c808,grafana,6396,239,0,0,0,0,1,0,0,0,0,0,0,0,0,,0
2026-08-25T18:06:25.675Z,16805,35c9c808,earth,22868,134,0,0,0,0,0,0,0,0,0,0,0,0,0,,0
2026-08-25T18:07:25.692Z,16865,35c9c808,control,15692,74,0,0,0,0,0,0,0,0,0,0,0,0,0,4876,0
2026-08-25T18:07:25.692Z,16865,35c9c808,heavy,12456,103,0,0,0,0,0,0,0,0,0,0,0,0,0,,0
2026-08-25T18:07:25.692Z,16865,35c9c808,grafana,6396,240,0,0,0,0,1,0,0,0,0,0,0,0,0,,0
2026-08-25T18:07:25.692Z,16865,35c9c808,earth,22868,134,0,0,0,0,0,0,0,0,0,0,0,0,0,,0
2026-08-25T18:08:25.710Z,16925,35c9c808,control,15692,74,0,0,0,0,0,0,0,0,0,0,0,0,0,4936,0
2026-08-25T18:08:25.710Z,16925,35c9c808,heavy,12456,103,0,0,0,0,0,0,0,0,0,0,0,0,0,,0
2026-08-25T18:08:25.710Z,16925,35c9c808,grafana,6396,240,0,0,0,0,1,0,0,0,0,0,0,0,0,,0
2026-08-25T18:08:25.710Z,16925,35c9c808,earth,22868,134,0,0,0,0,0,0,0,0,0,0,0,0,0,,0
2026-08-25T18:09:25.729Z,16985,35c9c808,control,15692,74,0,0,0,0,0,0,0,0,0,0,0,0,0,4996,0
2026-08-25T18:09:25.729Z,16985,35c9c808,heavy,12456,103,0,0,0,0,0,0,0,0,0,0,0,0,0,,0
2026-08-25T18:09:25.729Z,16985,35c9c808,grafana,6396,240,0,0,0,0,1,0,0,0,0,0,0,0,0,,0
2026-08-25T18:09:25.729Z,16985,35c9c808,earth,22868,134,0,0,0,0,0,0,0,0,0,0,0,0,0,,0
2026-08-25T18:10:25.746Z,17045,35c9c808,control,15692,74,0,0,0,0,0,0,0,0,0,0,0,0,0,5056,0
2026-08-25T18:10:25.746Z,17045,35c9c808,heavy,12456,103,0,0,0,0,0,0,0,0,0,0,0,0,0,,0
2026-08-25T18:10:25.746Z,17045,35c9c808,grafana,6396,240,0,0,0,0,1,0,0,0,0,0,0,0,0,,0
2026-08-25T18:10:25.746Z,17045,35c9c808,earth,22868,134,0,0,0,0,0,0,0,0,0,0,0,0,0,,0
2026-08-25T18:11:25.766Z,17105,35c9c808,control,15692,74,0,0,0,0,0,0,0,0,0,0,0,0,0,5116,0
2026-08-25T18:11:25.766Z,17105,35c9c808,heavy,12456,103,0,0,0,0,0,0,0,0,0,0,0,0,0,,0
2026-08-25T18:11:25.766Z,17105,35c9c808,grafana,6396,239,0,0,0,0,1,0,0,0,0,0,0,0,0,,0
2026-08-25T18:11:25.766Z,17105,35c9c808,earth,22868,134,0,0,0,0,0,0,0,0,0,0,0,0,0,,0
2026-08-25T18:12:25.784Z,17165,35c9c808,control,15692,74,0,0,0,0,0,0,0,0,0,0,0,0,0,5176,0
2026-08-25T18:12:25.784Z,17165,35c9c808,heavy,12456,104,0,0,0,0,0,0,0,0,0,0,0,0,0,,0
2026-08-25T18:12:25.784Z,17165,35c9c808,grafana,6396,239,0,0,0,0,1,0,0,0,0,0,0,0,0,,0
2026-08-25T18:12:25.784Z,17165,35c9c808,earth,22868,134,0,0,0,0,0,0,0,0,0,0,0,0,0,,0
2026-08-25T18:13:25.800Z,17225,35c9c808,control,15692,74,0,0,0,0,0,0,0,0,0,0,0,0,0,5236,0
2026-08-25T18:13:25.800Z,17225,35c9c808,heavy,12456,103,0,0,0,0,0,0,0,0,0,0,0,0,0,,0
2026-08-25T18:13:25.800Z,17225,35c9c808,grafana,6396,239,0,0,0,0,1,0,0,0,0,0,0,0,0,,0
2026-08-25T18:13:25.800Z,17225,35c9c808,earth,22868,134,0,0,0,0,0,0,0,0,0,0,0,0,0,,0
2026-08-25T18:14:25.819Z,17285,35c9c808,control,15692,74,0,0,0,0,0,0,0,0,0,0,0,0,0,5297,0
2026-08-25T18:14:25.819Z,17285,35c9c808,heavy,12456,103,0,0,0,0,0,0,0,0,0,0,0,0,0,,0
2026-08-25T18:14:25.819Z,17285,35c9c808,grafana,6396,239,0,0,0,0,1,0,0,0,0,0,0,0,0,,0
2026-08-25T18:14:25.819Z,17285,35c9c808,earth,22868,134,0,0,0,0,0,0,0,0,0,0,0,0,0,,0
2026-08-25T18:15:25.836Z,17345,35c9c808,control,15692,74,0,0,0,0,0,0,0,0,0,0,0,0,0,5357,0
2026-08-25T18:15:25.836Z,17345,35c9c808,heavy,12456,103,0,0,0,0,0,0,0,0,0,0,0,0,0,,0
2026-08-25T18:15:25.836Z,17345,35c9c808,grafana,6396,239,0,0,0,0,1,0,0,0,0,0,0,0,0,,0
2026-08-25T18:15:25.836Z,17345,35c9c808,earth,22868,134,0,0,0,0,0,0,0,0,0,0,0,0,0,,0
2026-08-25T18:16:25.854Z,17405,35c9c808,control,15692,74,0,0,0,0,0,0,0,0,0,0,0,0,0,29,0
2026-08-25T18:16:25.854Z,17405,35c9c808,heavy,12456,103,0,0,0,0,0,0,0,0,0,0,0,0,0,,0
2026-08-25T18:16:25.854Z,17405,35c9c808,grafana,6396,239,0,0,0,0,1,0,0,0,0,0,0,0,0,,0
2026-08-25T18:16:25.854Z,17405,35c9c808,earth,22868,134,0,0,0,0,0,0,0,0,0,0,0,0,0,,0
2026-08-25T18:17:25.873Z,17465,35c9c808,control,15692,74,0,0,0,0,0,0,0,0,0,0,0,0,0,89,0
2026-08-25T18:17:25.873Z,17465,35c9c808,heavy,12456,103,0,0,0,0,0,0,0,0,0,0,0,0,0,,0
2026-08-25T18:17:25.873Z,17465,35c9c808,grafana,6396,239,0,0,0,0,1,0,0,0,0,0,0,0,0,,0
2026-08-25T18:17:25.873Z,17465,35c9c808,earth,22868,134,0,0,0,0,0,0,0,0,0,0,0,0,0,,0
2026-08-25T18:18:25.892Z,17525,35c9c808,control,15692,74,0,0,0,0,0,0,0,0,0,0,0,0,0,149,0
2026-08-25T18:18:25.892Z,17525,35c9c808,heavy,12456,103,0,0,0,0,0,0,0,0,0,0,0,0,0,,0
2026-08-25T18:18:25.892Z,17525,35c9c808,grafana,6396,239,0,0,0,0,1,0,0,0,0,0,0,0,0,,0
2026-08-25T18:18:25.892Z,17525,35c9c808,earth,22868,133,0,0,0,0,0,0,0,0,0,0,0,0,0,,0
2026-08-25T18:19:25.908Z,17585,35c9c808,control,15692,74,0,0,0,0,0,0,0,0,0,0,0,0,0,209,0
2026-08-25T18:19:25.908Z,17585,35c9c808,heavy,12456,103,0,0,0,0,0,0,0,0,0,0,0,0,0,,0
2026-08-25T18:19:25.908Z,17585,35c9c808,grafana,6396,239,0,0,0,0,1,0,0,0,0,0,0,0,0,,0
2026-08-25T18:19:25.908Z,17585,35c9c808,earth,22868,134,0,0,0,0,0,0,0,0,0,0,0,0,0,,0
2026-08-25T18:20:25.928Z,17645,35c9c808,control,15692,74,0,0,0,0,0,0,0,0,0,0,0,0,0,270,0
2026-08-25T18:20:25.928Z,17645,35c9c808,heavy,12456,103,0,0,0,0,0,0,0,0,0,0,0,0,0,,0
2026-08-25T18:20:25.928Z,17645,35c9c808,grafana,6396,239,0,0,0,0,1,0,0,0,0,0,0,0,0,,0
2026-08-25T18:20:25.928Z,17645,35c9c808,earth,22868,133,0,0,0,0,0,0,0,0,0,0,0,0,0,,0
2026-08-25T18:21:25.944Z,17705,35c9c808,control,15692,74,0,0,0,0,0,0,0,0,0,0,0,0,0,330,0
2026-08-25T18:21:25.944Z,17705,35c9c808,heavy,12456,103,0,0,0,0,0,0,0,0,0,0,0,0,0,,0
2026-08-25T18:21:25.944Z,17705,35c9c808,grafana,6396,239,0,0,0,0,1,0,0,0,0,0,0,0,0,,0
2026-08-25T18:21:25.944Z,17705,35c9c808,earth,22868,133,0,0,0,0,0,0,0,0,0,0,0,0,0,,0
2026-08-25T18:22:25.962Z,17765,35c9c808,control,15692,74,0,0,0,0,0,0,0,0,0,0,0,0,0,390,0
2026-08-25T18:22:25.962Z,17765,35c9c808,heavy,12456,103,0,0,0,0,0,0,0,0,0,0,0,0,0,,0
2026-08-25T18:22:25.962Z,17765,35c9c808,grafana,6396,239,0,0,0,0,1,0,0,0,0,0,0,0,0,,0
2026-08-25T18:22:25.962Z,17765,35c9c808,earth,22868,134,0,0,0,0,0,0,0,0,0,0,0,0,0,,0
2026-08-25T18:23:25.981Z,17825,35c9c808,control,15692,74,0,0,0,0,0,0,0,0,0,0,0,0,0,450,0
2026-08-25T18:23:25.981Z,17825,35c9c808,heavy,12456,103,0,0,0,0,0,0,0,0,0,0,0,0,0,,0
2026-08-25T18:23:25.981Z,17825,35c9c808,grafana,6396,239,0,0,0,0,1,0,0,0,0,0,0,0,0,,0
2026-08-25T18:23:25.981Z,17825,35c9c808,earth,22868,133,0,0,0,0,0,0,0,0,0,0,0,0,0,,0
2026-08-25T18:24:26.000Z,17885,35c9c808,control,15692,74,0,0,0,0,0,0,0,0,0,0,0,0,0,510,0
2026-08-25T18:24:26.000Z,17885,35c9c808,heavy,12456,103,0,0,0,0,0,0,0,0,0,0,0,0,0,,0
2026-08-25T18:24:26.000Z,17885,35c9c808,grafana,6396,239,0,0,0,0,1,0,0,0,0,0,0,0,0,,0
2026-08-25T18:24:26.000Z,17885,35c9c808,earth,22868,133,0,0,0,0,0,0,0,0,0,0,0,0,0,,0
2026-08-25T18:25:26.016Z,17945,35c9c808,control,15692,74,0,0,0,0,0,0,0,0,0,0,0,0,0,570,0
2026-08-25T18:25:26.016Z,17945,35c9c808,heavy,12456,103,0,0,0,0,0,0,0,0,0,0,0,0,0,,0
2026-08-25T18:25:26.016Z,17945,35c9c808,grafana,6396,240,0,0,0,0,1,0,0,0,0,0,0,0,0,,0
2026-08-25T18:25:26.016Z,17945,35c9c808,earth,22868,133,0,0,0,0,0,0,0,0,0,0,0,0,0,,0
2026-08-25T18:26:26.034Z,18005,35c9c808,control,15692,74,0,0,0,0,0,0,0,0,0,0,0,0,0,630,0
2026-08-25T18:26:26.034Z,18005,35c9c808,heavy,12456,103,0,0,0,0,0,0,0,0,0,0,0,0,0,,0
2026-08-25T18:26:26.034Z,18005,35c9c808,grafana,6396,240,0,0,0,0,1,0,0,0,0,0,0,0,0,,0
2026-08-25T18:26:26.034Z,18005,35c9c808,earth,22868,133,0,0,0,0,0,0,0,0,0,0,0,0,0,,0
2026-08-25T18:27:26.053Z,18065,35c9c808,control,15692,74,0,0,0,0,0,0,0,0,0,0,0,0,0,690,0
2026-08-25T18:27:26.053Z,18065,35c9c808,heavy,12456,103,0,0,0,0,0,0,0,0,0,0,0,0,0,,0
2026-08-25T18:27:26.053Z,18065,35c9c808,grafana,6396,240,0,0,0,0,1,0,0,0,0,0,0,0,0,,0
2026-08-25T18:27:26.053Z,18065,35c9c808,earth,22868,134,0,0,0,0,0,0,0,0,0,0,0,0,0,,0
2026-08-25T18:28:26.071Z,18125,35c9c808,control,15692,74,0,0,0,0,0,0,0,0,0,0,0,0,0,750,0
2026-08-25T18:28:26.071Z,18125,35c9c808,heavy,12456,103,0,0,0,0,0,0,0,0,0,0,0,0,0,,0
2026-08-25T18:28:26.071Z,18125,35c9c808,grafana,6396,240,0,0,0,0,1,0,0,0,0,0,0,0,0,,0
2026-08-25T18:28:26.071Z,18125,35c9c808,earth,22868,133,0,0,0,0,0,0,0,0,0,0,0,0,0,,0
2026-08-25T18:29:26.089Z,18185,35c9c808,control,15692,74,0,0,0,0,0,0,0,0,0,0,0,0,0,810,0
2026-08-25T18:29:26.089Z,18185,35c9c808,heavy,12456,103,0,0,0,0,0,0,0,0,0,0,0,0,0,,0
2026-08-25T18:29:26.089Z,18185,35c9c808,grafana,6396,240,0,0,0,0,1,0,0,0,0,0,0,0,0,,0
2026-08-25T18:29:26.089Z,18185,35c9c808,earth,22868,133,0,0,0,0,0,0,0,0,0,0,0,0,0,,0
2026-08-25T18:30:26.106Z,18246,35c9c808,control,15692,74,0,0,0,0,0,0,0,0,0,0,0,0,0,870,0
2026-08-25T18:30:26.106Z,18246,35c9c808,heavy,12456,103,0,0,0,0,0,0,0,0,0,0,0,0,0,,0
2026-08-25T18:30:26.106Z,18246,35c9c808,grafana,6396,239,0,0,0,0,1,0,0,0,0,0,0,0,0,,0
2026-08-25T18:30:26.106Z,18246,35c9c808,earth,22868,134,0,0,0,0,0,0,0,0,0,0,0,0,0,,0
2026-08-25T18:31:26.126Z,18306,35c9c808,control,15692,74,0,0,0,0,0,0,0,0,0,0,0,0,0,930,0
2026-08-25T18:31:26.126Z,18306,35c9c808,heavy,12456,103,0,0,0,0,0,0,0,0,0,0,0,0,0,,0
2026-08-25T18:31:26.126Z,18306,35c9c808,grafana,6396,240,0,0,0,0,1,0,0,0,0,0,0,0,0,,0
2026-08-25T18:31:26.126Z,18306,35c9c808,earth,22868,133,0,0,0,0,0,0,0,0,0,0,0,0,0,,0
2026-08-25T18:32:26.141Z,18366,35c9c808,control,15692,74,0,0,0,0,0,0,0,0,0,0,0,0,0,990,0
2026-08-25T18:32:26.141Z,18366,35c9c808,heavy,12456,103,0,0,0,0,0,0,0,0,0,0,0,0,0,,0
2026-08-25T18:32:26.141Z,18366,35c9c808,grafana,6396,240,0,0,0,0,1,0,0,0,0,0,0,0,0,,0
2026-08-25T18:32:26.141Z,18366,35c9c808,earth,22868,133,0,0,0,0,0,0,0,0,0,0,0,0,0,,0
2026-08-25T18:33:26.161Z,18426,35c9c808,control,15692,74,0,0,0,0,0,0,0,0,0,0,0,0,0,1050,0
2026-08-25T18:33:26.161Z,18426,35c9c808,heavy,12456,103,0,0,0,0,0,0,0,0,0,0,0,0,0,,0
2026-08-25T18:33:26.161Z,18426,35c9c808,grafana,6396,239,0,0,0,0,1,0,0,0,0,0,0,0,0,,0
2026-08-25T18:33:26.161Z,18426,35c9c808,earth,22868,134,0,0,0,0,0,0,0,0,0,0,0,0,0,,0
2026-08-25T18:34:26.179Z,18486,35c9c808,control,15692,74,0,0,0,0,0,0,0,0,0,0,0,0,0,1110,0
2026-08-25T18:34:26.179Z,18486,35c9c808,heavy,12456,103,0,0,0,0,0,0,0,0,0,0,0,0,0,,0
2026-08-25T18:34:26.179Z,18486,35c9c808,grafana,6396,239,0,0,0,0,1,0,0,0,0,0,0,0,0,,0
2026-08-25T18:34:26.179Z,18486,35c9c808,earth,22868,133,0,0,0,0,0,0,0,0,0,0,0,0,0,,0
2026-08-25T18:35:26.196Z,18546,35c9c808,control,15692,74,0,0,0,0,0,0,0,0,0,0,0,0,0,1170,0
2026-08-25T18:35:26.196Z,18546,35c9c808,heavy,12456,103,0,0,0,0,0,0,0,0,0,0,0,0,0,,0
2026-08-25T18:35:26.196Z,18546,35c9c808,grafana,6396,240,0,0,0,0,1,0,0,0,0,0,0,0,0,,0
2026-08-25T18:35:26.196Z,18546,35c9c808,earth,22868,133,0,0,0,0,0,0,0,0,0,0,0,0,0,,0
2026-08-25T18:36:26.216Z,18606,35c9c808,control,15692,74,0,0,0,0,0,0,0,0,0,0,0,0,0,1230,0
2026-08-25T18:36:26.216Z,18606,35c9c808,heavy,12456,103,0,0,0,0,0,0,0,0,0,0,0,0,0,,0
2026-08-25T18:36:26.216Z,18606,35c9c808,grafana,6396,240,0,0,0,0,1,0,0,0,0,0,0,0,0,,0
2026-08-25T18:36:26.216Z,18606,35c9c808,earth,22868,134,0,0,0,0,0,0,0,0,0,0,0,0,0,,0
2026-08-25T18:37:26.233Z,18666,35c9c808,control,15692,74,0,0,0,0,0,0,0,0,0,0,0,0,0,1290,0
2026-08-25T18:37:26.233Z,18666,35c9c808,heavy,12456,103,0,0,0,0,0,0,0,0,0,0,0,0,0,,0
2026-08-25T18:37:26.233Z,18666,35c9c808,grafana,6396,239,0,0,0,0,1,0,0,0,0,0,0,0,0,,0
2026-08-25T18:37:26.233Z,18666,35c9c808,earth,22868,133,0,0,0,0,0,0,0,0,0,0,0,0,0,,0
2026-08-25T18:38:26.251Z,18726,35c9c808,control,15692,74,0,0,0,0,0,0,0,0,0,0,0,0,0,1350,0
2026-08-25T18:38:26.251Z,18726,35c9c808,heavy,12456,103,0,0,0,0,0,0,0,0,0,0,0,0,0,,0
2026-08-25T18:38:26.251Z,18726,35c9c808,grafana,6396,240,0,0,0,0,1,0,0,0,0,0,0,0,0,,0
2026-08-25T18:38:26.251Z,18726,35c9c808,earth,22868,133,0,0,0,0,0,0,0,0,0,0,0,0,0,,0
2026-08-25T18:39:26.270Z,18786,35c9c808,control,15692,74,0,0,0,0,0,0,0,0,0,0,0,0,0,1410,0
2026-08-25T18:39:26.270Z,18786,35c9c808,heavy,12456,103,0,0,0,0,0,0,0,0,0,0,0,0,0,,0
2026-08-25T18:39:26.270Z,18786,35c9c808,grafana,6396,240,0,0,0,0,1,0,0,0,0,0,0,0,0,,0
2026-08-25T18:39:26.270Z,18786,35c9c808,earth,22868,134,0,0,0,0,0,0,0,0,0,0,0,0,0,,0
2026-08-25T18:40:26.287Z,18846,35c9c808,control,15692,74,0,0,0,0,0,0,0,0,0,0,0,0,0,1470,0
2026-08-25T18:40:26.287Z,18846,35c9c808,heavy,12456,103,0,0,0,0,0,0,0,0,0,0,0,0,0,,0
2026-08-25T18:40:26.287Z,18846,35c9c808,grafana,6396,240,0,0,0,0,1,0,0,0,0,0,0,0,0,,0
2026-08-25T18:40:26.287Z,18846,35c9c808,earth,22868,133,0,0,0,0,0,0,0,0,0,0,0,0,0,,0
2026-08-25T18:41:26.305Z,18906,35c9c808,control,15692,74,0,0,0,0,0,0,0,0,0,0,0,0,0,1530,0
2026-08-25T18:41:26.305Z,18906,35c9c808,heavy,12456,103,0,0,0,0,0,0,0,0,0,0,0,0,0,,0
2026-08-25T18:41:26.305Z,18906,35c9c808,grafana,6396,240,0,0,0,0,1,0,0,0,0,0,0,0,0,,0
2026-08-25T18:41:26.305Z,18906,35c9c808,earth,22868,133,0,0,0,0,0,0,0,0,0,0,0,0,0,,0
2026-08-25T18:42:26.323Z,18966,35c9c808,control,15692,74,0,0,0,0,0,0,0,0,0,0,0,0,0,1590,0
2026-08-25T18:42:26.323Z,18966,35c9c808,heavy,12456,103,0,0,0,0,0,0,0,0,0,0,0,0,0,,0
2026-08-25T18:42:26.323Z,18966,35c9c808,grafana,6396,240,0,0,0,0,1,0,0,0,0,0,0,0,0,,0
2026-08-25T18:42:26.323Z,18966,35c9c808,earth,22868,134,0,0,0,0,0,0,0,0,0,0,0,0,0,,0
2026-08-25T18:43:26.341Z,19026,35c9c808,control,15692,74,0,0,0,0,0,0,0,0,0,0,0,0,0,1650,0
2026-08-25T18:43:26.341Z,19026,35c9c808,heavy,12456,103,0,0,0,0,0,0,0,0,0,0,0,0,0,,0
2026-08-25T18:43:26.341Z,19026,35c9c808,grafana,6396,240,0,0,0,0,1,0,0,0,0,0,0,0,0,,0
2026-08-25T18:43:26.341Z,19026,35c9c808,earth,22868,133,0,0,0,0,0,0,0,0,0,0,0,0,0,,0
2026-08-25T18:44:26.359Z,19086,35c9c808,control,15692,74,0,0,0,0,0,0,0,0,0,0,0,0,0,1710,0
2026-08-25T18:44:26.359Z,19086,35c9c808,heavy,12456,103,0,0,0,0,0,0,0,0,0,0,0,0,0,,0
2026-08-25T18:44:26.359Z,19086,35c9c808,grafana,6396,239,0,0,0,0,1,0,0,0,0,0,0,0,0,,0
2026-08-25T18:44:26.359Z,19086,35c9c808,earth,22868,133,0,0,0,0,0,0,0,0,0,0,0,0,0,,0
2026-08-25T18:45:26.376Z,19146,35c9c808,control,15692,74,0,0,0,0,0,0,0,0,0,0,0,0,0,1770,0
2026-08-25T18:45:26.376Z,19146,35c9c808,heavy,12456,103,0,0,0,0,0,0,0,0,0,0,0,0,0,,0
2026-08-25T18:45:26.376Z,19146,35c9c808,grafana,6396,240,0,0,0,0,1,0,0,0,0,0,0,0,0,,0
2026-08-25T18:45:26.376Z,19146,35c9c808,earth,22868,134,0,0,0,0,0,0,0,0,0,0,0,0,0,,0
2026-08-25T18:46:26.395Z,19206,35c9c808,control,15692,74,0,0,0,0,0,0,0,0,0,0,0,0,0,1830,0
2026-08-25T18:46:26.395Z,19206,35c9c808,heavy,12456,103,0,0,0,0,0,0,0,0,0,0,0,0,0,,0
2026-08-25T18:46:26.395Z,19206,35c9c808,grafana,6396,240,0,0,0,0,1,0,0,0,0,0,0,0,0,,0
2026-08-25T18:46:26.395Z,19206,35c9c808,earth,22868,133,0,0,0,0,0,0,0,0,0,0,0,0,0,,0
2026-08-25T18:47:26.414Z,19266,35c9c808,control,15692,74,0,0,0,0,0,0,0,0,0,0,0,0,0,1890,0
2026-08-25T18:47:26.414Z,19266,35c9c808,heavy,12456,103,0,0,0,0,0,0,0,0,0,0,0,0,0,,0
2026-08-25T18:47:26.414Z,19266,35c9c808,grafana,6396,240,0,0,0,0,1,0,0,0,0,0,0,0,0,,0
2026-08-25T18:47:26.414Z,19266,35c9c808,earth,22868,133,0,0,0,0,0,0,0,0,0,0,0,0,0,,0
2026-08-25T18:48:26.430Z,19326,35c9c808,control,15692,74,0,0,0,0,0,0,0,0,0,0,0,0,0,1950,0
2026-08-25T18:48:26.430Z,19326,35c9c808,heavy,12456,103,0,0,0,0,0,0,0,0,0,0,0,0,0,,0
2026-08-25T18:48:26.430Z,19326,35c9c808,grafana,6396,240,0,0,0,0,1,0,0,0,0,0,0,0,0,,0
2026-08-25T18:48:26.430Z,19326,35c9c808,earth,22868,134,0,0,0,0,0,0,0,0,0,0,0,0,0,,0
2026-08-25T18:49:26.450Z,19386,35c9c808,control,15692,74,0,0,0,0,0,0,0,0,0,0,0,0,0,2010,0
2026-08-25T18:49:26.450Z,19386,35c9c808,heavy,12456,103,0,0,0,0,0,0,0,0,0,0,0,0,0,,0
2026-08-25T18:49:26.450Z,19386,35c9c808,grafana,6396,240,0,0,0,0,1,0,0,0,0,0,0,0,0,,0
2026-08-25T18:49:26.450Z,19386,35c9c808,earth,22868,134,0,0,0,0,0,0,0,0,0,0,0,0,0,,0
2026-08-25T18:50:26.467Z,19446,35c9c808,control,15692,74,0,0,0,0,0,0,0,0,0,0,0,0,0,2070,0
2026-08-25T18:50:26.467Z,19446,35c9c808,heavy,12456,103,0,0,0,0,0,0,0,0,0,0,0,0,0,,0
2026-08-25T18:50:26.467Z,19446,35c9c808,grafana,6396,240,0,0,0,0,1,0,0,0,0,0,0,0,0,,0
2026-08-25T18:50:26.467Z,19446,35c9c808,earth,22868,133,0,0,0,0,0,0,0,0,0,0,0,0,0,,0
2026-08-25T18:51:26.484Z,19506,35c9c808,control,15692,74,0,0,0,0,0,0,0,0,0,0,0,0,0,2130,0
2026-08-25T18:51:26.484Z,19506,35c9c808,heavy,12456,103,0,0,0,0,0,0,0,0,0,0,0,0,0,,0
2026-08-25T18:51:26.484Z,19506,35c9c808,grafana,6396,239,0,0,0,0,1,0,0,0,0,0,0,0,0,,0
2026-08-25T18:51:26.484Z,19506,35c9c808,earth,22868,134,0,0,0,0,0,0,0,0,0,0,0,0,0,,0
2026-08-25T18:52:26.501Z,19566,35c9c808,control,15692,74,0,0,0,0,0,0,0,0,0,0,0,0,0,2190,0
2026-08-25T18:52:26.501Z,19566,35c9c808,heavy,12456,103,0,0,0,0,0,0,0,0,0,0,0,0,0,,0
2026-08-25T18:52:26.501Z,19566,35c9c808,grafana,6396,240,0,0,0,0,1,0,0,0,0,0,0,0,0,,0
2026-08-25T18:52:26.501Z,19566,35c9c808,earth,22868,134,0,0,0,0,0,0,0,0,0,0,0,0,0,,0
2026-08-25T18:53:26.521Z,19626,35c9c808,control,15692,74,0,0,0,0,0,0,0,0,0,0,0,0,0,2250,0
2026-08-25T18:53:26.521Z,19626,35c9c808,heavy,12456,103,0,0,0,0,0,0,0,0,0,0,0,0,0,,0
2026-08-25T18:53:26.521Z,19626,35c9c808,grafana,6396,240,0,0,0,0,1,0,0,0,0,0,0,0,0,,0
2026-08-25T18:53:26.521Z,19626,35c9c808,earth,22868,133,0,0,0,0,0,0,0,0,0,0,0,0,0,,0
2026-08-25T18:54:26.539Z,19686,35c9c808,control,15692,74,0,0,0,0,0,0,0,0,0,0,0,0,0,2310,0
2026-08-25T18:54:26.539Z,19686,35c9c808,heavy,12456,103,0,0,0,0,0,0,0,0,0,0,0,0,0,,0
2026-08-25T18:54:26.539Z,19686,35c9c808,grafana,6396,240,0,0,0,0,1,0,0,0,0,0,0,0,0,,0
2026-08-25T18:54:26.539Z,19686,35c9c808,earth,22868,134,0,0,0,0,0,0,0,0,0,0,0,0,0,,0
2026-08-25T18:55:26.557Z,19746,35c9c808,control,15692,74,0,0,0,0,0,0,0,0,0,0,0,0,0,2370,0
2026-08-25T18:55:26.557Z,19746,35c9c808,heavy,12456,103,0,0,0,0,0,0,0,0,0,0,0,0,0,,0
2026-08-25T18:55:26.557Z,19746,35c9c808,grafana,6396,240,0,0,0,0,1,0,0,0,0,0,0,0,0,,0
2026-08-25T18:55:26.557Z,19746,35c9c808,earth,22868,132,0,0,0,0,0,0,0,0,0,0,0,0,0,,0
2026-08-25T18:56:26.575Z,19806,35c9c808,control,15692,74,0,0,0,0,0,0,0,0,0,0,0,0,0,2430,0
2026-08-25T18:56:26.575Z,19806,35c9c808,heavy,12456,103,0,0,0,0,0,0,0,0,0,0,0,0,0,,0
2026-08-25T18:56:26.575Z,19806,35c9c808,grafana,6396,240,0,0,0,0,1,0,0,0,0,0,0,0,0,,0
2026-08-25T18:56:26.575Z,19806,35c9c808,earth,22868,133,0,0,0,0,0,0,0,0,0,0,0,0,0,,0
2026-08-25T18:57:26.592Z,19866,35c9c808,control,15692,74,0,0,0,0,0,0,0,0,0,0,0,0,0,2490,0
2026-08-25T18:57:26.592Z,19866,35c9c808,heavy,12456,103,0,0,0,0,0,0,0,0,0,0,0,0,0,,0
2026-08-25T18:57:26.592Z,19866,35c9c808,grafana,6396,240,0,0,0,0,1,0,0,0,0,0,0,0,0,,0
2026-08-25T18:57:26.592Z,19866,35c9c808,earth,22868,134,0,0,0,0,0,0,0,0,0,0,0,0,0,,0
2026-08-25T18:58:26.611Z,19926,35c9c808,control,15692,74,0,0,0,0,0,0,0,0,0,0,0,0,0,2550,0
2026-08-25T18:58:26.611Z,19926,35c9c808,heavy,12456,103,0,0,0,0,0,0,0,0,0,0,0,0,0,,0
2026-08-25T18:58:26.611Z,19926,35c9c808,grafana,6396,239,0,0,0,0,1,0,0,0,0,0,0,0,0,,0
2026-08-25T18:58:26.611Z,19926,35c9c808,earth,22868,134,0,0,0,0,0,0,0,0,0,0,0,0,0,,0
2026-08-25T18:59:26.629Z,19986,35c9c808,control,15692,74,0,0,0,0,0,0,0,0,0,0,0,0,0,2610,0
2026-08-25T18:59:26.629Z,19986,35c9c808,heavy,12456,103,0,0,0,0,0,0,0,0,0,0,0,0,0,,0
2026-08-25T18:59:26.629Z,19986,35c9c808,grafana,6396,240,0,0,0,0,1,0,0,0,0,0,0,0,0,,0
2026-08-25T18:59:26.629Z,19986,35c9c808,earth,22868,133,0,0,0,0,0,0,0,0,0,0,0,0,0,,0
2026-08-25T19:00:26.646Z,20046,35c9c808,control,15692,74,0,0,0,0,0,0,0,0,0,0,0,0,0,2670,0
2026-08-25T19:00:26.646Z,20046,35c9c808,heavy,12456,103,0,0,0,0,0,0,0,0,0,0,0,0,0,,0
2026-08-25T19:00:26.646Z,20046,35c9c808,grafana,6396,240,0,0,0,0,1,0,0,0,0,0,0,0,0,,0
2026-08-25T19:00:26.646Z,20046,35c9c808,earth,22868,134,0,0,0,0,0,0,0,0,0,0,0,0,0,,0
2026-08-25T19:01:26.664Z,20106,35c9c808,control,15692,74,0,0,0,0,0,0,0,0,0,0,0,0,0,2730,0
2026-08-25T19:01:26.664Z,20106,35c9c808,heavy,12456,103,0,0,0,0,0,0,0,0,0,0,0,0,0,,0
2026-08-25T19:01:26.664Z,20106,35c9c808,grafana,6396,240,0,0,0,0,1,0,0,0,0,0,0,0,0,,0
2026-08-25T19:01:26.664Z,20106,35c9c808,earth,22868,134,0,0,0,0,0,0,0,0,0,0,0,0,0,,0
2026-08-25T19:02:26.682Z,20166,35c9c808,control,15692,74,0,0,0,0,0,0,0,0,0,0,0,0,0,2790,0
2026-08-25T19:02:26.682Z,20166,35c9c808,heavy,12456,103,0,0,0,0,0,0,0,0,0,0,0,0,0,,0
2026-08-25T19:02:26.682Z,20166,35c9c808,grafana,6396,240,0,0,0,0,1,0,0,0,0,0,0,0,0,,0
2026-08-25T19:02:26.682Z,20166,35c9c808,earth,22868,133,0,0,0,0,0,0,0,0,0,0,0,0,0,,0
2026-08-25T19:03:26.701Z,20226,35c9c808,control,15692,74,0,0,0,0,0,0,0,0,0,0,0,0,0,2850,0
2026-08-25T19:03:26.701Z,20226,35c9c808,heavy,12456,103,0,0,0,0,0,0,0,0,0,0,0,0,0,,0
2026-08-25T19:03:26.701Z,20226,35c9c808,grafana,6396,240,0,0,0,0,1,0,0,0,0,0,0,0,0,,0
2026-08-25T19:03:26.701Z,20226,35c9c808,earth,22868,134,0,0,0,0,0,0,0,0,0,0,0,0,0,,0
2026-08-25T19:04:26.717Z,20286,35c9c808,control,15692,74,0,0,0,0,0,0,0,0,0,0,0,0,0,2910,0
2026-08-25T19:04:26.717Z,20286,35c9c808,heavy,12456,103,0,0,0,0,0,0,0,0,0,0,0,0,0,,0
2026-08-25T19:04:26.717Z,20286,35c9c808,grafana,6396,240,0,0,0,0,1,0,0,0,0,0,0,0,0,,0
2026-08-25T19:04:26.717Z,20286,35c9c808,earth,22868,134,0,0,0,0,0,0,0,0,0,0,0,0,0,,0
2026-08-25T19:05:26.736Z,20346,35c9c808,control,15692,74,0,0,0,0,0,0,0,0,0,0,0,0,0,2970,0
2026-08-25T19:05:26.736Z,20346,35c9c808,heavy,12456,103,0,0,0,0,0,0,0,0,0,0,0,0,0,,0
2026-08-25T19:05:26.736Z,20346,35c9c808,grafana,6396,239,0,0,0,0,1,0,0,0,0,0,0,0,0,,0
2026-08-25T19:05:26.736Z,20346,35c9c808,earth,22868,134,0,0,0,0,0,0,0,0,0,0,0,0,0,,0
2026-08-25T19:06:26.756Z,20406,35c9c808,control,15692,74,0,0,0,0,0,0,0,0,0,0,0,0,0,3030,0
2026-08-25T19:06:26.756Z,20406,35c9c808,heavy,12456,103,0,0,0,0,0,0,0,0,0,0,0,0,0,,0
2026-08-25T19:06:26.756Z,20406,35c9c808,grafana,6396,240,0,0,0,0,1,0,0,0,0,0,0,0,0,,0
2026-08-25T19:06:26.756Z,20406,35c9c808,earth,22868,134,0,0,0,0,0,0,0,0,0,0,0,0,0,,0
2026-08-25T19:07:26.772Z,20466,35c9c808,control,15692,74,0,0,0,0,0,0,0,0,0,0,0,0,0,3090,0
2026-08-25T19:07:26.772Z,20466,35c9c808,heavy,12456,103,0,0,0,0,0,0,0,0,0,0,0,0,0,,0
2026-08-25T19:07:26.772Z,20466,35c9c808,grafana,6396,240,0,0,0,0,1,0,0,0,0,0,0,0,0,,0
2026-08-25T19:07:26.772Z,20466,35c9c808,earth,22868,134,0,0,0,0,0,0,0,0,0,0,0,0,0,,0
2026-08-25T19:08:26.789Z,20526,35c9c808,control,15692,74,0,0,0,0,0,0,0,0,0,0,0,0,0,3150,0
2026-08-25T19:08:26.789Z,20526,35c9c808,heavy,12456,103,0,0,0,0,0,0,0,0,0,0,0,0,0,,0
2026-08-25T19:08:26.789Z,20526,35c9c808,grafana,6396,240,0,0,0,0,1,0,0,0,0,0,0,0,0,,0
2026-08-25T19:08:26.789Z,20526,35c9c808,earth,22868,134,0,0,0,0,0,0,0,0,0,0,0,0,0,,0
2026-08-25T19:09:26.808Z,20586,35c9c808,control,15692,74,0,0,0,0,0,0,0,0,0,0,0,0,0,3210,0
2026-08-25T19:09:26.808Z,20586,35c9c808,heavy,12456,103,0,0,0,0,0,0,0,0,0,0,0,0,0,,0
2026-08-25T19:09:26.808Z,20586,35c9c808,grafana,6396,240,0,0,0,0,1,0,0,0,0,0,0,0,0,,0
2026-08-25T19:09:26.808Z,20586,35c9c808,earth,22868,134,0,0,0,0,0,0,0,0,0,0,0,0,0,,0
2026-08-25T19:10:26.826Z,20646,35c9c808,control,15692,74,0,0,0,0,0,0,0,0,0,0,0,0,0,3270,0
2026-08-25T19:10:26.826Z,20646,35c9c808,heavy,12456,103,0,0,0,0,0,0,0,0,0,0,0,0,0,,0
2026-08-25T19:10:26.826Z,20646,35c9c808,grafana,6396,240,0,0,0,0,1,0,0,0,0,0,0,0,0,,0
2026-08-25T19:10:26.826Z,20646,35c9c808,earth,22868,134,0,0,0,0,0,0,0,0,0,0,0,0,0,,0
2026-08-25T19:11:26.843Z,20706,35c9c808,control,15692,74,0,0,0,0,0,0,0,0,0,0,0,0,0,3330,0
2026-08-25T19:11:26.843Z,20706,35c9c808,heavy,12456,103,0,0,0,0,0,0,0,0,0,0,0,0,0,,0
2026-08-25T19:11:26.843Z,20706,35c9c808,grafana,6396,240,0,0,0,0,1,0,0,0,0,0,0,0,0,,0
2026-08-25T19:11:26.843Z,20706,35c9c808,earth,22868,134,0,0,0,0,0,0,0,0,0,0,0,0,0,,0
2026-08-25T19:12:26.862Z,20766,35c9c808,control,15692,74,0,0,0,0,0,0,0,0,0,0,0,0,0,3390,0
2026-08-25T19:12:26.862Z,20766,35c9c808,heavy,12456,103,0,0,0,0,0,0,0,0,0,0,0,0,0,,0
2026-08-25T19:12:26.862Z,20766,35c9c808,grafana,6396,239,0,0,0,0,1,0,0,0,0,0,0,0,0,,0
2026-08-25T19:12:26.862Z,20766,35c9c808,earth,22868,133,0,0,0,0,0,0,0,0,0,0,0,0,0,,0
2026-08-25T19:13:26.879Z,20826,35c9c808,control,15692,74,0,0,0,0,0,0,0,0,0,0,0,0,0,3450,0
2026-08-25T19:13:26.879Z,20826,35c9c808,heavy,12456,103,0,0,0,0,0,0,0,0,0,0,0,0,0,,0
2026-08-25T19:13:26.879Z,20826,35c9c808,grafana,6396,240,0,0,0,0,1,0,0,0,0,0,0,0,0,,0
2026-08-25T19:13:26.879Z,20826,35c9c808,earth,22868,134,0,0,0,0,0,0,0,0,0,0,0,0,0,,0
2026-08-25T19:14:26.898Z,20886,35c9c808,control,15692,74,0,0,0,0,0,0,0,0,0,0,0,0,0,3510,0
2026-08-25T19:14:26.898Z,20886,35c9c808,heavy,12456,103,0,0,0,0,0,0,0,0,0,0,0,0,0,,0
2026-08-25T19:14:26.898Z,20886,35c9c808,grafana,6396,240,0,0,0,0,1,0,0,0,0,0,0,0,0,,0
2026-08-25T19:14:26.898Z,20886,35c9c808,earth,22868,134,0,0,0,0,0,0,0,0,0,0,0,0,0,,0
2026-08-25T19:15:26.915Z,20946,35c9c808,control,15692,74,0,0,0,0,0,0,0,0,0,0,0,0,0,3570,0
2026-08-25T19:15:26.915Z,20946,35c9c808,heavy,12456,103,0,0,0,0,0,0,0,0,0,0,0,0,0,,0
2026-08-25T19:15:26.915Z,20946,35c9c808,grafana,6396,240,0,0,0,0,1,0,0,0,0,0,0,0,0,,0
2026-08-25T19:15:26.915Z,20946,35c9c808,earth,22868,133,0,0,0,0,0,0,0,0,0,0,0,0,0,,0
2026-08-25T19:16:26.933Z,21006,35c9c808,control,15692,74,0,0,0,0,0,0,0,0,0,0,0,0,0,3631,0
2026-08-25T19:16:26.933Z,21006,35c9c808,heavy,12456,103,0,0,0,0,0,0,0,0,0,0,0,0,0,,0
2026-08-25T19:16:26.933Z,21006,35c9c808,grafana,6396,240,0,0,0,0,1,0,0,0,0,0,0,0,0,,0
2026-08-25T19:16:26.933Z,21006,35c9c808,earth,22868,134,0,0,0,0,0,0,0,0,0,0,0,0,0,,0
2026-08-25T19:17:26.951Z,21066,35c9c808,control,15692,74,0,0,0,0,0,0,0,0,0,0,0,0,0,3691,0
2026-08-25T19:17:26.951Z,21066,35c9c808,heavy,12456,103,0,0,0,0,0,0,0,0,0,0,0,0,0,,0
2026-08-25T19:17:26.951Z,21066,35c9c808,grafana,6396,240,0,0,0,0,1,0,0,0,0,0,0,0,0,,0
2026-08-25T19:17:26.951Z,21066,35c9c808,earth,22868,134,0,0,0,0,0,0,0,0,0,0,0,0,0,,0
2026-08-25T19:18:26.971Z,21126,35c9c808,control,15692,74,0,0,0,0,0,0,0,0,0,0,0,0,0,3751,0
2026-08-25T19:18:26.971Z,21126,35c9c808,heavy,12456,103,0,0,0,0,0,0,0,0,0,0,0,0,0,,0
2026-08-25T19:18:26.971Z,21126,35c9c808,grafana,6396,240,0,0,0,0,1,0,0,0,0,0,0,0,0,,0
2026-08-25T19:18:26.971Z,21126,35c9c808,earth,22868,133,0,0,0,0,0,0,0,0,0,0,0,0,0,,0
2026-08-25T19:19:26.988Z,21186,35c9c808,control,15692,74,0,0,0,0,0,0,0,0,0,0,0,0,0,3811,0
2026-08-25T19:19:26.988Z,21186,35c9c808,heavy,12456,103,0,0,0,0,0,0,0,0,0,0,0,0,0,,0
2026-08-25T19:19:26.988Z,21186,35c9c808,grafana,6396,239,0,0,0,0,1,0,0,0,0,0,0,0,0,,0
2026-08-25T19:19:26.988Z,21186,35c9c808,earth,22868,134,0,0,0,0,0,0,0,0,0,0,0,0,0,,0
2026-08-25T19:20:27.005Z,21246,35c9c808,control,15692,74,0,0,0,0,0,0,0,0,0,0,0,0,0,3871,0
2026-08-25T19:20:27.005Z,21246,35c9c808,heavy,12456,103,0,0,0,0,0,0,0,0,0,0,0,0,0,,0
2026-08-25T19:20:27.005Z,21246,35c9c808,grafana,6396,240,0,0,0,0,1,0,0,0,0,0,0,0,0,,0
2026-08-25T19:20:27.005Z,21246,35c9c808,earth,22868,134,0,0,0,0,0,0,0,0,0,0,0,0,0,,0
2026-08-25T19:21:27.023Z,21306,35c9c808,control,15692,74,0,0,0,0,0,0,0,0,0,0,0,0,0,3931,0
2026-08-25T19:21:27.023Z,21306,35c9c808,heavy,12456,103,0,0,0,0,0,0,0,0,0,0,0,0,0,,0
2026-08-25T19:21:27.023Z,21306,35c9c808,grafana,6396,240,0,0,0,0,1,0,0,0,0,0,0,0,0,,0
2026-08-25T19:21:27.023Z,21306,35c9c808,earth,22868,133,0,0,0,0,0,0,0,0,0,0,0,0,0,,0
2026-08-25T19:22:27.040Z,21366,35c9c808,control,15692,74,0,0,0,0,0,0,0,0,0,0,0,0,0,3991,0
2026-08-25T19:22:27.040Z,21366,35c9c808,heavy,12456,103,0,0,0,0,0,0,0,0,0,0,0,0,0,,0
2026-08-25T19:22:27.040Z,21366,35c9c808,grafana,6396,240,0,0,0,0,1,0,0,0,0,0,0,0,0,,0
2026-08-25T19:22:27.040Z,21366,35c9c808,earth,22868,134,0,0,0,0,0,0,0,0,0,0,0,0,0,,0
2026-08-25T19:23:27.058Z,21426,35c9c808,control,15692,74,0,0,0,0,0,0,0,0,0,0,0,0,0,4051,0
2026-08-25T19:23:27.058Z,21426,35c9c808,heavy,12456,103,0,0,0,0,0,0,0,0,0,0,0,0,0,,0
2026-08-25T19:23:27.058Z,21426,35c9c808,grafana,6396,240,0,0,0,0,1,0,0,0,0,0,0,0,0,,0
2026-08-25T19:23:27.058Z,21426,35c9c808,earth,22868,134,0,0,0,0,0,0,0,0,0,0,0,0,0,,0
2026-08-25T19:24:27.078Z,21486,35c9c808,control,15692,74,0,0,0,0,0,0,0,0,0,0,0,0,0,4111,0
2026-08-25T19:24:27.078Z,21486,35c9c808,heavy,12456,103,0,0,0,0,0,0,0,0,0,0,0,0,0,,0
2026-08-25T19:24:27.078Z,21486,35c9c808,grafana,6396,240,0,0,0,0,1,0,0,0,0,0,0,0,0,,0
2026-08-25T19:24:27.078Z,21486,35c9c808,earth,22868,134,0,0,0,0,0,0,0,0,0,0,0,0,0,,0
2026-08-25T19:25:27.094Z,21546,35c9c808,control,15692,74,0,0,0,0,0,0,0,0,0,0,0,0,0,4171,0
2026-08-25T19:25:27.094Z,21546,35c9c808,heavy,12456,103,0,0,0,0,0,0,0,0,0,0,0,0,0,,0
2026-08-25T19:25:27.094Z,21546,35c9c808,grafana,6396,240,0,0,0,0,1,0,0,0,0,0,0,0,0,,0
2026-08-25T19:25:27.094Z,21546,35c9c808,earth,22868,134,0,0,0,0,0,0,0,0,0,0,0,0,0,,0
2026-08-25T19:26:27.113Z,21607,35c9c808,control,15692,74,0,0,0,0,0,0,0,0,0,0,0,0,0,4231,0
2026-08-25T19:26:27.113Z,21607,35c9c808,heavy,12456,103,0,0,0,0,0,0,0,0,0,0,0,0,0,,0
2026-08-25T19:26:27.113Z,21607,35c9c808,grafana,6396,239,0,0,0,0,1,0,0,0,0,0,0,0,0,,0
2026-08-25T19:26:27.113Z,21607,35c9c808,earth,22868,134,0,0,0,0,0,0,0,0,0,0,0,0,0,,0
2026-08-25T19:27:27.131Z,21667,35c9c808,control,15692,74,0,0,0,0,0,0,0,0,0,0,0,0,0,4291,0
2026-08-25T19:27:27.131Z,21667,35c9c808,heavy,12456,103,0,0,0,0,0,0,0,0,0,0,0,0,0,,0
2026-08-25T19:27:27.131Z,21667,35c9c808,grafana,6396,240,0,0,0,0,1,0,0,0,0,0,0,0,0,,0
2026-08-25T19:27:27.131Z,21667,35c9c808,earth,22868,133,0,0,0,0,0,0,0,0,0,0,0,0,0,,0
2026-08-25T19:28:27.149Z,21727,35c9c808,control,15692,74,0,0,0,0,0,0,0,0,0,0,0,0,0,4351,0
2026-08-25T19:28:27.149Z,21727,35c9c808,heavy,12456,103,0,0,0,0,0,0,0,0,0,0,0,0,0,,0
2026-08-25T19:28:27.149Z,21727,35c9c808,grafana,6396,240,0,0,0,0,1,0,0,0,0,0,0,0,0,,0
2026-08-25T19:28:27.149Z,21727,35c9c808,earth,22868,133,0,0,0,0,0,0,0,0,0,0,0,0,0,,0
2026-08-25T19:29:27.165Z,21787,35c9c808,control,15692,74,0,0,0,0,0,0,0,0,0,0,0,0,0,4411,0
2026-08-25T19:29:27.165Z,21787,35c9c808,heavy,12456,103,0,0,0,0,0,0,0,0,0,0,0,0,0,,0
2026-08-25T19:29:27.165Z,21787,35c9c808,grafana,6396,240,0,0,0,0,1,0,0,0,0,0,0,0,0,,0
2026-08-25T19:29:27.165Z,21787,35c9c808,earth,22868,134,0,0,0,0,0,0,0,0,0,0,0,0,0,,0
2026-08-25T19:30:27.185Z,21847,35c9c808,control,15692,74,0,0,0,0,0,0,0,0,0,0,0,0,0,4471,0
2026-08-25T19:30:27.185Z,21847,35c9c808,heavy,12456,103,0,0,0,0,0,0,0,0,0,0,0,0,0,,0
2026-08-25T19:30:27.185Z,21847,35c9c808,grafana,6396,240,0,0,0,0,1,0,0,0,0,0,0,0,0,,0
2026-08-25T19:30:27.185Z,21847,35c9c808,earth,22868,134,0,0,0,0,0,0,0,0,0,0,0,0,0,,0
2026-08-25T19:31:27.203Z,21907,35c9c808,control,15692,74,0,0,0,0,0,0,0,0,0,0,0,0,0,4531,0
2026-08-25T19:31:27.203Z,21907,35c9c808,heavy,12456,103,0,0,0,0,0,0,0,0,0,0,0,0,0,,0
2026-08-25T19:31:27.203Z,21907,35c9c808,grafana,6396,240,0,0,0,0,1,0,0,0,0,0,0,0,0,,0
2026-08-25T19:31:27.203Z,21907,35c9c808,earth,22868,134,0,0,0,0,0,0,0,0,0,0,0,0,0,,0
2026-08-25T19:32:27.221Z,21967,35c9c808,control,15692,74,0,0,0,0,0,0,0,0,0,0,0,0,0,4591,0
2026-08-25T19:32:27.221Z,21967,35c9c808,heavy,12456,103,0,0,0,0,0,0,0,0,0,0,0,0,0,,0
2026-08-25T19:32:27.221Z,21967,35c9c808,grafana,6396,240,0,0,0,0,1,0,0,0,0,0,0,0,0,,0
2026-08-25T19:32:27.221Z,21967,35c9c808,earth,22868,134,0,0,0,0,0,0,0,0,0,0,0,0,0,,0
2026-08-25T19:33:27.238Z,22027,35c9c808,control,15692,74,0,0,0,0,0,0,0,0,0,0,0,0,0,4651,0
2026-08-25T19:33:27.238Z,22027,35c9c808,heavy,12456,103,0,0,0,0,0,0,0,0,0,0,0,0,0,,0
2026-08-25T19:33:27.238Z,22027,35c9c808,grafana,6396,240,0,0,0,0,1,0,0,0,0,0,0,0,0,,0
2026-08-25T19:33:27.238Z,22027,35c9c808,earth,22868,134,0,0,0,0,0,0,0,0,0,0,0,0,0,,0
2026-08-25T19:34:27.256Z,22087,35c9c808,control,15692,74,0,0,0,0,0,0,0,0,0,0,0,0,0,4711,0
2026-08-25T19:34:27.256Z,22087,35c9c808,heavy,12456,103,0,0,0,0,0,0,0,0,0,0,0,0,0,,0
2026-08-25T19:34:27.256Z,22087,35c9c808,grafana,6396,240,0,0,0,0,1,0,0,0,0,0,0,0,0,,0
2026-08-25T19:34:27.256Z,22087,35c9c808,earth,22868,134,0,0,0,0,0,0,0,0,0,0,0,0,0,,0
2026-08-25T19:35:27.274Z,22147,35c9c808,control,15692,74,0,0,0,0,0,0,0,0,0,0,0,0,0,4771,0
2026-08-25T19:35:27.274Z,22147,35c9c808,heavy,12456,103,0,0,0,0,0,0,0,0,0,0,0,0,0,,0
2026-08-25T19:35:27.274Z,22147,35c9c808,grafana,6396,240,0,0,0,0,1,0,0,0,0,0,0,0,0,,0
2026-08-25T19:35:27.274Z,22147,35c9c808,earth,22868,134,0,0,0,0,0,0,0,0,0,0,0,0,0,,0
2026-08-25T19:36:27.292Z,22207,35c9c808,control,15692,74,0,0,0,0,0,0,0,0,0,0,0,0,0,4831,0
2026-08-25T19:36:27.292Z,22207,35c9c808,heavy,12456,103,0,0,0,0,0,0,0,0,0,0,0,0,0,,0
2026-08-25T19:36:27.292Z,22207,35c9c808,grafana,6396,240,0,0,0,0,1,0,0,0,0,0,0,0,0,,0
2026-08-25T19:36:27.292Z,22207,35c9c808,earth,22868,134,0,0,0,0,0,0,0,0,0,0,0,0,0,,0
2026-08-25T19:37:27.309Z,22267,35c9c808,control,15692,74,0,0,0,0,0,0,0,0,0,0,0,0,0,4891,0
2026-08-25T19:37:27.309Z,22267,35c9c808,heavy,12456,103,0,0,0,0,0,0,0,0,0,0,0,0,0,,0
2026-08-25T19:37:27.309Z,22267,35c9c808,grafana,6396,240,0,0,0,0,1,0,0,0,0,0,0,0,0,,0
2026-08-25T19:37:27.309Z,22267,35c9c808,earth,22868,134,0,0,0,0,0,0,0,0,0,0,0,0,0,,0
2026-08-25T19:38:27.328Z,22327,35c9c808,control,15692,74,0,0,0,0,0,0,0,0,0,0,0,0,0,4951,0
2026-08-25T19:38:27.328Z,22327,35c9c808,heavy,12456,103,0,0,0,0,0,0,0,0,0,0,0,0,0,,0
2026-08-25T19:38:27.328Z,22327,35c9c808,grafana,6396,240,0,0,0,0,1,0,0,0,0,0,0,0,0,,0
2026-08-25T19:38:27.328Z,22327,35c9c808,earth,22868,134,0,0,0,0,0,0,0,0,0,0,0,0,0,,0
2026-08-25T19:39:27.347Z,22387,35c9c808,control,15692,74,0,0,0,0,0,0,0,0,0,0,0,0,0,5011,0
2026-08-25T19:39:27.347Z,22387,35c9c808,heavy,12456,103,0,0,0,0,0,0,0,0,0,0,0,0,0,,0
2026-08-25T19:39:27.347Z,22387,35c9c808,grafana,6396,240,0,0,0,0,1,0,0,0,0,0,0,0,0,,0
2026-08-25T19:39:27.347Z,22387,35c9c808,earth,22868,134,0,0,0,0,0,0,0,0,0,0,0,0,0,,0
2026-08-25T19:40:27.364Z,22447,35c9c808,control,15692,74,0,0,0,0,0,0,0,0,0,0,0,0,0,5071,0
2026-08-25T19:40:27.364Z,22447,35c9c808,heavy,12456,103,0,0,0,0,0,0,0,0,0,0,0,0,0,,0
2026-08-25T19:40:27.364Z,22447,35c9c808,grafana,6396,240,0,0,0,0,1,0,0,0,0,0,0,0,0,,0
2026-08-25T19:40:27.364Z,22447,35c9c808,earth,22868,134,0,0,0,0,0,0,0,0,0,0,0,0,0,,0
2026-08-25T19:41:27.382Z,22507,35c9c808,control,15692,74,0,0,0,0,0,0,0,0,0,0,0,0,0,5131,0
2026-08-25T19:41:27.382Z,22507,35c9c808,heavy,12456,103,0,0,0,0,0,0,0,0,0,0,0,0,0,,0
2026-08-25T19:41:27.382Z,22507,35c9c808,grafana,6396,240,0,0,0,0,1,0,0,0,0,0,0,0,0,,0
2026-08-25T19:41:27.382Z,22507,35c9c808,earth,22868,134,0,0,0,0,0,0,0,0,0,0,0,0,0,,0
2026-08-25T19:42:27.398Z,22567,35c9c808,control,15692,74,0,0,0,0,0,0,0,0,0,0,0,0,0,5191,0
2026-08-25T19:42:27.398Z,22567,35c9c808,heavy,12456,103,0,0,0,0,0,0,0,0,0,0,0,0,0,,0
2026-08-25T19:42:27.398Z,22567,35c9c808,grafana,6396,240,0,0,0,0,1,0,0,0,0,0,0,0,0,,0
2026-08-25T19:42:27.398Z,22567,35c9c808,earth,22868,134,0,0,0,0,0,0,0,0,0,0,0,0,0,,0
2026-08-25T19:43:27.418Z,22627,35c9c808,control,15692,74,0,0,0,0,0,0,0,0,0,0,0,0,0,5251,0
2026-08-25T19:43:27.418Z,22627,35c9c808,heavy,12456,103,0,0,0,0,0,0,0,0,0,0,0,0,0,,0
2026-08-25T19:43:27.418Z,22627,35c9c808,grafana,6396,240,0,0,0,0,1,0,0,0,0,0,0,0,0,,0
2026-08-25T19:43:27.418Z,22627,35c9c808,earth,22868,134,0,0,0,0,0,0,0,0,0,0,0,0,0,,0
2026-08-25T19:44:27.434Z,22687,35c9c808,control,15692,74,0,0,0,0,0,0,0,0,0,0,0,0,0,5311,0
2026-08-25T19:44:27.434Z,22687,35c9c808,heavy,12456,103,0,0,0,0,0,0,0,0,0,0,0,0,0,,0
2026-08-25T19:44:27.434Z,22687,35c9c808,grafana,6396,240,0,0,0,0,1,0,0,0,0,0,0,0,0,,0
2026-08-25T19:44:27.434Z,22687,35c9c808,earth,22868,134,0,0,0,0,0,0,0,0,0,0,0,0,0,,0
2026-08-25T19:45:27.454Z,22747,35c9c808,control,15692,74,0,0,0,0,0,0,0,0,0,0,0,0,0,5371,0
2026-08-25T19:45:27.454Z,22747,35c9c808,heavy,12456,103,0,0,0,0,0,0,0,0,0,0,0,0,0,,0
2026-08-25T19:45:27.454Z,22747,35c9c808,grafana,6396,240,0,0,0,0,1,0,0,0,0,0,0,0,0,,0
2026-08-25T19:45:27.454Z,22747,35c9c808,earth,22868,134,0,0,0,0,0,0,0,0,0,0,0,0,0,,0
2026-08-25T19:46:27.471Z,22807,35c9c808,control,15692,74,0,0,0,0,0,0,0,0,0,0,0,0,0,5431,0
2026-08-25T19:46:27.471Z,22807,35c9c808,heavy,12456,103,0,0,0,0,0,0,0,0,0,0,0,0,0,,0
2026-08-25T19:46:27.471Z,22807,35c9c808,grafana,6396,240,0,0,0,0,1,0,0,0,0,0,0,0,0,,0
2026-08-25T19:46:27.471Z,22807,35c9c808,earth,22868,134,0,0,0,0,0,0,0,0,0,0,0,0,0,,0
2026-08-25T19:47:27.489Z,22867,35c9c808,control,15692,74,0,0,0,0,0,0,0,0,0,0,0,0,0,5491,0
2026-08-25T19:47:27.489Z,22867,35c9c808,heavy,12456,103,0,0,0,0,0,0,0,0,0,0,0,0,0,,0
2026-08-25T19:47:27.489Z,22867,35c9c808,grafana,6396,239,0,0,0,0,1,0,0,0,0,0,0,0,0,,0
2026-08-25T19:47:27.489Z,22867,35c9c808,earth,22868,134,0,0,0,0,0,0,0,0,0,0,0,0,0,,0
2026-08-25T19:48:27.508Z,22927,35c9c808,control,15692,74,0,0,0,0,0,0,0,0,0,0,0,0,0,5551,0
2026-08-25T19:48:27.508Z,22927,35c9c808,heavy,12456,103,0,0,0,0,0,0,0,0,0,0,0,0,0,,0
2026-08-25T19:48:27.508Z,22927,35c9c808,grafana,6396,240,0,0,0,0,1,0,0,0,0,0,0,0,0,,0
2026-08-25T19:48:27.508Z,22927,35c9c808,earth,22868,134,0,0,0,0,0,0,0,0,0,0,0,0,0,,0
2026-08-25T19:49:27.526Z,22987,35c9c808,control,15692,74,0,0,0,0,0,0,0,0,0,0,0,0,0,5611,0
2026-08-25T19:49:27.526Z,22987,35c9c808,heavy,12456,103,0,0,0,0,0,0,0,0,0,0,0,0,0,,0
2026-08-25T19:49:27.526Z,22987,35c9c808,grafana,6396,240,0,0,0,0,1,0,0,0,0,0,0,0,0,,0
2026-08-25T19:49:27.526Z,22987,35c9c808,earth,22868,134,0,0,0,0,0,0,0,0,0,0,0,0,0,,0
2026-08-25T19:50:27.543Z,23047,35c9c808,control,15692,74,0,0,0,0,0,0,0,0,0,0,0,0,0,5671,0
2026-08-25T19:50:27.543Z,23047,35c9c808,heavy,12456,103,0,0,0,0,0,0,0,0,0,0,0,0,0,,0
2026-08-25T19:50:27.543Z,23047,35c9c808,grafana,6396,240,0,0,0,0,1,0,0,0,0,0,0,0,0,,0
2026-08-25T19:50:27.543Z,23047,35c9c808,earth,22868,134,0,0,0,0,0,0,0,0,0,0,0,0,0,,0
2026-08-25T19:51:27.560Z,23107,35c9c808,control,15692,74,0,0,0,0,0,0,0,0,0,0,0,0,0,5731,0
2026-08-25T19:51:27.560Z,23107,35c9c808,heavy,12456,103,0,0,0,0,0,0,0,0,0,0,0,0,0,,0
2026-08-25T19:51:27.560Z,23107,35c9c808,grafana,6396,240,0,0,0,0,1,0,0,0,0,0,0,0,0,,0
2026-08-25T19:51:27.560Z,23107,35c9c808,earth,22868,134,0,0,0,0,0,0,0,0,0,0,0,0,0,,0
2026-08-25T19:52:27.580Z,23167,35c9c808,control,15692,74,0,0,0,0,0,0,0,0,0,0,0,0,0,5791,0
2026-08-25T19:52:27.580Z,23167,35c9c808,heavy,12456,103,0,0,0,0,0,0,0,0,0,0,0,0,0,,0
2026-08-25T19:52:27.580Z,23167,35c9c808,grafana,6396,240,0,0,0,0,1,0,0,0,0,0,0,0,0,,0
2026-08-25T19:52:27.580Z,23167,35c9c808,earth,22868,134,0,0,0,0,0,0,0,0,0,0,0,0,0,,0
2026-08-25T19:53:27.597Z,23227,35c9c808,control,15692,74,0,0,0,0,0,0,0,0,0,0,0,0,0,5851,0
2026-08-25T19:53:27.597Z,23227,35c9c808,heavy,12456,103,0,0,0,0,0,0,0,0,0,0,0,0,0,,0
2026-08-25T19:53:27.597Z,23227,35c9c808,grafana,6396,240,0,0,0,0,1,0,0,0,0,0,0,0,0,,0
2026-08-25T19:53:27.597Z,23227,35c9c808,earth,22868,134,0,0,0,0,0,0,0,0,0,0,0,0,0,,0
2026-08-25T19:54:27.614Z,23287,35c9c808,control,15692,74,0,0,0,0,0,0,0,0,0,0,0,0,0,5911,0
2026-08-25T19:54:27.614Z,23287,35c9c808,heavy,12456,103,0,0,0,0,0,0,0,0,0,0,0,0,0,,0
2026-08-25T19:54:27.614Z,23287,35c9c808,grafana,6396,240,0,0,0,0,1,0,0,0,0,0,0,0,0,,0
2026-08-25T19:54:27.614Z,23287,35c9c808,earth,22868,134,0,0,0,0,0,0,0,0,0,0,0,0,0,,0
2026-08-25T19:55:27.634Z,23347,35c9c808,control,15692,74,0,0,0,0,0,0,0,0,0,0,0,0,0,5971,0
2026-08-25T19:55:27.634Z,23347,35c9c808,heavy,12456,103,0,0,0,0,0,0,0,0,0,0,0,0,0,,0
2026-08-25T19:55:27.634Z,23347,35c9c808,grafana,6396,240,0,0,0,0,1,0,0,0,0,0,0,0,0,,0
2026-08-25T19:55:27.634Z,23347,35c9c808,earth,22868,133,0,0,0,0,0,0,0,0,0,0,0,0,0,,0
2026-08-25T19:56:27.650Z,23407,35c9c808,control,15692,74,0,0,0,0,0,0,0,0,0,0,0,0,0,6031,0
2026-08-25T19:56:27.650Z,23407,35c9c808,heavy,12456,103,0,0,0,0,0,0,0,0,0,0,0,0,0,,0
2026-08-25T19:56:27.650Z,23407,35c9c808,grafana,6396,240,0,0,0,0,1,0,0,0,0,0,0,0,0,,0
2026-08-25T19:56:27.650Z,23407,35c9c808,earth,22868,134,0,0,0,0,0,0,0,0,0,0,0,0,0,,0
2026-08-25T19:57:27.668Z,23467,35c9c808,control,15692,74,0,0,0,0,0,0,0,0,0,0,0,0,0,6091,0
2026-08-25T19:57:27.668Z,23467,35c9c808,heavy,12456,103,0,0,0,0,0,0,0,0,0,0,0,0,0,,0
2026-08-25T19:57:27.668Z,23467,35c9c808,grafana,6396,240,0,0,0,0,1,0,0,0,0,0,0,0,0,,0
2026-08-25T19:57:27.668Z,23467,35c9c808,earth,22868,134,0,0,0,0,0,0,0,0,0,0,0,0,0,,0
2026-08-25T19:58:27.687Z,23527,35c9c808,control,15692,74,0,0,0,0,0,0,0,0,0,0,0,0,0,6151,0
2026-08-25T19:58:27.687Z,23527,35c9c808,heavy,12456,103,0,0,0,0,0,0,0,0,0,0,0,0,0,,0
2026-08-25T19:58:27.687Z,23527,35c9c808,grafana,6396,239,0,0,0,0,1,0,0,0,0,0,0,0,0,,0
2026-08-25T19:58:27.687Z,23527,35c9c808,earth,22868,134,0,0,0,0,0,0,0,0,0,0,0,0,0,,0
2026-08-25T19:59:27.704Z,23587,35c9c808,control,15692,74,0,0,0,0,0,0,0,0,0,0,0,0,0,6211,0
2026-08-25T19:59:27.704Z,23587,35c9c808,heavy,12456,103,0,0,0,0,0,0,0,0,0,0,0,0,0,,0
2026-08-25T19:59:27.704Z,23587,35c9c808,grafana,6396,240,0,0,0,0,1,0,0,0,0,0,0,0,0,,0
2026-08-25T19:59:27.704Z,23587,35c9c808,earth,22868,134,0,0,0,0,0,0,0,0,0,0,0,0,0,,0
2026-08-25T20:00:27.722Z,23647,35c9c808,control,15692,74,0,0,0,0,0,0,0,0,0,0,0,0,0,6271,0
2026-08-25T20:00:27.722Z,23647,35c9c808,heavy,12456,103,0,0,0,0,0,0,0,0,0,0,0,0,0,,0
2026-08-25T20:00:27.722Z,23647,35c9c808,grafana,6396,240,0,0,0,0,1,0,0,0,0,0,0,0,0,,0
2026-08-25T20:00:27.722Z,23647,35c9c808,earth,22868,134,0,0,0,0,0,0,0,0,0,0,0,0,0,,0
2026-08-25T20:01:27.741Z,23707,35c9c808,control,15692,74,0,0,0,0,0,0,0,0,0,0,0,0,0,6331,0
2026-08-25T20:01:27.741Z,23707,35c9c808,heavy,12456,103,0,0,0,0,0,0,0,0,0,0,0,0,0,,0
2026-08-25T20:01:27.741Z,23707,35c9c808,grafana,6396,240,0,0,0,0,1,0,0,0,0,0,0,0,0,,0
2026-08-25T20:01:27.741Z,23707,35c9c808,earth,22868,134,0,0,0,0,0,0,0,0,0,0,0,0,0,,0
2026-08-25T20:02:27.758Z,23767,35c9c808,control,15692,74,0,0,0,0,0,0,0,0,0,0,0,0,0,6391,0
2026-08-25T20:02:27.758Z,23767,35c9c808,heavy,12456,103,0,0,0,0,0,0,0,0,0,0,0,0,0,,0
2026-08-25T20:02:27.758Z,23767,35c9c808,grafana,6396,240,0,0,0,0,1,0,0,0,0,0,0,0,0,,0
2026-08-25T20:02:27.758Z,23767,35c9c808,earth,22868,134,0,0,0,0,0,0,0,0,0,0,0,0,0,,0
2026-08-25T20:03:27.777Z,23827,35c9c808,control,15692,74,0,0,0,0,0,0,0,0,0,0,0,0,0,6451,0
2026-08-25T20:03:27.777Z,23827,35c9c808,heavy,12456,103,0,0,0,0,0,0,0,0,0,0,0,0,0,,0
2026-08-25T20:03:27.777Z,23827,35c9c808,grafana,6396,240,0,0,0,0,1,0,0,0,0,0,0,0,0,,0
2026-08-25T20:03:27.777Z,23827,35c9c808,earth,22868,134,0,0,0,0,0,0,0,0,0,0,0,0,0,,0
2026-08-25T20:04:27.793Z,23887,35c9c808,control,15692,74,0,0,0,0,0,0,0,0,0,0,0,0,0,6511,0
2026-08-25T20:04:27.793Z,23887,35c9c808,heavy,12456,103,0,0,0,0,0,0,0,0,0,0,0,0,0,,0
2026-08-25T20:04:27.793Z,23887,35c9c808,grafana,6396,240,0,0,0,0,1,0,0,0,0,0,0,0,0,,0
2026-08-25T20:04:27.793Z,23887,35c9c808,earth,22868,134,0,0,0,0,0,0,0,0,0,0,0,0,0,,0
2026-08-25T20:05:27.811Z,23947,35c9c808,control,15692,74,0,0,0,0,0,0,0,0,0,0,0,0,0,6571,0
2026-08-25T20:05:27.811Z,23947,35c9c808,heavy,12456,103,0,0,0,0,0,0,0,0,0,0,0,0,0,,0
2026-08-25T20:05:27.811Z,23947,35c9c808,grafana,6396,239,0,0,0,0,1,0,0,0,0,0,0,0,0,,0
2026-08-25T20:05:27.811Z,23947,35c9c808,earth,22868,134,0,0,0,0,0,0,0,0,0,0,0,0,0,,0
2026-08-25T20:06:27.829Z,24007,35c9c808,control,15692,74,0,0,0,0,0,0,0,0,0,0,0,0,0,6631,0
2026-08-25T20:06:27.829Z,24007,35c9c808,heavy,12456,103,0,0,0,0,0,0,0,0,0,0,0,0,0,,0
2026-08-25T20:06:27.829Z,24007,35c9c808,grafana,6396,240,0,0,0,0,1,0,0,0,0,0,0,0,0,,0
2026-08-25T20:06:27.829Z,24007,35c9c808,earth,22868,134,0,0,0,0,0,0,0,0,0,0,0,0,0,,0
2026-08-25T20:07:27.848Z,24067,35c9c808,control,15692,74,0,0,0,0,0,0,0,0,0,0,0,0,0,6691,0
2026-08-25T20:07:27.848Z,24067,35c9c808,heavy,12456,103,0,0,0,0,0,0,0,0,0,0,0,0,0,,0
2026-08-25T20:07:27.848Z,24067,35c9c808,grafana,6396,240,0,0,0,0,1,0,0,0,0,0,0,0,0,,0
2026-08-25T20:07:27.848Z,24067,35c9c808,earth,22868,134,0,0,0,0,0,0,0,0,0,0,0,0,0,,0
2026-08-25T20:08:27.864Z,24127,35c9c808,control,15692,74,0,0,0,0,0,0,0,0,0,0,0,0,0,6751,0
2026-08-25T20:08:27.864Z,24127,35c9c808,heavy,12456,103,0,0,0,0,0,0,0,0,0,0,0,0,0,,0
2026-08-25T20:08:27.864Z,24127,35c9c808,grafana,6396,240,0,0,0,0,1,0,0,0,0,0,0,0,0,,0
2026-08-25T20:08:27.864Z,24127,35c9c808,earth,22868,134,0,0,0,0,0,0,0,0,0,0,0,0,0,,0
2026-08-25T20:09:27.883Z,24187,35c9c808,control,15692,74,0,0,0,0,0,0,0,0,0,0,0,0,0,6811,0
2026-08-25T20:09:27.883Z,24187,35c9c808,heavy,12456,103,0,0,0,0,0,0,0,0,0,0,0,0,0,,0
2026-08-25T20:09:27.883Z,24187,35c9c808,grafana,6396,240,0,0,0,0,1,0,0,0,0,0,0,0,0,,0
2026-08-25T20:09:27.883Z,24187,35c9c808,earth,22868,134,0,0,0,0,0,0,0,0,0,0,0,0,0,,0
2026-08-25T20:10:27.901Z,24247,35c9c808,control,15692,74,0,0,0,0,0,0,0,0,0,0,0,0,0,6871,0
2026-08-25T20:10:27.901Z,24247,35c9c808,heavy,12456,103,0,0,0,0,0,0,0,0,0,0,0,0,0,,0
2026-08-25T20:10:27.901Z,24247,35c9c808,grafana,6396,240,0,0,0,0,1,0,0,0,0,0,0,0,0,,0
2026-08-25T20:10:27.901Z,24247,35c9c808,earth,22868,134,0,0,0,0,0,0,0,0,0,0,0,0,0,,0
2026-08-25T20:11:27.920Z,24307,35c9c808,control,15692,74,0,0,0,0,0,0,0,0,0,0,0,0,0,6932,0
2026-08-25T20:11:27.920Z,24307,35c9c808,heavy,12456,103,0,0,0,0,0,0,0,0,0,0,0,0,0,,0
2026-08-25T20:11:27.920Z,24307,35c9c808,grafana,6396,240,0,0,0,0,1,0,0,0,0,0,0,0,0,,0
2026-08-25T20:11:27.920Z,24307,35c9c808,earth,22868,134,0,0,0,0,0,0,0,0,0,0,0,0,0,,0
2026-08-25T20:12:27.936Z,24367,35c9c808,control,15692,74,0,0,0,0,0,0,0,0,0,0,0,0,0,6992,0
2026-08-25T20:12:27.936Z,24367,35c9c808,heavy,12456,103,0,0,0,0,0,0,0,0,0,0,0,0,0,,0
2026-08-25T20:12:27.936Z,24367,35c9c808,grafana,6396,240,0,0,0,0,1,0,0,0,0,0,0,0,0,,0
2026-08-25T20:12:27.936Z,24367,35c9c808,earth,22868,134,0,0,0,0,0,0,0,0,0,0,0,0,0,,0
2026-08-25T20:13:27.955Z,24427,35c9c808,control,15692,74,0,0,0,0,0,0,0,0,0,0,0,0,0,7052,0
2026-08-25T20:13:27.955Z,24427,35c9c808,heavy,12456,103,0,0,0,0,0,0,0,0,0,0,0,0,0,,0
2026-08-25T20:13:27.955Z,24427,35c9c808,grafana,6396,240,0,0,0,0,1,0,0,0,0,0,0,0,0,,0
2026-08-25T20:13:27.955Z,24427,35c9c808,earth,22868,134,0,0,0,0,0,0,0,0,0,0,0,0,0,,0
2026-08-25T20:14:27.971Z,24487,35c9c808,control,15692,74,0,0,0,0,0,0,0,0,0,0,0,0,0,7112,0
2026-08-25T20:14:27.971Z,24487,35c9c808,heavy,12456,103,0,0,0,0,0,0,0,0,0,0,0,0,0,,0
2026-08-25T20:14:27.971Z,24487,35c9c808,grafana,6396,240,0,0,0,0,1,0,0,0,0,0,0,0,0,,0
2026-08-25T20:14:27.971Z,24487,35c9c808,earth,22868,134,0,0,0,0,0,0,0,0,0,0,0,0,0,,0
2026-08-25T20:15:27.990Z,24547,35c9c808,control,15692,74,0,0,0,0,0,0,0,0,0,0,0,0,0,7172,0
2026-08-25T20:15:27.990Z,24547,35c9c808,heavy,12456,103,0,0,0,0,0,0,0,0,0,0,0,0,0,,0
2026-08-25T20:15:27.990Z,24547,35c9c808,grafana,6396,240,0,0,0,0,1,0,0,0,0,0,0,0,0,,0
2026-08-25T20:15:27.990Z,24547,35c9c808,earth,22868,134,0,0,0,0,0,0,0,0,0,0,0,0,0,,0
2026-08-25T20:16:28.009Z,24607,35c9c808,control,15692,74,0,0,0,0,0,0,0,0,0,0,0,0,0,7232,0
2026-08-25T20:16:28.009Z,24607,35c9c808,heavy,12456,103,0,0,0,0,0,0,0,0,0,0,0,0,0,,0
2026-08-25T20:16:28.009Z,24607,35c9c808,grafana,6396,240,0,0,0,0,1,0,0,0,0,0,0,0,0,,0
2026-08-25T20:16:28.009Z,24607,35c9c808,earth,22868,134,0,0,0,0,0,0,0,0,0,0,0,0,0,,0
2026-08-25T20:17:28.026Z,24667,35c9c808,control,15692,74,0,0,0,0,0,0,0,0,0,0,0,0,0,7292,0
2026-08-25T20:17:28.026Z,24667,35c9c808,heavy,12456,103,0,0,0,0,0,0,0,0,0,0,0,0,0,,0
2026-08-25T20:17:28.026Z,24667,35c9c808,grafana,6396,240,0,0,0,0,1,0,0,0,0,0,0,0,0,,0
2026-08-25T20:17:28.026Z,24667,35c9c808,earth,22868,134,0,0,0,0,0,0,0,0,0,0,0,0,0,,0
