iso_utc,uptime_s,procs,ws_mb,private_mb,handles,threads,avail_mb,commit_pct,cpu_pct_sum,vram_used_mb,vram_total_mb,gpu_util_pct
2026-08-27T20:31:56Z,0,10,1561.6,1280.8,5628,328,21086,35.9,0,731,8188,10
2026-08-27T20:32:57Z,60,9,1266.2,890.2,5285,323,21497,34.1,58.25,610,8188,25
2026-08-27T20:33:57Z,120,9,1259.8,881.8,5293,322,21487,34.1,59.58,609,8188,28
2026-08-27T20:34:57Z,180,9,1272.3,894.2,5282,321,21504,34,60.71,609,8188,27
2026-08-27T20:35:57Z,241,9,1263.8,885.3,5210,321,21512,34,55.73,609,8188,23
2026-08-27T20:36:57Z,301,9,1267.9,888.8,5201,332,21513,34,57.4,609,8188,23
2026-08-27T20:37:57Z,361,9,1265.4,889.4,5219,333,21511,34,57.13,609,8188,21
2026-08-27T20:38:58Z,421,9,1266.4,889.9,5196,319,21514,34,60.64,609,8188,24
2026-08-27T20:39:58Z,481,9,1267.9,892.5,5179,316,21436,34.1,49.57,609,8188,29
2026-08-27T20:40:58Z,541,9,1263.1,887.1,5178,316,21485,34,53.2,609,8188,25
2026-08-27T20:41:58Z,602,9,1264.8,889.4,5161,333,21531,34,55.8,609,8188,25
2026-08-27T20:42:58Z,662,9,1263.6,888.2,5142,316,21540,33.9,59.8,609,8188,24
2026-08-27T20:43:58Z,722,9,1262.5,886.7,5150,317,21546,33.9,57.79,609,8188,26
2026-08-27T20:44:58Z,782,9,1267.6,891.9,5150,317,21542,33.9,58.49,609,8188,25
2026-08-27T20:45:59Z,842,9,1263.1,886.9,5150,317,21549,33.9,56.56,609,8188,28
2026-08-27T20:46:59Z,902,9,1264,888.7,5150,317,21542,33.9,58.17,609,8188,26
2026-08-27T20:47:59Z,962,9,1263.5,888.1,5148,317,21519,34,56.5,609,8188,25
2026-08-27T20:48:59Z,1022,9,1264.2,889.7,5149,316,21508,34.1,56.52,609,8188,26
2026-08-27T20:49:59Z,1083,9,1268.7,894.1,5147,316,21464,34.1,53.41,609,8188,25
2026-08-27T20:50:59Z,1143,9,1262.8,887.2,5145,316,21479,34,56.53,609,8188,22
2026-08-27T20:51:59Z,1203,9,1292.1,889.1,5141,315,21503,34,58.74,609,8188,26
2026-08-27T20:53:00Z,1263,9,1292.8,889.1,5143,316,21493,34.1,64.25,609,8188,27
2026-08-27T20:54:00Z,1323,9,1293.6,890,5141,316,21518,34,59.01,609,8188,28
2026-08-27T20:55:00Z,1383,9,1292.9,889.3,5141,316,21525,33.9,60.53,609,8188,28
2026-08-27T20:56:00Z,1443,9,1298,895.1,5144,317,21519,34,59.29,609,8188,24
2026-08-27T20:57:00Z,1504,9,1293.3,889.7,5140,317,21520,34,60.31,609,8188,28
2026-08-27T20:58:00Z,1564,9,1294.1,890.6,5142,317,21515,34,58.03,609,8188,24
2026-08-27T20:59:00Z,1624,9,1293.6,889.7,5140,317,21514,34,56.46,609,8188,29
2026-08-27T21:00:01Z,1684,9,1298.6,895.4,5141,317,21433,34.1,49.82,609,8188,26
2026-08-27T21:01:01Z,1744,9,1294.4,890.8,5138,315,21438,34.1,56.01,609,8188,20
2026-08-27T21:02:01Z,1804,9,1316.5,916.8,5144,317,21493,34.1,53.95,614,8188,26
2026-08-27T21:03:01Z,1865,9,1300,897.7,5145,318,21500,34,59.57,613,8188,21
2026-08-27T21:04:01Z,1925,9,1300.7,898.9,5147,319,21481,34.1,55.68,614,8188,29
2026-08-27T21:05:01Z,1985,9,1300.3,897.8,5147,317,21478,34.1,58.24,613,8188,24
2026-08-27T21:06:01Z,2045,9,1300.7,898.5,5145,317,21490,34.1,55.77,613,8188,25
2026-08-27T21:07:02Z,2105,9,1300.8,898.5,5147,317,21495,34.1,57.59,613,8188,18
2026-08-27T21:08:02Z,2165,9,1301.1,899.4,5147,316,21486,34.1,55.7,614,8188,20
2026-08-27T21:09:02Z,2225,9,1300.4,897.8,5134,316,21471,34.1,56.2,613,8188,19
2026-08-27T21:10:02Z,2286,9,1299.3,897,5136,316,21423,34.2,50.87,613,8188,19
2026-08-27T21:11:02Z,2346,9,1304.2,901.7,5134,315,21435,34.1,56.43,614,8188,17
2026-08-27T21:12:02Z,2406,9,1300.3,898.4,5136,316,21509,34,54.32,614,8188,19
2026-08-27T21:13:03Z,2466,9,1300,897.6,5136,316,21493,34,56.27,613,8188,19
2026-08-27T21:14:03Z,2526,9,1300.4,898.5,5138,316,21492,34,57.98,613,8188,24
2026-08-27T21:15:03Z,2586,9,1300.1,897.9,5138,316,21494,34,59.69,613,8188,19
2026-08-27T21:16:03Z,2646,9,1305.5,903.6,5136,316,21483,34,54.2,614,8188,20
2026-08-27T21:17:03Z,2707,9,1304.5,902.6,5138,316,21490,34,57.03,613,8188,19
2026-08-27T21:18:03Z,2767,9,1301,898.6,5136,316,21491,34,58.13,613,8188,20
2026-08-27T21:19:03Z,2827,9,1301.8,899.8,5138,316,21466,34.1,55.48,613,8188,23
2026-08-27T21:20:04Z,2887,9,1301.5,899.1,5136,315,21428,34.1,49.96,614,8188,22
2026-08-27T21:21:04Z,2947,9,1302.3,899.7,5136,316,21432,34.1,57.88,613,8188,19
2026-08-27T21:22:04Z,3007,9,1302.6,899.7,5134,315,21482,34.1,50.78,613,8188,25
2026-08-27T21:23:04Z,3068,9,1302.4,899.6,5145,317,21490,34.1,60.48,613,8188,22
2026-08-27T21:24:04Z,3128,9,1302.4,900.5,5143,317,21490,34.1,58.32,614,8188,25
2026-08-27T21:25:04Z,3188,9,1302.3,900.1,5145,317,21495,34.0,59.4,613,8188,24
2026-08-27T21:26:04Z,3248,9,1302.9,900.7,5148,317,21483,34.1,56.61,613,8188,23
2026-08-27T21:27:05Z,3308,9,1303.3,901,5143,317,21480,34.1,57.84,613,8188,28
2026-08-27T21:28:05Z,3368,9,1302.6,900.2,5144,316,21481,34.1,57.15,614,8188,25
2026-08-27T21:29:05Z,3428,9,1307.8,905.9,5142,316,21476,34.1,58.32,614,8188,28
2026-08-27T21:30:05Z,3489,9,1303.8,900.8,5138,316,21429,34.1,52.66,613,8188,22
2026-08-27T21:31:05Z,3549,9,1302,899.3,5136,315,21430,34.1,57.85,614,8188,19
2026-08-27T21:32:05Z,3609,9,1294.4,891.5,5160,321,21510,34,55.76,614,8188,22
2026-08-27T21:33:05Z,3669,9,1304.7,901.8,5159,323,21475,34.1,59.04,614,8188,23
2026-08-27T21:34:06Z,3729,9,1307.9,904.6,5159,323,21472,34.1,59.42,614,8188,23
2026-08-27T21:35:06Z,3789,9,1303.7,900.4,5159,322,21487,34,60.31,613,8188,19
2026-08-27T21:36:06Z,3849,9,1304.9,901.3,5155,321,21484,34.1,55.86,613,8188,20
2026-08-27T21:37:06Z,3910,9,1305.4,901.9,5156,320,21491,34,54.89,613,8188,17
2026-08-27T21:38:06Z,3970,9,1305.4,902.2,5154,320,21481,34.1,56.86,613,8188,20
2026-08-27T21:39:06Z,4030,9,1306.2,902.9,5166,321,21474,34.1,54.49,614,8188,20
2026-08-27T21:40:06Z,4090,9,1305.8,902.6,5161,320,21390,34.2,49.38,614,8188,17
2026-08-27T21:41:07Z,4150,9,1306.8,903.5,5167,328,21378,34.2,58.89,613,8188,22
2026-08-27T21:42:07Z,4210,9,1307,903.9,5170,329,21479,34.1,55.86,613,8188,23
2026-08-27T21:43:07Z,4270,9,1308,905.8,5170,329,21477,34.1,55.92,613,8188,20
2026-08-27T21:44:07Z,4331,9,1307.2,904.5,5168,322,21482,34,56.09,613,8188,22
2026-08-27T21:45:07Z,4391,9,1306.6,903.7,5170,322,21484,34,57.15,613,8188,17
2026-08-27T21:46:07Z,4451,9,1305.6,902.5,5163,321,21483,34,59.03,613,8188,18
2026-08-27T21:47:07Z,4511,9,1305.5,902.1,5165,321,21482,34,57.76,613,8188,19
2026-08-27T21:48:08Z,4571,9,1306,902.9,5161,321,21454,34.1,53.47,614,8188,22
2026-08-27T21:49:08Z,4631,9,1306.6,903.5,5163,321,21470,34.1,56.74,613,8188,21
2026-08-27T21:50:08Z,4691,9,1304.9,901.2,5153,321,21367,34.3,47.83,613,8188,18
2026-08-27T21:51:08Z,4752,9,1305.8,902.2,5154,322,21377,34.2,58.52,613,8188,22
2026-08-27T21:52:08Z,4812,9,1306,902.3,5154,322,21425,34.2,52.5,613,8188,19
2026-08-27T21:53:08Z,4872,9,1304.7,900.7,5156,322,21467,34.1,58.03,613,8188,21
2026-08-27T21:54:08Z,4932,9,1304.8,901.2,5156,322,21480,34.1,57.2,613,8188,24
2026-08-27T21:55:09Z,4992,9,1308.9,905.6,5153,321,21481,34.1,59.47,614,8188,18
2026-08-27T21:56:09Z,5052,9,1305.9,902.8,5155,321,21484,34,54.86,613,8188,19
2026-08-27T21:57:09Z,5112,9,1305.8,902.3,5153,321,21483,34,57.5,613,8188,19
2026-08-27T21:58:09Z,5173,9,1305.9,902.7,5155,321,21476,34,57.35,614,8188,22
2026-08-27T21:59:09Z,5233,9,1306.4,902.9,5156,320,21481,34,59.25,613,8188,18
2026-08-27T22:00:09Z,5293,9,1305.3,901.1,5155,321,21407,34.1,50.63,613,8188,18
2026-08-27T22:01:09Z,5353,9,1306.2,902.7,5149,319,21398,34.2,55.83,614,8188,20
2026-08-27T22:02:10Z,5413,9,1299.2,894.4,5161,322,21469,34.1,52.95,613,8188,18
2026-08-27T22:03:10Z,5473,9,1305.3,900.8,5158,322,21443,34.1,59.11,613,8188,20
2026-08-27T22:04:10Z,5533,9,1305.1,900.8,5156,322,21378,34.3,56.51,613,8188,18
2026-08-27T22:05:10Z,5594,9,1305.8,901.4,5162,323,21251,34.8,49.33,613,8188,20
2026-08-27T22:06:10Z,5654,9,1309.9,906,5165,325,21238,34.7,45.77,613,8188,20
2026-08-27T22:07:10Z,5714,9,1309.5,904.8,5166,324,21285,34.6,52.07,613,8188,20
2026-08-27T22:08:10Z,5774,9,1306.1,901.7,5164,323,21319,34.5,56.71,613,8188,25
2026-08-27T22:09:11Z,5834,9,1309.2,904.7,5163,324,21325,34.5,59.33,613,8188,23
2026-08-27T22:10:11Z,5894,9,1305.8,901.1,5160,323,21272,34.5,48.85,613,8188,23
2026-08-27T22:11:11Z,5954,9,1306,902,5164,324,21323,34.3,56.16,613,8188,17
2026-08-27T22:12:11Z,6015,9,1306.2,901.9,5164,324,21351,34.4,52.4,613,8188,19
2026-08-27T22:13:11Z,6075,9,1305.8,901.3,5162,324,21402,34.2,57.03,613,8188,18
2026-08-27T22:14:11Z,6135,9,1305.7,900.7,5162,324,21399,34.2,57.99,613,8188,21
2026-08-27T22:15:11Z,6195,9,1306.4,902.2,5160,324,21401,34.2,57.24,613,8188,17
2026-08-27T22:16:12Z,6255,9,1306.8,902.6,5162,324,21399,34.2,57.52,613,8188,20
2026-08-27T22:17:12Z,6315,9,1306.9,902.2,5160,324,21426,34.2,55.78,613,8188,22
2026-08-27T22:18:12Z,6375,9,1307.5,903.2,5162,324,21426,34.2,56.58,613,8188,17
2026-08-27T22:19:12Z,6436,9,1306.9,902.7,5160,323,21431,34.1,58.37,613,8188,20
2026-08-27T22:20:12Z,6496,9,1307.9,903,5162,324,21432,34.1,56.83,613,8188,16
2026-08-27T22:21:12Z,6556,9,1307.5,903,5160,323,21363,34.2,52.17,613,8188,18
2026-08-27T22:22:12Z,6616,9,1307.5,903,5162,324,21353,34.3,50.49,613,8188,20
2026-08-27T22:23:13Z,6676,9,1307.1,903.6,5162,324,21411,34.2,56.72,613,8188,18
2026-08-27T22:24:13Z,6736,9,1305.6,902.4,5160,324,21413,34.2,53.6,614,8188,24
2026-08-27T22:25:13Z,6796,9,1306.8,902.5,5162,324,21409,34.3,58.46,613,8188,21
2026-08-27T22:26:13Z,6857,9,1306.9,903.1,5160,324,21420,34.2,58.3,613,8188,18
2026-08-27T22:27:13Z,6917,9,1307.1,903.3,5162,324,21418,34.2,54.36,613,8188,17
2026-08-27T22:28:13Z,6977,9,1307.8,904,5160,323,21407,34.3,57.68,613,8188,18
2026-08-27T22:29:13Z,7037,9,1307.4,903.3,5162,324,21427,34.2,60.7,613,8188,21
2026-08-27T22:30:14Z,7097,9,1307.1,902.9,5160,323,21426,34.2,55.59,613,8188,19
2026-08-27T22:31:14Z,7157,9,1306.9,902.4,5162,324,21343,34.3,49.76,613,8188,18
2026-08-27T22:32:14Z,7217,9,1300.3,898.3,5172,325,21349,34.2,54.33,613,8188,18
2026-08-27T22:33:14Z,7278,9,1308.3,905.5,5169,325,21401,34.3,56.46,613,8188,18
2026-08-27T22:34:14Z,7338,9,1308.7,905.6,5173,327,21405,34.2,57.8,613,8188,17
2026-08-27T22:35:14Z,7398,9,1308.6,905.9,5171,325,21405,34.2,57.25,613,8188,22
2026-08-27T22:36:14Z,7458,9,1308.8,905.9,5169,325,21478,34,52.2,613,8188,20
2026-08-27T22:37:15Z,7518,9,1308.6,905.7,5167,325,21508,34,54.16,613,8188,21
2026-08-27T22:38:15Z,7578,9,1309.1,906.2,5171,325,21504,34,54.77,613,8188,16
2026-08-27T22:39:15Z,7638,9,1307.6,904.6,5165,325,21500,34,58.15,613,8188,17
2026-08-27T22:40:15Z,7699,9,1307.4,904.2,5165,324,21499,34,57.22,613,8188,18
2026-08-27T22:41:15Z,7759,9,1307.3,904.2,5167,325,21422,34.1,51.88,613,8188,18
2026-08-27T22:42:15Z,7819,9,1306.3,903.2,5167,325,21423,34.1,57.26,613,8188,21
2026-08-27T22:43:16Z,7879,9,1306.3,903.3,5166,324,21491,34,55.8,613,8188,19
2026-08-27T22:44:16Z,7939,9,1306,902.5,5166,324,21497,34,56.15,613,8188,22
2026-08-27T22:45:16Z,7999,9,1307,903.4,5168,324,21496,34,56.44,613,8188,16
2026-08-27T22:46:16Z,8059,9,1310.5,907.3,5166,324,21489,34,56.77,613,8188,20
2026-08-27T22:47:16Z,8120,9,1311,908.2,5168,324,21494,34,58.54,613,8188,17
2026-08-27T22:48:16Z,8180,9,1311.6,908.3,5166,324,21476,34.1,54.45,613,8188,18
2026-08-27T22:49:16Z,8240,9,1309.9,906.3,5164,323,21509,33.9,56.46,613,8188,19
2026-08-27T22:50:17Z,8300,9,1310,907,5164,324,21505,34,57.53,614,8188,20
2026-08-27T22:51:17Z,8360,9,1309.9,906.9,5166,324,21425,34.1,51.63,614,8188,15
2026-08-27T22:52:17Z,8420,9,1306.5,898.4,5166,324,21416,34.1,56.22,611,8188,22
2026-08-27T22:53:17Z,8480,9,1306.8,898.8,5166,324,21496,34,59.67,611,8188,29
2026-08-27T22:54:17Z,8541,9,1306.6,899.1,5172,344,21443,34.2,57.21,611,8188,28
2026-08-27T22:55:17Z,8601,9,1305.3,897.5,5171,325,21459,34.1,60,611,8188,29
2026-08-27T22:56:17Z,8661,9,1305.3,897.3,5171,325,21477,34.0,58.69,611,8188,28
2026-08-27T22:57:18Z,8721,9,1305.8,897.7,5169,325,21458,34.1,61.37,611,8188,25
2026-08-27T22:58:18Z,8781,9,1306.6,898.4,5171,325,21465,34,59.36,611,8188,20
2026-08-27T22:59:18Z,8841,9,1306.2,898.1,5169,325,21475,34,59.03,611,8188,21
2026-08-27T23:00:18Z,8902,9,1306.2,898.4,5173,325,21474,34,55.91,611,8188,23
2026-08-27T23:01:18Z,8962,9,1305.8,897.7,5173,325,21419,34,54.39,611,8188,19
2026-08-27T23:02:18Z,9022,9,1301,892.8,5184,327,21422,34,55.86,610,8188,27
2026-08-27T23:03:18Z,9082,9,1305.7,897.1,5181,327,21479,34,59.78,610,8188,25
2026-08-27T23:04:19Z,9142,9,1306.3,897.8,5181,327,21453,34,57.22,610,8188,26
2026-08-27T23:05:19Z,9202,9,1307,898.5,5185,327,21480,34,59.77,610,8188,27
2026-08-27T23:06:19Z,9262,9,1306.2,897.5,5181,327,21484,34,61.32,610,8188,23
2026-08-27T23:07:19Z,9323,9,1307,898.2,5183,327,21478,34,59.44,610,8188,27
2026-08-27T23:08:19Z,9383,9,1306.8,898.1,5181,327,21472,34,57.56,610,8188,24
2026-08-27T23:09:19Z,9443,9,1306.9,898.3,5179,327,21475,34,62.06,610,8188,26
2026-08-27T23:10:19Z,9503,9,1306.7,898,5174,324,21472,34,57.56,610,8188,20
2026-08-27T23:11:20Z,9563,9,1306.3,897.4,5178,326,21414,34.1,51.3,610,8188,18
2026-08-27T23:12:20Z,9623,9,1307,898.4,5178,326,21434,34,57.49,610,8188,19
2026-08-27T23:13:20Z,9683,9,1306.9,898.1,5178,326,21500,34,54.74,610,8188,19
2026-08-27T23:14:20Z,9744,9,1307.4,898.7,5178,326,21443,34.1,56.38,610,8188,23
2026-08-27T23:15:20Z,9804,9,1307.7,899.1,5176,326,21482,34,61.29,610,8188,21
2026-08-27T23:16:20Z,9864,9,1306.3,897.6,5178,326,21460,34,58.77,610,8188,18
2026-08-27T23:17:20Z,9924,9,1307.3,898.8,5176,326,21478,34,57.48,610,8188,22
2026-08-27T23:18:21Z,9984,9,1307.2,898.5,5178,326,21473,34,59.65,610,8188,19
2026-08-27T23:19:21Z,10044,9,1308.1,899.8,5174,324,21461,34,58.32,610,8188,22
2026-08-27T23:20:21Z,10104,9,1307.2,899.5,5181,327,21465,34,58.72,610,8188,24
2026-08-27T23:21:21Z,10165,9,1306.9,899.2,5181,327,21387,34.1,52.22,610,8188,23
2026-08-27T23:22:21Z,10225,9,1308,900.1,5181,327,21382,34.2,55.26,610,8188,19
2026-08-27T23:23:21Z,10285,9,1308.1,899.9,5181,327,21456,34.1,55.51,610,8188,21
2026-08-27T23:24:21Z,10345,9,1308.3,900.3,5182,327,21486,34,59.5,610,8188,24
2026-08-27T23:25:22Z,10405,9,1308.8,900.7,5180,326,21493,34,59.08,610,8188,21
2026-08-27T23:26:22Z,10465,9,1306.6,898.5,5178,326,21489,34,57.54,610,8188,18
2026-08-27T23:27:22Z,10525,9,1307.4,898.8,5180,326,21487,34,59.53,610,8188,19
2026-08-27T23:28:22Z,10586,9,1307.7,899.1,5176,325,21485,34,57.68,610,8188,18
2026-08-27T23:29:22Z,10646,9,1307.7,899.3,5180,326,21486,34,59.46,610,8188,21
2026-08-27T23:30:22Z,10706,9,1308.5,899.9,5180,326,21487,34,58.71,610,8188,23
2026-08-27T23:31:22Z,10766,9,1308.5,900.2,5166,326,21354,34.3,53.21,610,8188,23
2026-08-27T23:32:23Z,10826,9,1305.8,898.7,5171,327,21411,34.1,59.55,611,8188,21
2026-08-27T23:33:23Z,10886,9,1309.4,901.7,5173,329,21391,34.1,56.95,611,8188,20
2026-08-27T23:34:23Z,10946,9,1309.9,902.5,5173,329,21453,34.1,60.49,611,8188,25
2026-08-27T23:35:23Z,11007,9,1310.3,902.6,5171,327,21460,34.1,56.22,611,8188,24
2026-08-27T23:36:23Z,11067,9,1310.2,902.6,5173,327,21486,34,58.38,611,8188,20
2026-08-27T23:37:23Z,11127,9,1310.9,903.2,5166,325,21492,34,61.24,611,8188,19
2026-08-27T23:38:23Z,11187,9,1309.6,901.8,5173,327,21487,34,53.63,611,8188,20
2026-08-27T23:39:24Z,11247,9,1309.6,902.4,5173,328,21480,34,58.12,611,8188,18
2026-08-27T23:40:24Z,11307,9,1309.7,902.4,5177,329,21472,34,58.88,611,8188,21
2026-08-27T23:41:24Z,11367,9,1310,902.7,5179,329,21335,34.3,54.58,611,8188,20
2026-08-27T23:42:24Z,11428,9,1309.4,902.2,5179,329,21381,34.2,57.96,611,8188,20
2026-08-27T23:43:24Z,11488,9,1308.9,901.3,5179,329,21422,34,57.95,611,8188,20
2026-08-27T23:44:24Z,11548,9,1309.4,901.9,5179,329,21495,34,57.48,611,8188,22
2026-08-27T23:45:24Z,11608,9,1309.3,901.7,5181,329,21492,34,58.72,611,8188,20
2026-08-27T23:46:25Z,11668,9,1309.8,902.1,5177,328,21474,34,57.96,611,8188,20
2026-08-27T23:47:25Z,11728,9,1310.5,902.9,5181,329,21489,34,61.81,611,8188,22
2026-08-27T23:48:25Z,11788,9,1308.8,901,5179,328,21480,34,54.69,611,8188,21
2026-08-27T23:49:25Z,11849,9,1309.7,901.8,5181,328,21484,34,62.29,611,8188,23
2026-08-27T23:50:25Z,11909,9,1309.7,902.3,5184,329,21485,34,59.29,611,8188,23
2026-08-27T23:51:25Z,11969,9,1308.7,901.2,5185,329,21343,34.3,53.91,611,8188,18
2026-08-27T23:52:25Z,12029,9,1310,902.7,5185,329,21382,34.1,53.38,611,8188,25
2026-08-27T23:53:26Z,12089,9,1309.5,901.9,5183,329,21389,34.1,58.64,611,8188,25
2026-08-27T23:54:26Z,12149,9,1310.6,903.1,5184,328,21457,34.1,59.16,611,8188,27
2026-08-27T23:55:26Z,12209,9,1310.5,903.2,5182,328,21467,34,61.3,611,8188,26
2026-08-27T23:56:26Z,12270,9,1310.7,903,5184,328,21479,34,60.04,611,8188,24
2026-08-27T23:57:26Z,12330,9,1311.3,903.9,5182,328,21481,34,60.01,611,8188,22
2026-08-27T23:58:26Z,12390,9,1309.3,901.7,5180,327,21487,34,55.82,611,8188,19
2026-08-27T23:59:26Z,12450,9,1309.3,901.9,5182,328,21486,34,58.26,611,8188,23
2026-08-28T00:00:27Z,12510,9,1309.6,902.2,5182,328,21487,34,57.01,611,8188,21
2026-08-28T00:01:27Z,12570,9,1310.1,902.9,5182,328,21356,34.3,55.35,611,8188,23
2026-08-28T00:02:27Z,12630,9,1306.5,898.4,5187,329,21412,34.1,58.57,611,8188,17
2026-08-28T00:03:27Z,12691,9,1310.7,902.9,5187,329,21357,34.2,57.68,611,8188,18
2026-08-28T00:04:27Z,12751,9,1311,903.1,5187,329,21434,34.1,58.97,611,8188,19
2026-08-28T00:05:27Z,12811,9,1311.6,903.5,5189,329,21458,34,55.63,611,8188,21
2026-08-28T00:06:28Z,12871,9,1310.3,902.2,5187,329,21436,34.1,55.34,611,8188,23
2026-08-28T00:07:28Z,12931,9,1311,902.5,5186,328,21449,34.1,57.06,611,8188,19
2026-08-28T00:08:28Z,12991,9,1310.7,902.3,5180,327,21492,34,56.99,611,8188,23
2026-08-28T00:09:28Z,13051,9,1311.1,902.5,5182,328,21494,34,60.3,611,8188,17
2026-08-28T00:10:28Z,13112,9,1311.5,903.2,5182,328,21495,34,60.58,611,8188,22
2026-08-28T00:11:28Z,13172,9,1311.6,903.1,5182,328,21356,34.3,54.39,611,8188,23
2026-08-28T00:12:28Z,13232,9,1311.7,903.1,5182,328,21409,34.1,57,611,8188,23
2026-08-28T00:13:29Z,13292,9,1311.4,903.1,5182,328,21417,34.1,56.84,611,8188,21
2026-08-28T00:14:29Z,13352,9,1311,902.6,5184,328,21480,34,56.26,611,8188,21
2026-08-28T00:15:29Z,13412,9,1311.5,903.1,5184,329,21425,34.1,57.69,611,8188,22
2026-08-28T00:16:29Z,13473,9,1311.2,902.7,5182,328,21440,34.1,63.15,611,8188,18
2026-08-28T00:17:29Z,13533,9,1311.2,902.7,5180,327,21441,34.1,59,611,8188,18
2026-08-28T00:18:29Z,13593,9,1310,901.5,5182,328,21397,34.2,57.21,611,8188,18
2026-08-28T00:19:30Z,13653,9,1310.2,901.6,5184,328,21432,34.1,53.98,611,8188,24
2026-08-28T00:20:30Z,13713,9,1310.7,902.3,5184,328,21467,34,58.64,611,8188,20
2026-08-28T00:21:30Z,13773,9,1309.3,900.7,5185,329,21336,34.3,56.93,611,8188,20
2026-08-28T00:22:30Z,13834,9,1310,901.7,5183,329,21379,34.1,53.4,611,8188,18
2026-08-28T00:23:30Z,13894,9,1310.3,901.9,5185,329,21384,34.1,59.03,611,8188,19
2026-08-28T00:24:30Z,13954,9,1309.7,901.3,5183,329,21449,34.1,56.61,611,8188,23
2026-08-28T00:25:30Z,14014,9,1310.4,902.3,5185,329,21459,34,60.18,611,8188,21
2026-08-28T00:26:31Z,14074,9,1309.7,901.1,5182,327,21456,34.1,60.5,611,8188,20
2026-08-28T00:27:31Z,14134,9,1310.3,902.2,5184,328,21452,34.1,59.6,611,8188,19
2026-08-28T00:28:31Z,14194,9,1310.3,902.1,5184,327,21451,34.1,58.17,611,8188,17
2026-08-28T00:29:31Z,14255,9,1310,901.9,5186,328,21449,34.1,55.56,611,8188,21
2026-08-28T00:30:31Z,14315,9,1311,903.2,5184,328,21442,34.1,59.99,611,8188,18
2026-08-28T00:31:31Z,14375,9,1310.7,902.4,5186,328,21307,34.4,56.5,611,8188,23
2026-08-28T00:32:31Z,14435,9,1308.7,900,5191,329,21405,34.1,55.39,610,8188,27
2026-08-28T00:33:32Z,14495,9,1311.5,903,5191,331,21372,34.2,60.57,610,8188,30
2026-08-28T00:34:32Z,14555,9,1311.6,903,5195,331,21440,34.1,57,610,8188,28
2026-08-28T00:35:32Z,14615,9,1311.5,902.9,5192,330,21456,34,62.09,610,8188,26
2026-08-28T00:36:32Z,14676,9,1315.6,907.3,5192,329,21428,34.1,61.53,610,8188,26
2026-08-28T00:37:32Z,14736,9,1312,903.4,5187,327,21453,34.1,56.31,610,8188,19
2026-08-28T00:38:32Z,14796,9,1310.4,902.3,5190,329,21464,34,60.38,610,8188,20
2026-08-28T00:39:32Z,14856,9,1311,902.8,5192,331,21445,34.1,56.66,610,8188,22
2026-08-28T00:40:33Z,14916,9,1311.4,903.4,5194,331,21449,34.1,61.44,610,8188,26
2026-08-28T00:41:33Z,14976,9,1310.9,902.9,5190,329,21448,34.1,58.53,610,8188,21
2026-08-28T00:42:33Z,15036,9,1311.5,903.2,5186,329,21374,34.2,50.53,610,8188,19
2026-08-28T00:43:33Z,15097,9,1311.4,903,5187,328,21374,34.2,57.81,610,8188,19
2026-08-28T00:44:33Z,15157,9,1311.1,903.3,5185,328,21470,34,58.51,610,8188,20
2026-08-28T00:45:33Z,15217,9,1311,903,5187,328,21474,34,58.68,610,8188,24
2026-08-28T00:46:34Z,15277,9,1311.7,903.5,5185,327,21471,34,59.62,610,8188,21
2026-08-28T00:47:34Z,15337,9,1312.1,904.2,5187,328,21358,34.3,54.01,610,8188,18
2026-08-28T00:48:34Z,15397,9,1311.8,903.5,5187,328,21348,34.3,59.92,610,8188,18
2026-08-28T00:49:34Z,15458,9,1311.3,903.4,5187,328,21421,34.1,54.3,610,8188,16
2026-08-28T00:50:34Z,15518,9,1311.3,903,5187,328,21427,34.1,57.48,610,8188,23
2026-08-28T00:51:34Z,15578,9,1311.6,903.4,5185,328,21435,34.1,58.72,610,8188,21
2026-08-28T00:52:34Z,15638,9,1312.2,906.5,5189,328,21324,34.3,52.48,613,8188,27
2026-08-28T00:53:35Z,15698,9,1316.5,910.7,5185,328,21338,34.2,62.12,613,8188,23
2026-08-28T00:54:35Z,15758,9,1312.5,906.9,5187,328,21411,34.2,57,613,8188,26
2026-08-28T00:55:35Z,15818,9,1313.4,907.6,5185,327,21418,34.1,60.74,613,8188,26
2026-08-28T00:56:35Z,15879,9,1313,907.4,5190,329,21415,34.2,60.61,613,8188,28
2026-08-28T00:57:35Z,15939,9,1311.6,906.1,5188,328,21423,34.1,62.76,613,8188,26
2026-08-28T00:58:35Z,15999,9,1311.5,906.1,5192,329,21422,34.1,61.52,613,8188,25
2026-08-28T00:59:35Z,16059,9,1312.4,907.1,5194,329,21444,34.1,57.47,613,8188,25
2026-08-28T01:00:36Z,16119,9,1311.9,906.6,5190,329,21444,34.1,62.33,613,8188,23
2026-08-28T01:01:36Z,16179,9,1315.9,911,5194,329,21438,34.1,58.69,613,8188,23
2026-08-28T01:02:36Z,16239,9,1314.4,910.3,5196,329,21352,34.2,51.56,613,8188,23
2026-08-28T01:03:36Z,16300,9,1312.4,907.4,5198,329,21346,34.2,58.38,613,8188,24
2026-08-28T01:04:36Z,16360,9,1312.7,907.3,5196,329,21404,34.2,56.41,613,8188,25
2026-08-28T01:05:36Z,16420,9,1311.3,905.8,5198,329,21418,34.1,58.13,613,8188,20
2026-08-28T01:06:37Z,16480,9,1311.6,906.4,5196,328,21414,34.2,60.28,614,8188,16
2026-08-28T01:07:37Z,16540,9,1311.3,905.9,5200,329,21411,34.2,57.43,613,8188,19
2026-08-28T01:08:37Z,16600,9,1310.7,905.8,5196,329,21444,34.1,56.51,614,8188,16
2026-08-28T01:09:37Z,16660,9,1311.5,906.2,5194,329,21435,34.1,55.65,614,8188,17
2026-08-28T01:10:37Z,16721,9,1311.7,906.2,5194,329,21434,34.1,59.79,613,8188,20
2026-08-28T01:11:37Z,16781,9,1312.5,907,5192,329,21432,34.1,57.6,613,8188,16
2026-08-28T01:12:37Z,16841,9,1312.6,907,5195,328,21298,34.4,50.85,613,8188,14
2026-08-28T01:13:38Z,16901,9,1311.7,906.3,5171,328,21318,34.3,57.42,613,8188,21
2026-08-28T01:14:38Z,16961,9,1312.3,906.4,5173,328,21408,34.2,58.09,613,8188,20
2026-08-28T01:15:38Z,17021,9,1312.4,907.7,5171,327,21396,34.2,57.84,614,8188,22
2026-08-28T01:16:38Z,17081,9,1312.1,906.8,5173,328,21399,34.2,56.56,613,8188,27
2026-08-28T01:17:38Z,17142,9,1310.9,905.6,5173,328,21401,34.1,52.83,613,8188,17
2026-08-28T01:18:38Z,17202,9,1311.6,906.5,5173,328,21390,34.2,59.32,613,8188,16
2026-08-28T01:19:38Z,17262,9,1311.7,906.4,5175,328,21397,34.2,56.09,613,8188,23
2026-08-28T01:20:38Z,17322,9,1316,911,5173,328,21385,34.2,56.95,614,8188,21
2026-08-28T01:21:39Z,17382,9,1312.1,907.2,5175,328,21423,34.1,56.16,613,8188,19
2026-08-28T01:22:39Z,17442,9,1312.4,907.1,5174,329,21325,34.2,51.25,613,8188,19
2026-08-28T01:23:39Z,17503,9,1311.7,906.3,5176,329,21319,34.3,56.42,613,8188,17
2026-08-28T01:24:39Z,17563,9,1312.4,907.6,5174,328,21394,34.2,57.95,613,8188,20
2026-08-28T01:25:39Z,17623,9,1312.2,906.7,5176,329,21404,34.1,55.97,613,8188,19
2026-08-28T01:26:39Z,17683,9,1311.9,906.5,5176,336,21397,34.2,56.61,613,8188,19
2026-08-28T01:27:40Z,17743,9,1316.3,910.9,5175,335,21390,34.2,56.96,613,8188,23
2026-08-28T01:28:40Z,17803,9,1316.5,911.4,5175,328,21397,34.2,58.27,613,8188,18
2026-08-28T01:29:40Z,17863,9,1317.3,912.4,5177,328,21389,34.2,53.58,614,8188,19
2026-08-28T01:30:40Z,17923,9,1312.1,906.4,5173,328,21396,34.2,56.21,613,8188,17
2026-08-28T01:31:40Z,17984,9,1312.6,907.3,5177,328,21406,34.1,54.69,613,8188,17
2026-08-28T01:32:40Z,18044,9,1315.6,910.8,5182,331,21315,34.3,53.66,616,8188,23
2026-08-28T01:33:40Z,18104,9,1312.1,906.2,5186,331,21341,34.3,53,613,8188,22
2026-08-28T01:34:41Z,18164,9,1313.3,907.6,5180,328,21422,34.1,59.48,613,8188,22
2026-08-28T01:35:41Z,18224,9,1313.3,907.5,5182,329,21426,34.1,54.65,613,8188,19
2026-08-28T01:36:41Z,18284,9,1312.9,907.4,5180,328,21423,34.1,57.6,613,8188,19
2026-08-28T01:37:41Z,18345,9,1313.1,907.9,5184,329,21414,34.2,57.59,614,8188,19
2026-08-28T01:38:41Z,18405,9,1312.8,907.2,5180,329,21431,34.1,59.83,613,8188,16
2026-08-28T01:39:41Z,18465,9,1313.6,907.6,5178,329,21427,34.1,58.14,613,8188,19
2026-08-28T01:40:41Z,18525,9,1313.3,908,5180,329,21423,34.1,58.72,614,8188,18
2026-08-28T01:41:42Z,18585,9,1313.3,908,5178,329,21420,34.1,58.62,614,8188,20
2026-08-28T01:42:42Z,18645,9,1313.1,907,5179,328,21350,34.2,51.04,613,8188,20
2026-08-28T01:43:42Z,18705,9,1313.1,908,5177,327,21340,34.2,48.88,613,8188,17
2026-08-28T01:44:42Z,18766,9,1313.8,907.7,5179,328,21419,34.1,51.15,613,8188,18
2026-08-28T01:45:42Z,18826,9,1313,906.6,5177,327,21443,34.1,50.76,613,8188,25
2026-08-28T01:46:42Z,18886,9,1317.7,912,5179,328,21434,34.1,52.13,614,8188,22
2026-08-28T01:47:43Z,18946,9,1312.6,906.8,5179,328,21424,34.1,51.2,613,8188,18
2026-08-28T01:48:43Z,19006,9,1313.1,907.6,5175,328,21422,34.1,51.49,614,8188,19
2026-08-28T01:49:43Z,19066,9,1313.2,907.3,5177,328,21429,34.1,53.26,613,8188,18
2026-08-28T01:50:43Z,19126,9,1312.4,906.1,5175,328,21427,34.1,47.93,613,8188,21
2026-08-28T01:51:43Z,19187,9,1313.1,907.7,5177,328,21424,34.1,57.45,614,8188,21
2026-08-28T01:52:43Z,19247,9,1312.4,906.9,5177,327,21330,34.2,53.93,613,8188,18
2026-08-28T01:53:43Z,19307,9,1315.8,911.1,5180,329,21332,34.3,56.41,613,8188,23
2026-08-28T01:54:44Z,19367,9,1312.3,908.4,5178,328,21411,34.2,56.9,613,8188,19
2026-08-28T01:55:44Z,19427,9,1311.1,906,5180,329,21413,34.1,48.24,613,8188,21
2026-08-28T01:56:44Z,19487,9,1312.5,907.7,5176,327,21412,34.1,50.77,613,8188,23
2026-08-28T01:57:44Z,19547,9,1312.5,907.7,5182,329,21440,34.1,49.41,613,8188,17
2026-08-28T01:58:44Z,19608,9,1311.6,906.6,5182,329,21438,34.1,58.07,613,8188,17
2026-08-28T01:59:44Z,19668,9,1312.2,907.2,5180,329,21438,34.1,57.35,613,8188,21
2026-08-28T02:00:44Z,19728,9,1311.3,907,5184,329,21433,34.1,56.68,613,8188,22
2026-08-28T02:01:44Z,19788,9,1312.1,907.7,5182,329,21434,34.1,57.69,614,8188,23
2026-08-28T02:02:45Z,19848,9,1314.7,910.6,5186,329,21349,34.2,50.99,614,8188,19
2026-08-28T02:03:45Z,19908,9,1315.4,911,5184,329,21331,34.3,52.74,614,8188,18
2026-08-28T02:04:45Z,19968,9,1313,908.1,5188,329,21398,34.2,54.84,613,8188,19
2026-08-28T02:05:45Z,20029,9,1312.6,908.2,5182,328,21408,34.2,52.82,613,8188,22
2026-08-28T02:06:45Z,20089,9,1312.1,907.4,5188,329,21408,34.1,52.43,613,8188,20
2026-08-28T02:07:45Z,20149,9,1312.2,907.2,5189,329,21415,34.2,55.15,613,8188,18
2026-08-28T02:08:45Z,20209,9,1312.5,908.4,5184,329,21412,34.2,57.49,614,8188,18
2026-08-28T02:09:46Z,20269,9,1312.9,908.2,5184,329,21403,34.2,57.11,613,8188,21
2026-08-28T02:10:46Z,20329,9,1312.4,907.7,5184,329,21431,34.1,55.81,613,8188,18
2026-08-28T02:11:46Z,20389,9,1313.1,908.8,5184,329,21430,34.1,58.26,613,8188,21
2026-08-28T02:12:46Z,20450,9,1312.9,908.4,5181,328,21339,34.2,50.63,613,8188,17
2026-08-28T02:13:46Z,20510,9,1313.8,909.3,5186,329,21340,34.2,55.99,613,8188,18
2026-08-28T02:14:46Z,20570,9,1312.7,908.3,5182,328,21419,34.1,58.76,613,8188,17
2026-08-28T02:15:46Z,20630,9,1311.5,906.7,5186,329,21367,34.3,53.86,613,8188,22
2026-08-28T02:16:47Z,20690,9,1311.4,906.2,5186,329,21405,34.2,60.23,613,8188,19
2026-08-28T02:17:47Z,20750,9,1311.4,906.4,5186,329,21404,34.2,57.61,613,8188,21
2026-08-28T02:18:47Z,20810,9,1312.6,907.9,5186,329,21400,34.2,57.79,614,8188,20
2026-08-28T02:19:47Z,20871,9,1313,907.7,5186,329,21400,34.2,55,613,8188,18
2026-08-28T02:20:47Z,20931,9,1313.8,908.8,5186,329,21400,34.2,56.31,613,8188,21
2026-08-28T02:21:47Z,20991,9,1314.2,909.4,5184,329,21403,34.2,58.2,613,8188,23
2026-08-28T02:22:47Z,21051,9,1314.2,908.2,5186,329,21352,34.2,50.12,614,8188,26
2026-08-28T02:23:48Z,21111,9,1314.8,908.9,5183,328,21339,34.2,60,614,8188,25
2026-08-28T02:24:48Z,21171,9,1313.6,907.7,5188,329,21421,34.1,60.04,614,8188,25
2026-08-28T02:25:48Z,21231,9,1314,908,5182,328,21381,34.3,58.09,614,8188,25
2026-08-28T02:26:48Z,21292,9,1313.9,907.9,5184,329,21414,34.2,62.4,614,8188,23
2026-08-28T02:27:48Z,21352,9,1313.9,907.6,5184,329,21417,34.1,60.32,614,8188,18
2026-08-28T02:28:48Z,21412,9,1314.5,908.3,5184,329,21417,34.1,59.79,614,8188,18
2026-08-28T02:29:48Z,21472,9,1313.9,907.5,5183,328,21415,34.2,58.79,614,8188,18
2026-08-28T02:30:49Z,21532,9,1314.4,909.2,5183,328,21414,34.1,59.09,615,8188,21
2026-08-28T02:31:49Z,21592,9,1323.3,918,5194,329,21404,34.2,57.48,613,8188,16
2026-08-28T02:32:49Z,21652,9,1322.4,916,5201,329,21320,34.3,51.74,615,8188,18
2026-08-28T02:33:49Z,21713,9,1321.4,914.9,5208,331,21309,34.4,57.14,615,8188,18
2026-08-28T02:34:49Z,21773,9,1321.8,915.6,5203,329,21388,34.2,58.89,615,8188,17
2026-08-28T02:35:49Z,21833,9,1322.3,915.9,5201,328,21400,34.2,58.71,615,8188,20
2026-08-28T02:36:49Z,21893,9,1321.8,916.5,5203,329,21415,34.2,59.8,615,8188,16
2026-08-28T02:37:50Z,21953,9,1322.4,916.1,5203,329,21411,34.2,58.55,615,8188,18
2026-08-28T02:38:50Z,22013,9,1321.1,916,5200,328,21411,34.2,58.19,616,8188,13
2026-08-28T02:39:50Z,22073,9,1321.7,915.2,5198,328,21406,34.2,58.69,615,8188,17
2026-08-28T02:40:50Z,22134,9,1322.2,915.6,5198,328,21394,34.2,57.01,615,8188,21
2026-08-28T02:41:50Z,22194,9,1321.4,914.6,5196,328,21401,34.2,58.13,615,8188,21
2026-08-28T02:42:50Z,22254,9,1322.1,916.5,5198,328,21341,34.2,51.48,616,8188,18
2026-08-28T02:43:51Z,22314,9,1321.8,916.6,5199,329,21341,34.2,59.43,615,8188,18
2026-08-28T02:44:51Z,22374,9,1321.7,915.2,5199,328,21417,34.1,62.53,615,8188,14
2026-08-28T02:45:51Z,22434,9,1322.8,916.8,5205,331,21398,34.2,56.9,615,8188,16
2026-08-28T02:46:51Z,22495,9,1322.8,916.8,5204,331,21401,34.2,57.97,615,8188,17
2026-08-28T02:47:51Z,22555,9,1323.4,917.4,5204,330,21399,34.2,57.33,615,8188,19
2026-08-28T02:48:51Z,22615,9,1323.6,917.2,5202,331,21389,34.2,61.28,615,8188,19
2026-08-28T02:49:51Z,22675,9,1322.9,916.6,5180,331,21397,34.2,60.37,615,8188,22
2026-08-28T02:50:52Z,22735,9,1322.5,916.3,5175,328,21388,34.2,56.73,615,8188,24
2026-08-28T02:51:52Z,22795,9,1322.6,916.4,5177,328,21388,34.2,61.3,615,8188,16
2026-08-28T02:52:52Z,22855,9,1318.8,913,5180,329,21316,34.3,52.1,615,8188,21
2026-08-28T02:53:52Z,22916,9,1318.7,912.7,5180,330,21312,34.3,56.63,615,8188,19
2026-08-28T02:54:52Z,22976,9,1319.4,913.6,5178,328,21418,34.1,59.25,615,8188,16
2026-08-28T02:55:52Z,23036,9,1319,913.1,5180,329,21421,34.1,55.64,615,8188,23
2026-08-28T02:56:53Z,23096,9,1319.4,913.5,5180,329,21414,34.1,61.66,615,8188,19
2026-08-28T02:57:53Z,23156,9,1320.2,914.6,5179,328,21400,34.2,58.12,615,8188,20
2026-08-28T02:58:53Z,23216,9,1319.9,915.1,5179,328,21405,34.1,60.78,616,8188,18
2026-08-28T02:59:53Z,23277,9,1319.9,914.1,5177,328,21406,34.1,59.11,615,8188,19
2026-08-28T03:00:53Z,23337,9,1320.2,914.2,5179,328,21398,34.1,60.56,615,8188,22
2026-08-28T03:01:53Z,23397,9,1322.1,916.3,5187,329,21392,34.2,55.06,615,8188,17
2026-08-28T03:02:53Z,23457,9,1320.6,914.6,5188,330,21303,34.3,52.81,615,8188,20
2026-08-28T03:03:54Z,23517,9,1320.4,914.4,5186,330,21304,34.3,58.69,615,8188,19
2026-08-28T03:04:54Z,23577,9,1320.5,914.4,5188,329,21368,34.3,58.26,615,8188,23
2026-08-28T03:05:54Z,23637,9,1319.8,913.8,5188,329,21391,34.2,57.99,615,8188,18
2026-08-28T03:06:54Z,23698,9,1319.5,913.5,5188,329,21387,34.2,59.19,615,8188,20
2026-08-28T03:07:54Z,23758,9,1320.3,915.2,5185,328,21430,34.1,54.51,615,8188,18
2026-08-28T03:08:54Z,23818,9,1317.3,912.2,5171,329,21422,34.1,59.45,614,8188,21
2026-08-28T03:09:55Z,23878,9,1317.5,911.1,5171,329,21400,34.2,57.44,613,8188,20
2026-08-28T03:10:55Z,23938,9,1317.4,910.8,5169,329,21410,34.2,59.71,613,8188,21
2026-08-28T03:11:55Z,23998,9,1317.7,911.6,5173,336,21348,34.3,56.2,613,8188,18
2026-08-28T03:12:55Z,24058,9,1318.7,912.1,5171,329,21318,34.3,51.3,613,8188,18
2026-08-28T03:13:55Z,24119,9,1318,911.1,5176,329,21349,34.2,60.38,613,8188,21
2026-08-28T03:14:55Z,24179,9,1318.6,911.9,5171,327,21418,34.1,59.53,613,8188,16
2026-08-28T03:15:55Z,24239,9,1317.4,911.1,5175,329,21420,34.1,59.33,613,8188,18
2026-08-28T03:16:56Z,24299,9,1317.8,911.1,5175,329,21419,34.1,58.12,613,8188,15
2026-08-28T03:17:56Z,24359,9,1318.6,913.6,5175,329,21420,34.1,60.01,614,8188,17
2026-08-28T03:18:56Z,24419,9,1317.7,911.3,5174,328,21432,34.1,60.88,613,8188,21
2026-08-28T03:19:56Z,24480,9,1318.4,911.9,5172,328,21444,34.1,58.59,613,8188,20
2026-08-28T03:20:56Z,24540,9,1318.4,911.9,5174,328,21433,34.1,60.84,613,8188,19
2026-08-28T03:21:56Z,24600,9,1318.2,911.5,5175,329,21430,34.1,59.18,613,8188,18
2026-08-28T03:22:56Z,24660,9,1318.7,912.5,5177,329,21328,34.2,50.56,613,8188,24
2026-08-28T03:23:57Z,24720,9,1318.5,912,5173,327,21332,34.2,58.97,613,8188,24
2026-08-28T03:24:57Z,24780,9,1319.6,912.8,5177,329,21411,34.1,59.7,613,8188,26
2026-08-28T03:25:57Z,24840,9,1318.7,911.7,5177,329,21385,34.2,55.88,613,8188,20
2026-08-28T03:26:57Z,24901,9,1319.1,912.7,5179,329,21411,34.1,56.44,613,8188,19
2026-08-28T03:27:57Z,24961,9,1319.6,912.6,5179,329,21408,34.2,59.8,613,8188,20
2026-08-28T03:28:57Z,25021,9,1318.7,911.9,5177,329,21410,34.1,58.07,613,8188,21
2026-08-28T03:29:57Z,25081,9,1319.1,912.4,5179,329,21405,34.1,56.3,613,8188,22
2026-08-28T03:30:58Z,25141,9,1318.2,911.1,5179,329,21411,34.1,57.93,613,8188,13
2026-08-28T03:31:58Z,25201,9,1321.3,915.7,5190,329,21429,34.1,54.27,613,8188,25
2026-08-28T03:32:58Z,25261,9,1319.7,914.1,5187,330,21339,34.2,51.38,613,8188,22
2026-08-28T03:33:58Z,25322,9,1319.8,914.7,5187,330,21328,34.3,56.61,614,8188,22
2026-08-28T03:34:58Z,25382,9,1317.8,912.5,5189,330,21416,34.1,58.08,613,8188,19
2026-08-28T03:35:58Z,25442,9,1317.3,912.5,5187,329,21414,34.1,58.25,614,8188,22
2026-08-28T03:36:59Z,25502,9,1317.6,912.6,5186,328,21420,34.1,57.46,614,8188,22
2026-08-28T03:37:59Z,25562,9,1318.8,913.8,5186,328,21413,34.1,56.81,613,8188,17
2026-08-28T03:38:59Z,25622,9,1322.4,917.5,5182,328,21414,34.1,57.45,614,8188,22
2026-08-28T03:39:59Z,25682,9,1322.9,917.5,5180,328,21395,34.2,57.84,613,8188,19
2026-08-28T03:40:59Z,25743,9,1322.8,917.5,5185,329,21402,34.1,59.43,613,8188,16
2026-08-28T03:41:59Z,25803,9,1323,917.5,5183,329,21410,34.2,56.16,613,8188,20
2026-08-28T03:42:59Z,25863,9,1319.1,913.7,5183,329,21326,34.3,48.04,613,8188,20
2026-08-28T03:44:00Z,25923,9,1318.5,913.3,5183,328,21358,34.2,54.44,613,8188,21
2026-08-28T03:45:00Z,25983,9,1318.8,913.5,5187,329,21430,34.1,58.33,613,8188,18
2026-08-28T03:46:00Z,26043,9,1318.3,913.2,5187,329,21422,34.1,57.85,613,8188,17
2026-08-28T03:47:00Z,26104,9,1318.9,913.6,5185,329,21427,34.1,55.35,613,8188,19
2026-08-28T03:48:00Z,26164,9,1318.3,913.6,5187,329,21429,34.1,56.76,613,8188,16
2026-08-28T03:49:00Z,26224,9,1318.1,913.4,5185,329,21410,34.2,58.22,614,8188,16
2026-08-28T03:50:00Z,26284,9,1318.2,912.8,5189,329,21414,34.1,55.33,613,8188,21
2026-08-28T03:51:01Z,26344,9,1318.2,913.4,5185,329,21412,34.1,58.81,614,8188,18
2026-08-28T03:52:01Z,26404,9,1318.5,913.7,5187,329,21409,34.1,55,613,8188,19
2026-08-28T03:53:01Z,26464,9,1317.6,912.7,5185,328,21311,34.3,51.24,613,8188,21
2026-08-28T03:54:01Z,26525,9,1321.5,916.6,5187,329,21312,34.3,58.54,614,8188,21
2026-08-28T03:55:01Z,26585,9,1322.6,917.2,5186,328,21395,34.2,59.52,613,8188,17
2026-08-28T03:56:01Z,26645,9,1318.1,913,5191,329,21407,34.1,57.62,613,8188,18
2026-08-28T03:57:01Z,26705,9,1318.5,912.9,5191,329,21448,34.1,51.27,613,8188,20
2026-08-28T03:58:02Z,26765,9,1317.3,912,5189,329,21451,34.1,55.23,613,8188,19
2026-08-28T03:59:02Z,26825,9,1317.6,911.9,5189,329,21441,34.1,59.8,613,8188,19
2026-08-28T04:00:02Z,26885,9,1318.4,912.7,5187,329,21438,34.1,55.79,613,8188,18
2026-08-28T04:01:02Z,26946,9,1318.4,913.1,5188,328,21436,34.1,56.99,613,8188,18
2026-08-28T04:02:02Z,27006,9,1321.7,914.8,5194,328,21428,34.1,56.62,613,8188,17
2026-08-28T04:03:02Z,27066,9,1318.8,912.2,5193,329,21346,34.2,50.72,613,8188,15
2026-08-28T04:04:03Z,27126,9,1318.2,911.4,5193,329,21342,34.3,57.88,613,8188,20
2026-08-28T04:05:03Z,27186,9,1317.8,911,5195,329,21397,34.2,55.49,613,8188,21
2026-08-28T04:06:03Z,27246,9,1318.2,911.2,5195,329,21415,34.2,53.81,613,8188,20
2026-08-28T04:07:03Z,27307,9,1322.4,915.6,5192,328,21402,34.2,57.29,613,8188,18
2026-08-28T04:08:03Z,27367,9,1321.9,914.9,5194,328,21400,34.2,55.23,613,8188,18
2026-08-28T04:09:03Z,27427,9,1321.7,914.9,5188,328,21400,34.2,58.59,613,8188,19
2026-08-28T04:10:03Z,27487,9,1317.4,910.6,5191,328,21426,34.1,57.55,613,8188,17
2026-08-28T04:11:04Z,27547,9,1316.4,909.5,5189,327,21420,34.1,58.28,613,8188,19
2026-08-28T04:12:04Z,27607,9,1317.5,910.5,5189,328,21408,34.2,55.27,613,8188,18
2026-08-28T04:13:04Z,27667,9,1317.4,911.2,5187,327,21321,34.3,48.15,613,8188,21
2026-08-28T04:14:04Z,27728,9,1317.7,911.4,5189,328,21322,34.3,53.58,613,8188,21
2026-08-28T04:15:04Z,27788,9,1317.6,911.4,5189,328,21405,34.2,59.07,613,8188,18
2026-08-28T04:16:04Z,27848,9,1317.4,910.8,5189,328,21405,34.2,58.67,613,8188,17
2026-08-28T04:17:04Z,27908,9,1318.4,911.7,5189,328,21427,34.1,59.29,613,8188,22
2026-08-28T04:18:05Z,27968,9,1318.5,911.3,5187,328,21364,34.3,57.8,613,8188,21
2026-08-28T04:19:05Z,28028,9,1318.4,911.3,5189,328,21366,34.3,54.22,613,8188,19
2026-08-28T04:20:05Z,28088,9,1318.1,911.2,5187,328,21407,34.2,57.57,613,8188,21
2026-08-28T04:21:05Z,28149,9,1317.3,910.4,5189,328,21407,34.2,58.73,613,8188,21
2026-08-28T04:22:05Z,28209,9,1318,911.4,5187,327,21396,34.2,54.45,613,8188,18
2026-08-28T04:23:05Z,28269,9,1317.9,910.6,5192,328,21305,34.3,51.22,613,8188,22
2026-08-28T04:24:05Z,28329,9,1318.8,911,5191,328,21309,34.3,57.71,613,8188,26
2026-08-28T04:25:06Z,28389,9,1315.6,907.6,5191,328,21387,34.2,60.04,613,8188,29
2026-08-28T04:26:06Z,28449,9,1320.2,912.6,5192,329,21392,34.2,56.41,613,8188,24
2026-08-28T04:27:06Z,28509,9,1316,908.7,5164,329,21380,34.2,59.01,613,8188,26
2026-08-28T04:28:06Z,28570,9,1318.9,911.8,5168,329,21420,34.1,53.05,613,8188,25
2026-08-28T04:29:06Z,28630,9,1315.3,907.7,5167,329,21415,34.1,59.32,613,8188,25
2026-08-28T04:30:06Z,28690,9,1315.1,907.1,5168,329,21284,34.5,58.83,613,8188,22
2026-08-28T04:31:07Z,28750,9,1315.8,907.9,5166,328,21315,34.4,54.25,613,8188,27
2026-08-28T04:32:07Z,28810,9,1312,905.3,5175,329,21367,34.2,58.16,613,8188,25
2026-08-28T04:33:07Z,28870,9,1316.1,909.5,5172,328,21292,34.4,51.29,614,8188,26
2026-08-28T04:34:07Z,28930,9,1316.6,908.1,5174,331,21285,34.4,57.83,614,8188,27
2026-08-28T04:35:07Z,28991,9,1321.4,912.5,5176,331,21350,34.3,57.83,613,8188,24
2026-08-28T04:36:07Z,29051,9,1317.3,908.6,5172,329,21351,34.3,58.69,613,8188,24
2026-08-28T04:37:07Z,29111,9,1317.5,908.6,5176,329,21362,34.3,57.84,613,8188,24
2026-08-28T04:38:08Z,29171,9,1318.2,909,5174,329,21421,34.2,53.06,613,8188,25
2026-08-28T04:39:08Z,29231,9,1317.8,909.2,5170,329,21411,34.2,59.01,614,8188,27
2026-08-28T04:40:08Z,29291,9,1318,908.9,5168,328,21406,34.2,57.51,613,8188,21
2026-08-28T04:41:08Z,29352,9,1316.8,908.1,5169,329,21432,34.1,57.09,614,8188,16
2026-08-28T04:42:08Z,29412,9,1317.7,908.6,5166,327,21436,34.1,57.24,613,8188,20
2026-08-28T04:43:08Z,29472,9,1321.4,912.2,5168,328,21339,34.2,47.52,613,8188,19
2026-08-28T04:44:08Z,29532,9,1317.4,908.2,5168,328,21350,34.2,58.92,613,8188,29
2026-08-28T04:45:09Z,29592,9,1317.9,908.9,5166,328,21427,34.1,57.29,613,8188,18
2026-08-28T04:46:09Z,29652,9,1318,909.1,5168,328,21430,34.1,56.27,613,8188,21
2026-08-28T04:47:09Z,29712,9,1317.3,908.3,5166,328,21426,34.1,57.65,613,8188,17
2026-08-28T04:48:09Z,29773,9,1316.9,908.4,5168,328,21399,34.2,50.03,614,8188,19
2026-08-28T04:49:09Z,29833,9,1317,908.4,5166,328,21405,34.2,56.68,613,8188,22
2026-08-28T04:50:09Z,29893,9,1317.6,908.5,5168,328,21416,34.1,58.17,613,8188,17
2026-08-28T04:51:09Z,29953,9,1321,912,5166,327,21419,34.1,58.31,613,8188,21
2026-08-28T04:52:10Z,30013,9,1317.1,908.6,5168,328,21419,34.1,58.02,614,8188,19
2026-08-28T04:53:10Z,30073,9,1317.2,908.6,5170,328,21327,34.3,47.85,614,8188,19
2026-08-28T04:54:10Z,30133,9,1317.3,908.3,5170,328,21331,34.3,54.93,613,8188,18
2026-08-28T04:55:10Z,30194,9,1322.2,913.1,5170,328,21377,34.2,49.6,613,8188,18
2026-08-28T04:56:10Z,30254,9,1317.5,908.4,5166,328,21412,34.1,55.63,613,8188,21
2026-08-28T04:57:10Z,30314,9,1317.8,908.7,5168,328,21413,34.1,59.49,614,8188,18
2026-08-28T04:58:10Z,30374,9,1317.5,908.5,5167,328,21425,34.1,55.92,614,8188,20
2026-08-28T04:59:11Z,30434,9,1318.1,909.5,5168,328,21424,34.1,58.07,614,8188,18
2026-08-28T05:00:11Z,30494,9,1318.7,909.8,5166,327,21420,34.1,58.3,613,8188,15
2026-08-28T05:01:11Z,30554,9,1318.9,909.5,5168,328,21417,34.1,61.21,613,8188,17
2026-08-28T05:02:11Z,30615,9,1326.2,917,5176,328,21416,34.1,55.95,613,8188,22
2026-08-28T05:03:11Z,30675,9,1319.4,910.2,5175,329,21314,34.3,48,613,8188,27
2026-08-28T05:04:11Z,30735,9,1319.5,910.5,5175,329,21289,34.3,55.74,614,8188,24
2026-08-28T05:05:11Z,30795,9,1319.6,910.9,5175,329,21402,34.2,58.68,614,8188,18
2026-08-28T05:06:12Z,30855,9,1319.8,911.2,5177,329,21401,34.2,57.31,614,8188,18
2026-08-28T05:07:12Z,30915,9,1317.9,909,5175,329,21397,34.2,56.43,613,8188,17
2026-08-28T05:08:12Z,30975,9,1316.7,907.5,5177,329,21392,34.2,54.37,614,8188,18
2026-08-28T05:09:12Z,31036,9,1317.6,908.4,5170,328,21399,34.1,57.07,613,8188,20
2026-08-28T05:10:12Z,31096,9,1317.9,908.8,5171,328,21391,34.2,56.44,613,8188,21
2026-08-28T05:11:12Z,31156,9,1317.9,908.9,5169,327,21392,34.2,59.81,613,8188,18
2026-08-28T05:12:12Z,31216,9,1319,910,5173,328,21384,34.2,57.1,613,8188,20
2026-08-28T05:13:13Z,31276,9,1318.5,909.9,5173,328,21314,34.3,49.62,614,8188,17
2026-08-28T05:14:13Z,31336,9,1317.8,908.8,5171,328,21322,34.3,58.45,613,8188,20
2026-08-28T05:15:13Z,31396,9,1317.7,908.3,5176,329,21411,34.1,57.94,613,8188,21
2026-08-28T05:16:13Z,31457,9,1318.2,909.6,5174,329,21409,34.1,55.57,613,8188,16
2026-08-28T05:17:13Z,31517,9,1317.9,908.6,5176,329,21353,34.3,56.86,613,8188,22
2026-08-28T05:18:13Z,31577,9,1317.2,907.7,5172,328,21370,34.2,56.14,613,8188,20
2026-08-28T05:19:14Z,31637,9,1318.5,909.2,5174,329,21393,34.2,56.03,614,8188,20
2026-08-28T05:20:14Z,31697,9,1317.2,908,5171,327,21394,34.2,56.38,614,8188,21
2026-08-28T05:21:14Z,31757,9,1317.7,908.7,5173,328,21433,34.1,55.24,614,8188,18
2026-08-28T05:22:14Z,31817,9,1322.8,913.4,5169,326,21426,34.1,57.85,614,8188,16
2026-08-28T05:23:14Z,31878,9,1317.5,908,5173,328,21336,34.3,51.57,614,8188,16
2026-08-28T05:24:14Z,31938,9,1318.7,909.5,5173,328,21340,34.3,56.88,614,8188,22
2026-08-28T05:25:14Z,31998,9,1317.5,908.1,5171,328,21408,34.2,54.68,613,8188,18
2026-08-28T05:26:15Z,32058,9,1318,908.4,5173,328,21408,34.2,56.89,613,8188,21
2026-08-28T05:27:15Z,32118,9,1318.6,909.5,5171,328,21406,34.2,60.58,614,8188,20
2026-08-28T05:28:15Z,32178,9,1318.1,908.5,5173,328,21407,34.2,54.52,613,8188,21
2026-08-28T05:29:15Z,32239,9,1318.8,909.2,5171,328,21404,34.2,56.4,613,8188,17
2026-08-28T05:30:15Z,32299,9,1317.3,907.9,5175,328,21399,34.2,56.43,613,8188,16
2026-08-28T05:31:15Z,32359,9,1317.9,908.5,5169,327,21403,34.2,56.72,613,8188,20
2026-08-28T05:32:15Z,32419,9,1320.5,911.1,5181,329,21398,34.2,56.87,614,8188,24
2026-08-28T05:33:16Z,32479,9,1322.7,912.7,5180,329,21334,34.3,52.53,613,8188,27
2026-08-28T05:34:16Z,32539,9,1318.8,908.6,5180,331,21340,34.2,58.53,613,8188,31
2026-08-28T05:35:16Z,32599,9,1318.6,909.1,5182,329,21413,34.1,57.35,614,8188,23
2026-08-28T05:36:16Z,32660,9,1319,909,5182,329,21406,34.2,56.68,613,8188,25
2026-08-28T05:37:16Z,32720,9,1318.4,909.3,5182,329,21409,34.1,57.97,614,8188,22
2026-08-28T05:38:16Z,32780,9,1318.1,908.4,5180,329,21400,34.2,54.44,614,8188,21
2026-08-28T05:39:16Z,32840,9,1319.3,909.3,5178,329,21405,34.1,56.54,613,8188,22
2026-08-28T05:40:17Z,32900,9,1318.3,907.6,5180,330,21425,34.1,57.48,613,8188,18
2026-08-28T05:41:17Z,32960,9,1318.2,908.8,5184,331,21419,34.1,57.74,614,8188,21
2026-08-28T05:42:17Z,33020,9,1318.3,908.1,5184,331,21402,34.1,58.38,613,8188,21
2026-08-28T05:43:17Z,33081,9,1318.8,909,5184,331,21340,34.2,48.89,613,8188,17
2026-08-28T05:44:17Z,33141,9,1319.3,909.5,5184,331,21361,34.2,55.07,613,8188,23
2026-08-28T05:45:17Z,33201,9,1318,908,5184,331,21403,34.2,59.59,613,8188,19
2026-08-28T05:46:18Z,33261,9,1318.7,908.7,5184,331,21412,34.1,58.46,613,8188,20
2026-08-28T05:47:18Z,33321,9,1318.9,909,5182,331,21408,34.1,57.81,614,8188,22
2026-08-28T05:48:18Z,33381,9,1319.2,909.2,5184,331,21404,34.2,55.22,613,8188,25
2026-08-28T05:49:18Z,33441,9,1319.3,909.3,5182,331,21402,34.2,58.82,613,8188,17
2026-08-28T05:50:18Z,33502,9,1318.2,908.3,5184,331,21407,34.1,55.53,613,8188,21
2026-08-28T05:51:18Z,33562,9,1318.9,909.7,5185,331,21406,34.1,56.27,614,8188,17
2026-08-28T05:52:18Z,33622,9,1318.9,909,5187,332,21408,34.2,56.21,613,8188,18
2026-08-28T05:53:19Z,33682,9,1318.5,908.6,5189,332,21332,34.3,50.67,613,8188,20
2026-08-28T05:54:19Z,33742,9,1318.6,908.8,5187,332,21341,34.2,57.08,613,8188,20
2026-08-28T05:55:19Z,33802,9,1319.2,909.1,5187,332,21408,34.1,57.11,613,8188,20
2026-08-28T05:56:19Z,33862,9,1319.2,909.3,5188,331,21420,34.1,55.99,613,8188,19
2026-08-28T05:57:19Z,33923,9,1318.7,909,5188,331,21405,34.2,59.18,613,8188,21
2026-08-28T05:58:19Z,33983,9,1319.3,909.8,5186,331,21404,34.1,57.78,613,8188,23
2026-08-28T05:59:19Z,34043,9,1319.4,910,5188,331,21407,34.1,55.55,613,8188,16
2026-08-28T06:00:20Z,34103,9,1319,909,5186,331,21412,34.1,56.14,613,8188,20
2026-08-28T06:01:20Z,34163,9,1318.7,908.7,5184,330,21404,34.1,57.6,613,8188,16
2026-08-28T06:02:20Z,34223,9,1312.5,903.6,5195,332,21408,34.1,56.15,613,8188,21
2026-08-28T06:03:20Z,34284,9,1319,909.5,5193,332,21303,34.3,53.09,613,8188,28
2026-08-28T06:04:20Z,34344,9,1318.9,909.5,5193,332,21292,34.3,54.38,613,8188,25
2026-08-28T06:05:20Z,34404,9,1323,914.1,5195,332,21380,34.2,58.49,614,8188,26
2026-08-28T06:06:20Z,34464,9,1318.8,909.4,5179,332,21428,34.1,53.27,614,8188,18
2026-08-28T06:07:21Z,34524,9,1318.8,909.9,5177,332,21424,34.1,57.52,614,8188,20
2026-08-28T06:08:21Z,34584,9,1318.6,908.8,5178,331,21420,34.1,57.09,613,8188,20
2026-08-28T06:09:21Z,34644,9,1318.6,908.9,5172,331,21424,34.1,55.7,613,8188,20
2026-08-28T06:10:21Z,34704,9,1319.2,910.1,5172,330,21420,34.1,57.66,613,8188,22
2026-08-28T06:11:21Z,34765,9,1318.6,908.7,5174,331,21413,34.1,58.01,613,8188,18
2026-08-28T06:12:21Z,34825,9,1319.3,910.3,5174,331,21359,34.3,57.43,614,8188,18
2026-08-28T06:13:21Z,34885,9,1323.7,914.4,5174,331,21307,34.3,48.5,613,8188,20
2026-08-28T06:14:22Z,34945,9,1322.7,913.7,5174,331,21316,34.3,55.31,614,8188,21
2026-08-28T06:15:22Z,35005,9,1319.9,910.9,5174,331,21330,34.2,57.16,614,8188,18
2026-08-28T06:16:22Z,35065,9,1319.2,909.8,5175,332,21393,34.2,56.19,613,8188,18
2026-08-28T06:17:22Z,35126,9,1319.8,911,5177,332,21403,34.2,59.78,613,8188,16
2026-08-28T06:18:22Z,35186,9,1319.2,910.3,5175,332,21413,34.1,58.17,613,8188,18
2026-08-28T06:19:22Z,35246,9,1319.1,909.9,5175,331,21412,34.1,54.55,613,8188,17
2026-08-28T06:20:22Z,35306,9,1319.5,910.2,5175,331,21420,34.1,58.02,613,8188,19
2026-08-28T06:21:23Z,35366,9,1319.3,909.8,5176,331,21408,34.1,58.45,613,8188,18
2026-08-28T06:22:23Z,35426,9,1319.4,909.9,5179,332,21412,34.1,58.01,613,8188,19
2026-08-28T06:23:23Z,35486,9,1323.9,915.2,5181,332,21347,34.7,49.54,614,8188,30
2026-08-28T06:24:23Z,35547,9,1320.1,910.5,5181,332,21407,34.4,58.37,613,8188,23
2026-08-28T06:25:23Z,35607,9,1327.4,915.3,5179,332,21407,34.4,59.7,613,8188,24
2026-08-28T06:26:23Z,35667,9,1322.9,910.6,5183,332,21475,34.3,61.78,613,8188,26
2026-08-28T06:27:23Z,35727,9,1326.1,913.2,5180,331,21462,34.3,61.44,613,8188,27
2026-08-28T06:28:24Z,35787,9,1324.6,911.4,5176,330,21489,34.2,63.08,613,8188,31
2026-08-28T06:29:24Z,35847,9,1321,908.2,5176,331,21489,34.2,59.59,613,8188,29
2026-08-28T06:30:24Z,35907,9,1321,908.5,5178,331,21516,34.1,60.46,613,8188,26
2026-08-28T06:31:24Z,35968,9,1321,909,5181,332,21515,34.1,57.31,613,8188,21
2026-08-28T06:32:24Z,36028,9,1315,902.9,5185,332,21516,34.1,56.34,613,8188,22
2026-08-28T06:33:24Z,36088,9,1320.9,908.5,5187,334,21125,34.9,48.98,614,8188,22
2026-08-28T06:34:24Z,36148,9,1320.5,907.8,5188,334,21212,34.7,54.83,613,8188,22
2026-08-28T06:35:25Z,36208,9,1321.3,908.4,5187,332,21255,34.6,56.52,613,8188,20
2026-08-28T06:36:25Z,36268,9,1324.7,911.9,5183,332,21351,34.5,59.23,614,8188,18
2026-08-28T06:37:25Z,36328,9,1325.1,912.7,5184,331,21363,34.4,57.34,614,8188,19
2026-08-28T06:38:25Z,36389,9,1324.1,911.8,5182,331,21386,34.4,57.2,614,8188,19
2026-08-28T06:39:25Z,36449,9,1324.6,911.8,5180,331,21383,34.4,56.15,613,8188,21
2026-08-28T06:40:25Z,36509,9,1321.5,908.9,5176,329,21418,34.3,54.79,613,8188,20
2026-08-28T06:41:25Z,36569,9,1320,906.8,5183,332,21415,34.3,55.98,613,8188,18
2026-08-28T06:42:26Z,36629,9,1320.8,907.9,5185,332,21403,34.3,57.44,614,8188,23
2026-08-28T06:43:26Z,36689,9,1320.8,908.6,5185,332,21290,34.6,54.19,614,8188,21
2026-08-28T06:44:26Z,36749,9,1321.6,908.8,5186,332,21344,34.4,52.74,613,8188,18
2026-08-28T06:45:26Z,36810,9,1321.3,908.3,5181,332,21313,34.5,54.73,613,8188,19
2026-08-28T06:46:26Z,36870,9,1320.7,908.3,5182,331,21391,34.4,55.31,614,8188,18
2026-08-28T06:47:26Z,36930,9,1321.3,908.4,5180,331,21396,34.4,56.98,614,8188,19
2026-08-28T06:48:26Z,36990,9,1321.4,907.8,5184,333,21391,34.4,58.69,613,8188,19
2026-08-28T06:49:27Z,37050,9,1320.9,907.7,5180,331,21384,34.4,57.63,613,8188,23
2026-08-28T06:50:27Z,37110,9,1321.4,908.2,5184,333,21389,34.4,56.98,613,8188,19
2026-08-28T06:51:27Z,37170,9,1321,907.9,5185,332,21389,34.4,58.07,613,8188,18
2026-08-28T06:52:27Z,37231,9,1321.3,908.1,5185,332,21377,34.4,57.66,613,8188,22
2026-08-28T06:53:27Z,37291,9,1325.4,912.3,5185,332,21214,34.6,46.63,614,8188,20
2026-08-28T06:54:27Z,37351,9,1320.8,907.6,5183,332,21274,34.3,52.56,614,8188,16
2026-08-28T06:55:28Z,37411,9,1320.8,907.5,5185,332,21281,34.3,56.08,613,8188,20
2026-08-28T06:56:28Z,37471,9,1320.9,908.1,5182,331,21353,34.2,58.92,613,8188,18
2026-08-28T06:57:28Z,37531,9,1321.6,908.3,5184,331,21353,34.3,59.06,613,8188,22
2026-08-28T06:58:28Z,37591,9,1320.2,906.9,5180,329,21354,34.3,55.12,613,8188,21
2026-08-28T06:59:28Z,37652,9,1320.8,907.3,5184,331,21349,34.3,53.66,613,8188,18
2026-08-28T07:00:28Z,37712,9,1320.7,907.6,5184,331,21347,34.3,55.95,613,8188,17
2026-08-28T07:01:28Z,37772,9,1320.5,907.4,5184,331,21348,34.3,59.67,614,8188,18
2026-08-28T07:02:29Z,37832,9,1318.7,905.4,5189,332,21367,34.2,56.82,613,8188,25
2026-08-28T07:03:29Z,37892,9,1321.6,907.8,5189,332,21216,34.6,51.75,613,8188,23
2026-08-28T07:04:29Z,37952,9,1326.1,912.4,5189,332,21252,34.4,54.31,613,8188,30
2026-08-28T07:05:29Z,38012,9,1321.8,908.1,5189,332,21281,34.3,59.76,613,8188,24
2026-08-28T07:06:29Z,38073,9,1322,908.2,5191,332,21341,34.3,57.31,613,8188,26
2026-08-28T07:07:29Z,38133,9,1322.5,908.3,5186,331,21344,34.3,59.57,613,8188,23
2026-08-28T07:08:29Z,38193,9,1325.4,911.6,5184,331,21331,34.3,58.95,613,8188,25
2026-08-28T07:09:30Z,38253,9,1321.7,908.1,5187,333,21331,34.3,57.47,613,8188,28
2026-08-28T07:10:30Z,38313,9,1321.7,907.5,5191,334,21338,34.3,58.64,613,8188,22
2026-08-28T07:11:30Z,38373,9,1322,908,5189,332,21333,34.3,58.57,613,8188,26
2026-08-28T07:12:30Z,38434,9,1327,913.2,5187,332,21325,34.3,56.53,613,8188,23
2026-08-28T07:13:30Z,38494,9,1322.1,908,5189,332,21204,34.6,55.9,613,8188,23
2026-08-28T07:14:30Z,38554,9,1321.6,907.3,5186,331,21280,34.3,55.04,613,8188,24
2026-08-28T07:15:30Z,38614,9,1321.7,907.7,5188,331,21257,34.4,54.71,613,8188,25
2026-08-28T07:16:31Z,38674,9,1322.1,908.1,5184,331,21278,34.3,58.92,613,8188,18
2026-08-28T07:17:31Z,38734,9,1322.6,908.3,5186,331,21346,34.3,55.38,613,8188,24
2026-08-28T07:18:31Z,38794,9,1322.5,908,5184,330,21281,34.4,55.96,613,8188,17
2026-08-28T07:19:31Z,38855,9,1322.8,908.3,5186,331,21316,34.3,57.88,613,8188,20
2026-08-28T07:20:31Z,38915,9,1321.6,906.8,5186,331,21323,34.3,55.72,613,8188,16
2026-08-28T07:21:31Z,38975,9,1321.1,906.8,5189,332,21331,34.3,59.98,613,8188,18
2026-08-28T07:22:31Z,39035,9,1321,906.5,5189,332,21336,34.3,56.69,613,8188,19
2026-08-28T07:23:32Z,39095,9,1320.5,907.1,5187,332,21194,34.6,53.29,613,8188,22
2026-08-28T07:24:32Z,39155,9,1325.3,911.4,5191,332,21230,34.4,53.06,613,8188,19
2026-08-28T07:25:32Z,39215,9,1324.9,911,5187,332,21275,34.3,53.95,613,8188,16
2026-08-28T07:26:32Z,39276,9,1325.6,911.1,5188,331,21348,34.2,56.07,613,8188,16
2026-08-28T07:27:32Z,39336,9,1322.1,907.8,5186,330,21350,34.2,60.84,613,8188,17
2026-08-28T07:28:32Z,39396,9,1322.1,907.2,5188,331,21348,34.2,58.37,613,8188,23
2026-08-28T07:29:33Z,39456,9,1321.8,907.4,5188,331,21350,34.2,59.05,613,8188,22
2026-08-28T07:30:33Z,39516,9,1320.3,905.5,5188,331,21339,34.2,54.95,613,8188,17
2026-08-28T07:31:33Z,39576,9,1321.1,907.7,5188,331,21341,34.2,57.13,614,8188,19
2026-08-28T07:32:33Z,39636,9,1322,909.4,5193,334,21343,34.3,59.47,613,8188,19
2026-08-28T07:33:33Z,39697,9,1322,909.1,5197,334,21189,34.6,57.73,613,8188,19
2026-08-28T07:34:33Z,39757,9,1322.3,909.4,5195,333,21259,34.4,51.83,613,8188,18
2026-08-28T07:35:33Z,39817,9,1322,909,5195,332,21263,34.3,55.78,613,8188,21
2026-08-28T07:36:34Z,39877,9,1322.3,909.3,5193,332,21327,34.3,58.03,613,8188,17
2026-08-28T07:37:34Z,39937,9,1321.3,908.5,5192,331,21329,34.3,56.99,613,8188,17
2026-08-28T07:38:34Z,39997,9,1321,907.8,5186,330,21373,34.2,53.75,613,8188,27
2026-08-28T07:39:34Z,40057,9,1320.8,907.5,5188,331,21370,34.2,57.63,613,8188,23
2026-08-28T07:40:34Z,40118,9,1320.9,908.1,5188,331,21391,34.1,56.11,613,8188,17
2026-08-28T07:41:34Z,40178,9,1321.5,908.4,5174,331,21392,34.1,59.22,613,8188,15
2026-08-28T07:42:34Z,40238,9,1320.9,907.7,5174,331,21390,34.1,59.04,613,8188,20
2026-08-28T07:43:35Z,40298,9,1321,908,5172,331,21245,34.5,54.54,613,8188,23
2026-08-28T07:44:35Z,40358,9,1325.4,912.6,5174,331,21293,34.3,49.42,613,8188,26
2026-08-28T07:45:35Z,40418,9,1325.8,912.5,5172,331,21312,34.2,54.88,613,8188,18
2026-08-28T07:46:35Z,40478,9,1321.8,908.8,5174,331,21389,34.2,57.15,613,8188,21
2026-08-28T07:47:35Z,40539,9,1320.9,907.5,5172,330,21377,34.2,58.29,613,8188,20
2026-08-28T07:48:35Z,40599,9,1321.9,908.6,5174,331,21351,34.3,60.68,613,8188,21
2026-08-28T07:49:35Z,40659,9,1321.8,909.1,5174,331,21371,34.2,58.38,613,8188,20
2026-08-28T07:50:36Z,40719,9,1322.1,908.8,5174,331,21323,34.4,55.23,613,8188,26
2026-08-28T07:51:36Z,40779,9,1321.3,908.8,5174,331,21398,34.1,58.35,613,8188,18
2026-08-28T07:52:36Z,40839,9,1321.1,907.8,5172,331,21391,34.1,57.7,613,8188,19
2026-08-28T07:53:36Z,40900,9,1326.5,913.4,5176,331,21193,34.6,55.74,613,8188,30
2026-08-28T07:54:36Z,40960,9,1321.8,908.7,5172,331,21293,34.3,56.35,613,8188,29
2026-08-28T07:55:36Z,41020,9,1325.3,912.5,5176,331,21298,34.3,57.29,613,8188,22
2026-08-28T07:56:36Z,41080,9,1326.1,913.7,5174,330,21370,34.2,58.78,613,8188,23
2026-08-28T07:57:37Z,41140,9,1320.8,908.5,5176,331,21376,34.2,57.11,613,8188,24
2026-08-28T07:58:37Z,41200,9,1321.9,909.2,5174,330,21378,34.2,59.33,613,8188,21
2026-08-28T07:59:37Z,41260,9,1321.6,908.4,5176,331,21376,34.2,57.6,613,8188,18
2026-08-28T08:00:37Z,41321,9,1322,909.1,5174,331,21372,34.2,57.11,613,8188,18
2026-08-28T08:01:37Z,41381,9,1322.7,909.8,5172,331,21366,34.2,55.83,613,8188,19
2026-08-28T08:02:37Z,41441,9,1323.1,911.1,5179,332,21368,34.2,58.25,614,8188,21
2026-08-28T08:03:38Z,41501,9,1322.3,910.4,5177,332,21378,34.2,58.47,613,8188,26
2026-08-28T08:04:38Z,41561,9,1321.3,908.7,5186,332,21290,34.3,52.24,613,8188,28
2026-08-28T08:05:38Z,41621,9,1322,909.5,5181,331,21313,34.2,53.66,613,8188,22
2026-08-28T08:06:38Z,41681,9,1322.4,910.5,5185,332,21382,34.2,56.67,613,8188,17
2026-08-28T08:07:38Z,41742,9,1322.3,909.8,5183,331,21375,34.2,56.49,614,8188,19
2026-08-28T08:08:38Z,41802,9,1322.5,910.2,5177,331,21374,34.2,57.92,613,8188,24
2026-08-28T08:09:38Z,41862,9,1322.2,910.1,5179,332,21379,34.2,56.38,613,8188,20
2026-08-28T08:10:39Z,41922,9,1321.6,909.2,5179,332,21369,34.2,56.73,613,8188,19
2026-08-28T08:11:39Z,41982,9,1321.6,909.6,5178,331,21368,34.2,56.52,614,8188,18
2026-08-28T08:12:39Z,42042,9,1325.8,913.6,5178,331,21361,34.2,58.38,613,8188,19
2026-08-28T08:13:39Z,42103,9,1325.3,913.1,5180,331,21352,34.2,56.8,614,8188,21
2026-08-28T08:14:39Z,42163,9,1325.2,912.6,5178,331,21274,34.3,52.08,613,8188,16
2026-08-28T08:15:39Z,42223,9,1325.6,913.8,5183,332,21288,34.3,55.9,614,8188,19
2026-08-28T08:16:39Z,42283,9,1325.2,913.8,5181,331,21378,34.2,57.68,614,8188,18
2026-08-28T08:17:40Z,42343,9,1321.6,909.1,5183,332,21377,34.2,57.81,613,8188,18
2026-08-28T08:18:40Z,42403,9,1321.7,909.5,5185,332,21335,34.3,54.69,613,8188,21
2026-08-28T08:19:40Z,42463,9,1321.9,909.7,5183,332,21365,34.2,55.32,613,8188,18
2026-08-28T08:20:40Z,42524,9,1321.7,909.8,5182,331,21367,34.2,57.18,614,8188,15
2026-08-28T08:21:40Z,42584,9,1322.2,909.4,5178,331,21368,34.2,59.31,613,8188,18
2026-08-28T08:22:40Z,42644,9,1321.9,909.6,5180,331,21357,34.2,58.38,613,8188,20
2026-08-28T08:23:40Z,42704,9,1322.1,907.4,5178,331,21350,34.2,53.6,611,8188,33
2026-08-28T08:24:41Z,42764,9,1322,907,5180,331,21277,34.3,52.2,611,8188,27
2026-08-28T08:25:41Z,42824,9,1322,907.1,5183,331,21285,34.3,56.19,611,8188,28
2026-08-28T08:26:41Z,42884,9,1322.6,907.5,5185,332,21352,34.2,59.42,611,8188,27
2026-08-28T08:27:41Z,42945,9,1322,906.8,5183,331,21340,34.2,60,611,8188,22
2026-08-28T08:28:41Z,43005,9,1321.9,906.8,5185,332,21390,34.1,57.32,611,8188,26
2026-08-28T08:29:41Z,43065,9,1322.2,907,5185,332,21379,34.1,59.53,611,8188,25
2026-08-28T08:30:42Z,43125,9,1326.1,911,5180,331,21354,34.2,56.08,611,8188,20
2026-08-28T08:31:42Z,43185,9,1326.8,911.7,5182,331,21364,34.2,57.83,611,8188,19
2026-08-28T08:32:42Z,43245,9,1328,913.6,5192,332,21357,34.2,58.83,611,8188,25
2026-08-28T08:33:42Z,43305,9,1327.8,913.4,5199,334,21330,34.3,60.85,611,8188,26
2026-08-28T08:34:42Z,43366,9,1327.4,913.1,5198,333,21267,34.3,53.37,611,8188,25
2026-08-28T08:35:42Z,43426,9,1328.1,913.9,5198,332,21304,34.2,59.08,611,8188,25
2026-08-28T08:36:42Z,43486,9,1327.2,912.9,5196,331,21374,34.2,61.27,611,8188,26
2026-08-28T08:37:43Z,43546,9,1327.3,912.9,5198,332,21374,34.2,59.65,611,8188,19
2026-08-28T08:38:43Z,43606,9,1328.1,913.6,5196,332,21368,34.2,61.6,611,8188,19
2026-08-28T08:39:43Z,43666,9,1327,912.5,5189,331,21369,34.2,59.43,611,8188,20
2026-08-28T08:40:43Z,43727,9,1327.8,913,5191,331,21361,34.2,57.63,611,8188,20
2026-08-28T08:41:43Z,43787,9,1327.6,913,5189,331,21363,34.2,56.54,611,8188,18
2026-08-28T08:42:43Z,43847,9,1326.7,912.2,5191,331,21360,34.2,60.75,611,8188,20
2026-08-28T08:43:43Z,43907,9,1327.3,912.5,5189,331,21356,34.2,59.1,611,8188,22
2026-08-28T08:44:44Z,43967,9,1327,912.4,5189,330,21288,34.3,53.04,611,8188,23
2026-08-28T08:45:44Z,44027,9,1327.8,913.4,5191,331,21288,34.3,60.35,611,8188,21
2026-08-28T08:46:44Z,44087,9,1326.4,911.8,5191,330,21353,34.2,57.99,611,8188,23
2026-08-28T08:47:44Z,44148,9,1327.6,913.1,5189,330,21362,34.2,54.25,611,8188,22
2026-08-28T08:48:44Z,44208,9,1332,917.9,5194,332,21325,34.3,59.32,611,8188,22
2026-08-28T08:49:44Z,44268,9,1331.1,916.5,5192,332,21340,34.2,58.83,611,8188,23
2026-08-28T08:50:45Z,44328,9,1331.9,917.4,5194,332,21344,34.2,59.63,611,8188,21
2026-08-28T08:51:45Z,44388,9,1329,914.3,5192,332,21352,34.2,57.07,611,8188,19
2026-08-28T08:52:45Z,44448,9,1329.6,915,5194,332,21313,34.3,60.49,611,8188,14
2026-08-28T08:53:45Z,44508,9,1329.5,918.4,5196,331,21295,34.4,55.18,614,8188,28
2026-08-28T08:54:45Z,44569,9,1328.6,917.8,5198,332,21228,34.4,54.51,613,8188,30
2026-08-28T08:55:45Z,44629,9,1330.3,919.4,5198,332,21246,34.4,59.27,613,8188,28
2026-08-28T08:56:45Z,44689,9,1328.6,917.8,5196,331,21325,34.3,61.98,614,8188,24
2026-08-28T08:57:46Z,44749,9,1331.2,920,5198,332,21321,34.3,60.1,613,8188,25
2026-08-28T08:58:46Z,44809,9,1325.3,913.9,5195,331,21331,34.3,63.28,613,8188,25
2026-08-28T08:59:46Z,44869,9,1325.7,914.8,5195,331,21358,34.2,61.23,613,8188,25
2026-08-28T09:00:46Z,44929,9,1325.2,913.9,5195,331,21361,34.2,61.45,613,8188,18
2026-08-28T09:01:46Z,44990,9,1324.9,913.6,5195,331,21354,34.2,56.67,613,8188,17
2026-08-28T09:02:46Z,45050,9,1324.2,914.1,5200,332,21355,34.2,59.19,613,8188,25
2026-08-28T09:03:46Z,45110,9,1324.9,914.1,5200,332,21335,34.3,59.96,613,8188,26
2026-08-28T09:04:47Z,45170,9,1324.1,913.6,5200,332,21265,34.4,53.19,613,8188,24
2026-08-28T09:05:47Z,45230,9,1324.1,913.5,5202,332,21282,34.3,60.38,613,8188,23
2026-08-28T09:06:47Z,45290,9,1329.4,918.8,5200,332,21339,34.2,57.2,613,8188,23
2026-08-28T09:07:47Z,45350,9,1324.7,914.4,5204,332,21341,34.2,56.38,613,8188,25
2026-08-28T09:08:47Z,45411,9,1325,914.4,5200,332,21350,34.2,58.4,613,8188,18
2026-08-28T09:09:47Z,45471,9,1324.5,913.8,5198,332,21346,34.2,60.93,613,8188,25
2026-08-28T09:10:47Z,45531,9,1324.5,914.1,5200,332,21341,34.2,59.24,613,8188,17
2026-08-28T09:11:48Z,45591,9,1325.3,914.7,5200,332,21337,34.3,54.14,614,8188,19
2026-08-28T09:12:48Z,45651,9,1328.8,917.4,5199,331,21381,34.2,57.16,613,8188,19
2026-08-28T09:13:48Z,45711,9,1325.2,914.4,5195,331,21380,34.2,55.18,614,8188,24
2026-08-28T09:14:48Z,45771,9,1323.9,913.9,5181,331,21239,34.4,48.41,614,8188,17
2026-08-28T09:15:48Z,45832,9,1323.8,913.6,5182,332,21274,34.3,57.1,613,8188,21
2026-08-28T09:16:48Z,45892,9,1324.2,913.6,5184,332,21356,34.2,55.74,613,8188,20
2026-08-28T09:17:48Z,45952,9,1324,913.9,5184,332,21335,34.3,57.03,613,8188,22
2026-08-28T09:18:49Z,46012,9,1324.8,914.7,5184,332,21340,34.3,57.22,613,8188,25
2026-08-28T09:19:49Z,46072,9,1324.7,914,5184,332,21346,34.2,53.67,613,8188,22
2026-08-28T09:20:49Z,46132,9,1324.4,913.8,5183,331,21344,34.2,55.69,613,8188,23
2026-08-28T09:21:49Z,46193,9,1325.3,914.6,5186,332,21343,34.3,57.39,613,8188,20
2026-08-28T09:22:49Z,46253,9,1324.1,913.3,5184,332,21339,34.3,59.4,613,8188,21
2026-08-28T09:23:49Z,46313,9,1324.5,913.5,5186,332,21322,34.3,52.05,613,8188,21
2026-08-28T09:24:49Z,46373,9,1324.2,913.3,5184,332,21277,34.3,51.74,613,8188,22
2026-08-28T09:25:50Z,46433,9,1324.4,913.6,5186,332,21228,34.4,55.81,613,8188,24
2026-08-28T09:26:50Z,46493,9,1327.9,916.9,5181,329,21349,34.2,56.98,613,8188,20
2026-08-28T09:27:50Z,46553,9,1322.2,911.6,5185,331,21352,34.2,55.73,613,8188,23
2026-08-28T09:28:50Z,46614,9,1323.1,912.4,5187,331,21352,34.2,58.87,613,8188,23
2026-08-28T09:29:50Z,46674,9,1327.3,916.7,5187,331,21350,34.3,55.61,613,8188,22
2026-08-28T09:30:50Z,46734,9,1323.7,913.6,5187,331,21354,34.2,59.62,614,8188,23
2026-08-28T09:31:50Z,46794,9,1375.9,973.4,5196,332,21296,34.4,54.89,614,8188,30
2026-08-28T09:32:51Z,46854,9,1323.8,913.7,5194,332,21337,34.3,57.72,614,8188,25
2026-08-28T09:33:51Z,46914,9,1328.8,918.4,5192,334,21311,34.3,59.54,614,8188,21
2026-08-28T09:34:51Z,46974,9,1324,913.5,5194,332,21248,34.4,48.42,613,8188,21
2026-08-28T09:35:51Z,47035,9,1323.9,912.9,5188,331,21257,34.4,57.31,613,8188,21
2026-08-28T09:36:51Z,47095,9,1324.7,914.1,5191,331,21365,34.2,56.44,613,8188,21
2026-08-28T09:37:51Z,47155,9,1323.2,912.7,5191,331,21369,34.2,58.33,614,8188,24
2026-08-28T09:38:51Z,47215,9,1324,913,5187,331,21363,34.2,58.33,613,8188,24
2026-08-28T09:39:52Z,47275,9,1324.1,913.5,5191,331,21366,34.2,57.35,613,8188,28
2026-08-28T09:40:52Z,47335,9,1323.2,911.7,5183,332,21354,34.2,57.73,613,8188,20
2026-08-28T09:41:52Z,47395,9,1322.1,911.1,5183,332,21350,34.2,55.35,614,8188,21
2026-08-28T09:42:52Z,47456,9,1322.9,911.2,5181,332,21333,34.3,58.21,613,8188,25
2026-08-28T09:43:52Z,47516,9,1322.7,911.6,5183,332,21340,34.3,56.4,614,8188,24
2026-08-28T09:44:52Z,47576,9,1322.4,910.4,5180,331,21264,34.4,53.02,613,8188,22
2026-08-28T09:45:52Z,47636,9,1323.5,911.4,5183,331,21266,34.4,58.49,613,8188,24
2026-08-28T09:46:53Z,47696,9,1323.2,912.4,5183,331,21337,34.3,54.57,614,8188,21
2026-08-28T09:47:53Z,47756,9,1323.3,912.1,5183,331,21340,34.3,57.23,614,8188,26
2026-08-28T09:48:53Z,47816,9,1323.8,912.5,5185,331,21322,34.3,58.11,614,8188,22
2026-08-28T09:49:53Z,47877,9,1323.5,911.9,5183,331,21353,34.2,56.59,613,8188,25
2026-08-28T09:50:53Z,47937,9,1324.8,913.7,5186,332,21357,34.2,57.35,614,8188,25
2026-08-28T09:51:53Z,47997,9,1324.6,912.9,5184,332,21348,34.3,53.33,613,8188,22
2026-08-28T09:52:53Z,48057,9,1324.4,912.5,5186,332,21346,34.3,60.2,613,8188,21
2026-08-28T09:53:54Z,48117,9,1325.2,913.6,5184,332,21329,34.3,53.08,613,8188,27
2026-08-28T09:54:54Z,48177,9,1324.7,912.8,5186,332,21261,34.4,52,613,8188,21
2026-08-28T09:55:54Z,48237,9,1325.1,913.7,5183,330,21260,34.4,55.2,614,8188,22
2026-08-28T09:56:54Z,48297,9,1324.7,913.3,5185,331,21330,34.3,56.03,613,8188,23
2026-08-28T09:57:54Z,48358,9,1324.7,912.8,5185,331,21328,34.3,58.84,613,8188,19
2026-08-28T09:58:54Z,48418,9,1324.5,912.5,5185,331,21326,34.3,57.94,613,8188,19
2026-08-28T09:59:54Z,48478,9,1324,912.1,5188,332,21322,34.3,57.95,613,8188,21
2026-08-28T10:00:55Z,48538,9,1328.6,916.6,5186,332,21370,34.2,52.48,613,8188,25
2026-08-28T10:01:55Z,48598,9,1371.7,961.7,5197,332,21308,34.4,55.12,613,8188,23
2026-08-28T10:02:55Z,48658,9,1323.7,911.3,5192,332,21344,34.3,57.96,613,8188,23
2026-08-28T10:03:55Z,48719,9,1328.6,916.1,5194,332,21318,34.3,58.19,613,8188,20
2026-08-28T10:04:55Z,48779,9,1324.5,911.8,5192,331,21244,34.4,52.24,613,8188,21
2026-08-28T10:05:55Z,48839,9,1328.8,915.8,5190,331,21270,34.3,56.13,613,8188,19
2026-08-28T10:06:55Z,48899,9,1324.9,912.8,5191,331,21342,34.3,56.35,614,8188,22
2026-08-28T10:07:56Z,48959,9,1323.4,910.5,5191,331,21342,34.2,54.22,613,8188,24
2026-08-28T10:08:56Z,49019,9,1324.3,912,5187,331,21349,34.2,57.67,614,8188,29
2026-08-28T10:09:56Z,49079,9,1324.1,911.5,5192,332,21345,34.3,56.27,613,8188,20
2026-08-28T10:10:56Z,49140,9,1324.1,911.9,5190,332,21342,34.3,59.82,614,8188,21
2026-08-28T10:11:56Z,49200,9,1324.3,911.2,5188,332,21344,34.3,59.03,613,8188,22
2026-08-28T10:12:56Z,49260,9,1324.6,911.9,5191,332,21338,34.3,55.95,613,8188,21
2026-08-28T10:13:56Z,49320,9,1324.9,912.1,5188,332,21359,34.2,56.35,613,8188,23
2026-08-28T10:14:57Z,49380,9,1324.3,912,5187,330,21288,34.3,53.28,614,8188,22
2026-08-28T10:15:57Z,49440,9,1323.8,911.5,5191,331,21287,34.3,55.98,614,8188,22
2026-08-28T10:16:57Z,49500,9,1323.2,910.6,5191,331,21339,34.3,58.22,613,8188,21
2026-08-28T10:17:57Z,49561,9,1323.7,910.9,5191,331,21350,34.2,54.48,613,8188,24
2026-08-28T10:18:57Z,49621,9,1324.4,912.1,5194,332,21294,34.4,53.6,613,8188,28
2026-08-28T10:19:57Z,49681,9,1324.6,912.4,5194,332,21327,34.3,57.9,614,8188,21
2026-08-28T10:20:57Z,49741,9,1324.9,912.1,5192,332,21329,34.3,58.41,613,8188,25
2026-08-28T10:21:58Z,49801,9,1324.3,912,5194,332,21331,34.3,55.97,614,8188,27
2026-08-28T10:22:58Z,49861,9,1324.6,911.7,5192,332,21324,34.3,56.57,613,8188,27
2026-08-28T10:23:58Z,49921,9,1325.6,913.4,5189,330,21299,34.4,54.55,611,8188,3
2026-08-28T10:24:58Z,49981,9,1324.5,909,5189,330,21266,34.3,50.76,611,8188,28
2026-08-28T10:25:58Z,50042,9,1323.8,908.4,5193,331,21234,34.4,61.22,611,8188,27
2026-08-28T10:26:58Z,50102,9,1323.8,908.4,5193,331,21343,34.2,60.26,611,8188,28
2026-08-28T10:27:58Z,50162,9,1324.4,909.2,5193,331,21342,34.2,54.67,611,8188,27
2026-08-28T10:28:59Z,50222,9,1324.7,909.5,5191,331,21342,34.2,60.26,611,8188,31
2026-08-28T10:29:59Z,50282,9,1324.2,908.9,5192,332,21346,34.2,60.7,611,8188,23
2026-08-28T10:30:59Z,50342,9,1325,909.6,5194,332,21344,34.2,60.43,611,8188,22
2026-08-28T10:31:59Z,50402,9,1318.2,902.8,5199,332,21353,34.2,55.79,611,8188,29
2026-08-28T10:32:59Z,50463,9,1324.8,909.7,5198,331,21333,34.3,56.84,611,8188,27
2026-08-28T10:33:59Z,50523,9,1325.3,910.3,5198,333,21321,34.3,57.67,611,8188,24
2026-08-28T10:34:59Z,50583,9,1325.1,909.9,5200,332,21240,34.4,49.41,611,8188,26
2026-08-28T10:36:00Z,50643,9,1325.4,910.1,5200,332,21254,34.4,56.71,611,8188,21
2026-08-28T10:37:00Z,50703,9,1325.3,909.6,5199,331,21355,34.2,58.67,611,8188,26
2026-08-28T10:38:00Z,50763,9,1325.7,910.1,5197,331,21352,34.2,54.27,611,8188,22
2026-08-28T10:39:00Z,50824,9,1325,909.3,5191,331,21352,34.2,60.02,611,8188,23
2026-08-28T10:40:00Z,50884,9,1324.9,909.7,5193,331,21356,34.2,59.57,611,8188,21
2026-08-28T10:41:00Z,50944,9,1325.9,910.9,5191,331,21349,34.2,60.07,611,8188,26
2026-08-28T10:42:00Z,51004,9,1323.6,908.2,5192,330,21351,34.2,55.73,611,8188,23
2026-08-28T10:43:01Z,51064,9,1323.9,908.4,5194,332,21348,34.2,58.15,611,8188,25
2026-08-28T10:44:01Z,51124,9,1324.1,908.7,5196,332,21322,34.3,56.8,611,8188,25
2026-08-28T10:45:01Z,51184,9,1324.2,908.5,5195,331,21270,34.3,50.56,611,8188,23
2026-08-28T10:46:01Z,51245,9,1325,909.5,5196,332,21272,34.3,58.25,611,8188,22
2026-08-28T10:47:01Z,51305,9,1324.5,909.4,5196,332,21340,34.2,60.04,611,8188,20
2026-08-28T10:48:01Z,51365,9,1325.4,910,5200,332,21336,34.3,56.43,611,8188,25
2026-08-28T10:49:01Z,51425,9,1324.9,909.7,5184,336,21374,34.2,55.03,611,8188,25
2026-08-28T10:50:02Z,51485,9,1325.6,910.2,5180,334,21375,34.2,57.05,611,8188,20
2026-08-28T10:51:02Z,51545,9,1325,909.7,5182,334,21374,34.2,59.44,611,8188,22
2026-08-28T10:52:02Z,51605,9,1324.7,908.9,5180,334,21372,34.2,59.37,611,8188,22
2026-08-28T10:53:02Z,51666,9,1324.3,908.9,5181,333,21369,34.2,60.26,611,8188,25
2026-08-28T10:54:02Z,51726,9,1324.1,913.2,5181,332,21312,34.4,58.4,613,8188,3
2026-08-28T10:55:02Z,51786,9,1324.7,913.4,5181,333,21269,34.3,53.29,614,8188,28
2026-08-28T10:56:02Z,51846,9,1325.1,914.2,5181,333,21274,34.3,60.85,614,8188,28
2026-08-28T10:57:03Z,51906,9,1324.5,913.2,5185,333,21357,34.2,60.35,613,8188,27
2026-08-28T10:58:03Z,51966,9,1324.1,912.3,5186,334,21351,34.2,54.23,613,8188,27
2026-08-28T10:59:03Z,52026,9,1324.1,912.4,5182,334,21351,34.2,60.32,613,8188,28
2026-08-28T11:00:03Z,52087,9,1324.2,913,5184,334,21350,34.3,58.26,613,8188,26
2026-08-28T11:01:03Z,52147,9,1324.4,913.5,5182,334,21343,34.3,59.13,613,8188,27
2026-08-28T11:02:03Z,52207,9,1329.8,918.8,5191,334,21367,34.2,57.67,613,8188,27
2026-08-28T11:03:03Z,52267,9,1324.6,913.6,5186,333,21369,34.2,57.14,613,8188,24
2026-08-28T11:04:04Z,52327,9,1324.3,912.9,5188,334,21346,34.3,54.64,613,8188,22
2026-08-28T11:05:04Z,52387,9,1324.5,912.9,5190,334,21267,34.4,51,613,8188,24
2026-08-28T11:06:04Z,52447,9,1323.9,913.3,5190,334,21275,34.4,58.24,614,8188,21
2026-08-28T11:07:04Z,52508,9,1324.5,913.5,5189,333,21350,34.2,56.51,614,8188,22
2026-08-28T11:08:04Z,52568,9,1325.2,914.2,5185,333,21354,34.2,53.89,613,8188,23
2026-08-28T11:09:04Z,52628,9,1324.2,913.1,5186,334,21322,34.3,58.02,613,8188,21
2026-08-28T11:10:05Z,52688,9,1324.9,914,5184,334,21345,34.3,58.98,614,8188,25
2026-08-28T11:11:05Z,52748,9,1329,918.1,5186,334,21353,34.3,55.77,613,8188,24
2026-08-28T11:12:05Z,52808,9,1324.9,913.8,5184,333,21344,34.3,56.2,613,8188,25
2026-08-28T11:13:05Z,52868,9,1324.9,914.3,5186,334,21335,34.3,55.51,613,8188,20
2026-08-28T11:14:05Z,52929,9,1324.9,914.1,5185,332,21332,34.3,58.85,613,8188,22
2026-08-28T11:15:05Z,52989,9,1325.2,914.4,5187,333,21283,34.3,52.45,613,8188,21
2026-08-28T11:16:05Z,53049,9,1325,914.3,5187,333,21263,34.4,53.93,614,8188,20
2026-08-28T11:17:05Z,53109,9,1326.1,914.9,5183,333,21354,34.2,60.54,613,8188,20
2026-08-28T11:18:06Z,53169,9,1325.5,914.6,5187,333,21266,34.5,54.67,614,8188,22
2026-08-28T11:19:06Z,53229,9,1324.6,912.9,5185,333,21293,34.4,56.38,613,8188,23
2026-08-28T11:20:06Z,53289,9,1325.2,914.3,5187,333,21339,34.3,57.74,613,8188,24
2026-08-28T11:21:06Z,53350,9,1325.3,913.9,5183,333,21330,34.3,55.62,613,8188,20
2026-08-28T11:22:06Z,53410,9,1330.5,919.5,5185,333,21330,34.3,57.58,613,8188,23
2026-08-28T11:23:06Z,53470,9,1325.7,914.6,5186,332,21326,34.3,53.91,613,8188,21
2026-08-28T11:24:07Z,53530,9,1324.8,913.8,5185,333,21251,34.5,57.94,613,8188,24
2026-08-28T11:25:07Z,53590,9,1325.4,914.4,5179,333,21236,34.4,46.86,613,8188,21
2026-08-28T11:26:07Z,53650,9,1324.9,914,5190,336,21266,34.3,57.52,613,8188,23
2026-08-28T11:27:07Z,53710,9,1325.4,914.6,5190,336,21339,34.3,58.6,613,8188,26
2026-08-28T11:28:07Z,53771,9,1325.6,914.7,5186,334,21347,34.3,56.89,614,8188,22
2026-08-28T11:29:07Z,53831,9,1325.8,914.8,5188,334,21340,34.3,59.69,613,8188,23
2026-08-28T11:30:07Z,53891,9,1325.7,914.7,5185,333,21345,34.3,55.79,613,8188,23
2026-08-28T11:31:07Z,53951,9,1325.8,914.5,5187,333,21329,34.3,57.47,613,8188,21
2026-08-28T11:32:08Z,54011,9,1327.2,917.1,5195,333,21322,34.3,59.09,613,8188,22
2026-08-28T11:33:08Z,54071,9,1325.7,915.7,5196,336,21302,34.4,59.21,613,8188,24
2026-08-28T11:34:08Z,54131,9,1325.8,915.8,5190,333,21347,34.3,53.79,613,8188,18
2026-08-28T11:35:08Z,54192,9,1326.7,917.6,5198,335,21267,34.3,50.22,613,8188,23
2026-08-28T11:36:08Z,54252,9,1326,916.7,5196,334,21270,34.4,58.12,613,8188,21
2026-08-28T11:37:08Z,54312,9,1326.8,917,5194,334,21347,34.3,57.06,613,8188,21
2026-08-28T11:38:09Z,54372,9,1326.3,917,5194,334,21353,34.3,57.6,614,8188,25
2026-08-28T11:39:09Z,54432,9,1331,920.9,5190,334,21340,34.3,54.21,613,8188,21
2026-08-28T11:40:09Z,54492,9,1327,917.1,5191,333,21327,34.3,55.92,613,8188,25
2026-08-28T11:41:09Z,54552,9,1325.8,916.2,5189,332,21338,34.3,57.69,613,8188,22
2026-08-28T11:42:09Z,54613,9,1324.6,914.2,5191,333,21349,34.3,57.45,613,8188,21
2026-08-28T11:43:09Z,54673,9,1324.6,914.2,5189,332,21342,34.3,57.59,613,8188,23
2026-08-28T11:44:09Z,54733,9,1324.5,914.1,5194,334,21339,34.3,53.85,613,8188,24
2026-08-28T11:45:10Z,54793,9,1325.6,915.5,5194,334,21250,34.4,53.85,613,8188,22
2026-08-28T11:46:10Z,54853,9,1324.9,915,5192,334,21249,34.4,56.54,613,8188,22
2026-08-28T11:47:10Z,54913,9,1325.3,915.9,5192,334,21358,34.2,57.06,614,8188,20
2026-08-28T11:48:10Z,54974,9,1325.5,915,5190,334,21342,34.3,55.2,613,8188,22
2026-08-28T11:49:10Z,55034,9,1325.9,915.7,5191,333,21352,34.3,58.15,613,8188,22
2026-08-28T11:50:10Z,55094,9,1324.7,914.3,5189,332,21351,34.2,55.17,613,8188,29
2026-08-28T11:51:10Z,55154,9,1324,913.4,5191,333,21355,34.2,59.29,613,8188,21
2026-08-28T11:52:11Z,55214,9,1324.6,914.4,5189,332,21351,34.3,56.55,614,8188,22
2026-08-28T11:53:11Z,55274,9,1324.5,914.2,5192,333,21338,34.3,57.86,613,8188,18
2026-08-28T11:54:11Z,55334,9,1325.6,915.5,5195,334,21335,34.3,52.68,613,8188,21
2026-08-28T11:55:11Z,55395,9,1329.5,919.9,5195,334,21276,34.3,50.42,614,8188,24
2026-08-28T11:56:11Z,55455,9,1325.2,915.6,5195,334,21283,34.3,56.05,614,8188,25
2026-08-28T11:57:11Z,55515,9,1326,916.3,5193,334,21297,34.3,55.93,614,8188,23
2026-08-28T11:58:11Z,55575,9,1325.6,915.8,5195,334,21364,34.2,57.99,613,8188,25
2026-08-28T11:59:12Z,55635,9,1326.5,917,5192,333,21353,34.2,56.8,614,8188,24
2026-08-28T12:00:12Z,55695,9,1325.8,916.1,5194,333,21379,34.2,58.65,614,8188,24
2026-08-28T12:01:12Z,55755,9,1329.4,919.1,5192,332,21375,34.2,57.52,613,8188,20
2026-08-28T12:02:12Z,55816,9,1317.6,906.7,5204,334,21387,34.2,58.25,613,8188,26
2026-08-28T12:03:12Z,55876,9,1324.8,913,5197,333,21357,34.2,58.36,613,8188,25
2026-08-28T12:04:12Z,55936,9,1324.5,912.8,5199,334,21349,34.3,57.96,613,8188,27
2026-08-28T12:05:12Z,55996,9,1324.1,912.2,5203,334,21235,34.5,51.15,613,8188,29
2026-08-28T12:06:13Z,56056,9,1324.3,912.5,5201,334,21290,34.3,55.72,613,8188,25
2026-08-28T12:07:13Z,56116,9,1324.9,913.2,5206,334,21293,34.2,55.92,613,8188,24
2026-08-28T12:08:13Z,56176,9,1325.5,913.9,5201,334,21360,34.2,56.18,613,8188,20
2026-08-28T12:09:13Z,56237,9,1329.2,917.1,5197,334,21353,34.2,57.12,613,8188,25
2026-08-28T12:10:13Z,56297,9,1329.5,917.5,5194,332,21349,34.2,55.55,613,8188,24
2026-08-28T12:11:13Z,56357,9,1324.6,912.7,5196,333,21368,34.2,57.59,613,8188,23
2026-08-28T12:12:14Z,56417,9,1324.8,912.5,5194,332,21374,34.2,58.1,613,8188,23
2026-08-28T12:13:14Z,56477,9,1323.9,911.3,5197,333,21364,34.2,60.36,613,8188,21
2026-08-28T12:14:14Z,56537,9,1322.9,910.9,5199,334,21367,34.2,55.34,613,8188,25
2026-08-28T12:15:14Z,56597,9,1324,912.1,5197,334,21232,34.5,52.37,613,8188,26
2026-08-28T12:16:14Z,56658,9,1323.7,911.7,5199,334,21240,34.4,55.52,613,8188,24
2026-08-28T12:17:14Z,56718,9,1324.1,912.4,5197,334,21270,34.3,57.26,613,8188,22
2026-08-28T12:18:14Z,56778,9,1324.4,912.6,5198,333,21332,34.3,57.99,613,8188,23
2026-08-28T12:19:15Z,56838,9,1324.1,912.2,5199,333,21346,34.3,55.15,613,8188,21
2026-08-28T12:20:15Z,56898,9,1324.7,912.5,5201,334,21342,34.3,57.1,613,8188,24
2026-08-28T12:21:15Z,56958,9,1328.9,916.8,5199,333,21341,34.3,58.79,613,8188,23
2026-08-28T12:22:15Z,57018,9,1325.3,913.4,5201,333,21341,34.3,55.32,613,8188,22
2026-08-28T12:23:15Z,57079,9,1324.4,912.4,5203,334,21333,34.3,58.58,613,8188,21
2026-08-28T12:24:15Z,57139,9,1323.5,911.5,5200,334,21375,34.2,52.92,613,8188,23
2026-08-28T12:25:15Z,57199,9,1324.5,912.6,5202,334,21231,34.5,53.75,613,8188,23
2026-08-28T12:26:16Z,57259,9,1323.5,911.4,5182,334,21289,34.3,54.71,613,8188,20
2026-08-28T12:27:16Z,57319,9,1324.2,912.5,5181,333,21280,34.3,58.92,613,8188,21
2026-08-28T12:28:16Z,57379,9,1324.1,912.4,5181,333,21355,34.2,57.54,613,8188,20
2026-08-28T12:29:16Z,57440,9,1328.9,917.3,5181,333,21345,34.3,57.13,613,8188,22
2026-08-28T12:30:16Z,57500,9,1325.1,913.3,5179,333,21353,34.2,57.08,613,8188,22
2026-08-28T12:31:16Z,57560,9,1324.7,912.7,5181,333,21348,34.2,57.03,613,8188,22
2026-08-28T12:32:16Z,57620,9,1327.3,914.8,5189,334,21354,34.3,56.53,613,8188,26
2026-08-28T12:33:17Z,57680,9,1324.9,913,5190,334,21323,34.3,59.36,613,8188,25
2026-08-28T12:34:17Z,57740,9,1325.3,913.9,5190,336,21301,34.4,55.4,614,8188,26
2026-08-28T12:35:17Z,57800,9,1326,914.6,5190,334,21201,34.6,54.57,614,8188,33
2026-08-28T12:36:17Z,57861,9,1325.5,913.5,5190,334,21272,34.3,54.02,614,8188,26
2026-08-28T12:37:17Z,57921,9,1326.2,914.2,5189,333,21276,34.3,58.23,614,8188,27
2026-08-28T12:38:17Z,57981,9,1325.4,913.4,5191,333,21350,34.3,56.51,614,8188,25
2026-08-28T12:39:17Z,58041,9,1324.5,912.4,5181,333,21349,34.3,56.97,614,8188,22
2026-08-28T12:40:18Z,58101,9,1324.2,911.9,5183,333,21337,34.3,56.38,613,8188,20
2026-08-28T12:41:18Z,58161,9,1323.7,911.6,5184,334,21339,34.3,56.34,613,8188,20
2026-08-28T12:42:18Z,58221,9,1324.3,912.5,5186,334,21342,34.3,57.54,613,8188,21
2026-08-28T12:43:18Z,58282,9,1322.9,910.8,5186,334,21336,34.3,58.93,613,8188,19
2026-08-28T12:44:18Z,58342,9,1323.5,911.3,5186,334,21348,34.3,56.91,613,8188,24
2026-08-28T12:45:18Z,58402,9,1324.4,912.8,5186,334,21228,34.6,53.67,614,8188,23
2026-08-28T12:46:19Z,58462,9,1324.3,912.1,5185,333,21283,34.3,53.2,613,8188,22
2026-08-28T12:47:19Z,58522,9,1324.6,912.6,5185,333,21310,34.2,59.33,613,8188,21
2026-08-28T12:48:19Z,58582,9,1324.7,913.1,5183,333,21322,34.3,54.72,613,8188,21
2026-08-28T12:49:19Z,58642,9,1324.6,912.8,5187,333,21339,34.2,55.39,613,8188,24
2026-08-28T12:50:19Z,58703,9,1324.4,912.2,5183,333,21352,34.2,54.48,613,8188,20
2026-08-28T12:51:19Z,58763,9,1324.3,912.1,5185,333,21364,34.2,59.42,613,8188,23
2026-08-28T12:52:19Z,58823,9,1324.8,913.1,5184,331,21363,34.2,57.66,614,8188,23
2026-08-28T12:53:20Z,58883,9,1324.4,912.7,5185,333,21350,34.2,58.45,614,8188,20
2026-08-28T12:54:20Z,58943,9,1324.8,912.6,5185,333,21363,34.2,55,613,8188,25
2026-08-28T12:55:20Z,59003,9,1329.9,918,5190,334,21179,34.6,50.28,613,8188,28
2026-08-28T12:56:20Z,59064,9,1326.5,914.2,5190,341,21229,34.5,56.02,613,8188,28
2026-08-28T12:57:20Z,59124,9,1329.5,917.5,5190,341,21288,34.3,57.61,613,8188,27
2026-08-28T12:58:20Z,59184,9,1324.9,912.3,5188,334,21373,34.2,58.7,613,8188,26
2026-08-28T12:59:20Z,59244,9,1325.6,913,5190,334,21357,34.3,54.43,613,8188,28
2026-08-28T13:00:21Z,59304,9,1329.5,916.6,5187,333,21363,34.2,58,613,8188,22
2026-08-28T13:01:21Z,59364,9,1325.1,912.3,5185,332,21359,34.2,57.71,613,8188,22
2026-08-28T13:02:21Z,59424,9,1321.5,909.3,5195,334,21369,34.2,57.95,613,8188,25
2026-08-28T13:03:21Z,59485,9,1325.1,912.9,5192,334,21337,34.3,57.98,614,8188,26
2026-08-28T13:04:21Z,59545,9,1325.9,913.6,5192,334,21334,34.3,54.81,614,8188,28
2026-08-28T13:05:21Z,59605,9,1325.4,913.5,5194,334,21220,34.5,53.73,614,8188,29
2026-08-28T13:06:21Z,59665,9,1323.6,910.7,5192,334,21284,34.3,54.06,613,8188,21
2026-08-28T13:07:22Z,59725,9,1324.7,911.8,5189,333,21275,34.3,55.93,613,8188,19
2026-08-28T13:08:22Z,59785,9,1324.8,911.8,5191,333,21351,34.2,58.39,613,8188,20
2026-08-28T13:09:22Z,59845,9,1329.4,916.8,5185,333,21350,34.2,56.17,613,8188,21
2026-08-28T13:10:22Z,59906,9,1325.9,913.2,5188,333,21357,34.2,56.1,613,8188,22
2026-08-28T13:11:22Z,59966,9,1329.9,916.9,5188,333,21350,34.2,58.28,613,8188,18
2026-08-28T13:12:22Z,60026,9,1330.3,917.4,5190,334,21300,34.4,54.32,613,8188,24
2026-08-28T13:13:23Z,60086,9,1325,911.8,5190,334,21325,34.3,57.68,613,8188,23
2026-08-28T13:14:23Z,60146,9,1324.8,911.4,5190,334,21345,34.2,57.51,613,8188,24
2026-08-28T13:15:23Z,60206,9,1325.2,911.9,5189,333,21213,34.5,57.71,613,8188,23
2026-08-28T13:16:23Z,60266,9,1325.6,912.9,5191,333,21272,34.3,49.93,613,8188,21
2026-08-28T13:17:23Z,60327,9,1326.3,913.4,5189,333,21266,34.3,58.87,613,8188,23
2026-08-28T13:18:23Z,60387,9,1326,913.2,5189,333,21321,34.3,56.31,614,8188,25
2026-08-28T13:19:23Z,60447,9,1326,913.4,5191,333,21327,34.3,57.92,614,8188,25
2026-08-28T13:20:24Z,60507,9,1325.3,912.1,5189,333,21329,34.3,54.55,613,8188,24
2026-08-28T13:21:24Z,60567,9,1325.4,912.8,5191,333,21346,34.2,56.77,614,8188,23
2026-08-28T13:22:24Z,60627,9,1330.5,917.6,5191,333,21331,34.3,54.37,613,8188,22
2026-08-28T13:23:24Z,60688,9,1325.6,912.7,5191,333,21344,34.2,59.73,613,8188,28
2026-08-28T13:24:24Z,60748,9,1325.3,912.3,5191,333,21345,34.2,56.7,613,8188,21
2026-08-28T13:25:24Z,60808,9,1325.2,912,5191,333,21199,34.6,51.69,613,8188,26
2026-08-28T13:26:24Z,60868,9,1325.8,913.1,5191,333,21248,34.4,49.01,613,8188,21
2026-08-28T13:27:25Z,60928,9,1325.8,913.2,5187,333,21242,34.4,55.71,614,8188,20
2026-08-28T13:28:25Z,60988,9,1325.6,912.8,5189,333,21330,34.3,57.56,613,8188,26
2026-08-28T13:29:25Z,61048,9,1325,911.7,5187,333,21326,34.3,57.66,613,8188,24
2026-08-28T13:30:25Z,61109,9,1324.3,911.7,5191,333,21329,34.3,55.23,614,8188,24
2026-08-28T13:31:25Z,61169,9,1325.2,912.1,5185,331,21318,34.3,57.78,613,8188,20
2026-08-28T13:32:25Z,61229,9,1327,914.4,5194,334,21332,34.3,57.21,613,8188,26
2026-08-28T13:33:25Z,61289,9,1325.5,913.6,5196,336,21317,34.3,57.39,614,8188,21
2026-08-28T13:34:26Z,61349,9,1326.1,913.7,5196,336,21326,34.3,54.68,613,8188,23
2026-08-28T13:35:26Z,61409,9,1325.4,913.5,5196,334,21194,34.6,53.99,614,8188,24
2026-08-28T13:36:26Z,61469,9,1325.7,913.5,5194,334,21267,34.4,51.21,614,8188,22
2026-08-28T13:37:26Z,61530,9,1329.8,917.7,5195,333,21267,34.3,55.5,614,8188,24
2026-08-28T13:38:26Z,61590,9,1325.2,912.6,5193,333,21284,34.4,59.79,613,8188,25
2026-08-28T13:39:26Z,61650,9,1325.9,913.3,5194,334,21339,34.3,56.6,613,8188,21
2026-08-28T13:40:26Z,61710,9,1325.5,912.7,5188,332,21294,34.4,54.62,613,8188,26
2026-08-28T13:41:27Z,61770,9,1326,913.6,5192,334,21320,34.3,58.14,614,8188,20
2026-08-28T13:42:27Z,61830,9,1325.9,913.2,5192,334,21321,34.3,58.9,613,8188,23
2026-08-28T13:43:27Z,61890,9,1326.2,913.5,5192,334,21314,34.3,55.91,613,8188,19
2026-08-28T13:44:27Z,61951,9,1330.9,918.5,5191,333,21363,34.2,53.53,613,8188,20
2026-08-28T13:45:27Z,62011,9,1329.8,917,5189,333,21364,34.2,57.15,613,8188,22
2026-08-28T13:46:27Z,62071,9,1326.1,913.7,5191,333,21274,34.3,52.35,614,8188,24
2026-08-28T13:47:27Z,62131,9,1324.8,911.8,5189,333,21286,34.3,58.9,613,8188,20
2026-08-28T13:48:28Z,62191,9,1325.3,912.5,5192,333,21341,34.3,55.11,613,8188,22
2026-08-28T13:49:28Z,62251,9,1329.3,916.3,5188,331,21341,34.3,58.1,613,8188,24
2026-08-28T13:50:28Z,62311,9,1325.4,912.7,5193,333,21346,34.3,57.15,613,8188,23
2026-08-28T13:51:28Z,62372,9,1326,913.3,5191,333,21340,34.3,55.93,613,8188,23
2026-08-28T13:52:28Z,62432,9,1325.5,912.8,5191,333,21343,34.3,57.31,613,8188,24
2026-08-28T13:53:28Z,62492,9,1325.4,913.2,5191,333,21337,34.3,56.78,613,8188,23
2026-08-28T13:54:28Z,62552,9,1325.6,912.8,5191,333,21338,34.3,59.22,613,8188,25
2026-08-28T13:55:29Z,62612,9,1325.7,912.7,5191,333,21320,34.3,52.1,613,8188,24
2026-08-28T13:56:29Z,62672,9,1326.2,913.3,5189,333,21252,34.4,51.2,613,8188,22
2026-08-28T13:57:29Z,62732,9,1325.6,913.2,5191,333,21250,34.4,55.39,614,8188,21
2026-08-28T13:58:29Z,62793,9,1326.2,914.1,5187,332,21302,34.4,57.44,614,8188,24
2026-08-28T13:59:29Z,62853,9,1325,912.1,5191,333,21320,34.3,57.33,613,8188,27
2026-08-28T14:00:29Z,62913,9,1325.6,912.9,5189,332,21327,34.3,57.27,613,8188,21
2026-08-28T14:01:29Z,62973,9,1325.8,912.9,5191,333,21325,34.3,54.59,613,8188,21
2026-08-28T14:02:30Z,63033,9,1328.2,916.7,5198,334,21318,34.3,60.38,613,8188,22
2026-08-28T14:03:30Z,63093,9,1331.3,919.6,5196,334,21279,34.5,55.59,613,8188,21
2026-08-28T14:04:30Z,63153,9,1326.5,915.2,5196,334,21293,34.4,56.55,614,8188,22
2026-08-28T14:05:30Z,63214,9,1331,919.7,5198,334,21297,34.4,53.97,613,8188,27
2026-08-28T14:06:30Z,63274,9,1325.7,914.4,5198,334,21229,34.5,51.01,613,8188,22
2026-08-28T14:07:30Z,63334,9,1325.9,915,5184,334,21237,34.4,56.53,613,8188,21
2026-08-28T14:08:31Z,63394,9,1325,914,5186,334,21331,34.3,58.43,613,8188,22
2026-08-28T14:09:31Z,63454,9,1325.5,914.8,5180,333,21335,34.3,55.29,614,8188,21
2026-08-28T14:10:31Z,63514,9,1325.7,914.2,5180,333,21325,34.3,53.77,613,8188,20
2026-08-28T14:11:31Z,63574,9,1325.7,914.8,5182,334,21269,34.4,54.64,614,8188,20
2026-08-28T14:12:31Z,63635,9,1325.7,915.8,5181,333,21273,34.4,57.76,613,8188,21
2026-08-28T14:13:31Z,63695,9,1325.1,914,5181,333,21240,34.6,53.45,613,8188,21
2026-08-28T14:14:31Z,63755,9,1325.2,914.4,5179,333,21256,34.5,56.54,614,8188,22
2026-08-28T14:15:32Z,63815,9,1325.1,913.9,5181,333,21266,34.4,54.86,613,8188,27
2026-08-28T14:16:32Z,63875,9,1325.8,914.6,5184,334,21206,34.5,51.7,613,8188,23
2026-08-28T14:17:32Z,63935,9,1325.9,915.2,5186,334,21247,34.4,56.65,613,8188,24
2026-08-28T14:18:32Z,63995,9,1330.7,919.5,5184,333,21298,34.3,56.29,613,8188,20
2026-08-28T14:19:32Z,64056,9,1326.6,915.7,5184,334,21331,34.2,55.75,613,8188,22
2026-08-28T14:20:32Z,64116,9,1326.5,915.5,5182,333,21319,34.3,56.23,613,8188,22
2026-08-28T14:21:32Z,64176,9,1325.2,914.3,5184,333,21326,34.3,56.51,613,8188,25
2026-08-28T14:22:33Z,64236,9,1325.4,913.8,5184,333,21311,34.3,59.31,613,8188,22
2026-08-28T14:23:33Z,64296,9,1326,914.9,5182,333,21284,34.4,54.3,613,8188,21
2026-08-28T14:24:33Z,64356,9,1326.1,915.1,5184,333,21285,34.4,57.23,614,8188,24
2026-08-28T14:25:33Z,64417,9,1326.4,914.8,5182,333,21297,34.4,45.4,613,8188,26
2026-08-28T14:26:33Z,64477,9,1327,915.8,5184,333,21230,34.5,52.64,613,8188,22
2026-08-28T14:27:33Z,64537,9,1326.8,915.4,5182,333,21245,34.5,59,613,8188,19
2026-08-28T14:28:33Z,64597,9,1326.9,915.7,5184,333,21328,34.3,58.39,613,8188,21
2026-08-28T14:29:34Z,64657,9,1326.4,915.1,5182,332,21331,34.3,57.48,613,8188,21
2026-08-28T14:30:34Z,64717,9,1326.5,915.2,5184,333,21330,34.3,57.38,613,8188,22
2026-08-28T14:31:34Z,64777,9,1327.1,916.1,5184,333,21325,34.3,53.58,614,8188,20
2026-08-28T14:32:34Z,64837,9,1332.6,922.2,5202,334,21319,34.3,55.95,614,8188,20
2026-08-28T14:33:34Z,64898,9,1332.4,922.4,5207,336,21287,34.4,58.17,615,8188,21
2026-08-28T14:34:34Z,64958,9,1331.9,922.3,5206,336,21306,34.4,59.43,615,8188,22
2026-08-28T14:35:34Z,65018,9,1331.3,921.4,5206,334,21307,34.3,57.12,615,8188,27
2026-08-28T14:36:35Z,65078,9,1331.8,921.9,5204,334,21267,34.3,49.76,614,8188,21
2026-08-28T14:37:35Z,65138,9,1335.9,925.9,5204,334,21263,34.3,56.66,614,8188,21
2026-08-28T14:38:35Z,65198,9,1332.6,922.3,5198,333,21319,34.3,57.71,614,8188,21
2026-08-28T14:39:35Z,65258,9,1336.2,926.4,5199,333,21325,34.3,57.76,614,8188,21
2026-08-28T14:40:35Z,65319,9,1332.4,922.1,5199,333,21331,34.3,59.77,615,8188,22
2026-08-28T14:41:35Z,65379,9,1332.8,922.8,5199,333,21324,34.3,55.8,615,8188,23
2026-08-28T14:42:35Z,65439,9,1336.2,926.6,5199,333,21316,34.3,55.88,614,8188,24
2026-08-28T14:43:35Z,65499,9,1333,923.3,5197,333,21314,34.3,58.5,615,8188,21
2026-08-28T14:44:36Z,65559,9,1331,920.8,5199,333,21318,34.3,57.85,614,8188,26
2026-08-28T14:45:36Z,65619,9,1331.8,921.5,5199,335,21321,34.3,57.36,614,8188,21
2026-08-28T14:46:36Z,65679,9,1336,925.9,5201,335,21227,34.5,50.75,614,8188,21
2026-08-28T14:47:36Z,65740,9,1332.2,922.5,5197,332,21246,34.4,56.07,614,8188,19
2026-08-28T14:48:36Z,65800,9,1333.1,923.5,5204,336,21323,34.3,60.11,614,8188,24
2026-08-28T14:49:36Z,65860,9,1332.5,922.9,5200,333,21331,34.3,56.63,615,8188,21
2026-08-28T14:50:37Z,65920,9,1331.9,921.9,5202,334,21327,34.3,57.75,615,8188,23
2026-08-28T14:51:37Z,65980,9,1332,921.6,5204,334,21323,34.3,53.12,614,8188,22
2026-08-28T14:52:37Z,66040,9,1329.8,919.7,5202,334,21320,34.3,58.15,614,8188,21
2026-08-28T14:53:37Z,66101,9,1329.3,919.7,5203,333,21309,34.3,57.75,614,8188,22
2026-08-28T14:54:37Z,66161,9,1333.3,923.2,5201,333,21320,34.3,58.69,614,8188,22
2026-08-28T14:55:37Z,66221,9,1329.8,919.7,5201,333,21311,34.3,55.88,614,8188,20
2026-08-28T14:56:37Z,66281,9,1333.5,923.3,5204,341,21240,34.4,50.32,614,8188,22
2026-08-28T14:57:38Z,66341,9,1334.3,925.1,5202,333,21247,34.4,57.11,614,8188,20
2026-08-28T14:58:38Z,66401,9,1329.7,919.9,5206,334,21318,34.3,56.59,614,8188,20
2026-08-28T14:59:38Z,66461,9,1329.9,919.8,5202,333,21317,34.3,55.92,614,8188,22
2026-08-28T15:00:38Z,66522,9,1329.8,920.1,5204,334,21319,34.3,59.81,614,8188,24
2026-08-28T15:01:38Z,66582,9,1329.2,919.2,5205,333,21346,34.2,55.61,614,8188,21
2026-08-28T15:02:38Z,66642,9,1326.5,918.7,5208,334,21343,34.2,59.31,615,8188,27
2026-08-28T15:03:38Z,66702,9,1333.6,924.3,5208,334,21326,34.3,58.99,615,8188,21
2026-08-28T15:04:39Z,66762,9,1329.3,919.9,5208,334,21315,34.3,56.39,615,8188,23
2026-08-28T15:05:39Z,66822,9,1329.2,919.9,5210,334,21321,34.3,54.63,615,8188,27
2026-08-28T15:06:39Z,66882,9,1329.4,920,5208,333,21259,34.4,49.33,615,8188,21
2026-08-28T15:07:39Z,66943,9,1330.2,921,5212,334,21253,34.4,55.5,615,8188,23
2026-08-28T15:08:39Z,67003,9,1328.8,919,5193,333,21322,34.3,57.47,614,8188,19
2026-08-28T15:09:39Z,67063,9,1328.1,916.4,5195,334,21317,34.3,55.37,613,8188,20
2026-08-28T15:10:39Z,67123,9,1327.8,916.8,5195,334,21314,34.3,58,614,8188,26
2026-08-28T15:11:40Z,67183,9,1328.2,917,5193,334,21315,34.3,55.61,613,8188,21
2026-08-28T15:12:40Z,67243,9,1332.1,920.4,5195,334,21316,34.3,55.49,613,8188,25
2026-08-28T15:13:40Z,67303,9,1327.6,916.4,5195,334,21358,34.2,52.86,614,8188,23
2026-08-28T15:14:40Z,67364,9,1327.7,916.3,5197,334,21354,34.2,56.55,614,8188,20
2026-08-28T15:15:40Z,67424,9,1327.9,916.1,5195,334,21353,34.2,59.07,614,8188,24
2026-08-28T15:16:40Z,67484,9,1327.9,916.6,5195,334,21275,34.3,49.53,614,8188,21
2026-08-28T15:17:40Z,67544,9,1331.7,920.3,5192,332,21263,34.4,53.76,614,8188,21
2026-08-28T15:18:41Z,67604,9,1326.6,915.3,5194,333,21283,34.4,53.94,614,8188,20
2026-08-28T15:19:41Z,67664,9,1327.5,915.6,5194,333,21323,34.3,57.41,613,8188,26
2026-08-28T15:20:41Z,67724,9,1327,915.1,5194,333,21329,34.3,57.88,613,8188,26
2026-08-28T15:21:41Z,67785,9,1327.4,915.6,5194,333,21316,34.3,56.9,613,8188,21
2026-08-28T15:22:41Z,67845,9,1327.4,915.8,5198,334,21314,34.3,57.94,613,8188,21
2026-08-28T15:23:41Z,67905,9,1327,915.5,5201,336,21317,34.4,58.54,613,8188,21
2026-08-28T15:24:42Z,67965,9,1331.8,920.6,5195,335,21314,34.3,56.55,613,8188,19
2026-08-28T15:25:42Z,68025,9,1328.3,916.6,5199,334,21321,34.3,54.76,613,8188,27
2026-08-28T15:26:42Z,68085,9,1333,921.6,5195,335,21253,34.4,51.39,613,8188,27
2026-08-28T15:27:42Z,68146,9,1329.3,918,5196,333,21254,34.4,62.57,613,8188,30
2026-08-28T15:28:42Z,68206,9,1329,917.9,5194,332,21322,34.3,62.46,614,8188,28
2026-08-28T15:29:42Z,68266,9,1329.4,917.9,5196,333,21329,34.3,61.87,613,8188,31
2026-08-28T15:30:42Z,68326,9,1329.3,917.8,5197,333,21330,34.3,59.67,613,8188,31
2026-08-28T15:31:43Z,68386,9,1333.7,922.4,5194,333,21320,34.3,58.33,614,8188,25
2026-08-28T15:32:43Z,68446,9,1328.2,917.4,5203,336,21312,34.3,60.98,613,8188,27
2026-08-28T15:33:43Z,68506,9,1329,917.9,5201,336,21296,34.4,58.85,613,8188,26
2026-08-28T15:34:43Z,68567,9,1328.5,917.6,5203,335,21307,34.3,57.64,613,8188,26
2026-08-28T15:35:43Z,68627,9,1332.1,921.6,5199,333,21308,34.3,57.21,613,8188,27
2026-08-28T15:36:43Z,68687,9,1329.1,917.9,5201,334,21275,34.3,52.14,613,8188,25
2026-08-28T15:37:43Z,68747,9,1327.9,916.8,5198,332,21274,34.3,56.35,613,8188,27
2026-08-28T15:38:44Z,68807,9,1328.5,916.8,5193,332,21346,34.2,58.64,613,8188,26
2026-08-28T15:39:44Z,68867,9,1328.9,917.6,5196,333,21341,34.3,57.68,613,8188,26
2026-08-28T15:40:44Z,68927,9,1328,916.8,5196,333,21341,34.3,61.47,613,8188,28
2026-08-28T15:41:44Z,68988,9,1328.6,917.4,5198,333,21340,34.3,58.14,613,8188,21
2026-08-28T15:42:44Z,69048,9,1332.5,921,5194,333,21328,34.3,58.47,613,8188,24
2026-08-28T15:43:44Z,69108,9,1328.6,917.3,5194,333,21325,34.3,55.11,613,8188,19
2026-08-28T15:44:44Z,69168,9,1328.5,917.2,5197,335,21325,34.3,57.69,613,8188,22
2026-08-28T15:45:45Z,69228,9,1329.2,917.9,5199,336,21336,34.3,55.65,613,8188,23
2026-08-28T15:46:45Z,69288,9,1329.3,918.7,5181,333,21233,34.4,48.77,613,8188,24
2026-08-28T15:47:45Z,69348,9,1328.4,917.5,5183,334,21245,34.4,58.39,613,8188,24
2026-08-28T15:48:45Z,69409,9,1328.9,918.5,5183,334,21310,34.3,59.68,613,8188,20
2026-08-28T15:49:45Z,69469,9,1328.9,917.8,5182,333,21345,34.2,55.78,613,8188,24
2026-08-28T15:50:45Z,69529,9,1329.4,918.5,5182,333,21340,34.2,57.76,614,8188,22
2026-08-28T15:51:45Z,69589,9,1329,917.7,5180,333,21336,34.3,56.05,613,8188,22
2026-08-28T15:52:46Z,69649,9,1328.2,916.9,5184,333,21340,34.2,60.29,613,8188,24
2026-08-28T15:53:46Z,69709,9,1328.4,917.9,5184,333,21329,34.3,55.4,614,8188,22
2026-08-28T15:54:46Z,69769,9,1328.2,916.8,5189,334,21318,34.3,56.88,613,8188,22
2026-08-28T15:55:46Z,69830,9,1328.7,917.7,5187,336,21309,34.3,53.27,613,8188,21
2026-08-28T15:56:46Z,69890,9,1328,916.7,5185,334,21280,34.3,44.84,613,8188,23
2026-08-28T15:57:46Z,69950,9,1328.4,917.3,5183,334,21282,34.3,56.41,613,8188,26
2026-08-28T15:58:46Z,70010,9,1328.9,917.7,5187,334,21355,34.2,57.65,613,8188,21
2026-08-28T15:59:47Z,70070,9,1328.2,917.1,5184,333,21346,34.2,57.48,613,8188,23
2026-08-28T16:00:47Z,70130,9,1328.8,917.6,5187,334,21337,34.3,57.86,613,8188,26
2026-08-28T16:01:47Z,70190,9,1328.4,917.4,5187,334,21336,34.3,55.78,613,8188,24
2026-08-28T16:02:47Z,70251,9,1329.1,916.5,5193,336,21333,34.3,54.95,613,8188,22
2026-08-28T16:03:47Z,70311,9,1329.7,916.9,5193,336,21317,34.3,59.33,613,8188,21
2026-08-28T16:04:47Z,70371,9,1329.4,916.5,5191,334,21300,34.4,59.28,613,8188,22
2026-08-28T16:05:47Z,70431,9,1329.9,916.9,5193,334,21326,34.3,55.46,613,8188,21
2026-08-28T16:06:48Z,70491,9,1328.2,915.3,5191,334,21252,34.4,53.65,613,8188,21
2026-08-28T16:07:48Z,70551,9,1328.4,915.8,5192,333,21247,34.4,55.76,613,8188,21
2026-08-28T16:08:48Z,70611,9,1333.2,920.8,5188,333,21311,34.3,57.4,613,8188,21
2026-08-28T16:09:48Z,70672,9,1332.9,920.8,5189,334,21335,34.2,55.93,613,8188,21
2026-08-28T16:10:48Z,70732,9,1328.3,915.8,5189,334,21334,34.2,56.76,613,8188,21
2026-08-28T16:11:48Z,70792,9,1328.3,916,5189,334,21222,34.5,54.46,613,8188,20
2026-08-28T16:12:49Z,70852,9,1328.6,916.1,5189,334,21269,34.4,55.92,613,8188,22
2026-08-28T16:13:49Z,70912,9,1327.9,915,5190,334,21342,34.2,56.91,613,8188,21
2026-08-28T16:14:49Z,70972,9,1328.2,915,5190,333,21335,34.2,55.99,613,8188,26
2026-08-28T16:15:49Z,71032,9,1329.1,916,5188,333,21323,34.3,55.54,613,8188,23
2026-08-28T16:16:49Z,71093,9,1329.1,916.2,5190,333,21333,34.2,58.87,613,8188,23
2026-08-28T16:17:49Z,71153,9,1329.6,916.5,5184,331,21257,34.3,49.71,613,8188,21
2026-08-28T16:18:49Z,71213,9,1328.3,915.7,5190,333,21263,34.3,56.69,613,8188,22
2026-08-28T16:19:50Z,71273,9,1327.7,914.9,5190,333,21346,34.2,55.27,613,8188,21
2026-08-28T16:20:50Z,71333,9,1328.7,915.7,5190,333,21343,34.2,59.83,613,8188,23
2026-08-28T16:21:50Z,71393,9,1332.5,919.6,5190,333,21368,34.2,60.22,613,8188,21
2026-08-28T16:22:50Z,71453,9,1328.9,916.1,5191,334,21360,34.2,55.33,613,8188,22
2026-08-28T16:23:50Z,71514,9,1328.9,915.9,5193,334,21346,34.2,56.6,613,8188,21
2026-08-28T16:24:50Z,71574,9,1326.8,913.7,5191,334,21352,34.2,57.16,613,8188,28
2026-08-28T16:25:50Z,71634,9,1326.6,913.7,5193,334,21295,34.4,52.44,613,8188,24
2026-08-28T16:26:51Z,71694,9,1326.5,913.1,5187,333,21334,34.2,58.87,613,8188,24
2026-08-28T16:27:51Z,71754,9,1327.1,914,5190,333,21266,34.3,45.54,613,8188,21
2026-08-28T16:28:51Z,71814,9,1327.3,914.2,5193,334,21278,34.3,55.5,613,8188,21
2026-08-28T16:29:51Z,71875,9,1327.4,914,5193,334,21344,34.2,55.91,613,8188,26
2026-08-28T16:30:51Z,71935,9,1327.2,914,5193,334,21339,34.2,59.31,613,8188,21
2026-08-28T16:31:51Z,71995,9,1327.8,915,5193,334,21336,34.3,54.35,616,8188,24
2026-08-28T16:32:51Z,72055,9,1327.3,915.2,5199,334,21319,34.3,56.29,613,8188,24
2026-08-28T16:33:52Z,72115,9,1328.5,916.5,5197,336,21332,34.3,55.76,614,8188,25
2026-08-28T16:34:52Z,72175,9,1327.9,915.5,5199,334,21350,34.2,56.92,613,8188,23
2026-08-28T16:35:52Z,72235,9,1328.5,916,5193,333,21350,34.2,60.92,613,8188,21
2026-08-28T16:36:52Z,72296,9,1326.7,914.3,5196,333,21352,34.2,58.64,613,8188,23
2026-08-28T16:37:52Z,72356,9,1327.4,915,5196,333,21271,34.3,46.16,613,8188,23
2026-08-28T16:38:52Z,72416,9,1328.2,916.1,5195,334,21273,34.3,55.52,614,8188,21
2026-08-28T16:39:52Z,72476,9,1328.2,916.1,5195,334,21345,34.2,56.56,614,8188,23
2026-08-28T16:40:53Z,72536,9,1327.6,915.5,5195,334,21354,34.2,55.04,614,8188,21
2026-08-28T16:41:53Z,72596,9,1327.3,914.8,5195,334,21347,34.2,57.22,613,8188,22
2026-08-28T16:42:53Z,72656,9,1327.1,914.2,5193,334,21336,34.2,55.99,613,8188,22
2026-08-28T16:43:53Z,72717,9,1327.3,914.6,5194,333,21332,34.2,57.05,613,8188,20
2026-08-28T16:44:53Z,72777,9,1326.7,913.6,5192,333,21342,34.2,59.12,613,8188,28
2026-08-28T16:45:53Z,72837,9,1326.7,914,5200,350,21169,34.8,36.66,613,8188,23
2026-08-28T16:46:53Z,72897,9,1326.8,913.9,5196,335,20801,35.1,34.86,613,8188,22
2026-08-28T16:47:54Z,72957,9,1327.2,914.3,5198,333,20757,34.7,41.2,611,8188,3
2026-08-28T16:48:54Z,73017,9,1331.6,915.7,5196,333,20864,34.4,61.62,611,8188,26
2026-08-28T16:49:54Z,73077,9,1327.7,911.9,5196,333,21153,34.3,60.22,611,8188,28
2026-08-28T16:50:54Z,73138,9,1328,912.2,5196,333,21322,34.3,61.83,611,8188,28
2026-08-28T16:51:54Z,73198,9,1331.6,915.5,5194,333,21355,34.2,61.79,611,8188,23
2026-08-28T16:52:54Z,73258,9,1327.5,911.4,5194,333,21369,34.2,58.79,611,8188,27
2026-08-28T16:53:54Z,73318,9,1327.2,911.1,5192,333,21370,34.2,58.81,611,8188,22
2026-08-28T16:54:55Z,73378,9,1327.5,911.7,5194,333,21370,34.2,60.12,611,8188,21
2026-08-28T16:55:55Z,73438,9,1328.2,912.2,5192,332,21467,34.2,54.41,611,8188,23
2026-08-28T16:56:55Z,73498,9,1328,911.7,5192,332,21475,34.1,60.32,611,8188,25
2026-08-28T16:57:55Z,73559,9,1328.5,912.4,5194,333,21432,34.2,52.51,611,8188,25
2026-08-28T16:58:55Z,73619,9,1327.7,911.6,5196,333,21433,34.1,59.85,611,8188,22
2026-08-28T16:59:55Z,73679,9,1327.7,911.6,5198,333,21535,34,60.02,611,8188,24
2026-08-28T17:00:56Z,73739,9,1327.7,911.7,5196,333,21535,34,56.98,611,8188,25
2026-08-28T17:01:56Z,73799,9,1333.9,918.9,5199,334,21517,34,57.24,611,8188,26
2026-08-28T17:02:56Z,73859,9,1327.5,911.6,5197,334,21509,34,57.08,611,8188,26
2026-08-28T17:03:56Z,73920,9,1327.8,911.9,5199,334,21493,34.1,56.56,611,8188,26
2026-08-28T17:04:56Z,73980,9,1327.4,911.5,5199,334,21496,34.1,57.08,611,8188,23
2026-08-28T17:05:56Z,74040,9,1328.4,912.2,5197,333,21506,34,58.64,611,8188,22
2026-08-28T17:06:56Z,74100,9,1328.1,911.7,5196,332,21506,34,59.2,611,8188,22
2026-08-28T17:07:57Z,74160,9,1328.6,912.2,5198,333,21487,34,47.56,611,8188,25
2026-08-28T17:08:57Z,74220,9,1327.7,911.5,5194,333,21486,34,59.6,611,8188,22
2026-08-28T17:09:57Z,74280,9,1326.8,910.8,5194,333,21550,34,56,611,8188,24
2026-08-28T17:10:57Z,74341,9,1327.7,911.6,5194,333,21535,34,56.36,611,8188,24
2026-08-28T17:11:57Z,74401,9,1327.3,911.3,5192,333,21529,34,58.17,611,8188,23
2026-08-28T17:12:57Z,74461,9,1328.4,912.2,5198,334,21523,34,55.99,611,8188,22
2026-08-28T17:13:57Z,74521,9,1328.1,911.9,5195,334,21523,34,57.28,611,8188,25
2026-08-28T17:14:58Z,74581,9,1328.4,912.1,5195,333,21532,34,59.57,611,8188,23
2026-08-28T17:15:58Z,74641,9,1328.7,912.6,5195,333,21534,34,60.81,611,8188,21
2026-08-28T17:16:58Z,74701,9,1328.5,912.6,5199,334,21524,34,59.16,611,8188,23
2026-08-28T17:17:58Z,74762,9,1328.9,912.9,5201,334,21452,34.1,51.88,611,8188,23
2026-08-28T17:18:58Z,74822,9,1328.9,912.7,5201,334,21383,34.3,55.58,611,8188,23
2026-08-28T17:19:58Z,74882,9,1329,912.9,5199,334,21519,34,57.91,611,8188,27
2026-08-28T17:20:58Z,74942,9,1329.2,913.2,5197,334,21521,34,58.58,611,8188,24
2026-08-28T17:21:59Z,75002,9,1327.8,911.9,5183,334,21525,34,58.42,611,8188,25
2026-08-28T17:22:59Z,75062,9,1328.4,912.5,5181,334,21518,34,55.68,611,8188,23
2026-08-28T17:23:59Z,75122,9,1328.4,912.1,5181,333,21520,34,58.26,611,8188,25
2026-08-28T17:24:59Z,75183,9,1328,911.9,5183,333,21516,34,60.22,611,8188,24
2026-08-28T17:25:59Z,75243,9,1327.9,912.2,5185,334,21461,34.2,52.41,611,8188,22
2026-08-28T17:26:59Z,75303,9,1327.3,911.2,5185,334,21495,34.1,58.6,611,8188,22
2026-08-28T17:27:59Z,75363,9,1327.3,911.4,5185,334,21413,34.2,49.09,611,8188,25
2026-08-28T17:29:00Z,75423,9,1326.3,910.1,5185,334,21422,34.1,58.49,611,8188,22
2026-08-28T17:30:00Z,75483,9,1327,910.7,5182,333,21486,34.1,55.11,611,8188,20
2026-08-28T17:31:00Z,75543,9,1327.5,911.3,5184,333,21497,34.1,61.31,611,8188,27
2026-08-28T17:32:00Z,75604,9,1330,914.4,5190,334,21512,34,57.54,611,8188,28
2026-08-28T17:33:00Z,75664,9,1327.9,911.6,5191,334,21510,34.1,57.72,611,8188,22
2026-08-28T17:34:00Z,75724,9,1328.2,911.9,5189,336,21459,34.2,56.81,611,8188,27
2026-08-28T17:35:00Z,75784,9,1328.5,912.5,5191,334,21507,34,59.42,611,8188,28
2026-08-28T17:36:01Z,75844,9,1327.9,911.6,5185,332,21505,34,56.2,611,8188,30
2026-08-28T17:37:01Z,75904,9,1328.2,912.1,5191,334,21510,34,58.59,611,8188,23
2026-08-28T17:38:01Z,75964,9,1329,913.1,5191,334,21432,34.1,52.09,611,8188,21
2026-08-28T17:39:01Z,76025,9,1328.8,912.9,5187,334,21436,34.1,57.35,611,8188,21
2026-08-28T17:40:01Z,76085,9,1329.5,913.5,5187,334,21511,34,59.14,611,8188,26
2026-08-28T17:41:01Z,76145,9,1327.7,911.3,5185,334,21507,34,57.81,611,8188,25
2026-08-28T17:42:01Z,76205,9,1327.8,911.2,5186,333,21499,34,57.34,611,8188,25
2026-08-28T17:43:02Z,76265,9,1328.7,912,5184,333,21498,34.1,61.69,611,8188,23
2026-08-28T17:44:02Z,76325,9,1327.8,911.2,5186,333,21511,34,55.29,611,8188,22
2026-08-28T17:45:02Z,76385,9,1328.5,911.8,5182,331,21536,34,55.36,611,8188,26
2026-08-28T17:46:02Z,76446,9,1327.4,910.8,5186,333,21536,34,52.65,611,8188,24
2026-08-28T17:47:02Z,76506,9,1327.4,911,5186,333,21526,34,55.23,611,8188,23
2026-08-28T17:48:02Z,76566,9,1327.7,911.4,5186,333,21520,34,56.98,611,8188,22
2026-08-28T17:49:03Z,76626,9,1326.8,910.2,5186,333,21445,34.1,50.27,611,8188,23
2026-08-28T17:50:03Z,76686,9,1327.6,911.5,5184,333,21452,34.1,54.51,611,8188,22
2026-08-28T17:51:03Z,76746,9,1327.5,911.2,5186,333,21519,34,59.57,611,8188,25
2026-08-28T17:52:03Z,76806,9,1328.3,912.2,5184,333,21514,34,59.75,611,8188,21
2026-08-28T17:53:03Z,76867,9,1327.2,911.2,5186,333,21509,34,60.5,611,8188,22
2026-08-28T17:54:03Z,76927,9,1327.8,911.6,5184,332,21487,34.1,54.6,611,8188,24
2026-08-28T17:55:03Z,76987,9,1328.4,912,5186,333,21495,34.1,58.12,611,8188,26
2026-08-28T17:56:04Z,77047,9,1327.4,910.8,5186,333,21483,34.1,54.28,611,8188,22
2026-08-28T17:57:04Z,77107,9,1328.1,911.5,5186,333,21501,34,60.26,611,8188,23
2026-08-28T17:58:04Z,77167,9,1328.2,911.6,5189,334,21540,34,58.18,611,8188,25
2026-08-28T17:59:04Z,77228,9,1328.7,912.4,5187,334,21454,34,48.02,611,8188,22
2026-08-28T18:00:04Z,77288,9,1328.9,912.8,5189,334,21457,34,58.75,611,8188,24
2026-08-28T18:01:04Z,77348,9,1328.7,912.5,5187,334,21527,34,57.37,611,8188,25
2026-08-28T18:02:04Z,77408,9,1361.9,947.6,5198,334,21493,34.1,58.8,611,8188,22
2026-08-28T18:03:05Z,77468,9,1333,916.8,5191,333,21514,34,55.53,611,8188,25
2026-08-28T18:04:05Z,77528,9,1333.8,917.6,5195,334,21509,34.1,56.26,611,8188,24
2026-08-28T18:05:05Z,77588,9,1333.5,917.3,5195,333,21490,34.1,59.98,611,8188,25
2026-08-28T18:06:05Z,77649,9,1333.1,916.7,5197,334,21508,34,60.06,611,8188,25
2026-08-28T18:07:05Z,77709,9,1331.6,915.5,5197,334,21513,34,58.79,611,8188,25
2026-08-28T18:08:05Z,77769,9,1331.9,915.7,5195,334,21506,34,57.97,611,8188,24
2026-08-28T18:09:06Z,77829,9,1330.9,914.8,5190,333,21440,34.1,49.61,611,8188,22
2026-08-28T18:10:06Z,77889,9,1326.7,910.4,5188,333,21473,34,57.52,611,8188,23
2026-08-28T18:11:06Z,77949,9,1327.6,911.2,5190,333,21532,34,59.07,611,8188,23
2026-08-28T18:12:06Z,78009,9,1327,911.1,5190,333,21504,34.1,57.15,611,8188,22
2026-08-28T18:13:06Z,78070,9,1327.4,910.9,5195,334,21498,34.1,55.84,611,8188,25
2026-08-28T18:14:06Z,78130,9,1328.1,911.7,5193,333,21495,34.1,57.5,611,8188,24
2026-08-28T18:15:06Z,78190,9,1327.6,911.8,5195,334,21500,34.1,60.03,611,8188,25
2026-08-28T18:16:07Z,78250,9,1327.6,911.7,5195,334,21497,34.1,57.62,611,8188,22
2026-08-28T18:17:07Z,78310,9,1327.5,911.4,5193,334,21517,34,54.85,611,8188,22
2026-08-28T18:18:07Z,78370,9,1327.6,911.5,5192,333,21425,34.3,55.57,611,8188,22
2026-08-28T18:19:07Z,78430,9,1328.3,912.1,5190,333,21375,34.3,51.69,611,8188,24
2026-08-28T18:20:07Z,78491,9,1328,911.5,5192,333,21435,34.1,59.65,611,8188,24
2026-08-28T18:21:07Z,78551,9,1328.3,912,5190,333,21474,34.1,59.19,611,8188,23
2026-08-28T18:22:07Z,78611,9,1328.2,911.8,5192,333,21514,34,58.66,611,8188,25
2026-08-28T18:23:07Z,78671,9,1328.1,911.7,5190,332,21511,34,59.41,611,8188,22
2026-08-28T18:24:08Z,78731,9,1328.1,912,5195,334,21496,34.1,54.62,611,8188,22
2026-08-28T18:25:08Z,78791,9,1327.6,911.3,5193,333,21509,34,57.92,611,8188,22
2026-08-28T18:26:08Z,78851,9,1327.2,911.1,5195,334,21512,34,55.65,611,8188,21
2026-08-28T18:27:08Z,78912,9,1327,910.9,5195,334,21500,34,58.43,611,8188,23
2026-08-28T18:28:08Z,78972,9,1327.7,911.5,5193,334,21499,34.1,60.22,611,8188,25
2026-08-28T18:29:08Z,79032,9,1327.7,911.2,5194,333,21365,34.3,48.86,611,8188,25
2026-08-28T18:30:09Z,79092,9,1327.4,911.4,5194,333,21425,34.1,56.71,611,8188,27
2026-08-28T18:31:09Z,79152,9,1327.4,911.3,5194,333,21457,34,60.56,611,8188,21
2026-08-28T18:32:09Z,79212,9,1325.8,909.9,5200,333,21524,34,59.98,611,8188,26
2026-08-28T18:33:09Z,79273,9,1326.3,909.9,5201,334,21464,34.2,59.24,611,8188,27
2026-08-28T18:34:09Z,79333,9,1327.1,910.8,5199,335,21486,34.1,58.6,611,8188,27
2026-08-28T18:35:09Z,79393,9,1327,911.3,5203,336,21493,34,60.97,611,8188,25
2026-08-28T18:36:09Z,79453,9,1327.1,910.9,5201,334,21491,34,58.5,611,8188,22
2026-08-28T18:37:10Z,79513,9,1327,910.8,5198,333,21491,34,60.26,611,8188,23
2026-08-28T18:38:10Z,79573,9,1327.4,911.3,5198,333,21500,34,56.85,611,8188,24
2026-08-28T18:39:10Z,79633,9,1327.4,911.3,5192,333,21385,34.3,55.02,611,8188,23
2026-08-28T18:40:10Z,79694,9,1327.9,911.8,5194,333,21430,34.1,54.89,611,8188,26
2026-08-28T18:41:10Z,79754,9,1328.6,912.7,5192,333,21440,34.1,62.55,611,8188,27
2026-08-28T18:42:10Z,79814,9,1326.6,909.8,5194,333,21491,34,59.32,611,8188,25
2026-08-28T18:43:10Z,79874,9,1327.2,910.6,5192,332,21486,34.1,57.19,611,8188,22
2026-08-28T18:44:11Z,79934,9,1326.9,910.7,5194,333,21511,34.1,52.53,611,8188,25
2026-08-28T18:45:11Z,79994,9,1327.7,911.7,5194,333,21534,34,55.24,611,8188,23
2026-08-28T18:46:11Z,80054,9,1327.5,911.2,5194,333,21532,34,55.76,611,8188,27
2026-08-28T18:47:11Z,80115,9,1327.4,911,5194,333,21536,34,60.15,611,8188,24
2026-08-28T18:48:11Z,80175,9,1328,911.4,5192,333,21491,34.1,57.71,611,8188,21
2026-08-28T18:49:11Z,80235,9,1327.1,910.5,5194,333,21373,34.4,53.9,611,8188,22
2026-08-28T18:50:11Z,80295,9,1328.1,911.5,5194,333,21416,34.2,53.98,611,8188,28
2026-08-28T18:51:12Z,80355,9,1328.1,911.7,5197,334,21421,34.2,60.25,611,8188,24
2026-08-28T18:52:12Z,80415,9,1327.9,911.2,5197,333,21478,34.1,57.53,611,8188,22
2026-08-28T18:53:12Z,80475,9,1327.8,911.5,5197,334,21498,34.1,58.57,611,8188,25
2026-08-28T18:54:12Z,80536,9,1327.5,911,5195,333,21501,34.1,57.57,611,8188,28
2026-08-28T18:55:12Z,80596,9,1326.6,909.9,5197,334,21506,34,59.1,611,8188,27
2026-08-28T18:56:12Z,80656,9,1327.5,911,5196,333,21494,34.1,55.43,611,8188,23
2026-08-28T18:57:12Z,80716,9,1327.9,911.4,5195,333,21510,34,61.05,611,8188,22
2026-08-28T18:58:13Z,80776,9,1327.1,910.6,5197,333,21512,34,56.76,611,8188,22
2026-08-28T18:59:13Z,80836,9,1326.7,910.3,5197,333,21377,34.3,57.11,611,8188,24
2026-08-28T19:00:13Z,80896,9,1327.1,910.4,5197,333,21411,34.2,53.98,611,8188,25
2026-08-28T19:01:13Z,80957,9,1327.7,911,5195,332,21419,34.2,54.46,611,8188,23
2026-08-28T19:02:13Z,81017,9,1318.8,902.8,5191,334,21498,34.1,60.83,611,8188,29
2026-08-28T19:03:13Z,81077,9,1327.6,911.6,5186,333,21467,34.2,58.74,611,8188,21
2026-08-28T19:04:14Z,81137,9,1327.7,911.6,5186,333,21420,34.3,59.76,611,8188,25
2026-08-28T19:05:14Z,81197,9,1328,912.3,5190,334,21471,34.1,54.9,611,8188,22
2026-08-28T19:06:14Z,81257,9,1328,912.6,5188,334,21481,34.1,56.02,611,8188,25
2026-08-28T19:07:14Z,81318,9,1327.6,911.9,5189,333,21491,34,57.03,611,8188,25
2026-08-28T19:08:14Z,81378,9,1328.1,912.5,5187,333,21491,34.1,58.3,611,8188,24
2026-08-28T19:09:14Z,81438,9,1328.2,912.2,5183,333,21453,34.3,58.03,611,8188,22
2026-08-28T19:10:14Z,81498,9,1328.4,912.1,5181,332,21447,34.1,55.32,611,8188,27
2026-08-28T19:11:15Z,81558,9,1328.6,912.8,5183,333,21446,34.1,56.22,611,8188,22
2026-08-28T19:12:15Z,81618,9,1327.1,911.1,5181,332,21483,34.1,56.15,611,8188,25
2026-08-28T19:13:15Z,81678,9,1328.2,912.2,5183,333,21502,34,54.45,611,8188,23
2026-08-28T19:14:15Z,81738,9,1328.1,912.5,5183,333,21462,34.2,54.8,611,8188,24
2026-08-28T19:15:15Z,81799,9,1327.3,911.5,5183,333,21508,34,54.76,611,8188,23
2026-08-28T19:16:15Z,81859,9,1327.2,911.4,5183,333,21414,34.3,58.21,611,8188,28
2026-08-28T19:17:15Z,81919,9,1327,911.2,5181,333,21478,34.1,57.35,611,8188,23
2026-08-28T19:18:16Z,81979,9,1327.7,911.6,5183,333,21480,34.1,60.25,611,8188,21
2026-08-28T19:19:16Z,82039,9,1327.8,911.7,5184,334,21479,34.1,58.31,611,8188,23
2026-08-28T19:20:16Z,82099,9,1328.2,912.2,5186,334,21360,34.3,53.03,611,8188,25
2026-08-28T19:21:16Z,82159,9,1328.4,912.8,5184,333,21392,34.2,59.02,611,8188,26
2026-08-28T19:22:16Z,82220,9,1328.1,912,5186,334,21458,34.2,60.58,611,8188,23
2026-08-28T19:23:16Z,82280,9,1329,913.2,5184,334,21451,34.2,58.53,611,8188,22
2026-08-28T19:24:16Z,82340,9,1328.8,912.6,5185,333,21444,34.2,58.24,611,8188,24
2026-08-28T19:25:17Z,82400,9,1327.9,912,5185,333,21493,34,57.62,611,8188,27
2026-08-28T19:26:17Z,82460,9,1333.2,920.8,5187,341,21464,34.1,57.26,614,8188,29
2026-08-28T19:27:17Z,82520,9,1332.8,921,5185,341,21470,34.1,61.17,614,8188,30
2026-08-28T19:28:17Z,82581,9,1329.1,917.1,5185,333,21478,34.1,62.24,613,8188,26
2026-08-28T19:29:17Z,82641,9,1329.4,916.9,5185,333,21480,34.1,60.81,613,8188,26
2026-08-28T19:30:17Z,82701,9,1329.6,917.1,5183,333,21407,34.2,51.06,614,8188,29
2026-08-28T19:31:17Z,82761,9,1329.2,916.4,5185,333,21414,34.2,59.86,614,8188,26
2026-08-28T19:32:18Z,82821,9,1322.6,908.7,5191,334,21478,34.1,61.1,613,8188,28
2026-08-28T19:33:18Z,82881,9,1333.1,918.7,5192,336,21472,34.2,55.32,613,8188,28
2026-08-28T19:34:18Z,82941,9,1327.9,913.7,5192,336,21488,34.1,57.52,613,8188,28
2026-08-28T19:35:18Z,83002,9,1329.2,915.6,5195,336,21493,34,54.39,614,8188,22
2026-08-28T19:36:18Z,83062,9,1328.5,914.4,5193,334,21486,34.1,59.49,613,8188,26
2026-08-28T19:37:18Z,83122,9,1327.6,913.5,5194,333,21497,34,56.06,613,8188,23
2026-08-28T19:38:18Z,83182,9,1328,913.9,5192,333,21500,34,58,614,8188,24
2026-08-28T19:39:19Z,83242,9,1326.9,912.4,5187,334,21494,34,57.55,613,8188,18
2026-08-28T19:40:19Z,83302,9,1327.5,913.5,5189,334,21422,34.1,48.69,613,8188,23
2026-08-28T19:41:19Z,83362,9,1327.3,913.1,5187,334,21420,34.1,55.95,614,8188,23
2026-08-28T19:42:19Z,83423,9,1327.6,913.6,5189,334,21495,34.1,55.41,613,8188,21
2026-08-28T19:43:19Z,83483,9,1328.2,914.2,5185,332,21487,34.1,59.22,614,8188,20
2026-08-28T19:44:19Z,83543,9,1327.4,913.5,5189,333,21485,34.1,58.58,614,8188,25
2026-08-28T19:45:19Z,83603,9,1328,913.8,5188,333,21532,34,55.38,613,8188,23
2026-08-28T19:46:20Z,83663,9,1328.2,913.4,5188,333,21503,34.1,58.53,613,8188,26
2026-08-28T19:47:20Z,83723,9,1328.4,913.8,5188,333,21517,34,58.21,613,8188,23
2026-08-28T19:48:20Z,83783,9,1328.4,913.5,5188,333,21512,34.1,58.1,613,8188,21
2026-08-28T19:49:20Z,83844,9,1327.5,913.2,5188,333,21513,34.1,56.72,613,8188,23
2026-08-28T19:50:20Z,83904,9,1328.3,914,5186,333,21439,34.1,51.81,613,8188,21
2026-08-28T19:51:20Z,83964,9,1328.3,914.3,5188,333,21442,34.1,57.8,614,8188,22
2026-08-28T19:52:21Z,84024,9,1328.9,915,5184,332,21514,34.1,58.22,613,8188,20
2026-08-28T19:53:21Z,84084,9,1327.9,913.5,5188,333,21517,34.1,59.42,613,8188,24
2026-08-28T19:54:21Z,84144,9,1328.9,914.3,5188,333,21509,34.1,58.37,613,8188,21
2026-08-28T19:55:21Z,84204,9,1329.3,914.8,5188,333,21505,34.1,52.09,613,8188,26
2026-08-28T19:56:21Z,84265,9,1327.9,913,5188,333,21490,34.1,52.6,613,8188,22
2026-08-28T19:57:21Z,84325,9,1328.4,914.3,5188,333,21487,34.1,58.56,613,8188,23
2026-08-28T19:58:21Z,84385,9,1332.6,918.8,5188,333,21515,34,56.97,613,8188,22
2026-08-28T19:59:22Z,84445,9,1332.8,918.5,5186,333,21519,34,55.82,613,8188,22
2026-08-28T20:00:22Z,84505,9,1332.7,918.6,5188,333,21449,34.1,49.7,613,8188,23
2026-08-28T20:01:22Z,84565,9,1328.7,914.6,5186,333,21453,34.1,56.86,613,8188,25
2026-08-28T20:02:22Z,84625,9,1331,918,5198,334,21511,34,56.87,613,8188,23
2026-08-28T20:03:22Z,84686,9,1329.6,917,5195,336,21479,34.1,56.2,613,8188,20
2026-08-28T20:04:22Z,84746,9,1329.8,917.1,5195,336,21364,34.5,54.38,613,8188,21
2026-08-28T20:05:22Z,84806,9,1333.8,921.3,5195,334,21487,34.2,54.76,613,8188,23
2026-08-28T20:06:23Z,84866,9,1329.1,916.1,5194,334,21477,34.1,57.45,613,8188,23
2026-08-28T20:07:23Z,84926,9,1329.6,917.5,5198,334,21472,34.1,55.93,613,8188,21
2026-08-28T20:08:23Z,84986,9,1329.6,916.5,5196,336,21483,34.2,59.42,613,8188,20
2026-08-28T20:09:23Z,85046,9,1330.6,917.5,5190,334,21501,34.1,56.95,613,8188,25
2026-08-28T20:10:23Z,85107,9,1330.2,917.1,5188,334,21414,34.2,49.64,613,8188,20
2026-08-28T20:11:23Z,85167,9,1330.3,918.1,5190,334,21418,34.1,59.39,613,8188,25
2026-08-28T20:12:23Z,85227,9,1329.5,916.7,5187,332,21446,34.2,55.9,613,8188,21
2026-08-28T20:13:24Z,85287,9,1332.8,920.4,5189,333,21473,34.1,55.66,613,8188,24
2026-08-28T20:14:24Z,85347,9,1333.3,920.4,5189,333,21475,34.1,58.45,613,8188,26
2026-08-28T20:15:24Z,85407,9,1329.1,916.4,5189,333,21480,34.1,55.05,613,8188,25
2026-08-28T20:16:24Z,85467,9,1328.9,916.4,5189,333,21501,34,57.24,613,8188,22
2026-08-28T20:17:24Z,85528,9,1329,916,5192,334,21554,33.9,52.06,613,8188,18
2026-08-28T20:18:24Z,85588,9,1329.4,916,5192,334,21541,34,58.87,613,8188,21
2026-08-28T20:19:24Z,85648,9,1329.9,917.1,5190,334,21536,34,56.38,613,8188,20
2026-08-28T20:20:24Z,85708,9,1329.3,916.3,5192,334,21459,34.1,50.57,613,8188,23
2026-08-28T20:21:25Z,85768,9,1333.4,920.2,5190,334,21462,34.1,54.36,613,8188,24
2026-08-28T20:22:25Z,85828,9,1328.5,915.1,5189,332,21528,34,58.81,613,8188,22
2026-08-28T20:23:25Z,85888,9,1328.7,915.6,5191,333,21523,34,56.14,613,8188,22
2026-08-28T20:24:25Z,85949,9,1329.1,915.6,5191,333,21522,34,58.13,613,8188,22
2026-08-28T20:25:25Z,86009,9,1328.8,915.4,5185,333,21525,34,56.74,613,8188,26
2026-08-28T20:26:25Z,86069,9,1328.4,915.6,5194,334,21510,34.1,49.66,613,8188,24
2026-08-28T20:27:25Z,86129,9,1328,914.8,5194,334,21468,34.2,57.31,613,8188,22
2026-08-28T20:28:26Z,86189,9,1328.7,915.4,5192,334,21488,34.1,61.27,613,8188,22
2026-08-28T20:29:26Z,86249,9,1329,915.8,5194,334,21506,34,57.64,613,8188,26
2026-08-28T20:30:26Z,86309,9,1328.7,915.9,5194,334,21460,34,50.32,613,8188,23
2026-08-28T20:31:26Z,86370,9,1333,920.5,5191,332,21450,34.1,54.26,613,8188,19
2026-08-28T20:32:26Z,86430,9,1328.1,914.5,5206,333,21526,34,59.6,614,8188,20
2026-08-28T20:33:26Z,86490,9,1333.9,919.8,5210,336,21475,34.2,58.42,613,8188,21
2026-08-28T20:34:27Z,86550,9,1333.3,919.8,5207,336,21500,34.1,58.25,613,8188,20
2026-08-28T20:35:27Z,86610,9,1332.8,919.3,5207,334,21511,34,55.34,614,8188,23
2026-08-28T20:36:27Z,86670,9,1336.8,923.3,5205,334,21505,34,54.9,614,8188,26
2026-08-28T20:37:27Z,86730,9,1333.4,919.7,5202,333,21510,34,57.75,613,8188,22
2026-08-28T20:38:27Z,86791,9,1332.9,919.2,5204,333,21509,34,57.51,613,8188,24
2026-08-28T20:39:27Z,86851,9,1332.9,919.2,5198,333,21513,34,55.84,613,8188,20
2026-08-28T20:40:27Z,86911,9,1333.8,919.7,5198,332,21432,34.1,51.42,613,8188,21
2026-08-28T20:41:28Z,86971,9,1333.4,919.2,5200,332,21434,34.1,56.99,613,8188,24
2026-08-28T20:42:28Z,87031,9,1332.3,918.2,5192,333,21535,34,59.12,613,8188,24
2026-08-28T20:43:28Z,87091,9,1331.8,917.9,5192,333,21530,34,55.06,613,8188,28
2026-08-28T20:44:28Z,87151,9,1332.1,918.5,5192,333,21519,34,56.62,614,8188,24
2026-08-28T20:45:28Z,87212,9,1332.8,919.3,5190,333,21525,34,58.15,614,8188,23
2026-08-28T20:46:28Z,87272,9,1331.4,917.7,5188,333,21511,34,56,613,8188,21
2026-08-28T20:47:28Z,87332,9,1332.3,918.8,5190,333,21519,34,57.12,614,8188,22
2026-08-28T20:48:29Z,87392,9,1336.9,919.1,5190,333,21484,34.1,56.23,611,8188,28
2026-08-28T20:49:29Z,87452,9,1333.9,916.3,5188,332,21487,34,60.62,611,8188,29
2026-08-28T20:50:29Z,87512,9,1334.3,916.2,5192,332,21446,34.1,55.9,611,8188,32
2026-08-28T20:51:29Z,87572,9,1330.4,912.5,5192,333,21448,34.1,61.67,611,8188,27
2026-08-28T20:52:29Z,87633,9,1331.1,913.4,5194,333,21516,34,61.98,611,8188,27
2026-08-28T20:53:29Z,87693,9,1330.2,912.4,5190,333,21515,34,60.57,611,8188,29
2026-08-28T20:54:29Z,87753,9,1330.4,912.5,5190,333,21514,34,59.43,611,8188,23
2026-08-28T20:55:30Z,87813,9,1330.1,912.5,5188,333,21510,34,59.23,611,8188,26
2026-08-28T20:56:30Z,87873,9,1330.7,916.7,5190,333,21492,34.1,56.7,613,8188,25
2026-08-28T20:57:30Z,87933,9,1335.1,921,5188,333,21487,34.1,57.15,614,8188,29
2026-08-28T20:58:30Z,87993,9,1329.6,916,5190,333,21495,34,56.53,614,8188,29
2026-08-28T20:59:30Z,88054,9,1333.3,919.1,5190,333,21507,34,58.2,613,8188,29
2026-08-28T21:00:30Z,88114,9,1329.4,915.6,5192,333,21243,34.2,52.34,613,8188,29
2026-08-28T21:01:30Z,88174,9,1330,915.7,5186,331,21470,34.1,53.78,613,8188,27
2026-08-28T21:02:30Z,88234,9,1326.8,913.9,5195,334,21544,34,58.37,614,8188,21
2026-08-28T21:03:31Z,88294,9,1330.2,917.1,5197,334,21511,34.1,58.48,613,8188,21
2026-08-28T21:04:31Z,88354,9,1329.8,917,5197,334,21508,34,56.55,614,8188,21
2026-08-28T21:05:31Z,88414,9,1329.6,916.4,5199,334,21523,34,55.98,613,8188,23
2026-08-28T21:06:31Z,88475,9,1329.9,916.9,5195,334,21514,34,57.39,614,8188,24
2026-08-28T21:07:31Z,88535,9,1330.5,916.9,5197,334,21495,34.1,54.17,613,8188,20
2026-08-28T21:08:31Z,88595,9,1330.3,916.3,5194,333,21511,34,58.73,613,8188,22
2026-08-28T21:09:31Z,88655,9,1329.4,915.7,5192,333,21510,34,57.55,613,8188,26
2026-08-28T21:10:32Z,88715,9,1329.4,916.3,5188,331,21437,34.2,49.45,614,8188,23
2026-08-28T21:11:32Z,88775,9,1329.7,916.2,5192,333,21445,34.1,56.19,613,8188,23
2026-08-28T21:12:32Z,88835,9,1334.6,921.1,5192,333,21501,34.1,57.35,613,8188,24
2026-08-28T21:13:32Z,88896,9,1330.3,916.8,5192,333,21523,34,56.54,613,8188,21
2026-08-28T21:14:32Z,88956,9,1330.4,917.2,5192,333,21527,34,55.56,613,8188,23
2026-08-28T21:15:32Z,89016,9,1329.3,916.6,5192,333,21526,34,55.49,613,8188,23
2026-08-28T21:16:32Z,89076,9,1328.5,915.3,5194,333,21503,34.1,55.88,613,8188,25
2026-08-28T21:17:33Z,89136,9,1329,916.5,5192,333,21523,34,57.7,614,8188,21
2026-08-28T21:18:33Z,89196,9,1328.6,915.4,5194,333,21434,34.2,55.55,613,8188,23
2026-08-28T21:19:33Z,89256,9,1329.9,916.7,5188,331,21485,34.1,55.71,613,8188,21
2026-08-28T21:20:33Z,89317,9,1329.9,916.7,5192,333,21423,34.1,52.06,613,8188,25
2026-08-28T21:21:33Z,89377,9,1330.1,916.8,5192,333,21420,34.1,55.03,613,8188,25
2026-08-28T21:22:33Z,89437,9,1330.3,917.1,5192,333,21501,34.1,59.26,613,8188,20
2026-08-28T21:23:33Z,89497,9,1330.2,917,5192,333,21492,34.1,57.73,614,8188,20
2026-08-28T21:24:34Z,89557,9,1330.6,917.6,5190,333,21493,34.1,57.55,614,8188,23
2026-08-28T21:25:34Z,89617,9,1330.6,917.5,5192,333,21524,34,56.4,613,8188,23
2026-08-28T21:26:34Z,89677,9,1333.2,918.9,5190,333,21504,34,53.68,613,8188,25
2026-08-28T21:27:34Z,89738,9,1329.6,915.4,5192,333,21511,34,59.68,613,8188,22
2026-08-28T21:28:34Z,89798,9,1329.5,915.1,5188,331,21505,34,56.93,613,8188,20
2026-08-28T21:29:34Z,89858,9,1329.8,915.5,5194,333,21511,34,56.83,613,8188,21
2026-08-28T21:30:34Z,89918,9,1329,915.3,5192,332,21426,34.1,48.88,613,8188,22
2026-08-28T21:31:35Z,89978,9,1329.3,914.7,5194,333,21405,34.2,53.51,613,8188,24
2026-08-28T21:32:35Z,90038,9,1325.5,911.3,5199,334,21530,34,58.12,614,8188,25
2026-08-28T21:33:35Z,90098,9,1328.8,914.4,5199,336,21482,34.1,58.41,614,8188,25
2026-08-28T21:34:35Z,90158,9,1329,915,5201,336,21510,34,60.28,613,8188,24
2026-08-28T21:35:35Z,90219,9,1334.1,920.2,5197,334,21505,34,59.18,614,8188,29
2026-08-28T21:36:35Z,90279,9,1329.6,915.4,5199,334,21503,34,56.41,613,8188,25
2026-08-28T21:37:35Z,90339,9,1330.4,917.3,5194,333,21506,34,58.66,615,8188,22
2026-08-28T21:38:35Z,90399,9,1330.2,915.4,5195,333,21506,34,58.26,613,8188,23
2026-08-28T21:39:36Z,90459,9,1330.3,916,5190,332,21503,34,59.01,613,8188,24
2026-08-28T21:40:36Z,90519,9,1330.5,916.6,5192,333,21435,34.1,50.25,614,8188,24
2026-08-28T21:41:36Z,90579,9,1334.4,920.2,5192,333,21418,34.2,54.82,613,8188,27
2026-08-28T21:42:36Z,90640,9,1331.2,916.4,5192,333,21499,34,56.36,613,8188,23
2026-08-28T21:43:36Z,90700,9,1329.8,915,5192,333,21487,34.1,56.69,613,8188,21
2026-08-28T21:44:36Z,90760,9,1330.4,915.6,5190,333,21487,34.1,58.95,613,8188,21
2026-08-28T21:45:37Z,90820,9,1328.9,914.1,5185,333,21542,33.9,52.8,613,8188,22
2026-08-28T21:46:37Z,90880,9,1328.5,914.1,5185,333,21537,34,56.05,613,8188,22
2026-08-28T21:47:37Z,90940,9,1328.6,913.9,5187,333,21535,34,53.08,613,8188,21
2026-08-28T21:48:37Z,91000,9,1328.3,913.7,5185,332,21519,34,59.21,613,8188,24
2026-08-28T21:49:37Z,91061,9,1328.2,913.6,5187,333,21500,34.1,56.9,613,8188,21
2026-08-28T21:50:37Z,91121,9,1327.7,913,5185,332,21429,34.2,52.74,613,8188,26
2026-08-28T21:51:37Z,91181,9,1328.5,913.8,5190,334,21422,34.2,55.93,613,8188,21
2026-08-28T21:52:38Z,91241,9,1329.1,914.3,5190,334,21526,34,54.64,613,8188,21
2026-08-28T21:53:38Z,91301,9,1329.4,914.8,5188,334,21496,34.1,55.07,613,8188,22
2026-08-28T21:54:38Z,91361,9,1329.5,915.3,5188,334,21518,34,52.56,613,8188,24
2026-08-28T21:55:38Z,91421,9,1329.5,915.3,5186,334,21511,34.1,54.63,613,8188,24
2026-08-28T21:56:38Z,91482,9,1333.6,919.1,5187,333,21485,34.1,58.3,613,8188,28
2026-08-28T21:57:38Z,91542,9,1334.1,920.3,5189,332,21483,34.1,56.32,614,8188,28
2026-08-28T21:58:38Z,91602,9,1329.8,915.6,5191,333,21545,34,61.23,614,8188,28
2026-08-28T21:59:39Z,91662,9,1330.5,915.9,5189,332,21596,33.7,61.43,613,8188,26
2026-08-28T22:00:39Z,91722,9,1331.6,917.5,5194,334,21427,34.1,55.31,614,8188,32
2026-08-28T22:01:39Z,91782,9,1334.4,920.2,5192,334,21413,34.1,59.67,613,8188,25
2026-08-28T22:02:39Z,91843,9,1326.6,913,5194,334,21483,34,57.84,613,8188,25
2026-08-28T22:03:39Z,91903,9,1330,915.6,5194,334,21479,34,59.05,614,8188,28
2026-08-28T22:04:39Z,91963,9,1330.1,915.9,5194,334,21470,34.1,59.1,613,8188,26
2026-08-28T22:05:39Z,92023,9,1329.9,914.9,5196,334,21484,34,61.05,613,8188,28
2026-08-28T22:06:40Z,92083,9,1329.6,915.3,5194,334,21494,34,62.24,614,8188,22
2026-08-28T22:07:40Z,92143,9,1330.2,915.2,5193,333,21491,34,55.39,613,8188,27
2026-08-28T22:08:40Z,92203,9,1330.1,915,5187,332,21491,34.0,59.41,613,8188,24
2026-08-28T22:09:40Z,92264,9,1330.3,915.1,5189,333,21489,34,58.21,613,8188,21
2026-08-28T22:10:40Z,92324,9,1328.8,914.4,5189,333,21386,34.1,51.26,613,8188,24
2026-08-28T22:11:40Z,92384,9,1327.9,913.4,5189,333,21328,34.3,53.78,613,8188,23
2026-08-28T22:12:40Z,92444,9,1333.1,918.6,5189,333,21421,34.1,55.38,613,8188,25
2026-08-28T22:13:41Z,92504,9,1327.9,914.2,5189,333,21450,34.1,57.23,613,8188,26
2026-08-28T22:14:41Z,92564,9,1328.7,914,5194,333,21482,34,58.98,613,8188,20
2026-08-28T22:15:41Z,92624,9,1328.6,914.2,5189,333,21475,34,58.03,613,8188,21
2026-08-28T22:16:41Z,92685,9,1329.1,914.7,5189,333,21477,34,58.55,613,8188,21
2026-08-28T22:17:41Z,92745,9,1330.1,916.1,5187,332,21474,34,54.15,614,8188,21
2026-08-28T22:18:41Z,92805,9,1329.6,915.3,5189,333,21469,34.0,56.33,613,8188,21
2026-08-28T22:19:41Z,92865,9,1330.8,916.6,5187,332,21469,34,56,613,8188,20
2026-08-28T22:20:42Z,92925,9,1329.6,915.4,5189,333,21474,34,60,613,8188,26
2026-08-28T22:21:42Z,92985,9,1330.1,915.6,5189,333,21398,34.1,52.17,613,8188,21
2026-08-28T22:22:42Z,93045,9,1330.7,917.2,5187,333,21401,34.1,55.2,614,8188,24
2026-08-28T22:23:42Z,93106,9,1334.3,920.4,5189,333,21441,34.2,53.76,613,8188,21
2026-08-28T22:24:42Z,93166,9,1329.7,915.4,5187,333,21435,34.2,58.59,613,8188,19
2026-08-28T22:25:42Z,93226,9,1333.2,918.8,5183,333,21442,34.2,57.01,613,8188,20
2026-08-28T22:26:42Z,93286,9,1333.4,919.3,5181,332,21477,34.1,52.12,613,8188,20
2026-08-28T22:27:43Z,93346,9,1330.8,916.6,5183,333,21468,34.1,55.52,613,8188,27
2026-08-28T22:28:43Z,93406,9,1329.6,915.9,5183,332,21482,34,57.63,614,8188,25
2026-08-28T22:29:43Z,93466,9,1330.2,916.5,5181,332,21497,34,56.92,614,8188,26
2026-08-28T22:30:43Z,93527,9,1330.1,916.3,5183,333,21481,34,56.61,614,8188,21
2026-08-28T22:31:43Z,93587,9,1329.6,915.4,5181,333,21414,34.1,49.32,613,8188,21
2026-08-28T22:32:43Z,93647,9,1332.1,919.5,5188,334,21372,34.2,54.15,615,8188,21
2026-08-28T22:33:43Z,93707,9,1329.6,914.7,5188,336,21452,34.1,56.88,613,8188,22
2026-08-28T22:34:44Z,93767,9,1330.4,915.7,5192,336,21459,34.1,57.42,613,8188,22
2026-08-28T22:35:44Z,93827,9,1330.2,915.2,5188,333,21479,34,57.42,613,8188,20
2026-08-28T22:36:44Z,93887,9,1329.7,915.5,5190,334,21476,34,57.93,614,8188,21
2026-08-28T22:37:44Z,93948,9,1330.3,915.6,5185,332,21468,34,57.81,613,8188,25
2026-08-28T22:38:44Z,94008,9,1328.5,914.7,5186,334,21475,34,56.34,614,8188,22
2026-08-28T22:39:44Z,94068,9,1329.6,915.1,5186,334,20952,34.1,36.61,613,8188,26
2026-08-28T22:40:44Z,94128,9,1329.8,914.8,5186,334,21605,33.9,51.28,613,8188,23
2026-08-28T22:41:45Z,94188,9,1329.9,915.4,5186,334,21600,34,58.71,613,8188,23
2026-08-28T22:42:45Z,94248,9,1329.8,915.5,5184,334,21530,34.1,53.28,614,8188,20
2026-08-28T22:43:45Z,94308,9,1329.5,914.6,5185,333,21520,34.1,56.1,613,8188,22
2026-08-28T22:44:45Z,94369,9,1330.4,915.8,5183,333,21579,34,58.66,613,8188,22
2026-08-28T22:45:45Z,94429,9,1328.8,913.8,5185,333,21579,34,58.28,613,8188,24
2026-08-28T22:46:45Z,94489,9,1329.5,914.7,5183,332,21577,34,56.92,613,8188,25
2026-08-28T22:47:45Z,94549,9,1329.1,914.5,5185,333,21573,34,56.09,613,8188,23
2026-08-28T22:48:46Z,94609,9,1330,916.5,5183,332,21562,34.1,60.02,613,8188,25
2026-08-28T22:49:46Z,94669,9,1330.2,916,5185,333,21574,34,54.43,614,8188,21
2026-08-28T22:50:46Z,94729,9,1329.6,915.1,5185,333,21576,34,57.39,614,8188,26
2026-08-28T22:51:46Z,94790,9,1334.7,919.7,5183,333,21568,34,58.29,614,8188,24
2026-08-28T22:52:46Z,94850,9,1329.8,915.2,5185,333,21520,34,48.48,613,8188,18
2026-08-28T22:53:46Z,94910,9,1329.7,915.5,5183,333,21514,34.1,54.37,613,8188,23
2026-08-28T22:54:46Z,94970,9,1330.4,916.4,5185,333,21580,34,57.21,614,8188,22
2026-08-28T22:55:47Z,95030,9,1329.9,915.6,5183,333,21597,34,59,613,8188,23
2026-08-28T22:56:47Z,95090,9,1330.5,915.7,5185,333,21554,34.1,54.31,613,8188,20
2026-08-28T22:57:47Z,95150,9,1330.1,915.4,5183,333,21569,34,54.6,613,8188,21
2026-08-28T22:58:47Z,95211,9,1330.5,916.2,5185,333,21566,34,58.51,614,8188,19
2026-08-28T22:59:47Z,95271,9,1330.9,916.6,5185,333,21548,34.1,56.19,614,8188,20
2026-08-28T23:00:47Z,95331,9,1330.3,915.3,5185,333,21549,34.1,56.06,613,8188,21
2026-08-28T23:01:47Z,95391,9,1330,914.7,5185,333,21577,34.0,56.74,613,8188,21
2026-08-28T23:02:48Z,95451,9,1327.3,912.3,5190,334,21482,34.1,47.32,613,8188,24
2026-08-28T23:03:48Z,95511,9,1328.6,912.9,5190,334,21485,34.1,58.83,613,8188,27
2026-08-28T23:04:48Z,95571,9,1329.9,914.6,5192,334,21553,34.1,58.8,613,8188,24
2026-08-28T23:05:48Z,95632,9,1329.3,913.8,5192,334,21566,34,55.06,613,8188,22
2026-08-28T23:06:48Z,95692,9,1329.5,914.7,5192,334,21558,34,55.81,614,8188,25
2026-08-28T23:07:48Z,95752,9,1329.7,914.8,5194,334,21556,34,55.73,613,8188,23
2026-08-28T23:08:49Z,95812,9,1330.1,915,5184,332,21557,34,59.19,613,8188,23
2026-08-28T23:09:49Z,95872,9,1330.4,915.3,5188,334,21539,34.1,59.06,613,8188,23
2026-08-28T23:10:49Z,95932,9,1329.2,913.9,5188,334,21531,34.1,56.9,613,8188,21
2026-08-28T23:11:49Z,95992,9,1330,914.8,5190,334,21594,34,53.84,614,8188,25
2026-08-28T23:12:49Z,96053,9,1330.2,914.8,5190,334,21519,34.1,50.28,614,8188,18
2026-08-28T23:13:49Z,96113,9,1330.2,914.8,5190,334,21418,34.3,53.92,614,8188,25
2026-08-28T23:14:49Z,96173,9,1330.7,915.2,5190,334,21518,34.1,56.78,613,8188,21
2026-08-28T23:15:50Z,96233,9,1329.7,914.2,5188,334,21560,34,57.82,613,8188,24
2026-08-28T23:16:50Z,96293,9,1330.2,914.4,5189,333,21556,34,57.47,613,8188,23
2026-08-28T23:17:50Z,96353,9,1330,914.1,5185,332,21556,34,58.37,613,8188,20
2026-08-28T23:18:50Z,96414,9,1330.3,914.8,5189,333,21553,34.1,57.01,613,8188,26
2026-08-28T23:19:50Z,96474,9,1329.6,914.6,5189,333,21558,34,55.71,614,8188,21
2026-08-28T23:20:50Z,96534,9,1329.6,914.2,5189,333,21567,34,56.55,613,8188,25
2026-08-28T23:21:50Z,96594,9,1334.5,918.9,5189,333,21555,34,59.31,613,8188,21
2026-08-28T23:22:51Z,96654,9,1329.8,914.6,5189,333,21471,34.1,50.76,614,8188,20
2026-08-28T23:23:51Z,96714,9,1329.6,914.3,5189,333,21472,34.2,55.68,613,8188,21
2026-08-28T23:24:51Z,96774,9,1330.5,915.1,5187,333,21577,34,57.27,613,8188,24
2026-08-28T23:25:51Z,96834,9,1329.2,913.9,5191,333,21540,34.1,55.83,613,8188,21
2026-08-28T23:26:51Z,96895,9,1334.9,915.7,5189,341,21543,34.1,56.38,611,8188,28
2026-08-28T23:27:51Z,96955,9,1333.4,914.2,5191,333,21541,34.1,62.51,611,8188,27
2026-08-28T23:28:51Z,97015,9,1330,911,5193,333,21545,34,61.75,611,8188,27
2026-08-28T23:29:52Z,97075,9,1329.1,909.7,5193,333,21550,34,61.31,611,8188,25
2026-08-28T23:30:52Z,97135,9,1334,914.8,5193,333,21547,34,64.37,611,8188,31
2026-08-28T23:31:52Z,97195,9,1330.8,911.4,5197,333,21548,34,62.16,611,8188,30
2026-08-28T23:32:52Z,97256,9,1335.1,915.7,5197,334,21466,34.1,55.83,611,8188,27
2026-08-28T23:33:52Z,97316,9,1330.5,911.2,5197,336,21424,34.3,60.13,611,8188,28
2026-08-28T23:34:52Z,97376,9,1331.2,912,5197,334,21533,34.1,64.17,611,8188,27
2026-08-28T23:35:52Z,97436,9,1331,911.9,5193,334,21563,34,63.58,611,8188,28
2026-08-28T23:36:53Z,97496,9,1330.6,911.5,5195,334,21572,34,63.19,611,8188,28
2026-08-28T23:37:53Z,97556,9,1330.5,911.2,5193,333,21566,34,60.91,611,8188,27
2026-08-28T23:38:53Z,97616,9,1330.3,911.2,5190,333,21575,34,58.29,611,8188,27
2026-08-28T23:39:53Z,97677,9,1335.5,916.3,5188,333,21565,34,60.97,611,8188,28
2026-08-28T23:40:53Z,97737,9,1334.9,915.5,5190,333,21563,34,64.5,611,8188,27
2026-08-28T23:41:53Z,97797,9,1331.3,912.7,5198,357,21514,34.2,57.04,611,8188,28
2026-08-28T23:42:53Z,97857,9,1331.2,912.1,5192,341,21457,34.2,53.19,611,8188,26
2026-08-28T23:43:54Z,97917,9,1330.4,911.3,5186,333,21476,34.1,59.34,611,8188,29
2026-08-28T23:44:54Z,97977,9,1331.5,912.7,5188,333,21542,34,61.52,611,8188,28
2026-08-28T23:45:54Z,98037,9,1333.7,914.6,5186,333,21538,34.1,63.39,611,8188,30
2026-08-28T23:46:54Z,98098,9,1330.4,911.3,5188,333,21550,34,60.5,611,8188,30
2026-08-28T23:47:54Z,98158,9,1330.6,911.5,5184,331,21581,33.9,59.5,611,8188,28
2026-08-28T23:48:54Z,98218,9,1330.9,911.4,5188,333,21572,34,57.73,611,8188,28
2026-08-28T23:49:54Z,98278,9,1330.5,911.4,5188,333,21601,33.9,60.06,611,8188,27
2026-08-28T23:50:55Z,98338,9,1330.5,911,5188,333,21604,33.9,60.69,611,8188,30
2026-08-28T23:51:55Z,98398,9,1331.4,911.9,5188,333,21603,33.9,60.99,611,8188,28
2026-08-28T23:52:55Z,98458,9,1330.4,911.4,5186,333,21517,34,53.31,611,8188,27
2026-08-28T23:53:55Z,98519,9,1331.3,912,5188,333,21483,34.1,57.05,611,8188,28
2026-08-28T23:54:55Z,98579,9,1331.4,912.2,5186,333,21584,33.9,54.51,611,8188,27
2026-08-28T23:55:55Z,98639,9,1335.6,916.4,5190,333,21316,34.5,45.66,611,8188,32
2026-08-28T23:56:55Z,98699,9,1331.9,912.4,5186,331,21546,33.9,47.65,611,8188,27
2026-08-28T23:57:56Z,98759,9,1331.6,912.3,5189,333,21434,34.3,59.53,611,8188,31
2026-08-28T23:58:56Z,98819,9,1335.6,916.3,5190,333,21010,35,42.2,611,8188,28
2026-08-28T23:59:56Z,98879,9,1331.2,912.2,5190,333,21119,35.5,28.54,611,8188,30
2026-08-29T00:00:56Z,98940,9,1331.3,912,5190,333,21096,35.1,41.29,611,8188,30
2026-08-29T00:01:56Z,99000,9,1381.7,968.7,5196,334,21124,35.2,58.05,611,8188,28
2026-08-29T00:02:56Z,99060,9,1330.6,911.7,5195,336,21160,34.9,56.5,611,8188,26
2026-08-29T00:03:57Z,99120,9,1330.8,911.9,5191,334,21149,34.9,55.6,611,8188,27
2026-08-29T00:04:57Z,99180,9,1330.8,911.9,5195,334,21219,34.8,58.42,611,8188,30
2026-08-29T00:05:57Z,99240,9,1330.9,911.8,5189,333,21260,34.7,59.89,611,8188,31
2026-08-29T00:06:57Z,99300,9,1330.7,911.8,5184,333,21292,34.7,61.04,611,8188,30
2026-08-29T00:07:57Z,99361,9,1330.4,911.2,5184,333,21330,34.6,61.34,611,8188,27
2026-08-29T00:08:57Z,99421,9,1335,916,5180,333,21318,34.6,56.25,611,8188,22
2026-08-29T00:09:57Z,99481,9,1335.1,916.2,5182,333,21319,34.6,60.23,611,8188,22
2026-08-29T00:10:58Z,99541,9,1333.9,914.7,5180,333,21320,34.6,58.35,611,8188,25
2026-08-29T00:11:58Z,99601,9,1334.6,915.6,5180,333,21312,34.6,59.37,611,8188,29
2026-08-29T00:12:58Z,99661,9,1334.1,915.3,5178,333,21240,34.7,52.13,611,8188,23
2026-08-29T00:13:58Z,99721,9,1335,916,5180,333,21235,34.7,56.14,611,8188,28
2026-08-29T00:14:58Z,99782,9,1335,915.7,5178,333,21304,34.6,57.31,611,8188,22
2026-08-29T00:15:58Z,99842,9,1335,916.3,5180,333,21307,34.6,58.41,611,8188,26
2026-08-29T00:16:58Z,99902,9,1331,912,5179,332,21309,34.6,60.17,611,8188,22
2026-08-29T00:17:58Z,99962,9,1330.4,911.1,5180,333,21304,34.6,58.96,611,8188,22
2026-08-29T00:18:59Z,100022,9,1330.8,911.7,5181,333,21243,34.8,54.5,611,8188,23
2026-08-29T00:19:59Z,100082,9,1330.6,911.3,5180,333,21314,34.6,55.46,611,8188,21
2026-08-29T00:20:59Z,100142,9,1329.1,910.3,5180,333,21321,34.6,58.88,611,8188,25
2026-08-29T00:21:59Z,100203,9,1329.2,910.1,5178,333,21315,34.6,60.36,611,8188,25
2026-08-29T00:22:59Z,100263,9,1329.5,910.4,5186,334,21164,34.9,50.99,611,8188,25
2026-08-29T00:23:59Z,100323,9,1330.5,911.6,5183,336,21232,34.7,55.51,611,8188,22
2026-08-29T00:25:00Z,100383,9,1330,910.8,5183,334,21233,34.7,60.17,611,8188,22
2026-08-29T00:26:00Z,100443,9,1330.8,911.7,5183,333,21297,34.7,56.2,611,8188,25
2026-08-29T00:27:00Z,100503,9,1330.6,911.6,5181,341,21190,34.5,53.51,611,8188,30
2026-08-29T00:28:00Z,100564,9,1330.6,911.6,5182,340,21119,34.9,58.62,611,8188,27
2026-08-29T00:29:00Z,100624,9,1330.9,911.8,5184,333,21167,34.6,60.07,611,8188,29
2026-08-29T00:30:00Z,100684,9,1335.1,916.2,5184,333,21174,34.6,61.45,611,8188,26
2026-08-29T00:31:00Z,100744,9,1331.6,912.3,5182,333,21182,34.5,66.51,611,8188,29
2026-08-29T00:32:01Z,100804,9,1338.1,920.5,5194,334,21174,34.5,61.06,611,8188,28
2026-08-29T00:33:01Z,100864,9,1336,921.5,5191,334,21005,35,54.73,613,8188,28
2026-08-29T00:34:01Z,100924,9,1330.7,915.9,5193,336,21062,34.8,56.89,613,8188,31
2026-08-29T00:35:01Z,100985,9,1332,917.8,5191,333,21113,34.6,63.06,613,8188,29
2026-08-29T00:36:01Z,101045,9,1330.5,916.2,5187,333,21176,34.5,60.21,613,8188,26
2026-08-29T00:37:01Z,101105,9,1329.6,915.4,5186,332,21189,34.5,58.33,614,8188,28
2026-08-29T00:38:01Z,101165,9,1330.7,916.7,5188,333,21183,34.5,59,614,8188,24
2026-08-29T00:39:02Z,101225,9,1330.4,915.9,5184,333,21200,34.5,59.42,613,8188,21
2026-08-29T00:40:02Z,101285,9,1330.8,916.5,5184,333,20660,37.2,53.07,799,8188,5
2026-08-29T00:41:02Z,101345,9,1330.7,916.7,5186,333,20682,37.2,56.35,881,8188,41
2026-08-29T00:42:02Z,101406,9,1329.9,915.6,5184,333,20401,38.2,55.92,910,8188,20
2026-08-29T00:43:02Z,101466,9,1330.5,916.1,5186,333,20461,38.1,47.84,910,8188,17
2026-08-29T00:44:02Z,101526,9,1327.9,915.3,5184,333,20558,37.7,46.47,910,8188,18
2026-08-29T00:45:02Z,101586,9,1332.5,920,5184,332,20571,37.7,50.01,910,8188,19
2026-08-29T00:46:03Z,101646,9,1326.2,915.5,5184,332,20652,37.6,51.61,910,8188,22
2026-08-29T00:47:03Z,101706,9,1326.6,915.8,5186,333,20597,37.9,53.17,910,8188,57
2026-08-29T00:48:03Z,101766,9,1327.4,916.6,5186,333,20587,37.8,50.13,910,8188,18
2026-08-29T00:49:03Z,101827,9,1316.5,916.1,5186,333,20554,38,49.47,910,8188,21
2026-08-29T00:50:03Z,101887,9,1315.1,917.1,5186,333,20634,37.7,51.73,911,8188,17
2026-08-29T00:51:03Z,101947,9,1310.5,916.3,5184,333,20584,37.8,43.57,910,8188,54
2026-08-29T00:52:03Z,102007,9,1311,917.2,5186,333,20615,37.7,50.98,910,8188,18
2026-08-29T00:53:04Z,102067,9,1311,917.6,5184,333,20525,38,50.58,910,8188,24
2026-08-29T00:54:04Z,102127,9,1309.1,917,5184,332,20592,37.7,51.09,910,8188,19
2026-08-29T00:55:04Z,102187,9,1309.6,917.8,5186,332,20488,38.2,48.91,910,8188,23
2026-08-29T00:56:04Z,102248,9,1309.4,917.9,5188,333,20392,38.6,27.67,911,8188,15
2026-08-29T00:57:04Z,102308,9,1309.8,918.1,5188,333,20393,38.6,27.05,911,8188,16
2026-08-29T00:58:04Z,102368,9,1310,918.1,5189,333,20626,37.8,39.52,910,8188,53
2026-08-29T00:59:05Z,102428,9,1325.6,927.3,5187,333,20616,37.8,52.48,926,8188,31
2026-08-29T01:00:05Z,102488,9,1330.6,926.2,5187,333,21333,33.6,52.68,525,8188,20
2026-08-29T01:01:05Z,102548,9,1322.6,915.9,5196,334,21327,33.6,56.46,524,8188,21
2026-08-29T01:02:05Z,102608,9,1315.4,913.4,5199,334,21353,33.6,59.52,529,8188,20
2026-08-29T01:03:05Z,102669,9,1352.6,940,5192,334,21163,34,56.96,524,8188,20
2026-08-29T01:04:05Z,102729,9,1330,916.3,5196,333,21252,33.7,53.33,523,8188,20
2026-08-29T01:05:05Z,102789,9,1331.1,916.4,5198,334,21254,33.7,50.75,523,8188,21
2026-08-29T01:06:06Z,102849,9,1331.4,916.6,5198,333,21216,34.2,54.1,545,8188,21
2026-08-29T01:07:06Z,102909,9,1330.5,916,5199,333,21344,34.1,56.93,545,8188,21
2026-08-29T01:08:06Z,102969,9,1331.3,917.1,5199,333,21352,34.1,55.71,545,8188,19
2026-08-29T01:09:06Z,103030,9,1325.8,915.3,5188,333,21353,34.1,56.35,545,8188,23
2026-08-29T01:10:06Z,103090,9,1320.9,910.5,5193,334,21089,35,37.96,545,8188,21
2026-08-29T01:11:06Z,103150,9,1324.7,914.6,5191,334,21358,34.1,33.18,545,8188,21
2026-08-29T01:12:06Z,103210,9,1329,918.6,5193,334,21353,34.1,55.5,545,8188,21
2026-08-29T01:13:07Z,103270,9,1318.3,907.8,5191,334,21157,34.5,46.62,545,8188,16
2026-08-29T01:14:07Z,103330,9,1317.9,907.4,5195,334,21254,34.3,52.08,545,8188,17
2026-08-29T01:15:07Z,103390,9,1318.4,908.1,5193,333,21266,34.2,53.56,545,8188,20
2026-08-29T01:16:07Z,103451,9,1318.7,908.3,5195,334,21327,34.1,57.81,545,8188,18
2026-08-29T01:17:07Z,103511,9,1318.1,907.8,5195,334,21331,34.1,56.07,545,8188,17
2026-08-29T01:18:07Z,103571,9,1318.7,908.4,5195,334,21354,34.1,55.13,545,8188,17
2026-08-29T01:19:08Z,103631,9,1317.4,906.9,5194,333,21341,34.1,56.32,545,8188,16
2026-08-29T01:20:08Z,103691,9,1317.7,906.8,5190,333,21328,34.1,51.89,545,8188,16
2026-08-29T01:21:08Z,103751,9,1317.3,906.2,5192,333,21332,34.1,57.54,545,8188,17
2026-08-29T01:22:08Z,103811,9,1317.6,906.5,5190,333,21361,34.1,58.34,545,8188,19
2026-08-29T01:23:08Z,103872,9,1318.1,906.9,5192,333,21212,34.4,49.99,545,8188,17
2026-08-29T01:24:08Z,103932,9,1317.5,906.6,5193,332,21273,34.2,50.33,545,8188,17
2026-08-29T01:25:08Z,103992,9,1318.4,907.6,5194,333,21287,34.1,54.23,545,8188,16
2026-08-29T01:26:09Z,104052,9,1318.1,907.4,5194,333,21332,34.1,54.91,545,8188,18
2026-08-29T01:27:09Z,104112,9,1318.7,915.2,5197,334,21331,34.1,54.01,551,8188,22
2026-08-29T01:28:09Z,104172,9,1319.3,915.9,5197,334,21333,34.2,58.66,551,8188,19
2026-08-29T01:29:09Z,104232,9,1318.5,914.9,5197,334,21331,34.1,61.72,551,8188,20
2026-08-29T01:30:09Z,104293,9,1319,915.1,5199,334,21340,34.1,57.57,551,8188,17
2026-08-29T01:31:09Z,104353,9,1318.8,915.1,5199,334,21337,34.1,62.82,551,8188,17
2026-08-29T01:32:09Z,104413,9,1321.1,924,5204,334,21334,34.2,58.33,555,8188,20
2026-08-29T01:33:10Z,104473,9,1331.6,923.7,5192,333,21157,34.6,57.41,546,8188,21
2026-08-29T01:34:10Z,104533,9,1327.8,918.5,5200,336,21228,34.4,54.11,545,8188,20
2026-08-29T01:35:10Z,104593,9,1328.1,918.7,5196,333,21284,34.2,56.59,545,8188,16
2026-08-29T01:36:10Z,104654,9,1328.7,919.2,5198,334,21350,34.2,57.81,545,8188,21
2026-08-29T01:37:10Z,104714,9,1328.3,918.9,5197,333,21352,34.1,57.89,545,8188,20
2026-08-29T01:38:10Z,104774,9,1325.7,919.5,5192,333,21354,34.1,57.84,545,8188,19
2026-08-29T01:39:10Z,104834,9,1325.4,918.9,5195,334,21349,34.1,57.39,545,8188,21
2026-08-29T01:40:11Z,104894,9,1322.7,916.4,5193,334,21378,34,55.16,545,8188,18
2026-08-29T01:41:11Z,104954,9,1322.6,916.2,5195,334,21382,34,60.22,545,8188,21
2026-08-29T01:42:11Z,105014,9,1322.5,916.2,5189,333,21386,34,57.73,545,8188,20
2026-08-29T01:43:11Z,105075,9,1322.9,916.5,5191,334,21242,34.3,58.34,545,8188,19
2026-08-29T01:44:11Z,105135,9,1322.2,915.9,5188,332,21294,34.1,51.11,545,8188,19
2026-08-29T01:45:11Z,105195,9,1323,916.5,5190,333,21302,34.1,57.55,545,8188,21
2026-08-29T01:46:11Z,105255,9,1323.2,916.6,5190,333,21380,34,61.16,545,8188,22
2026-08-29T01:47:12Z,105315,9,1321.9,915.6,5190,333,21367,34.1,57.13,545,8188,19
2026-08-29T01:48:12Z,105375,9,1322.9,916.4,5195,334,21373,34.1,59.21,545,8188,20
2026-08-29T01:49:12Z,105435,9,1322.7,916.4,5193,334,21366,34,56.59,545,8188,19
2026-08-29T01:50:12Z,105496,9,1323,916.8,5195,334,21397,34,55.1,545,8188,21
2026-08-29T01:51:12Z,105556,9,1321.8,915.5,5193,334,21388,34,59.32,545,8188,22
2026-08-29T01:52:12Z,105616,9,1321.7,915.6,5195,334,21389,34,57.31,545,8188,18
2026-08-29T01:53:12Z,105676,9,1321.2,915.2,5192,332,21250,34.3,54.14,545,8188,16
2026-08-29T01:54:13Z,105736,9,1321.8,915.5,5194,333,21288,34.1,49.63,545,8188,16
2026-08-29T01:55:13Z,105796,9,1322.2,916.2,5192,332,21308,34.1,52.98,545,8188,19
2026-08-29T01:56:13Z,105856,9,1322,915.8,5194,333,21382,34,56.25,545,8188,17
2026-08-29T01:57:13Z,105917,9,1321.6,915.2,5196,333,21360,34.1,54.19,545,8188,17
2026-08-29T01:58:13Z,105977,9,1321.6,915.4,5192,333,21384,34,55.2,545,8188,16
2026-08-29T01:59:13Z,106037,9,1322.1,916,5194,333,21382,34,56.38,545,8188,16
2026-08-29T02:00:13Z,106097,9,1322,916.3,5192,333,21377,34,55.33,545,8188,18
2026-08-29T02:01:14Z,106157,9,1321.3,915.4,5194,333,21376,34,53.24,545,8188,16
2026-08-29T02:02:14Z,106217,9,1327.7,923.2,5198,333,21388,34,55.43,546,8188,20
2026-08-29T02:03:14Z,106277,9,1333.4,922,5192,334,21215,34.4,53.68,546,8188,1
2026-08-29T02:04:14Z,106338,9,1329.3,916.9,5196,333,21284,34.2,54.57,545,8188,19
2026-08-29T02:05:14Z,106398,9,1330,917.5,5198,334,21278,34.2,58.53,545,8188,19
2026-08-29T02:06:14Z,106458,9,1329.7,917.6,5198,334,21360,34.1,55.38,545,8188,21
2026-08-29T02:07:14Z,106518,9,1329.6,917.4,5195,333,21362,34.1,55.87,545,8188,18
2026-08-29T02:08:15Z,106578,9,1330.2,920.8,5192,333,21367,34,55.59,545,8188,21
2026-08-29T02:09:15Z,106638,9,1329.6,920.2,5188,333,21357,34.1,55.8,545,8188,20
2026-08-29T02:10:15Z,106698,9,1323.4,914.2,5188,333,21342,34.1,57.19,545,8188,20
2026-08-29T02:11:15Z,106759,9,1326.9,917.1,5188,332,21361,34.1,55.12,545,8188,20
2026-08-29T02:12:15Z,106819,9,1323.6,913.9,5190,333,21340,34.1,56.82,545,8188,19
2026-08-29T02:13:15Z,106879,9,1327.7,918.4,5186,332,21307,34.3,58.94,545,8188,20
2026-08-29T02:14:15Z,106939,9,1327.6,918.5,5188,333,21259,34.3,51.77,545,8188,20
2026-08-29T02:15:16Z,106999,9,1328.6,919.1,5190,333,21237,34.3,55.24,545,8188,21
2026-08-29T02:16:16Z,107059,9,1324.4,915,5188,333,21338,34.1,54.56,545,8188,22
2026-08-29T02:17:16Z,107119,9,1324.3,914.8,5190,333,21338,34.1,54.88,545,8188,21
2026-08-29T02:18:16Z,107180,9,1324.7,915.3,5188,333,21346,34.1,57.45,545,8188,21
2026-08-29T02:19:16Z,107240,9,1324.1,914.1,5190,333,21350,34.1,57.08,545,8188,20
2026-08-29T02:20:16Z,107300,9,1327.2,917.6,5188,333,21344,34.1,56.4,545,8188,17
2026-08-29T02:21:16Z,107360,9,1326.7,917.2,5190,333,21354,34.1,55.49,545,8188,22
2026-08-29T02:22:17Z,107420,9,1322.1,912.8,5188,332,21349,34.1,57.28,545,8188,17
2026-08-29T02:23:17Z,107480,9,1322,912.3,5190,333,21351,34.1,58.3,545,8188,17
2026-08-29T02:24:17Z,107540,9,1321.7,912.1,5188,333,21263,34.2,50.64,545,8188,18
2026-08-29T02:25:17Z,107601,9,1321.7,912.3,5190,333,21271,34.2,53.5,545,8188,16
2026-08-29T02:26:17Z,107661,9,1322.4,912.7,5188,333,21390,34,52.29,545,8188,18
2026-08-29T02:27:17Z,107721,9,1322.2,912.6,5190,333,21361,34,51.85,545,8188,16
2026-08-29T02:28:17Z,107781,9,1321.8,912.5,5190,333,21368,34,54.55,545,8188,17
2026-08-29T02:29:18Z,107841,9,1321.9,912.6,5190,333,21365,34,54.77,545,8188,19
2026-08-29T02:30:18Z,107901,9,1322.1,912.9,5188,333,21372,34.0,54.84,545,8188,19
2026-08-29T02:31:18Z,107961,9,1322.1,912.6,5186,333,21364,34,52.49,545,8188,19
2026-08-29T02:32:18Z,108022,9,1333.3,929.6,5200,334,21349,34.1,54.7,550,8188,17
2026-08-29T02:33:18Z,108082,9,1338.9,927.9,5190,334,21302,34.3,57,547,8188,16
2026-08-29T02:34:18Z,108142,9,1334.8,922.9,5198,336,21252,34.3,51.12,545,8188,19
2026-08-29T02:35:18Z,108202,9,1335.3,923.3,5200,336,21256,34.2,56.87,545,8188,20
2026-08-29T02:36:19Z,108262,9,1335.3,923,5200,334,21336,34.2,58.01,545,8188,19
2026-08-29T02:37:19Z,108322,9,1339.8,927.6,5200,334,21329,34.1,54.88,545,8188,21
2026-08-29T02:38:19Z,108382,9,1336.9,927.8,5197,334,21341,34.1,55.76,545,8188,21
2026-08-29T02:39:19Z,108443,9,1336.8,927.6,5195,334,21338,34.1,56.25,545,8188,20
2026-08-29T02:40:19Z,108503,9,1332.7,923.5,5193,334,21366,34,58.02,545,8188,16
2026-08-29T02:41:19Z,108563,9,1331.9,922.8,5194,333,21300,34.2,52.31,545,8188,17
2026-08-29T02:42:20Z,108623,9,1330.5,921.2,5193,341,21339,34.1,56.15,545,8188,17
2026-08-29T02:43:20Z,108683,9,1329.3,919.2,5191,333,21353,34.1,54.41,545,8188,14
2026-08-29T02:44:20Z,108743,9,1329.6,919.8,5195,334,21272,34.1,49.87,545,8188,18
2026-08-29T02:45:20Z,108803,9,1329.6,919.8,5195,334,21281,34.1,58.46,545,8188,16
2026-08-29T02:46:20Z,108864,9,1329.2,919.3,5197,334,21346,34.1,56.09,545,8188,17
2026-08-29T02:47:20Z,108924,9,1329.8,919.8,5197,334,21344,34.1,55.01,545,8188,17
2026-08-29T02:48:20Z,108984,9,1329.6,919.6,5197,334,21340,34.1,55.57,545,8188,18
2026-08-29T02:49:20Z,109044,9,1329.8,920.1,5195,334,21336,34.1,54.85,545,8188,17
2026-08-29T02:50:21Z,109104,9,1329.4,919.6,5197,334,21346,34.1,58.44,545,8188,17
2026-08-29T02:51:21Z,109164,9,1326.5,916.7,5194,333,21334,34.1,51.72,545,8188,19
2026-08-29T02:52:21Z,109224,9,1326.5,916.7,5199,334,21337,34.1,56.56,545,8188,17
2026-08-29T02:53:21Z,109285,9,1326.5,916.6,5199,334,21337,34.1,56.22,545,8188,16
2026-08-29T02:54:21Z,109345,9,1327.2,917.2,5203,334,21286,34.1,49.5,545,8188,17
2026-08-29T02:55:21Z,109405,9,1325.9,916.1,5205,334,21281,34.1,55.15,545,8188,18
2026-08-29T02:56:21Z,109465,9,1326.4,916.7,5207,334,21367,34,53.73,545,8188,18
2026-08-29T02:57:22Z,109525,9,1327.3,930.3,5207,334,21352,34.1,52.61,554,8188,19
2026-08-29T02:58:22Z,109585,9,1327.5,930.4,5207,334,21343,34.1,61.63,554,8188,17
2026-08-29T02:59:22Z,109645,9,1327,929.8,5209,334,21339,34.1,60.8,554,8188,16
2026-08-29T03:00:22Z,109706,9,1326.9,929.5,5207,334,21372,34.1,58.87,554,8188,18
2026-08-29T03:01:22Z,109766,9,1326.7,929.5,5209,334,21369,34.1,56.31,554,8188,16
2026-08-29T03:02:22Z,109826,9,1329,932.6,5212,334,21374,34.1,60.98,555,8188,17
2026-08-29T03:03:22Z,109886,9,1338.4,928.9,5192,334,21335,34.2,59.22,547,8188,20
2026-08-29T03:04:23Z,109946,9,1333.2,920.5,5200,336,21259,34.2,52.48,545,8188,19
2026-08-29T03:05:23Z,110006,9,1333.3,920.7,5200,336,21261,34.2,57.95,545,8188,22
2026-08-29T03:06:23Z,110066,9,1332.5,919.8,5198,334,21350,34.1,53.07,545,8188,22
2026-08-29T03:07:23Z,110127,9,1330.6,918.1,5197,333,21347,34.1,56.86,545,8188,21
2026-08-29T03:08:23Z,110187,9,1331.6,922,5194,333,21365,34,56.3,545,8188,22
2026-08-29T03:09:23Z,110247,9,1328.2,918.8,5190,333,21370,34.1,55.85,545,8188,20
2026-08-29T03:10:23Z,110307,9,1328.5,919.2,5192,333,21335,34.1,55.6,545,8188,21
2026-08-29T03:11:24Z,110367,9,1328,918.7,5188,333,21301,34.2,54.8,545,8188,19
2026-08-29T03:12:24Z,110427,9,1328.2,919,5190,333,21331,34.2,55.19,545,8188,16
2026-08-29T03:13:24Z,110487,9,1327.6,917.8,5184,331,21347,34.1,56.55,545,8188,17
2026-08-29T03:14:24Z,110548,9,1327.4,917.7,5190,333,21260,34.2,48.04,545,8188,17
2026-08-29T03:15:24Z,110608,9,1327,917.6,5190,333,21269,34.2,55.1,545,8188,19
2026-08-29T03:16:24Z,110668,9,1326.3,916.6,5190,333,21353,34.1,56.4,545,8188,17
2026-08-29T03:17:24Z,110728,9,1325.4,916.1,5190,333,21351,34.1,58.07,545,8188,17
2026-08-29T03:18:25Z,110788,9,1325.5,916.1,5186,333,21330,34.1,56.54,545,8188,17
2026-08-29T03:19:25Z,110848,9,1326.4,916.9,5188,333,21331,34.1,58.83,545,8188,16
2026-08-29T03:20:25Z,110908,9,1326.5,917.2,5189,333,21333,34.1,55.24,545,8188,18
2026-08-29T03:21:25Z,110969,9,1326.9,917.5,5190,333,21378,34,53.27,545,8188,17
2026-08-29T03:22:25Z,111029,9,1326.9,917.6,5188,332,21373,34.1,55.36,545,8188,19
2026-08-29T03:23:25Z,111089,9,1326.9,917.4,5190,333,21369,34.1,54.29,545,8188,17
2026-08-29T03:24:25Z,111149,9,1327.5,918.3,5190,333,21284,34.2,50.42,545,8188,17
2026-08-29T03:25:26Z,111209,9,1326.5,916.9,5190,333,21297,34.2,56.1,545,8188,17
2026-08-29T03:26:26Z,111269,9,1326.3,916.6,5193,335,21360,34.1,54.24,545,8188,17
2026-08-29T03:27:26Z,111329,9,1325.5,924.2,5193,335,21341,34.2,52.7,551,8188,16
2026-08-29T03:28:26Z,111390,9,1325.7,924.4,5191,333,21347,34.2,61.04,551,8188,17
2026-08-29T03:29:26Z,111450,9,1326.6,925.2,5189,333,21342,34.2,58.56,551,8188,18
2026-08-29T03:30:26Z,111510,9,1326.4,924.9,5191,333,21340,34.2,62.32,551,8188,16
2026-08-29T03:31:26Z,111570,9,1326.4,925.1,5185,332,21347,34.1,59,551,8188,16
2026-08-29T03:32:27Z,111630,9,1328.5,929.6,5195,334,21325,34.2,58.8,551,8188,17
2026-08-29T03:33:27Z,111690,9,1337.5,927.9,5193,336,21294,34.3,57.78,547,8188,22
2026-08-29T03:34:27Z,111750,9,1338.4,927.2,5199,336,21242,34.3,51.23,546,8188,20
2026-08-29T03:35:27Z,111811,9,1334.9,923.7,5199,334,21262,34.3,56.5,546,8188,19
2026-08-29T03:36:27Z,111871,9,1334.3,922.9,5199,334,21354,34.1,55.31,546,8188,16
2026-08-29T03:37:27Z,111931,9,1331.6,920.4,5198,333,21362,34.1,50.99,546,8188,16
2026-08-29T03:38:27Z,111991,9,1327.4,919.2,5193,333,21365,34.1,56.21,546,8188,17
2026-08-29T03:39:28Z,112051,9,1327.9,919.9,5193,333,21351,34.1,57.38,546,8188,18
2026-08-29T03:40:28Z,112111,9,1327.9,920.2,5191,333,21355,34.1,55.25,546,8188,17
2026-08-29T03:41:28Z,112171,9,1327.4,919.2,5193,333,21353,34.1,51.96,546,8188,17
2026-08-29T03:42:28Z,112232,9,1327.6,919.3,5189,332,21351,34.1,54.99,546,8188,14
2026-08-29T03:43:28Z,112292,9,1327.6,919.4,5191,333,21376,34,56.1,546,8188,15
2026-08-29T03:44:28Z,112352,9,1328,919.8,5189,333,21288,34.1,50.22,546,8188,17
2026-08-29T03:45:28Z,112412,9,1328.3,920.2,5189,333,21288,34.1,55.89,546,8188,17
2026-08-29T03:46:29Z,112472,9,1328,920.1,5189,333,21365,34,56.04,546,8188,17
2026-08-29T03:47:29Z,112532,9,1327.8,920,5189,333,21361,34,53.8,546,8188,18
2026-08-29T03:48:29Z,112592,9,1327.5,919.4,5191,333,21355,34.1,56.28,546,8188,18
2026-08-29T03:49:29Z,112653,9,1327.8,920.1,5189,333,21357,34.1,55.96,546,8188,19
2026-08-29T03:50:29Z,112713,9,1327.8,920,5191,333,21358,34.1,57.2,546,8188,17
2026-08-29T03:51:29Z,112773,9,1328,919.9,5189,332,21350,34.1,57.19,546,8188,16
2026-08-29T03:52:30Z,112833,9,1328.7,920.9,5191,333,21346,34.1,55.77,546,8188,17
2026-08-29T03:53:30Z,112893,9,1328.4,920.4,5191,333,21343,34.1,55.09,546,8188,18
2026-08-29T03:54:30Z,112953,9,1329,920.8,5193,333,21265,34.2,49.83,546,8188,18
2026-08-29T03:55:30Z,113013,9,1328.7,920.7,5191,333,21263,34.2,54.28,546,8188,18
2026-08-29T03:56:30Z,113074,9,1328.2,920.1,5189,333,21353,34.1,56.06,546,8188,16
2026-08-29T03:57:30Z,113134,9,1328.9,926.4,5193,333,21320,34.2,54.24,550,8188,21
2026-08-29T03:58:30Z,113194,9,1332.4,930.1,5188,333,21347,34.1,58.87,550,8188,19
2026-08-29T03:59:31Z,113254,9,1329,926.2,5190,333,21353,34.1,57.38,550,8188,21
2026-08-29T04:00:31Z,113314,9,1328.6,925.9,5188,332,21352,34.1,58.62,550,8188,17
2026-08-29T04:01:31Z,113374,9,1328.9,926.6,5186,332,21355,34.1,57.36,550,8188,18
2026-08-29T04:02:31Z,113434,9,1331.2,929.4,5191,335,21361,34.1,56.03,551,8188,20
2026-08-29T04:03:31Z,113495,9,1339.1,929.7,5192,336,21332,34.2,56.76,547,8188,19
2026-08-29T04:04:31Z,113555,9,1336.1,924.6,5196,334,21252,34.3,53.94,546,8188,20
2026-08-29T04:05:31Z,113615,9,1339.8,927.9,5198,334,21261,34.2,55.87,546,8188,21
2026-08-29T04:06:32Z,113675,9,1340.1,928.3,5196,334,21337,34.1,57.1,546,8188,20
2026-08-29T04:07:32Z,113735,9,1336.2,924.7,5193,333,21334,34.2,54.62,546,8188,17
2026-08-29T04:08:32Z,113795,9,1332.3,923.7,5192,333,21339,34.1,55.57,546,8188,17
2026-08-29T04:09:32Z,113856,9,1332,923.2,5189,333,21322,34.2,52.98,546,8188,19
2026-08-29T04:10:32Z,113916,9,1331.9,922.7,5191,333,21337,34.1,56.47,546,8188,17
2026-08-29T04:11:32Z,113976,9,1329.2,920.3,5192,333,21335,34.1,53.6,546,8188,17
2026-08-29T04:12:32Z,114036,9,1328.9,920.3,5194,334,21358,34.1,51.53,546,8188,17
2026-08-29T04:13:33Z,114096,9,1329.6,920.7,5194,334,21368,34.1,55.67,546,8188,16
2026-08-29T04:14:33Z,114156,9,1330.1,921.4,5194,334,21297,34.2,44.79,546,8188,18
2026-08-29T04:15:33Z,114216,9,1329.9,920.8,5194,334,21293,34.2,58.89,546,8188,18
2026-08-29T04:16:33Z,114277,9,1330.2,921.2,5191,333,21352,34.1,56.58,546,8188,16
2026-08-29T04:17:33Z,114337,9,1330.3,921.3,5193,333,21361,34.1,53.98,546,8188,16
2026-08-29T04:18:33Z,114397,9,1328.3,919.1,5191,333,21281,34.3,54.1,546,8188,16
2026-08-29T04:19:33Z,114457,9,1328.8,919.7,5189,332,21323,34.2,55.2,546,8188,17
2026-08-29T04:20:34Z,114517,9,1328.5,919.3,5191,332,21332,34.1,55.62,546,8188,18
2026-08-29T04:21:34Z,114577,9,1329,919.9,5193,333,21333,34.2,54.36,546,8188,18
2026-08-29T04:22:34Z,114637,9,1328.4,919.1,5193,333,21337,34.2,56.77,546,8188,17
2026-08-29T04:23:34Z,114698,9,1328.6,919.4,5193,333,21328,34.2,56.82,546,8188,17
2026-08-29T04:24:34Z,114758,9,1329.4,920.2,5193,333,21251,34.2,48.96,546,8188,16
2026-08-29T04:25:34Z,114818,9,1329.1,920,5191,333,21276,34.2,54.98,546,8188,15
2026-08-29T04:26:34Z,114878,9,1329.7,920.5,5194,340,21341,34.2,56.58,546,8188,19
2026-08-29T04:27:35Z,114938,9,1329.4,934.6,5191,340,21305,34.3,49.69,556,8188,16
2026-08-29T04:28:35Z,114998,9,1328.6,933.7,5193,333,21334,34.2,58.7,556,8188,16
2026-08-29T04:29:35Z,115058,9,1329,933.9,5191,332,21335,34.2,56.6,555,8188,15
2026-08-29T04:30:35Z,115119,9,1326.6,931.8,5193,333,21342,34.2,59.45,555,8188,16
2026-08-29T04:31:35Z,115179,9,1327.7,933,5187,331,21344,34.2,57.43,555,8188,15
2026-08-29T04:32:35Z,115239,9,1327.5,933,5196,334,21319,34.2,54.52,556,8188,18
2026-08-29T04:33:36Z,115299,9,1339,928.9,5195,336,21251,34.4,55.73,547,8188,20
2026-08-29T04:34:36Z,115359,9,1335.7,924.6,5199,336,21223,34.3,51.2,546,8188,20
2026-08-29T04:35:36Z,115419,9,1335.8,925.2,5199,334,21228,34.3,58.28,546,8188,18
2026-08-29T04:36:36Z,115479,9,1335.8,924.8,5197,334,21315,34.2,58.04,546,8188,20
2026-08-29T04:37:36Z,115540,9,1340.4,929.3,5198,333,21339,34.1,52.68,546,8188,21
2026-08-29T04:38:36Z,115600,9,1332.3,924.2,5189,333,21343,34.1,55.41,546,8188,16
2026-08-29T04:39:36Z,115660,9,1332.6,924.5,5193,333,21338,34.1,54.73,546,8188,19
2026-08-29T04:40:37Z,115720,9,1332.6,924,5191,332,21351,34.1,58.25,546,8188,18
2026-08-29T04:41:37Z,115780,9,1328.8,920.5,5193,333,21355,34.1,54.27,546,8188,17
2026-08-29T04:42:37Z,115840,9,1328.6,920.3,5193,333,21343,34.1,54.71,546,8188,16
2026-08-29T04:43:37Z,115900,9,1328.4,920.1,5191,333,21356,34.1,54.61,546,8188,16
2026-08-29T04:44:37Z,115961,9,1329.2,921.3,5191,333,21267,34.2,46.75,546,8188,16
2026-08-29T04:45:37Z,116021,9,1328.3,920.4,5189,333,21256,34.2,56.84,546,8188,16
2026-08-29T04:46:37Z,116081,9,1328.9,920.8,5191,333,21337,34.1,55.26,546,8188,14
2026-08-29T04:47:38Z,116141,9,1329.6,921.4,5189,333,21335,34.1,53.9,546,8188,17
2026-08-29T04:48:38Z,116201,9,1329.8,929.9,5191,333,21382,34.2,54.56,551,8188,18
2026-08-29T04:49:38Z,116261,9,1330.4,930.4,5189,332,21391,34.2,60.59,551,8188,17
2026-08-29T04:50:38Z,116322,9,1329.2,929.4,5191,333,21409,34.1,60.05,551,8188,17
2026-08-29T04:51:38Z,116382,9,1330,930,5191,333,21420,34.1,57.68,551,8188,16
2026-08-29T04:52:38Z,116442,9,1329.7,929.8,5191,333,21417,34.1,56.29,551,8188,17
2026-08-29T04:53:38Z,116502,9,1329.2,929.1,5191,333,21408,34.1,59.36,551,8188,20
2026-08-29T04:54:39Z,116562,9,1329.8,929.7,5187,333,21328,34.2,54.63,551,8188,16
2026-08-29T04:55:39Z,116622,9,1328.4,928.3,5189,333,21339,34.2,61.2,551,8188,17
2026-08-29T04:56:39Z,116682,9,1329.3,929.1,5187,333,21413,34.1,61.28,551,8188,16
2026-08-29T04:57:39Z,116743,9,1329.1,928.8,5189,333,21338,34.4,60.09,551,8188,15
2026-08-29T04:58:39Z,116803,9,1329,933.1,5187,332,21391,34.2,57.7,555,8188,16
2026-08-29T04:59:39Z,116863,9,1329.7,934.2,5189,333,21391,34.2,58.24,555,8188,17
2026-08-29T05:00:39Z,116923,9,1329.8,933.8,5189,332,21388,34.2,59.37,555,8188,17
2026-08-29T05:01:40Z,116983,9,1330.2,934.6,5191,333,21396,34.2,57.1,555,8188,18
2026-08-29T05:02:40Z,117043,9,1331,936.1,5194,334,21392,34.2,63.25,555,8188,21
2026-08-29T05:03:40Z,117103,9,1343.1,933.3,5191,334,21405,34.2,58.35,547,8188,20
2026-08-29T05:04:40Z,117164,9,1336.8,924.7,5199,334,21336,34.2,50.98,546,8188,22
2026-08-29T05:05:40Z,117224,9,1340,928,5197,334,21339,34.2,56.9,546,8188,22
2026-08-29T05:06:40Z,117284,9,1336.6,924.6,5199,334,21400,34.3,58.1,546,8188,21
2026-08-29T05:07:40Z,117344,9,1333.3,923.4,5191,332,21378,34.3,54.01,546,8188,20
2026-08-29T05:08:41Z,117404,9,1334.1,924,5189,333,21391,34.2,58.35,546,8188,21
2026-08-29T05:09:41Z,117464,9,1332.6,922.3,5189,332,21250,34.6,48.43,546,8188,20
2026-08-29T05:10:41Z,117524,9,1331.8,921.4,5191,333,21304,34.5,58.2,546,8188,17
2026-08-29T05:11:41Z,117585,9,1332.1,921.8,5191,333,21373,34.2,56.22,546,8188,17
2026-08-29T05:12:41Z,117645,9,1331.9,921.7,5189,333,21372,34.2,57.38,546,8188,19
2026-08-29T05:13:41Z,117705,9,1331.9,921.7,5194,333,21367,34.2,51.64,546,8188,15
2026-08-29T05:14:41Z,117765,9,1331.5,921.6,5189,333,21283,34.3,52.42,546,8188,17
2026-08-29T05:15:42Z,117825,9,1331,921,5189,333,21314,34.2,54.55,546,8188,16
2026-08-29T05:16:42Z,117885,9,1331.4,921.8,5195,334,21394,34.2,56.11,546,8188,17
2026-08-29T05:17:42Z,117945,9,1330.5,920.1,5196,336,21333,34.3,52.12,546,8188,17
2026-08-29T05:18:42Z,118006,9,1330.7,920.5,5192,334,21358,34.3,52.43,546,8188,18
2026-08-29T05:19:42Z,118066,9,1331.5,922,5197,334,21359,34.3,54.09,546,8188,18
2026-08-29T05:20:42Z,118126,9,1331.5,922.5,5196,335,21393,34.2,55.53,546,8188,16
2026-08-29T05:21:42Z,118186,9,1332.2,923.2,5200,336,21393,34.2,54.38,546,8188,17
2026-08-29T05:22:43Z,118246,9,1331.6,922.3,5197,336,21405,34.1,56.41,546,8188,16
2026-08-29T05:23:43Z,118306,9,1332.2,922.9,5196,336,21400,34.1,51.86,546,8188,16
2026-08-29T05:24:43Z,118366,9,1331.9,922.5,5195,334,21327,34.2,51.67,546,8188,16
2026-08-29T05:25:43Z,118427,9,1331.8,922.3,5191,333,21317,34.2,54.04,546,8188,19
2026-08-29T05:26:43Z,118487,9,1332.4,922.9,5193,333,21401,34.2,56.84,546,8188,18
2026-08-29T05:27:43Z,118547,9,1332.7,923.5,5191,332,21427,34.1,53.8,546,8188,16
2026-08-29T05:28:43Z,118607,9,1333,934.5,5193,333,21405,34.2,53.65,554,8188,19
2026-08-29T05:29:44Z,118667,9,1331.4,932.8,5192,332,21408,34.2,62.79,554,8188,17
2026-08-29T05:30:44Z,118727,9,1331.9,933.3,5193,333,21403,34.2,61.78,554,8188,20
2026-08-29T05:31:44Z,118787,9,1332.2,933.7,5196,333,21401,34.2,57.21,554,8188,18
2026-08-29T05:32:44Z,118848,9,1349.4,992.5,5196,336,21374,34.4,59.51,559,8188,20
2026-08-29T05:33:44Z,118908,9,1337.8,923.2,5205,336,21347,34.3,55.25,546,8188,22
2026-08-29T05:34:44Z,118968,9,1337.1,921.7,5201,335,21241,34.5,49.12,546,8188,20
2026-08-29T05:35:45Z,119028,9,1336.9,921.6,5201,334,21300,34.3,54.74,546,8188,16
2026-08-29T05:36:45Z,119088,9,1336.4,921.2,5199,333,21313,34.2,53.59,546,8188,16
2026-08-29T05:37:45Z,119148,9,1332.8,920,5195,333,21386,34.2,55.31,546,8188,16
2026-08-29T05:38:45Z,119208,9,1333.5,920.9,5191,333,21394,34.1,54.86,546,8188,16
2026-08-29T05:39:45Z,119269,9,1333.6,920.9,5191,333,21390,34.1,57.11,546,8188,17
2026-08-29T05:40:45Z,119329,9,1330.9,917.9,5193,333,21386,34.1,54.66,546,8188,16
2026-08-29T05:41:45Z,119389,9,1331.5,919,5193,333,21418,34.1,53.73,546,8188,18
2026-08-29T05:42:45Z,119449,9,1331,918.7,5193,333,21426,34.1,55.74,546,8188,17
2026-08-29T05:43:46Z,119509,9,1331.8,919.4,5189,333,21429,34.1,53.7,546,8188,18
2026-08-29T05:44:46Z,119569,9,1331.5,918.7,5191,333,21293,34.4,48.67,546,8188,17
2026-08-29T05:45:46Z,119629,9,1331.7,919.3,5189,333,21345,34.2,52.37,546,8188,16
2026-08-29T05:46:46Z,119690,9,1330.8,918.2,5193,333,21351,34.2,57.73,546,8188,18
2026-08-29T05:47:46Z,119750,9,1330.7,918.2,5191,332,21425,34.1,55.27,546,8188,16
2026-08-29T05:48:46Z,119810,9,1331.4,919.1,5193,333,21411,34.1,52.4,546,8188,17
2026-08-29T05:49:46Z,119870,9,1331.5,919.1,5191,332,21410,34.1,55.14,546,8188,17
2026-08-29T05:50:47Z,119930,9,1331.8,919.6,5193,333,21418,34.1,57.23,546,8188,16
2026-08-29T05:51:47Z,119990,9,1331.7,919.3,5193,333,21407,34.1,55.72,546,8188,16
2026-08-29T05:52:47Z,120050,9,1331.9,919.5,5193,333,21403,34.1,58.35,546,8188,16
2026-08-29T05:53:47Z,120111,9,1331.7,918.9,5193,333,21410,34.1,53.2,546,8188,16
2026-08-29T05:54:47Z,120171,9,1331.3,918.5,5193,333,21274,34.4,50.99,546,8188,17
2026-08-29T05:55:47Z,120231,9,1332.3,919.4,5193,333,21336,34.2,51.48,546,8188,18
2026-08-29T05:56:47Z,120291,9,1332.3,919.7,5191,333,21362,34.1,55.93,546,8188,18
2026-08-29T05:57:48Z,120351,9,1332.7,920.2,5193,333,21433,34.1,54.4,546,8188,16
2026-08-29T05:58:48Z,120411,9,1332.2,919.7,5191,333,21414,34.1,51.77,546,8188,16
2026-08-29T05:59:48Z,120471,9,1331.3,918.8,5189,332,21416,34.1,54.53,546,8188,18
2026-08-29T06:00:48Z,120532,9,1332.5,919.9,5191,333,21413,34.1,59.27,546,8188,17
2026-08-29T06:01:48Z,120592,9,1331.9,919.2,5193,333,21415,34.1,55.83,546,8188,17
2026-08-29T06:02:48Z,120652,9,1345.6,945.9,5197,336,21404,34.2,58.57,547,8188,19
2026-08-29T06:03:48Z,120712,9,1340.7,927.4,5205,336,21390,34.2,57.21,545,8188,20
2026-08-29T06:04:49Z,120772,9,1340.6,927.1,5201,334,21271,34.5,60.92,545,8188,20
2026-08-29T06:05:49Z,120832,9,1340.5,927,5205,334,21312,34.3,53.83,545,8188,21
2026-08-29T06:06:49Z,120892,9,1341,927.6,5205,336,21325,34.3,60.74,545,8188,20
2026-08-29T06:07:49Z,120953,9,1337.4,926.7,5198,334,21408,34.2,59.75,545,8188,21
2026-08-29T06:08:49Z,121013,9,1337.6,927,5200,334,21389,34.2,59.16,545,8188,19
2026-08-29T06:09:49Z,121073,9,1337.2,926.6,5200,334,21404,34.1,61.61,545,8188,19
2026-08-29T06:10:50Z,121133,9,1337.4,926.6,5199,333,21423,34.1,61.89,545,8188,19
2026-08-29T06:11:50Z,121193,9,1337.8,927.5,5199,333,21368,34.3,58.18,545,8188,20
2026-08-29T06:12:50Z,121253,9,1334.6,924.2,5195,333,21386,34.2,62.46,545,8188,18
2026-08-29T06:13:50Z,121313,9,1335.5,924.8,5197,333,21426,34.1,59.25,545,8188,19
2026-08-29T06:14:50Z,121374,9,1335.4,924.8,5195,333,21291,34.4,59.7,545,8188,20
2026-08-29T06:15:50Z,121434,9,1333.9,923.1,5197,333,21352,34.2,56.24,545,8188,20
2026-08-29T06:16:50Z,121494,9,1334.3,923.7,5195,333,21346,34.1,62.64,545,8188,20
2026-08-29T06:17:51Z,121554,9,1333.6,922.8,5196,333,21422,34.1,62.42,545,8188,20
2026-08-29T06:18:51Z,121614,9,1334.3,924,5193,333,21402,34.1,60.19,545,8188,19
2026-08-29T06:19:51Z,121674,9,1334.1,924.1,5195,333,21415,34.1,57.44,545,8188,22
2026-08-29T06:20:51Z,121735,9,1333.9,923.6,5195,333,21418,34.1,57.4,545,8188,20
2026-08-29T06:21:51Z,121795,9,1334.2,924.1,5195,333,21417,34.1,57.81,545,8188,20
2026-08-29T06:22:51Z,121855,9,1333,922.7,5195,333,21407,34.1,57.7,545,8188,20
2026-08-29T06:23:51Z,121915,9,1337.9,927.5,5195,333,21400,34.2,53.79,545,8188,22
2026-08-29T06:24:52Z,121975,9,1336.8,926.3,5200,334,21265,34.5,52.09,545,8188,15
2026-08-29T06:25:52Z,122035,9,1333.1,923.3,5198,336,21283,34.4,51.67,545,8188,16
2026-08-29T06:26:52Z,122095,9,1333.3,923.6,5198,334,21341,34.2,56.77,545,8188,17
2026-08-29T06:27:52Z,122156,9,1333.2,923.1,5196,334,21406,34.2,57.39,545,8188,16
2026-08-29T06:28:52Z,122216,9,1333.7,923.5,5199,334,21405,34.1,53.45,545,8188,17
2026-08-29T06:29:52Z,122276,9,1333,922.4,5197,333,21407,34.1,52.62,545,8188,16
2026-08-29T06:30:53Z,122336,9,1333.6,922.9,5197,333,21407,34.1,56.37,545,8188,16
2026-08-29T06:31:53Z,122396,9,1334,923,5197,333,21416,34.1,55.94,545,8188,17
2026-08-29T06:32:53Z,122456,9,1337.2,927.1,5197,334,21399,34.2,58.48,547,8188,20
2026-08-29T06:33:53Z,122517,9,1338.9,927.6,5203,336,21278,34.8,48.5,545,8188,20
2026-08-29T06:34:53Z,122577,9,1338.2,926.5,5201,336,21227,34.8,52.95,545,8188,20
2026-08-29T06:35:53Z,122637,9,1337.9,926.2,5201,334,21319,34.6,52.83,545,8188,21
2026-08-29T06:36:53Z,122697,9,1338.6,926.7,5199,334,21344,34.5,56.72,545,8188,20
2026-08-29T06:37:54Z,122757,9,1335.3,926.5,5197,333,21447,34.4,55.66,545,8188,20
2026-08-29T06:38:54Z,122817,9,1339.8,930.7,5193,332,21427,34.4,58.87,545,8188,20
2026-08-29T06:39:54Z,122877,9,1339.2,930.1,5195,333,21476,34.3,53.21,545,8188,20
2026-08-29T06:40:54Z,122938,9,1339.6,931,5198,334,21462,34.3,56.33,545,8188,21
2026-08-29T06:41:54Z,122998,9,1339.4,930.7,5196,334,21473,34.3,55.23,545,8188,22
2026-08-29T06:42:54Z,123058,9,1331.9,923,5196,334,21464,34.3,56.82,545,8188,20
2026-08-29T06:43:54Z,123118,9,1332.8,923.9,5192,334,21472,34.3,56.43,545,8188,20
2026-08-29T06:44:55Z,123178,9,1331.9,922.8,5194,334,21348,34.6,53.65,545,8188,17
2026-08-29T06:45:55Z,123238,9,1336.5,927.4,5192,333,21393,34.4,52.7,545,8188,21
2026-08-29T06:46:55Z,123298,9,1332.8,924,5193,333,21406,34.3,55.93,545,8188,20
2026-08-29T06:47:55Z,123359,9,1332.2,923.2,5189,331,21519,34.2,53.68,545,8188,16
2026-08-29T06:48:55Z,123419,9,1331.8,922.9,5195,333,21495,34.2,57.42,545,8188,15
2026-08-29T06:49:55Z,123479,9,1331.8,922.8,5195,333,21505,34.2,53.28,545,8188,17
2026-08-29T06:50:55Z,123539,9,1331.9,922.9,5195,333,21505,34.2,56.62,545,8188,18
2026-08-29T06:51:56Z,123599,9,1332.7,923.8,5195,333,21500,34.2,53.44,545,8188,17
2026-08-29T06:52:56Z,123659,9,1331.9,923.1,5195,333,21495,34.3,55.25,545,8188,17
2026-08-29T06:53:56Z,123719,9,1332.8,923.8,5199,334,21500,34.2,56.35,545,8188,16
2026-08-29T06:54:56Z,123780,9,1332.8,923.5,5196,334,21364,34.6,55.31,545,8188,19
2026-08-29T06:55:56Z,123840,9,1333.1,924.4,5198,334,21404,34.3,48.28,545,8188,15
2026-08-29T06:56:56Z,123900,9,1333.5,924.8,5196,334,21412,34.3,57.54,545,8188,16
2026-08-29T06:57:56Z,123960,9,1333.1,924.4,5198,334,21486,34.3,55.13,545,8188,17
2026-08-29T06:58:57Z,124020,9,1336.8,946.6,5197,333,21328,34.3,55.5,559,8188,16
2026-08-29T06:59:57Z,124080,9,1332.4,942.3,5197,333,21336,34.3,53.15,559,8188,18
2026-08-29T07:00:57Z,124140,9,1332.6,942.8,5197,333,21332,34.3,59.3,559,8188,16
2026-08-29T07:01:57Z,124201,9,1387,1005.3,5206,334,21258,34.6,58.35,561,8188,15
2026-08-29T07:02:57Z,124261,9,1339.2,921.6,5195,334,21339,34.2,61.41,547,8188,20
2026-08-29T07:03:57Z,124321,9,1340.4,921.3,5199,334,21336,34.2,61.68,545,8188,19
2026-08-29T07:04:57Z,124381,9,1340.5,921.1,5201,334,21339,34.2,55.68,545,8188,20
2026-08-29T07:05:58Z,124441,9,1340.6,921.2,5199,334,21259,34.3,52.92,545,8188,20
2026-08-29T07:06:58Z,124501,9,1337.8,918.4,5200,333,21269,34.2,58.51,545,8188,21
2026-08-29T07:07:58Z,124561,9,1334.6,918,5195,332,21342,34.1,62.11,545,8188,19
2026-08-29T07:08:58Z,124622,9,1335.2,918.7,5195,333,21342,34.1,58.92,545,8188,20
2026-08-29T07:09:58Z,124682,9,1337.2,921,5195,333,21318,34.2,55.91,545,8188,19
2026-08-29T07:10:58Z,124742,9,1337.2,920.8,5195,333,21337,34.2,56.1,545,8188,22
2026-08-29T07:11:58Z,124802,9,1332.7,916.6,5195,333,21334,34.2,59.02,545,8188,16
2026-08-29T07:12:59Z,124862,9,1332.9,916.6,5194,334,21335,34.2,53.25,545,8188,18
2026-08-29T07:13:59Z,124922,9,1333.5,917.6,5196,334,21331,34.2,55.62,545,8188,18
2026-08-29T07:14:59Z,124982,9,1333,917,5194,334,21361,34.1,52.28,545,8188,15
2026-08-29T07:15:59Z,125043,9,1333.8,917.6,5196,334,21278,34.2,48.33,545,8188,18
2026-08-29T07:16:59Z,125103,9,1333.7,917.3,5194,333,21280,34.2,57.57,545,8188,17
2026-08-29T07:17:59Z,125163,9,1334,918.1,5191,332,21353,34.1,55.86,545,8188,17
2026-08-29T07:18:59Z,125223,9,1334.1,918.5,5195,333,21277,34.3,52.13,545,8188,16
2026-08-29T07:20:00Z,125283,9,1334.2,918.2,5195,333,21323,34.2,55.05,545,8188,18
2026-08-29T07:21:00Z,125343,9,1334.8,918.8,5198,334,21327,34.2,56.94,545,8188,17
2026-08-29T07:22:00Z,125403,9,1330.6,914.1,5196,334,21322,34.2,55.36,545,8188,16
2026-08-29T07:23:00Z,125464,9,1334.6,918.4,5198,334,21317,34.2,54.78,545,8188,18
2026-08-29T07:24:00Z,125524,9,1334.4,918,5196,334,21320,34.2,57.92,545,8188,16
2026-08-29T07:25:00Z,125584,9,1334.3,918.3,5198,334,21320,34.2,56.37,545,8188,17
2026-08-29T07:26:00Z,125644,9,1335,918.9,5195,333,21200,34.4,49.29,545,8188,18
2026-08-29T07:27:01Z,125704,9,1333.2,916.9,5197,333,21275,34.2,53.71,545,8188,17
2026-08-29T07:28:01Z,125764,9,1333.2,917,5195,332,21360,34.1,54.31,545,8188,18
2026-08-29T07:29:01Z,125824,9,1332.7,916.4,5197,333,21345,34.2,51.16,545,8188,16
2026-08-29T07:30:01Z,125885,9,1333.2,916.9,5197,333,21341,34.2,53.83,545,8188,17
2026-08-29T07:31:01Z,125945,9,1332.8,916.6,5197,333,21340,34.2,54.71,545,8188,17
2026-08-29T07:32:01Z,126005,9,1337.1,922.1,5203,334,21338,34.2,53.12,546,8188,21
2026-08-29T07:33:02Z,126065,9,1347.1,934.6,5195,334,21320,34.3,56.41,547,8188,20
2026-08-29T07:34:02Z,126125,9,1341.6,928,5203,336,21291,34.4,62.05,545,8188,20
2026-08-29T07:35:02Z,126185,9,1341,927.5,5199,334,21313,34.3,57.19,545,8188,20
2026-08-29T07:36:02Z,126245,9,1341.7,928.2,5199,334,21233,34.4,50.55,545,8188,18
2026-08-29T07:37:02Z,126306,9,1338.8,925.3,5196,332,21241,34.3,59.84,545,8188,20
2026-08-29T07:38:02Z,126366,9,1335,925,5195,333,21332,34.2,58.08,545,8188,21
2026-08-29T07:39:02Z,126426,9,1334.4,924.6,5194,333,21325,34.2,57.87,545,8188,21
2026-08-29T07:40:03Z,126486,9,1338,928,5193,333,21324,34.2,56.58,545,8188,21
2026-08-29T07:41:03Z,126546,9,1334.5,924.4,5196,334,21320,34.2,56.25,545,8188,21
2026-08-29T07:42:03Z,126606,9,1334.2,924.3,5192,334,21379,34.1,56.03,545,8188,21
2026-08-29T07:43:03Z,126667,9,1338.7,928.6,5196,334,21361,34.1,57.42,545,8188,19
2026-08-29T07:44:03Z,126727,9,1338.6,928.8,5194,334,21360,34.1,57.27,545,8188,20
2026-08-29T07:45:03Z,126787,9,1338.8,929,5196,334,21357,34.1,54.22,545,8188,20
2026-08-29T07:46:03Z,126847,9,1338.9,928.9,5193,332,21270,34.3,48.73,545,8188,21
2026-08-29T07:47:04Z,126907,9,1338,928,5195,333,21268,34.3,55.71,545,8188,20
2026-08-29T07:48:04Z,126967,9,1337.7,928.3,5195,333,21354,34.2,58.93,545,8188,20
2026-08-29T07:49:04Z,127027,9,1338.1,928.6,5195,333,21345,34.2,56.56,545,8188,19
2026-08-29T07:50:04Z,127088,9,1337.9,928.3,5195,333,21349,34.2,56.47,545,8188,21
2026-08-29T07:51:04Z,127148,9,1334.5,925.2,5193,333,21344,34.2,55.7,545,8188,21
2026-08-29T07:52:04Z,127208,9,1334.4,924.6,5195,333,21356,34.2,57.27,545,8188,21
2026-08-29T07:53:04Z,127268,9,1338.9,929.5,5193,333,21340,34.2,55.91,545,8188,21
2026-08-29T07:54:05Z,127328,9,1334.3,925,5195,333,21345,34.2,57.2,545,8188,16
2026-08-29T07:55:05Z,127388,9,1334.4,924.8,5193,332,21343,34.2,52.94,545,8188,17
2026-08-29T07:56:05Z,127448,9,1334.8,925.2,5195,333,21261,34.3,46.65,545,8188,17
2026-08-29T07:57:05Z,127509,9,1333.2,923.3,5193,332,21314,34.2,56.45,545,8188,18
2026-08-29T07:58:05Z,127569,9,1334.2,924.4,5195,333,21381,34.1,56.59,545,8188,16
2026-08-29T07:59:05Z,127629,9,1334,924.3,5195,333,21372,34.2,50.36,545,8188,17
2026-08-29T08:00:05Z,127689,9,1334.4,924.7,5195,333,21362,34.2,56.69,545,8188,16
2026-08-29T08:01:06Z,127749,9,1334.9,925.5,5195,333,21362,34.2,53.31,545,8188,18
2026-08-29T08:02:06Z,127809,9,1336.7,933.1,5197,334,21375,34.2,56.48,550,8188,17
2026-08-29T08:03:06Z,127869,9,1351.4,938.2,5196,335,21340,34.2,55.36,547,8188,19
2026-08-29T08:04:06Z,127930,9,1343.8,929.3,5200,335,21340,34.3,60.7,545,8188,19
2026-08-29T08:05:06Z,127990,9,1343.7,929.1,5204,335,21340,34.2,58.59,545,8188,21
2026-08-29T08:06:06Z,128050,9,1344.2,929.7,5200,334,21269,34.3,52.34,545,8188,20
2026-08-29T08:07:06Z,128110,9,1340.8,926.4,5201,334,21264,34.3,54.85,545,8188,18
2026-08-29T08:08:07Z,128170,9,1337.5,927.2,5200,334,21345,34.2,59.5,545,8188,19
2026-08-29T08:09:07Z,128230,9,1337.3,927,5198,334,21361,34.2,57.52,545,8188,23
2026-08-29T08:10:07Z,128290,9,1337,927.1,5198,334,21330,34.2,61.09,545,8188,20
2026-08-29T08:11:07Z,128351,9,1336.7,926.8,5196,334,21366,34.1,56.66,545,8188,19
2026-08-29T08:12:07Z,128411,9,1336.8,926.7,5198,334,21356,34.1,58.01,545,8188,20
2026-08-29T08:13:07Z,128471,9,1337.5,927.4,5194,334,21358,34.2,54.71,545,8188,19
2026-08-29T08:14:07Z,128531,9,1336.2,925.9,5196,334,21358,34.2,59.49,545,8188,19
2026-08-29T08:15:08Z,128591,9,1336.6,926.2,5197,333,21358,34.2,60.16,545,8188,22
2026-08-29T08:16:08Z,128651,9,1336.1,926.1,5196,334,21280,34.2,49.15,545,8188,21
2026-08-29T08:17:08Z,128711,9,1340.7,930.7,5196,334,21275,34.3,54.61,545,8188,22
2026-08-29T08:18:08Z,128772,9,1341,931.3,5196,334,21240,34.5,57.29,545,8188,20
2026-08-29T08:19:08Z,128832,9,1340.3,930.3,5199,335,21288,34.3,55.03,545,8188,19
2026-08-29T08:20:08Z,128892,9,1335.1,925,5195,335,21336,34.2,53.79,545,8188,17
2026-08-29T08:21:08Z,128952,9,1335.1,925,5197,335,21341,34.2,53.88,545,8188,18
2026-08-29T08:22:09Z,129012,9,1335.5,925.6,5195,335,21335,34.2,56.15,545,8188,16
2026-08-29T08:23:09Z,129072,9,1335.9,926.4,5197,335,21325,34.3,57.26,545,8188,18
2026-08-29T08:24:09Z,129132,9,1335.7,926,5196,333,21334,34.2,55.32,545,8188,17
2026-08-29T08:25:09Z,129193,9,1336.2,926.5,5198,334,21351,34.2,54.89,545,8188,17
2026-08-29T08:26:09Z,129253,9,1336,925.9,5196,333,21300,34.2,46.31,545,8188,16
2026-08-29T08:27:09Z,129313,9,1336.3,926.3,5198,334,21296,34.3,57.47,545,8188,17
2026-08-29T08:28:09Z,129373,9,1336.6,926.6,5198,334,21363,34.2,56.82,545,8188,17
2026-08-29T08:29:10Z,129433,9,1336.2,940.5,5196,334,21348,34.2,56.5,555,8188,16
2026-08-29T08:30:10Z,129493,9,1341.1,945.4,5198,334,21343,34.3,59.03,555,8188,18
2026-08-29T08:31:10Z,129553,9,1335.2,939.5,5196,334,21344,34.2,56.77,555,8188,16
2026-08-29T08:32:10Z,129614,9,1343.3,950.6,5223,335,21343,34.3,59.97,558,8188,16
2026-08-29T08:33:10Z,129674,9,1349.2,936.8,5211,334,21283,34.5,56.66,548,8188,20
2026-08-29T08:34:10Z,129734,9,1347.3,934,5219,337,21311,34.3,57.82,547,8188,19
2026-08-29T08:35:10Z,129794,9,1347,933.6,5215,334,21323,34.3,58.86,547,8188,20
2026-08-29T08:36:11Z,129854,9,1347.4,934,5217,335,21266,34.4,53.47,547,8188,19
2026-08-29T08:37:11Z,129914,9,1344.7,931.2,5216,334,21272,34.3,56.89,547,8188,20
2026-08-29T08:38:11Z,129974,9,1346.1,935.6,5218,335,21374,34.1,56.64,547,8188,20
2026-08-29T08:39:11Z,130035,9,1345.9,935.5,5216,335,21370,34.2,55.54,547,8188,21
2026-08-29T08:40:11Z,130095,9,1341.1,930.7,5214,335,21377,34.1,58.79,547,8188,20
2026-08-29T08:41:11Z,130155,9,1341.3,931.2,5216,335,21364,34.2,55.09,547,8188,20
2026-08-29T08:42:11Z,130215,9,1344.9,934.8,5212,335,21368,34.2,58.09,547,8188,20
2026-08-29T08:43:12Z,130275,9,1341.5,931.3,5213,334,21359,34.2,56.57,547,8188,20
2026-08-29T08:44:12Z,130335,9,1345,934.5,5211,333,21366,34.2,58.12,547,8188,21
2026-08-29T08:45:12Z,130395,9,1342.6,932.7,5214,334,21362,34.2,58.08,547,8188,22
2026-08-29T08:46:12Z,130456,9,1343.3,933.1,5212,333,21298,34.3,53.24,547,8188,21
2026-08-29T08:47:12Z,130516,9,1343.3,933.1,5217,335,21284,34.3,54.76,547,8188,18
2026-08-29T08:48:12Z,130576,9,1339.7,929.7,5217,335,21345,34.2,57.51,547,8188,20
2026-08-29T08:49:12Z,130636,9,1339.6,929.1,5215,335,21337,34.2,51.99,547,8188,20
2026-08-29T08:50:13Z,130696,9,1340,929.6,5217,335,21345,34.2,59.54,547,8188,22
2026-08-29T08:51:13Z,130756,9,1340,929.5,5215,335,21364,34.2,53.7,547,8188,20
2026-08-29T08:52:13Z,130816,9,1340.5,929.7,5216,334,21321,34.3,55.86,547,8188,21
2026-08-29T08:53:13Z,130877,9,1343.6,933.4,5214,333,21317,34.3,56.73,547,8188,23
2026-08-29T08:54:13Z,130937,9,1338.6,928.3,5216,334,21331,34.2,56.55,547,8188,22
2026-08-29T08:55:13Z,130997,9,1339,928.6,5215,333,21348,34.2,56.04,547,8188,20
2026-08-29T08:56:13Z,131057,9,1339.3,929.2,5216,334,21260,34.3,49.53,547,8188,21
2026-08-29T08:57:14Z,131117,9,1339.6,929.4,5219,335,21255,34.3,54.92,547,8188,21
2026-08-29T08:58:14Z,131177,9,1339.7,929.3,5217,335,21321,34.3,56.47,547,8188,21
2026-08-29T08:59:14Z,131237,9,1339,935.5,5221,335,21316,34.3,57.57,552,8188,19
2026-08-29T09:00:14Z,131298,9,1339.8,936.2,5219,335,21320,34.3,61.64,552,8188,16
2026-08-29T09:01:14Z,131358,9,1339.7,936.2,5221,335,21319,34.3,58.57,552,8188,17
2026-08-29T09:02:14Z,131418,9,1339.7,935.8,5224,334,21354,34.2,61.35,553,8188,20
2026-08-29T09:03:15Z,131478,9,1351.6,937.8,5199,335,21315,34.3,58.25,547,8188,20
2026-08-29T09:04:15Z,131538,9,1345.4,930.2,5203,334,21323,34.2,58.48,545,8188,20
2026-08-29T09:05:15Z,131598,9,1344.1,928.1,5205,335,21326,34.2,55.88,545,8188,21
2026-08-29T09:06:15Z,131659,9,1348,932.2,5205,335,21247,34.3,48.68,545,8188,21
2026-08-29T09:07:15Z,131719,9,1343.9,928.3,5208,335,21251,34.3,55.86,545,8188,23
2026-08-29T09:08:15Z,131779,9,1345.2,932.5,5202,335,21323,34.2,57.21,545,8188,20
2026-08-29T09:09:15Z,131839,9,1344.6,931.7,5198,335,21323,34.2,56.04,545,8188,22
2026-08-29T09:10:16Z,131899,9,1346,933,5198,335,21308,34.3,56.34,545,8188,20
2026-08-29T09:11:16Z,131959,9,1342.5,929.5,5200,335,21342,34.2,55.49,545,8188,20
2026-08-29T09:12:16Z,132019,9,1341.3,928.5,5199,334,21340,34.2,57.23,545,8188,20
2026-08-29T09:13:16Z,132080,9,1337.7,924.6,5195,333,21343,34.2,56.36,545,8188,16
2026-08-29T09:14:16Z,132140,9,1338,925.5,5197,334,21345,34.2,56.62,545,8188,17
2026-08-29T09:15:16Z,132200,9,1337.7,925.3,5197,333,21294,34.3,54.45,545,8188,16
2026-08-29T09:16:16Z,132260,9,1337.3,924.2,5199,334,21256,34.3,47.24,545,8188,17
2026-08-29T09:17:17Z,132320,9,1337.4,924.8,5201,334,21253,34.3,56.44,545,8188,16
2026-08-29T09:18:17Z,132380,9,1337.4,924.4,5197,334,21320,34.2,54.57,545,8188,16
2026-08-29T09:19:17Z,132440,9,1337.8,924.8,5202,335,21328,34.2,52.58,545,8188,18
2026-08-29T09:20:17Z,132501,9,1337.6,924.7,5200,335,21332,34.2,55.38,545,8188,17
2026-08-29T09:21:17Z,132561,9,1337.1,924.1,5202,335,21331,34.2,54.95,545,8188,17
2026-08-29T09:22:17Z,132621,9,1337.2,924.4,5200,335,21325,34.2,55.93,545,8188,17
2026-08-29T09:23:17Z,132681,9,1337,924.5,5204,337,21326,34.2,56.57,545,8188,17
2026-08-29T09:24:18Z,132741,9,1337.3,924.6,5199,334,21325,34.2,54.81,545,8188,17
2026-08-29T09:25:18Z,132801,9,1338.1,925.1,5197,333,21368,34.1,56.14,545,8188,17
2026-08-29T09:26:18Z,132861,9,1337.5,924.5,5199,334,21280,34.3,48.06,545,8188,16
2026-08-29T09:27:18Z,132922,9,1338.2,925.1,5204,335,21292,34.2,56.95,545,8188,16
2026-08-29T09:28:18Z,132982,9,1338.1,925,5204,335,21359,34.2,56.17,545,8188,17
2026-08-29T09:29:18Z,133042,9,1338.1,925.6,5204,335,21338,34.2,50.22,545,8188,16
2026-08-29T09:30:18Z,133102,9,1338.7,926.1,5204,335,21337,34.2,56.45,545,8188,16
2026-08-29T09:31:19Z,133162,9,1337.2,924.5,5202,335,21353,34.2,55.31,545,8188,19
2026-08-29T09:32:19Z,133222,9,1340.2,928.5,5209,335,21346,34.2,52.81,546,8188,22
2026-08-29T09:33:19Z,133282,9,1348.8,928.1,5199,335,21293,34.4,57.4,547,8188,21
2026-08-29T09:34:19Z,133343,9,1344.3,922.3,5207,337,21319,34.3,60.38,546,8188,19
2026-08-29T09:35:19Z,133403,9,1344.6,922.8,5207,337,21339,34.3,60.12,546,8188,20
2026-08-29T09:36:19Z,133463,9,1344.5,922.9,5205,335,21240,34.4,52.44,546,8188,19
2026-08-29T09:37:19Z,133523,9,1344.6,922.7,5204,334,21256,34.3,53.42,546,8188,21
2026-08-29T09:38:20Z,133583,9,1341,922,5199,334,21353,34.1,55.84,546,8188,21
2026-08-29T09:39:20Z,133643,9,1340.8,921.7,5197,334,21362,34.1,57.39,546,8188,22
2026-08-29T09:40:20Z,133703,9,1345.4,926.3,5195,334,21353,34.1,57.31,546,8188,22
2026-08-29T09:41:20Z,133764,9,1342.2,922.8,5197,334,21350,34.1,56.29,546,8188,21
2026-08-29T09:42:20Z,133824,9,1338.7,919.5,5193,334,21361,34.1,57.96,546,8188,20
2026-08-29T09:43:20Z,133884,9,1339,919.9,5198,335,21348,34.2,55.94,546,8188,21
2026-08-29T09:44:21Z,133944,9,1338.2,919.3,5198,335,21346,34.2,57.52,546,8188,21
2026-08-29T09:45:21Z,134004,9,1337.9,919,5200,335,21350,34.2,54.69,546,8188,20
2026-08-29T09:46:21Z,134064,9,1341.1,921.8,5202,335,21266,34.2,50.06,546,8188,21
2026-08-29T09:47:21Z,134124,9,1336.8,918,5202,335,21271,34.2,52.79,546,8188,17
2026-08-29T09:48:21Z,134185,9,1336.8,918.1,5205,335,21336,34.2,57.98,546,8188,17
2026-08-29T09:49:21Z,134245,9,1337.1,918.5,5204,335,21343,34.2,54.58,546,8188,18
2026-08-29T09:50:21Z,134305,9,1337.7,918.9,5204,335,21336,34.2,56.57,546,8188,16
2026-08-29T09:51:22Z,134365,9,1337.3,918.6,5202,335,21343,34.2,53.98,546,8188,16
2026-08-29T09:52:22Z,134425,9,1337.8,919.1,5204,335,21335,34.2,54.11,546,8188,16
2026-08-29T09:53:22Z,134485,9,1337.7,918.9,5201,334,21327,34.2,54.18,546,8188,17
2026-08-29T09:54:22Z,134545,9,1337.3,918.5,5203,334,21353,34.1,54.52,546,8188,17
2026-08-29T09:55:22Z,134606,9,1336.8,918.1,5203,334,21354,34.1,53.62,546,8188,17
2026-08-29T09:56:22Z,134666,9,1336.7,917.9,5201,334,21278,34.2,50.15,546,8188,16
2026-08-29T09:57:22Z,134726,9,1337.4,918.4,5201,334,21270,34.2,52.06,546,8188,19
2026-08-29T09:58:23Z,134786,9,1337.4,918.7,5201,334,21344,34.2,54.8,546,8188,16
2026-08-29T09:59:23Z,134846,9,1337.8,919.3,5201,334,21330,34.2,51.83,546,8188,16
2026-08-29T10:00:23Z,134906,9,1338.2,919.6,5199,334,21328,34.2,56.74,546,8188,17
2026-08-29T10:01:23Z,134966,9,1337.2,918.2,5201,334,21330,34.2,56.02,546,8188,17
2026-08-29T10:02:23Z,135027,9,1339.5,922.7,5209,335,21333,34.2,54.21,546,8188,18
2026-08-29T10:03:23Z,135087,9,1345.6,927.7,5201,337,21312,34.3,56.79,547,8188,20
2026-08-29T10:04:23Z,135147,9,1344.6,925.6,5203,334,21309,34.3,57.8,545,8188,20
2026-08-29T10:05:24Z,135207,9,1345,926.2,5205,335,21315,34.3,59.8,545,8188,19
2026-08-29T10:06:24Z,135267,9,1344.5,925.8,5205,335,21232,34.4,53.54,545,8188,19
2026-08-29T10:07:24Z,135327,9,1344.6,925.9,5204,334,21271,34.3,54.45,545,8188,19
2026-08-29T10:08:24Z,135387,9,1344.6,929.6,5201,334,21337,34.2,57.55,545,8188,22
2026-08-29T10:09:24Z,135448,9,1343.8,929,5197,334,21336,34.2,56.99,545,8188,21
2026-08-29T10:10:24Z,135508,9,1344.5,929.6,5199,334,21321,34.2,57.51,545,8188,22
2026-08-29T10:11:24Z,135568,9,1340.4,925.7,5195,334,21343,34.2,55.5,545,8188,21
2026-08-29T10:12:25Z,135628,9,1338.1,923.3,5197,334,21337,34.2,54.22,545,8188,17
2026-08-29T10:13:25Z,135688,9,1337.9,922.7,5191,332,21327,34.2,56.63,545,8188,17
2026-08-29T10:14:25Z,135748,9,1338.4,924,5197,334,21339,34.2,58.26,545,8188,18
2026-08-29T10:15:25Z,135808,9,1338.2,923.2,5197,334,21336,34.2,56.04,545,8188,16
2026-08-29T10:16:25Z,135869,9,1337.6,922.7,5197,334,21244,34.3,47.71,545,8188,17
2026-08-29T10:17:25Z,135929,9,1338.3,923.3,5197,334,21260,34.3,53.61,545,8188,14
2026-08-29T10:18:25Z,135989,9,1338,922.8,5197,334,21262,34.4,55.49,545,8188,16
2026-08-29T10:19:26Z,136049,9,1337.5,922.6,5197,334,21293,34.3,57.4,545,8188,17
2026-08-29T10:20:26Z,136109,9,1336,920.9,5195,334,21320,34.3,56.44,545,8188,17
2026-08-29T10:21:26Z,136169,9,1336.4,921.8,5197,334,21313,34.3,55.17,545,8188,17
2026-08-29T10:22:26Z,136229,9,1337.4,922.6,5195,334,21352,34.2,53.72,545,8188,16
2026-08-29T10:23:26Z,136290,9,1335.4,920.4,5197,334,21338,34.2,56.24,545,8188,19
2026-08-29T10:24:26Z,136350,9,1336.6,921.5,5197,334,21338,34.2,56.43,545,8188,17
2026-08-29T10:25:26Z,136410,9,1336.5,921.4,5197,334,21347,34.2,54.02,545,8188,16
2026-08-29T10:26:27Z,136470,9,1336.9,922,5195,334,21257,34.3,48.33,545,8188,16
2026-08-29T10:27:27Z,136530,9,1337.3,922.4,5197,334,21275,34.3,52.39,545,8188,17
2026-08-29T10:28:27Z,136590,9,1336.9,922.1,5197,334,21353,34.2,57.39,545,8188,15
2026-08-29T10:29:27Z,136651,9,1337.9,929.1,5195,334,21317,34.3,55.47,551,8188,20
2026-08-29T10:30:27Z,136711,9,1336.8,927.9,5197,334,21341,34.2,59.74,551,8188,16
2026-08-29T10:31:27Z,136771,9,1337.6,928.5,5195,334,21333,34.2,59.25,551,8188,16
2026-08-29T10:32:27Z,136831,9,1339.5,934.7,5203,335,21337,34.2,58.17,555,8188,16
2026-08-29T10:33:28Z,136891,9,1348.1,932.4,5199,336,21268,34.4,57.54,547,8188,21
2026-08-29T10:34:28Z,136951,9,1343.5,924.3,5207,337,21311,34.3,58.14,545,8188,20
2026-08-29T10:35:28Z,137011,9,1342.4,923.3,5205,335,21368,34.1,58.41,545,8188,20
2026-08-29T10:36:28Z,137072,9,1341.5,922.2,5205,335,21287,34.3,51.14,545,8188,19
2026-08-29T10:37:28Z,137132,9,1342,922.8,5204,334,21299,34.2,57.19,545,8188,22
2026-08-29T10:38:28Z,137192,9,1338.2,921.6,5199,334,21371,34.1,60.43,545,8188,21
2026-08-29T10:39:29Z,137252,9,1338.2,921.9,5199,334,21381,34.1,56.93,545,8188,20
2026-08-29T10:40:29Z,137312,9,1343.2,926.8,5197,334,21370,34.1,57.04,545,8188,22
2026-08-29T10:41:29Z,137372,9,1342.5,925.9,5199,334,21366,34.1,57.79,545,8188,20
2026-08-29T10:42:29Z,137432,9,1343.1,926.4,5195,333,21366,34.1,54.82,545,8188,20
2026-08-29T10:43:29Z,137493,9,1338.7,922,5193,333,21360,34.1,57.74,545,8188,21
2026-08-29T10:44:29Z,137553,9,1338.4,921.7,5195,334,21368,34.1,55,545,8188,20
2026-08-29T10:45:29Z,137613,9,1342.2,925.6,5197,334,21341,34.2,55.56,545,8188,20
2026-08-29T10:46:29Z,137673,9,1342.3,925.9,5197,334,21287,34.2,48.05,545,8188,20
2026-08-29T10:47:30Z,137733,9,1339.7,923.4,5195,334,21264,34.3,52.69,545,8188,20
2026-08-29T10:48:30Z,137793,9,1338.9,922.2,5195,334,21354,34.2,56.12,545,8188,23
2026-08-29T10:49:30Z,137853,9,1343.3,926.8,5193,334,21386,34.1,56.26,545,8188,19
2026-08-29T10:50:30Z,137914,9,1339,922.7,5195,334,21389,34.1,56.51,545,8188,22
2026-08-29T10:51:30Z,137974,9,1337.8,921.4,5200,335,21399,34,58.8,545,8188,22
2026-08-29T10:52:30Z,138034,9,1338.1,921.9,5202,337,21381,34.1,52.95,545,8188,19
2026-08-29T10:53:31Z,138094,9,1337.7,921.5,5198,334,21389,34.1,55.53,545,8188,16
2026-08-29T10:54:31Z,138154,9,1338.5,922.2,5200,335,21382,34.1,56.3,545,8188,16
2026-08-29T10:55:31Z,138214,9,1338.3,921.8,5200,335,21371,34.1,56.36,545,8188,16
2026-08-29T10:56:31Z,138274,9,1338.5,921.9,5199,334,21284,34.2,47.28,545,8188,19
2026-08-29T10:57:31Z,138335,9,1338.9,922.6,5199,334,21298,34.2,53.77,545,8188,16
2026-08-29T10:58:31Z,138395,9,1338.5,921.9,5197,334,21393,34.1,55.16,545,8188,16
2026-08-29T10:59:31Z,138455,9,1339.1,922.3,5199,334,21372,34.1,51.89,545,8188,17
2026-08-29T11:00:32Z,138515,9,1338.9,921.9,5197,334,21375,34.1,57.1,545,8188,17
2026-08-29T11:01:32Z,138575,9,1339,922.3,5195,333,21372,34.1,53.46,545,8188,17
2026-08-29T11:02:32Z,138635,9,1345.5,929.8,5198,334,21371,34.1,59.82,546,8188,21
2026-08-29T11:03:32Z,138695,9,1347.1,934.5,5197,335,21353,34.2,56.12,547,8188,22
2026-08-29T11:04:32Z,138756,9,1345.8,932.6,5203,335,21357,34.2,56.67,545,8188,16
2026-08-29T11:05:32Z,138816,9,1345.7,932.1,5205,335,21361,34.2,55.26,545,8188,17
2026-08-29T11:06:32Z,138876,9,1345.1,932,5203,335,21277,34.3,50.14,545,8188,17
2026-08-29T11:07:33Z,138936,9,1345.8,932.5,5200,334,21268,34.3,53.99,545,8188,16
2026-08-29T11:08:33Z,138996,9,1341.4,932.1,5201,334,21283,34.2,57.11,545,8188,17
2026-08-29T11:09:33Z,139056,9,1341.8,932.5,5200,334,21331,34.2,53.67,545,8188,17
2026-08-29T11:10:33Z,139116,9,1341.8,932.3,5199,334,21350,34.2,54.06,545,8188,17
2026-08-29T11:11:33Z,139177,9,1341.9,932.9,5195,333,21347,34.2,54.42,545,8188,16
2026-08-29T11:12:33Z,139237,9,1341.6,932.4,5197,334,21398,34.1,55.63,545,8188,18
2026-08-29T11:13:33Z,139297,9,1338.7,929.2,5197,334,21387,34.1,51.88,545,8188,15
2026-08-29T11:14:34Z,139357,9,1339.4,930.1,5196,334,21373,34.1,56.15,545,8188,18
2026-08-29T11:15:34Z,139417,9,1339.4,930.1,5196,334,21393,34.1,55.34,545,8188,17
2026-08-29T11:16:34Z,139477,9,1339.6,930.1,5194,334,21249,34.4,50.99,545,8188,18
2026-08-29T11:17:34Z,139538,9,1340.2,931.1,5198,334,21303,34.2,55.5,545,8188,16
2026-08-29T11:18:34Z,139598,9,1339.8,931,5196,334,21241,34.4,53.36,545,8188,19
2026-08-29T11:19:34Z,139658,9,1340.3,931,5198,334,21336,34.2,54.73,545,8188,15
2026-08-29T11:20:34Z,139718,9,1339.5,930.1,5196,333,21351,34.2,55.6,545,8188,16
2026-08-29T11:21:35Z,139778,9,1339.9,930.6,5198,334,21359,34.2,54.2,545,8188,14
2026-08-29T11:22:35Z,139838,9,1339.6,929.9,5196,333,21340,34.2,56.1,545,8188,16
2026-08-29T11:23:35Z,139898,9,1339.8,930.3,5198,334,21335,34.3,53.29,545,8188,17
2026-08-29T11:24:35Z,139959,9,1340.5,930.9,5198,334,21345,34.2,56.5,545,8188,16
2026-08-29T11:25:35Z,140019,9,1339.6,930.2,5198,334,21344,34.2,55.03,545,8188,17
2026-08-29T11:26:35Z,140079,9,1340.5,931,5198,334,21246,34.4,51.83,545,8188,17
2026-08-29T11:27:35Z,140139,9,1339.3,930.3,5196,334,21282,34.3,53.24,545,8188,17
2026-08-29T11:28:36Z,140199,9,1338.7,929.2,5198,334,21306,34.2,56.43,545,8188,18
2026-08-29T11:29:36Z,140259,9,1338.6,936,5199,335,21358,34.2,54.01,551,8188,16
2026-08-29T11:30:36Z,140319,9,1337.8,934.9,5201,335,21367,34.1,60.69,551,8188,17
2026-08-29T11:31:36Z,140380,9,1338.7,935.9,5195,333,21361,34.2,59.5,551,8188,16
2026-08-29T11:32:36Z,140440,9,1342.3,944.8,5201,335,21362,34.2,60.07,555,8188,17
2026-08-29T11:33:36Z,140500,9,1345.5,932.1,5200,337,21311,34.3,56.5,547,8188,20
2026-08-29T11:34:36Z,140560,9,1345.5,931,5206,337,21360,34.2,59.54,545,8188,20
2026-08-29T11:35:37Z,140620,9,1349.4,934.8,5206,335,21344,34.2,56,545,8188,22
2026-08-29T11:36:37Z,140680,9,1345.1,930.3,5202,335,21215,34.5,50.96,545,8188,21
2026-08-29T11:37:37Z,140740,9,1345.1,930.6,5203,334,21272,34.3,54.12,545,8188,21
2026-08-29T11:38:37Z,140801,9,1346.1,934.4,5198,334,21268,34.2,56.5,545,8188,19
2026-08-29T11:39:37Z,140861,9,1342.1,930.5,5198,334,21384,34.1,56.33,545,8188,17
2026-08-29T11:40:37Z,140921,9,1341.7,929.9,5196,333,21385,34.1,56.51,545,8188,17
2026-08-29T11:41:38Z,140981,9,1342,930.5,5200,334,21382,34.1,56.88,545,8188,17
2026-08-29T11:42:38Z,141041,9,1339.8,928,5200,334,21379,34.1,55.88,545,8188,18
2026-08-29T11:43:38Z,141101,9,1339.4,927.5,5198,334,21370,34.1,53.35,545,8188,17
2026-08-29T11:44:38Z,141162,9,1340.4,928.4,5199,334,21372,34.1,56.12,545,8188,17
2026-08-29T11:45:38Z,141222,9,1339,927,5195,334,21383,34.1,55.62,545,8188,17
2026-08-29T11:46:38Z,141282,9,1338.9,927,5197,334,21235,34.4,53.55,545,8188,16
2026-08-29T11:47:38Z,141342,9,1338.9,927,5195,334,21288,34.2,50.2,545,8188,16
2026-08-29T11:48:39Z,141402,9,1339.3,927.9,5197,334,21272,34.2,53.62,545,8188,16
2026-08-29T11:49:39Z,141462,9,1340.3,928.9,5193,332,21352,34.1,55.88,545,8188,16
2026-08-29T11:50:39Z,141522,9,1339.5,928.3,5198,335,21361,34.1,55.86,545,8188,16
2026-08-29T11:51:39Z,141583,9,1340.6,929.2,5196,334,21357,34.1,56.85,545,8188,18
2026-08-29T11:52:39Z,141643,9,1340.7,928.7,5198,335,21349,34.2,54.74,545,8188,19
2026-08-29T11:53:39Z,141703,9,1340.8,929,5198,335,21338,34.2,53.18,545,8188,16
2026-08-29T11:54:39Z,141763,9,1340.6,929.4,5198,335,21368,34.1,53.79,545,8188,14
2026-08-29T11:55:40Z,141823,9,1340.9,929.5,5199,334,21381,34.1,55.29,545,8188,16
2026-08-29T11:56:40Z,141883,9,1341.5,930,5197,334,21232,34.4,53.8,545,8188,19
2026-08-29T11:57:40Z,141943,9,1340.8,929.2,5199,334,21291,34.2,53.44,545,8188,16
2026-08-29T11:58:40Z,142004,9,1341.4,929.6,5197,334,21290,34.2,55.73,545,8188,17
2026-08-29T11:59:40Z,142064,9,1341,944.6,5199,334,21353,34.2,54.88,555,8188,16
2026-08-29T12:00:40Z,142124,9,1341.2,944.7,5197,333,21332,34.2,60.63,555,8188,16
2026-08-29T12:01:40Z,142184,9,1341.8,945.5,5197,334,21346,34.2,59.42,555,8188,16
2026-08-29T12:02:41Z,142244,9,1357.7,1133.6,5227,335,21324,34.8,60.93,609,8188,41
2026-08-29T12:03:41Z,142304,9,1346.1,932.4,5203,335,21321,34.3,55.26,547,8188,21
2026-08-29T12:04:41Z,142364,9,1345.1,930.5,5205,335,21336,34.2,54.75,545,8188,16
2026-08-29T12:05:41Z,142425,9,1343.8,928.9,5203,335,21345,34.2,55.89,545,8188,16
2026-08-29T12:06:41Z,142485,9,1344.5,929.6,5205,335,21213,34.5,57.18,545,8188,16
2026-08-29T12:07:41Z,142545,9,1339,926.8,5199,334,21260,34.3,48.89,545,8188,16
2026-08-29T12:08:42Z,142605,9,1339.4,927.5,5199,334,21302,34.2,53.3,545,8188,16
2026-08-29T12:09:42Z,142665,9,1339.3,927.3,5197,333,21362,34.1,54.3,545,8188,17
2026-08-29T12:10:42Z,142725,9,1338.9,927.2,5199,334,21379,34.1,58.71,545,8188,15
2026-08-29T12:11:42Z,142785,9,1338.7,926.6,5195,333,21376,34.1,55.09,545,8188,15
2026-08-29T12:12:42Z,142846,9,1338.1,925.8,5197,334,21365,34.1,55.54,545,8188,16
2026-08-29T12:13:42Z,142906,9,1338.6,926.8,5197,334,21369,34.1,54.67,545,8188,17
2026-08-29T12:14:42Z,142966,9,1338.9,927,5195,334,21361,34.1,58.85,545,8188,16
2026-08-29T12:15:43Z,143026,9,1338.8,926.9,5197,334,21367,34.1,56.77,545,8188,17
2026-08-29T12:16:43Z,143086,9,1339.2,927.2,5195,334,21189,34.6,54.94,545,8188,17
2026-08-29T12:17:43Z,143146,9,1338.7,926.6,5197,334,21269,34.3,47.05,545,8188,17
2026-08-29T12:18:43Z,143206,9,1339.2,927.1,5195,333,21262,34.3,52.91,545,8188,16
2026-08-29T12:19:43Z,143267,9,1338.9,926.7,5195,334,21311,34.4,55.58,545,8188,18
2026-08-29T12:20:43Z,143327,9,1338.9,926.6,5193,333,21345,34.2,56.79,545,8188,19
2026-08-29T12:21:43Z,143387,9,1339.3,927.2,5197,334,21327,34.3,54.97,545,8188,18
2026-08-29T12:22:44Z,143447,9,1337.9,925.6,5197,334,21361,34.1,55.57,545,8188,17
2026-08-29T12:23:44Z,143507,9,1338.4,926.1,5195,334,21325,34.3,55.26,545,8188,17
2026-08-29T12:24:44Z,143567,9,1336.9,924.8,5197,334,21362,34.1,56.07,545,8188,16
2026-08-29T12:25:44Z,143627,9,1337.8,925.8,5195,334,21365,34.1,54.7,545,8188,15
2026-08-29T12:26:44Z,143688,9,1337.8,925.4,5197,334,21351,34.2,54.04,545,8188,17
2026-08-29T12:27:44Z,143748,9,1338.6,926.8,5195,333,21241,34.4,49.97,545,8188,17
2026-08-29T12:28:44Z,143808,9,1339,927,5197,334,21278,34.2,54.39,545,8188,17
2026-08-29T12:29:45Z,143868,9,1338.4,946.3,5195,333,21327,34.3,53.43,560,8188,15
2026-08-29T12:30:45Z,143928,9,1338.6,946.4,5200,335,21340,34.3,56.84,559,8188,13
2026-08-29T12:31:45Z,143988,9,1337.8,945.6,5200,335,21307,34.4,59.57,559,8188,17
2026-08-29T12:32:45Z,144048,9,1356.5,996.9,5199,335,21312,34.5,60,564,8188,19
2026-08-29T12:33:45Z,144109,9,1345.2,934.8,5207,337,21269,34.5,58.28,550,8188,19
2026-08-29T12:34:45Z,144169,9,1345.3,934.9,5205,337,21332,34.3,56.21,550,8188,20
2026-08-29T12:35:45Z,144229,9,1345,934.7,5205,335,21354,34.2,58.17,550,8188,19
2026-08-29T12:36:45Z,144289,9,1344.9,934.2,5203,335,21357,34.2,60.07,550,8188,19
2026-08-29T12:37:46Z,144349,9,1339.5,931.2,5199,334,21269,34.2,52.18,550,8188,21
2026-08-29T12:38:46Z,144409,9,1339.4,931.8,5195,334,21297,34.2,57.63,550,8188,21
2026-08-29T12:39:46Z,144469,9,1339.4,931.7,5195,334,21363,34.1,58.38,550,8188,18
2026-08-29T12:40:46Z,144530,9,1338.9,931,5195,333,21357,34.1,58.44,550,8188,21
2026-08-29T12:41:46Z,144590,9,1340,932.2,5197,334,21339,34.3,60.69,550,8188,20
2026-08-29T12:42:46Z,144650,9,1339.1,931,5197,334,21361,34.1,58.5,550,8188,20
2026-08-29T12:43:46Z,144710,9,1338.8,930.9,5193,334,21343,34.3,56.11,550,8188,19
2026-08-29T12:44:47Z,144770,9,1343,935.3,5195,334,21375,34.1,54.65,550,8188,17
2026-08-29T12:45:47Z,144830,9,1339.1,931.5,5195,334,21378,34.1,59.07,550,8188,16
2026-08-29T12:46:47Z,144890,9,1339.7,932.2,5197,334,21366,34.1,57.64,550,8188,17
2026-08-29T12:47:47Z,144951,9,1338.1,930.6,5195,333,21285,34.2,49.99,550,8188,18
2026-08-29T12:48:47Z,145011,9,1343.5,936.4,5200,334,21250,34.3,55.31,551,8188,19
2026-08-29T12:49:47Z,145071,9,1339.2,931.9,5193,333,21347,34.2,56.1,551,8188,17
2026-08-29T12:50:48Z,145131,9,1339.5,932.4,5195,334,21346,34.2,60.72,551,8188,17
2026-08-29T12:51:48Z,145191,9,1340.1,933,5195,334,21372,34.1,60.25,551,8188,17
2026-08-29T12:52:48Z,145251,9,1339.6,932.8,5197,334,21364,34.2,57.7,551,8188,16
2026-08-29T12:53:48Z,145311,9,1340.2,933.6,5198,334,21361,34.2,59.28,551,8188,16
2026-08-29T12:54:48Z,145372,9,1338.1,931.1,5197,334,21361,34.1,58.73,551,8188,17
2026-08-29T12:55:48Z,145432,9,1338.8,931.9,5197,334,21361,34.2,59.32,551,8188,16
2026-08-29T12:56:48Z,145492,9,1338.9,931.6,5195,334,21326,34.2,58.71,551,8188,18
2026-08-29T12:57:49Z,145552,9,1338.8,931.7,5197,334,21266,34.3,49.9,551,8188,16
2026-08-29T12:58:49Z,145612,9,1343.4,936.3,5195,334,21271,34.2,60.91,551,8188,17
2026-08-29T12:59:49Z,145672,9,1339.2,931.9,5199,334,21258,34.3,50.32,551,8188,22
2026-08-29T13:00:49Z,145732,9,1340.1,933.3,5197,334,21268,34.3,61.09,551,8188,19
2026-08-29T13:01:49Z,145793,9,1343.9,937.1,5200,335,21348,34.2,59.26,551,8188,16
2026-08-29T13:02:49Z,145853,9,1357,938.2,5199,335,21330,34.2,59.6,547,8188,20
2026-08-29T13:03:49Z,145913,9,1348.9,927.6,5207,335,21324,34.2,59.14,545,8188,19
2026-08-29T13:04:50Z,145973,9,1348,926.9,5207,335,21338,34.2,57.9,545,8188,20
2026-08-29T13:05:50Z,146033,9,1348,927,5207,335,21342,34.2,58.71,545,8188,18
2026-08-29T13:06:50Z,146093,9,1347,925.9,5207,335,21334,34.2,57.69,545,8188,20
2026-08-29T13:07:50Z,146153,9,1340.9,922.7,5200,335,21257,34.2,49.9,545,8188,20
2026-08-29T13:08:50Z,146214,9,1341.4,923.3,5199,334,21267,34.2,57.59,545,8188,19
2026-08-29T13:09:50Z,146274,9,1341.7,923.4,5197,334,21312,34.2,55.69,545,8188,20
2026-08-29T13:10:50Z,146334,9,1341.6,923.4,5199,334,21328,34.2,58.95,545,8188,20
2026-08-29T13:11:51Z,146394,9,1342.3,924.2,5199,334,21321,34.2,59.23,545,8188,21
2026-08-29T13:12:51Z,146454,9,1342.1,923.7,5197,334,21271,34.3,59.78,545,8188,19
2026-08-29T13:13:51Z,146514,9,1342,923.4,5197,334,21310,34.2,59.37,545,8188,19
2026-08-29T13:14:51Z,146575,9,1341.8,923.5,5197,334,21320,34.2,55.54,545,8188,17
2026-08-29T13:15:51Z,146635,9,1340.4,922.4,5201,335,21332,34.2,55.65,545,8188,15
2026-08-29T13:16:51Z,146695,9,1339.6,921.1,5198,335,21340,34.1,56.14,545,8188,16
2026-08-29T13:17:51Z,146755,9,1339.9,921.8,5202,335,21250,34.3,50.34,545,8188,19
2026-08-29T13:18:52Z,146815,9,1340.4,921.9,5200,335,21246,34.2,54.54,545,8188,19
2026-08-29T13:19:52Z,146875,9,1339.6,920.9,5202,335,21308,34.2,53.59,545,8188,17
2026-08-29T13:20:52Z,146935,9,1340.4,921.9,5202,334,21325,34.2,55.12,545,8188,17
2026-08-29T13:21:52Z,146996,9,1340.2,921.6,5202,334,21324,34.2,57.6,545,8188,16
2026-08-29T13:22:52Z,147056,9,1340.3,921.7,5204,334,21319,34.2,53.83,545,8188,18
2026-08-29T13:23:52Z,147116,9,1340.5,922.4,5204,336,21317,34.2,56.6,545,8188,18
2026-08-29T13:24:52Z,147176,9,1339.8,921.6,5202,334,21317,34.2,52.95,545,8188,17
2026-08-29T13:25:53Z,147236,9,1340.7,922.2,5198,334,21281,34.3,58.47,545,8188,17
2026-08-29T13:26:53Z,147296,9,1340.4,921.8,5200,334,21311,34.2,57.03,545,8188,17
2026-08-29T13:27:53Z,147356,9,1341.2,923.2,5198,334,21229,34.3,51.11,545,8188,16
2026-08-29T13:28:53Z,147417,9,1341.3,923.2,5200,334,21253,34.2,54.69,545,8188,16
2026-08-29T13:29:53Z,147477,9,1342.2,923.9,5196,332,21322,34.2,52.56,545,8188,21
2026-08-29T13:30:53Z,147537,9,1341.7,923.6,5200,334,21316,34.2,54.23,545,8188,17
2026-08-29T13:31:53Z,147597,9,1341.2,922.8,5202,334,21332,34.2,56.22,545,8188,17
2026-08-29T13:32:54Z,147657,9,1355.6,936.3,5202,335,21311,34.2,54.81,547,8188,19
2026-08-29T13:33:54Z,147717,9,1348.6,928.4,5208,337,21283,34.3,59.75,545,8188,22
2026-08-29T13:34:54Z,147777,9,1347.8,927.4,5206,337,21306,34.2,56.19,545,8188,17
2026-08-29T13:35:54Z,147838,9,1347.8,927.5,5206,335,21308,34.2,57.45,545,8188,15
2026-08-29T13:36:54Z,147898,9,1347.9,927.5,5205,335,21316,34.2,52.34,545,8188,17
2026-08-29T13:37:54Z,147958,9,1342.8,925.4,5202,334,21244,34.3,50.32,545,8188,17
2026-08-29T13:38:54Z,148018,9,1342.6,924.9,5198,333,21245,34.3,55.52,545,8188,17
2026-08-29T13:39:55Z,148078,9,1342.3,924.4,5200,334,21321,34.2,55.08,545,8188,17
2026-08-29T13:40:55Z,148138,9,1342,924.4,5200,334,21318,34.2,54.74,545,8188,17
2026-08-29T13:41:55Z,148198,9,1341.8,924.2,5198,334,21314,34.2,53.77,545,8188,18
2026-08-29T13:42:55Z,148259,9,1342,924.5,5198,334,21360,34.1,53.91,545,8188,17
2026-08-29T13:43:55Z,148319,9,1342.8,925.3,5198,334,21356,34.1,57.35,545,8188,17
2026-08-29T13:44:55Z,148379,9,1342.7,925.8,5198,334,21347,34.1,55.99,545,8188,14
2026-08-29T13:45:55Z,148439,9,1343,926,5196,334,21358,34.1,55.32,545,8188,17
2026-08-29T13:46:56Z,148499,9,1342.8,925.4,5198,334,21345,34.1,56.59,545,8188,17
2026-08-29T13:47:56Z,148559,9,1342,924.6,5196,334,21298,34.2,46.4,545,8188,19
2026-08-29T13:48:56Z,148619,9,1342,924.4,5198,334,21264,34.3,55.94,545,8188,18
2026-08-29T13:49:56Z,148680,9,1342.5,925.1,5198,334,21338,34.2,54.15,545,8188,15
2026-08-29T13:50:56Z,148740,9,1343.5,926,5198,334,21356,34.2,53.22,545,8188,14
2026-08-29T13:51:56Z,148800,9,1343,925.3,5198,334,21355,34.2,58.66,545,8188,18
2026-08-29T13:52:57Z,148860,9,1343.4,926,5198,334,21343,34.2,57.34,545,8188,18
2026-08-29T13:53:57Z,148920,9,1343.1,925.7,5198,334,21334,34.2,55.1,545,8188,17
2026-08-29T13:54:57Z,148980,9,1343.6,925.8,5196,334,21331,34.2,54.69,545,8188,17
2026-08-29T13:55:57Z,149040,9,1343.8,926,5198,334,21249,34.6,50.69,545,8188,17
2026-08-29T13:56:57Z,149101,9,1343.1,925.2,5196,334,21294,34.3,56.6,545,8188,18
2026-08-29T13:57:57Z,149161,9,1342.8,924.8,5198,334,21222,34.5,49.68,545,8188,17
2026-08-29T13:58:57Z,149221,9,1342.6,924.9,5196,333,21247,34.3,55.98,545,8188,16
2026-08-29T13:59:58Z,149281,9,1343.4,932.6,5198,334,21308,34.3,53.07,551,8188,17
2026-08-29T14:00:58Z,149341,9,1343.9,933.3,5198,334,21337,34.2,55.77,551,8188,17
2026-08-29T14:01:58Z,149401,9,1342,931.4,5198,334,21338,34.2,61.44,551,8188,15
2026-08-29T14:02:58Z,149461,9,1357,950.8,5202,337,21310,34.3,61.49,551,8188,20
2026-08-29T14:03:58Z,149522,9,1351.5,943.4,5206,337,21279,34.4,58.47,550,8188,20
2026-08-29T14:04:58Z,149582,9,1348.8,939.6,5206,335,21317,34.3,59.57,550,8188,20
2026-08-29T14:05:58Z,149642,9,1349.3,940.2,5204,335,21320,34.3,59.15,550,8188,20
2026-08-29T14:06:59Z,149702,9,1347.6,938.8,5205,334,21313,34.3,59.05,550,8188,19
2026-08-29T14:07:59Z,149762,9,1347.8,942.3,5200,333,21244,34.3,52.3,550,8188,21
2026-08-29T14:08:59Z,149822,9,1344.4,938.6,5200,334,21232,34.3,55.86,550,8188,20
2026-08-29T14:09:59Z,149883,9,1344.1,938.3,5200,334,21308,34.3,57.63,550,8188,20
2026-08-29T14:10:59Z,149943,9,1344.5,938.9,5200,334,21351,34.2,53.8,550,8188,16
2026-08-29T14:11:59Z,150003,9,1344.6,939.1,5200,341,21252,34.5,54.63,551,8188,18
2026-08-29T14:12:59Z,150063,9,1342.3,936.6,5200,341,21295,34.3,55.49,550,8188,16
2026-08-29T14:14:00Z,150123,9,1342,935.8,5196,334,21288,34.3,59.05,550,8188,18
2026-08-29T14:15:00Z,150183,9,1342.3,936.3,5198,334,21290,34.3,57.7,550,8188,16
2026-08-29T14:16:00Z,150243,9,1342.5,936.4,5196,334,21278,34.3,55.75,550,8188,17
2026-08-29T14:17:00Z,150304,9,1341.9,936,5198,334,21293,34.3,56.77,550,8188,17
2026-08-29T14:18:00Z,150364,9,1342.6,936.6,5192,332,21225,34.4,49.72,550,8188,16
2026-08-29T14:19:00Z,150424,9,1341.7,935.8,5198,334,21204,34.4,56.85,550,8188,18
2026-08-29T14:20:00Z,150484,9,1341.8,935.7,5198,334,21286,34.3,59.13,550,8188,17
2026-08-29T14:21:01Z,150544,9,1342.6,936.5,5198,334,21302,34.3,53.4,550,8188,19
2026-08-29T14:22:01Z,150604,9,1341.8,936,5198,334,21291,34.3,58.35,550,8188,19
2026-08-29T14:23:01Z,150664,9,1342.2,936.3,5196,334,21304,34.3,55.84,550,8188,15
2026-08-29T14:24:01Z,150725,9,1341.6,935.7,5198,334,21283,34.4,58.49,550,8188,17
2026-08-29T14:25:01Z,150785,9,1341.8,935.7,5197,334,21263,34.4,57.76,550,8188,16
2026-08-29T14:26:01Z,150845,9,1342,935.8,5198,334,21270,34.4,53.58,550,8188,18
2026-08-29T14:27:01Z,150905,9,1341.7,935.6,5196,340,21265,34.4,57.4,550,8188,16
2026-08-29T14:28:02Z,150965,9,1342.7,936.5,5198,334,21199,34.5,52.37,550,8188,16
2026-08-29T14:29:02Z,151025,9,1342.4,936.1,5198,334,21238,34.3,55.76,550,8188,15
2026-08-29T14:30:02Z,151085,9,1342.6,936.6,5198,334,21325,34.2,55.7,550,8188,18
2026-08-29T14:31:02Z,151146,9,1342.3,936.1,5200,334,21329,34.2,56.67,550,8188,16
2026-08-29T14:32:02Z,151206,9,1353.9,949.5,5214,335,21307,34.3,58.14,551,8188,17
2026-08-29T14:33:02Z,151266,9,1360.5,943.5,5209,335,21301,34.3,56.31,547,8188,17
2026-08-29T14:34:02Z,151326,9,1354.6,935.9,5213,337,21250,34.4,55.83,545,8188,18
2026-08-29T14:35:03Z,151386,9,1352.4,933.4,5213,335,21298,34.3,56.1,545,8188,18
2026-08-29T14:36:03Z,151446,9,1352.1,933.1,5212,335,21300,34.3,53.65,545,8188,16
2026-08-29T14:37:03Z,151506,9,1350.3,931.2,5212,334,21302,34.3,56.15,545,8188,16
2026-08-29T14:38:03Z,151566,9,1347.4,931.3,5207,333,21223,34.3,46.61,545,8188,16
2026-08-29T14:39:03Z,151627,9,1346.8,930.6,5210,335,21226,34.3,56.41,545,8188,16
2026-08-29T14:40:03Z,151687,9,1346.4,930.2,5210,335,21301,34.2,56.19,545,8188,16
2026-08-29T14:41:03Z,151747,9,1346.5,930.3,5210,335,21317,34.2,53.3,545,8188,16
2026-08-29T14:42:04Z,151807,9,1346.7,930.8,5210,335,21295,34.2,57.37,545,8188,16
2026-08-29T14:43:04Z,151867,9,1347.4,931.7,5206,335,21293,34.3,57.23,545,8188,16
2026-08-29T14:44:04Z,151927,9,1343.2,927.6,5205,334,21317,34.2,54.94,545,8188,17
2026-08-29T14:45:04Z,151988,9,1343.8,927.9,5203,334,21324,34.2,56.73,545,8188,16
2026-08-29T14:46:04Z,152048,9,1343,927.3,5205,334,21320,34.2,54.22,545,8188,16
2026-08-29T14:47:04Z,152108,9,1343.4,927.6,5203,333,21309,34.2,53.76,545,8188,15
2026-08-29T14:48:04Z,152168,9,1343.8,928.2,5205,334,21233,34.3,47.61,545,8188,16
2026-08-29T14:49:05Z,152228,9,1344.1,928.8,5210,335,21224,34.3,55.24,545,8188,17
2026-08-29T14:50:05Z,152288,9,1344.9,929.4,5210,335,21311,34.2,56.2,545,8188,17
2026-08-29T14:51:05Z,152348,9,1344.4,929,5210,335,21309,34.2,55.01,545,8188,16
2026-08-29T14:52:05Z,152409,9,1344.7,929.5,5208,335,21296,34.2,54.72,545,8188,17
2026-08-29T14:53:05Z,152469,9,1344.8,929.3,5210,335,21289,34.3,54.36,545,8188,16
2026-08-29T14:54:05Z,152529,9,1344.7,929.3,5207,334,21298,34.3,53.48,545,8188,17
2026-08-29T14:55:05Z,152589,9,1345.2,930,5209,334,21294,34.2,55.15,545,8188,17
2026-08-29T14:56:06Z,152649,9,1345.1,929.3,5207,333,21294,34.2,55.15,545,8188,17
2026-08-29T14:57:06Z,152709,9,1345.3,929.8,5207,341,21286,34.3,53.36,545,8188,16
2026-08-29T14:58:06Z,152769,9,1344.9,929.9,5209,334,21251,34.3,49.13,545,8188,17
2026-08-29T14:59:06Z,152830,9,1345.2,929.9,5209,334,21229,34.3,56.62,545,8188,16
2026-08-29T15:00:06Z,152890,9,1345.7,930.4,5209,334,21288,34.2,51.65,545,8188,16
2026-08-29T15:01:06Z,152950,9,1344.7,929.1,5207,334,21294,34.2,51.32,545,8188,17
2026-08-29T15:02:06Z,153010,9,1372.9,961,5213,335,21269,34.3,55.77,546,8188,20
2026-08-29T15:03:07Z,153070,9,1355.5,944.1,5203,335,21286,34.3,56.11,551,8188,19
2026-08-29T15:04:07Z,153130,9,1351.3,937.9,5211,335,21284,34.3,61.38,550,8188,21
2026-08-29T15:05:07Z,153190,9,1349.4,936.1,5211,335,21315,34.2,60.42,550,8188,20
2026-08-29T15:06:07Z,153251,9,1353.7,939.5,5211,335,21310,34.2,59.57,550,8188,20
2026-08-29T15:07:07Z,153311,9,1348.1,934.2,5213,334,21319,34.2,55.83,550,8188,18
2026-08-29T15:08:07Z,153371,9,1346,935,5214,337,21216,34.4,50.6,550,8188,14
2026-08-29T15:09:08Z,153431,9,1345.6,934.5,5212,337,21212,34.4,57.59,550,8188,17
2026-08-29T15:10:08Z,153491,9,1346,934.9,5210,335,21285,34.3,58.56,550,8188,17
2026-08-29T15:11:08Z,153551,9,1345.6,934.6,5210,335,21317,34.2,55.35,550,8188,17
2026-08-29T15:12:08Z,153611,9,1345.4,934.6,5206,334,21314,34.2,58.51,550,8188,17
2026-08-29T15:13:08Z,153672,9,1343.3,932.8,5207,334,21304,34.3,56.43,550,8188,17
2026-08-29T15:14:08Z,153732,9,1341.8,930.8,5205,334,21313,34.3,58.13,550,8188,17
2026-08-29T15:15:08Z,153792,9,1342.9,932.3,5207,334,21318,34.2,58.3,550,8188,16
2026-08-29T15:16:09Z,153852,9,1342.5,931.5,5205,333,21294,34.3,56.91,550,8188,18
2026-08-29T15:17:09Z,153912,9,1342.2,931.1,5207,334,21305,34.3,58.59,550,8188,17
2026-08-29T15:18:09Z,153972,9,1342.9,932.1,5207,334,21174,34.5,50.53,550,8188,16
2026-08-29T15:19:09Z,154033,9,1342.5,931.5,5210,335,21198,34.4,53.74,550,8188,18
2026-08-29T15:20:09Z,154093,9,1343.5,932.8,5208,335,21284,34.3,56.02,550,8188,20
2026-08-29T15:21:09Z,154153,9,1347.4,936.8,5206,335,21299,34.3,55.76,550,8188,17
2026-08-29T15:22:09Z,154213,9,1343.3,932.7,5210,335,21287,34.3,57.69,550,8188,17
2026-08-29T15:23:10Z,154273,9,1343.5,932.8,5208,335,21279,34.3,57.11,550,8188,16
2026-08-29T15:24:10Z,154333,9,1343.7,932.9,5209,334,21284,34.4,60.09,550,8188,17
2026-08-29T15:25:10Z,154393,9,1344.1,933.2,5207,333,21323,34.2,57.09,550,8188,17
2026-08-29T15:26:10Z,154454,9,1342.9,931.8,5209,334,21318,34.2,56.81,550,8188,16
2026-08-29T15:27:10Z,154514,9,1342.5,931.7,5203,332,21321,34.2,55.77,550,8188,17
2026-08-29T15:28:10Z,154574,9,1342.3,931.4,5209,334,21246,34.3,48.02,550,8188,20
2026-08-29T15:29:10Z,154634,9,1341,929.9,5202,334,21271,34.2,57.55,550,8188,17
2026-08-29T15:30:11Z,154694,9,1341.2,935.2,5200,334,21338,34.2,54.54,554,8188,21
2026-08-29T15:31:11Z,154754,9,1341,934.7,5202,334,21338,34.2,59.43,554,8188,18
2026-08-29T15:32:11Z,154814,9,1343.6,938.5,5206,335,21315,34.3,57.88,555,8188,20
2026-08-29T15:33:11Z,154875,9,1376.9,955.1,5202,335,21285,34.3,57.67,547,8188,21
2026-08-29T15:34:11Z,154935,9,1352.7,929.6,5206,336,21312,34.3,57.89,546,8188,19
2026-08-29T15:35:11Z,154995,9,1350.8,926.4,5206,335,21320,34.2,58.99,546,8188,19
2026-08-29T15:36:11Z,155055,9,1350.4,926,5204,334,21320,34.2,59.55,546,8188,19
2026-08-29T15:37:12Z,155115,9,1350.8,926.6,5205,334,21329,34.2,54.01,546,8188,21
2026-08-29T15:38:12Z,155175,9,1347.4,927.2,5202,334,21244,34.3,49.3,546,8188,19
2026-08-29T15:39:12Z,155235,9,1346.6,926.3,5198,334,21270,34.2,55.46,546,8188,19
2026-08-29T15:40:12Z,155296,9,1347.3,926.9,5198,334,21342,34.1,55.85,546,8188,23
2026-08-29T15:41:12Z,155356,9,1350.6,930.3,5198,334,21346,34.1,57.54,546,8188,21
2026-08-29T15:42:12Z,155416,9,1344.7,924.6,5200,334,21342,34.1,54.54,546,8188,21
2026-08-29T15:43:12Z,155476,9,1344.7,924.5,5196,334,21347,34.1,56.93,546,8188,20
2026-08-29T15:44:13Z,155536,9,1344.1,923.9,5197,335,21336,34.1,58.89,546,8188,20
2026-08-29T15:45:13Z,155596,9,1344.1,923.7,5199,334,21346,34.1,56.82,546,8188,16
2026-08-29T15:46:13Z,155656,9,1343.6,923.2,5201,335,21341,34.1,57.49,546,8188,16
2026-08-29T15:47:13Z,155717,9,1344.1,923.6,5201,335,21342,34.1,54.9,546,8188,17
2026-08-29T15:48:13Z,155777,9,1344.4,924,5201,335,21244,34.3,50.4,546,8188,16
2026-08-29T15:49:13Z,155837,9,1344.3,924,5200,334,21248,34.2,55.46,546,8188,18
2026-08-29T15:50:13Z,155897,9,1344,923.4,5196,334,21327,34.1,55.63,546,8188,17
2026-08-29T15:51:14Z,155957,9,1343.4,922.6,5198,334,21339,34.1,54.4,546,8188,17
2026-08-29T15:52:14Z,156017,9,1343.8,923,5196,334,21324,34.2,54.49,546,8188,17
2026-08-29T15:53:14Z,156077,9,1342.7,922.1,5200,334,21315,34.2,55.21,546,8188,16
2026-08-29T15:54:14Z,156138,9,1343.1,922.4,5196,333,21341,34.1,55.98,546,8188,19
2026-08-29T15:55:14Z,156198,9,1343.6,923.2,5198,334,21337,34.1,53.25,546,8188,19
2026-08-29T15:56:14Z,156258,9,1343.4,922.9,5196,333,21335,34.1,56.6,546,8188,17
2026-08-29T15:57:14Z,156318,9,1343.9,923.4,5198,334,21344,34.1,54.22,546,8188,15
2026-08-29T15:58:15Z,156378,9,1344,923.6,5198,334,21209,34.4,51.04,546,8188,18
2026-08-29T15:59:15Z,156438,9,1344.1,923.7,5196,334,21236,34.3,50.4,546,8188,20
2026-08-29T16:00:15Z,156498,9,1344.6,924.4,5202,334,21250,34.3,51.88,546,8188,16
2026-08-29T16:01:15Z,156559,9,1344.2,923.8,5198,334,21328,34.2,54.11,546,8188,17
2026-08-29T16:02:15Z,156619,9,1350.6,935.4,5206,335,21310,34.2,54.02,550,8188,21
2026-08-29T16:03:15Z,156679,9,1365.4,949.6,5198,334,21274,34.4,57.43,547,8188,20
2026-08-29T16:04:15Z,156739,9,1351.6,934.1,5206,335,21314,34.3,56.39,546,8188,19
2026-08-29T16:05:16Z,156799,9,1355,937.6,5204,334,21300,34.3,58.78,546,8188,22
2026-08-29T16:06:16Z,156859,9,1351.3,933.9,5208,335,21310,34.3,55.52,546,8188,21
2026-08-29T16:07:16Z,156919,9,1349.1,931.7,5205,334,21334,34.2,53.65,546,8188,22
2026-08-29T16:08:16Z,156980,9,1345.4,931.5,5200,334,21205,34.4,52.58,546,8188,20
2026-08-29T16:09:16Z,157040,9,1344.9,931,5203,335,21261,34.3,51.46,546,8188,17
2026-08-29T16:10:16Z,157100,9,1344.7,931.1,5203,335,21250,34.3,55.8,546,8188,16
2026-08-29T16:11:16Z,157160,9,1343,929.6,5205,335,21326,34.2,56.78,546,8188,16
2026-08-29T16:12:17Z,157220,9,1344,930.6,5204,336,21210,34.5,51.47,546,8188,15
2026-08-29T16:13:17Z,157280,9,1343.4,929.7,5205,337,21272,34.3,55.12,546,8188,17
2026-08-29T16:14:17Z,157340,9,1344.3,930.6,5201,334,21302,34.2,54.56,546,8188,17
2026-08-29T16:15:17Z,157401,9,1344.1,930.5,5200,334,21309,34.2,57.27,546,8188,17
2026-08-29T16:16:17Z,157461,9,1344.1,930.7,5198,333,21272,34.3,51.73,546,8188,18
2026-08-29T16:17:17Z,157521,9,1343.5,930,5202,334,21303,34.2,54.37,546,8188,17
2026-08-29T16:18:17Z,157581,9,1343.4,929.9,5205,335,21200,34.5,52.33,546,8188,17
2026-08-29T16:19:18Z,157641,9,1344.1,930.6,5203,335,21258,34.2,51.44,546,8188,16
2026-08-29T16:20:18Z,157701,9,1344,930.6,5203,335,21265,34.2,56.87,546,8188,19
2026-08-29T16:21:18Z,157761,9,1343.5,930,5205,335,21338,34.2,54.93,546,8188,16
2026-08-29T16:22:18Z,157822,9,1343.4,929.7,5205,335,21328,34.2,53.51,546,8188,16
2026-08-29T16:23:18Z,157882,9,1343.7,930.2,5202,334,21320,34.2,54.41,546,8188,18
2026-08-29T16:24:18Z,157942,9,1344.4,930.9,5204,334,21316,34.2,56.04,546,8188,14
2026-08-29T16:25:19Z,158002,9,1343.8,930.1,5202,334,21326,34.2,55.44,546,8188,19
2026-08-29T16:26:19Z,158062,9,1344.5,930.9,5206,334,21319,34.2,54.21,546,8188,17
2026-08-29T16:27:19Z,158122,9,1343.1,929.7,5204,334,21308,34.3,53.72,546,8188,18
2026-08-29T16:28:19Z,158183,9,1343.8,930.3,5204,334,21259,34.5,56.08,546,8188,17
2026-08-29T16:29:19Z,158243,9,1344.3,931.2,5204,334,21199,34.5,50.28,546,8188,17
2026-08-29T16:30:19Z,158303,9,1343.3,936.3,5204,334,21234,34.3,54.69,551,8188,18
2026-08-29T16:31:19Z,158363,9,1344,937.1,5204,334,21294,34.3,57.57,551,8188,17
2026-08-29T16:32:20Z,158423,9,1339.4,934.5,5209,335,21326,34.2,59.65,552,8188,19
2026-08-29T16:33:20Z,158483,9,1349.6,931.7,5202,337,21248,34.4,58.41,547,8188,20
2026-08-29T16:34:20Z,158543,9,1349.6,930.6,5206,337,21297,34.3,58.43,545,8188,19
2026-08-29T16:35:20Z,158603,9,1350,930.9,5206,335,21308,34.2,58.95,545,8188,19
2026-08-29T16:36:20Z,158664,9,1354.3,935.1,5206,335,21309,34.2,58.09,545,8188,20
2026-08-29T16:37:20Z,158724,9,1354,934.9,5205,334,21303,34.3,55.42,545,8188,22
2026-08-29T16:38:20Z,158784,9,1346.4,930.3,5200,334,21316,34.2,55.19,545,8188,16
2026-08-29T16:39:21Z,158844,9,1346.7,930.7,5196,334,21233,34.3,50.22,545,8188,17
2026-08-29T16:40:21Z,158904,9,1347.2,931,5196,334,21230,34.3,54.54,545,8188,18
2026-08-29T16:41:21Z,158964,9,1346.8,930.3,5198,334,21313,34.2,55.52,545,8188,17
2026-08-29T16:42:21Z,159024,9,1344.5,928.2,5198,334,21311,34.2,55.18,545,8188,18
2026-08-29T16:43:21Z,159085,9,1344.1,928,5194,334,21302,34.2,55.71,545,8188,16
2026-08-29T16:44:21Z,159145,9,1344.8,928.4,5196,334,21304,34.2,54.38,545,8188,18
2026-08-29T16:45:21Z,159205,9,1345.3,929.2,5196,333,21311,34.2,56.67,545,8188,16
2026-08-29T16:46:22Z,159265,9,1344.7,928.6,5198,334,21346,34.1,55.41,545,8188,16
2026-08-29T16:47:22Z,159325,9,1345.3,929.2,5198,334,21331,34.1,56.61,545,8188,17
2026-08-29T16:48:22Z,159385,9,1344.1,928,5198,334,21324,34.2,56,545,8188,16
2026-08-29T16:49:22Z,159445,9,1343.7,927.2,5198,334,21224,34.3,47.53,545,8188,17
2026-08-29T16:50:22Z,159506,9,1344.3,928,5198,334,21222,34.3,54.93,545,8188,17
2026-08-29T16:51:22Z,159566,9,1343.9,927.4,5198,334,21317,34.2,56.77,545,8188,17
2026-08-29T16:52:22Z,159626,9,1343.4,926.9,5196,334,21326,34.2,53.75,545,8188,16
2026-08-29T16:53:22Z,159686,9,1343.4,927.1,5198,334,21311,34.2,52.28,545,8188,17
2026-08-29T16:54:23Z,159746,9,1343.7,927.7,5196,334,21315,34.2,54.51,545,8188,16
2026-08-29T16:55:23Z,159806,9,1343.1,927,5194,333,21315,34.2,55.69,545,8188,18
2026-08-29T16:56:23Z,159866,9,1342.3,926.3,5198,334,21312,34.2,55.2,545,8188,16
2026-08-29T16:57:23Z,159927,9,1343,926.8,5198,334,21312,34.2,56.11,545,8188,17
2026-08-29T16:58:23Z,159987,9,1342.5,925.9,5198,334,21307,34.2,53.4,545,8188,16
2026-08-29T16:59:23Z,160047,9,1343.2,927.2,5201,335,21236,34.3,47.24,545,8188,17
2026-08-29T17:00:24Z,160107,9,1343.6,941.4,5199,335,21212,34.4,54.93,556,8188,19
2026-08-29T17:01:24Z,160167,9,1343.6,941.3,5197,335,21288,34.3,59.19,555,8188,19
2026-08-29T17:02:24Z,160227,9,1345.8,949.2,5204,335,21289,34.3,59.52,560,8188,19
2026-08-29T17:03:24Z,160288,9,1351.7,932.5,5196,335,21311,34.3,57.55,547,8188,21
2026-08-29T17:04:24Z,160348,9,1355.1,935.2,5204,335,21307,34.2,55.88,545,8188,21
2026-08-29T17:05:24Z,160408,9,1354.6,934.7,5206,335,21320,34.2,56.97,545,8188,19
2026-08-29T17:06:24Z,160468,9,1354.1,934.1,5206,335,21315,34.2,56.34,545,8188,20
2026-08-29T17:07:25Z,160528,9,1355.2,935,5205,334,21316,34.2,57.4,545,8188,21
2026-08-29T17:08:25Z,160588,9,1350.3,934.2,5202,334,21319,34.2,54.12,545,8188,20
2026-08-29T17:09:25Z,160648,9,1350.5,934.9,5200,334,21240,34.3,51.11,545,8188,20
2026-08-29T17:10:25Z,160709,9,1347.1,931.3,5198,334,21136,34.6,34.94,545,8188,19
2026-08-29T17:11:25Z,160769,9,1347.1,931,5200,334,21106,34.7,48.43,545,8188,23
2026-08-29T17:12:25Z,160829,9,1344.8,929,5196,334,21147,34.6,55.6,545,8188,18
2026-08-29T17:13:25Z,160889,9,1343.2,927.1,5198,334,21220,34.5,54.36,545,8188,16
2026-08-29T17:14:26Z,160949,9,1343.5,927.4,5196,333,21243,34.4,54.67,545,8188,18
2026-08-29T17:15:26Z,161009,9,1343.4,927.5,5198,334,21249,34.4,57.37,545,8188,16
2026-08-29T17:16:26Z,161069,9,1343.5,927.6,5198,334,21264,34.3,55.49,545,8188,18
2026-08-29T17:17:26Z,161130,9,1343.4,927.4,5198,334,21262,34.3,55.78,545,8188,18
2026-08-29T17:18:26Z,161190,9,1342.9,926.9,5198,334,21203,34.5,52.4,545,8188,17
2026-08-29T17:19:26Z,161250,9,1342.4,926.5,5196,334,21181,34.5,47.55,545,8188,17
2026-08-29T17:20:27Z,161310,9,1342.6,926.5,5198,334,21199,34.4,54.61,545,8188,16
2026-08-29T17:21:27Z,161370,9,1343,926.8,5196,334,21299,34.3,55.69,545,8188,17
2026-08-29T17:22:27Z,161430,9,1343.8,928.2,5198,334,21328,34.2,58.39,545,8188,16
2026-08-29T17:23:27Z,161490,9,1343.7,928,5198,336,21332,34.2,52.45,545,8188,16
2026-08-29T17:24:27Z,161551,9,1344.1,928.3,5198,334,21324,34.2,56.54,545,8188,16
2026-08-29T17:25:27Z,161611,9,1344.3,928.2,5201,335,21319,34.2,55.27,545,8188,19
2026-08-29T17:26:27Z,161671,9,1344.4,928.2,5201,335,21315,34.2,54.65,545,8188,17
2026-08-29T17:27:28Z,161731,9,1344.8,928.6,5201,335,21310,34.2,56.7,545,8188,16
2026-08-29T17:28:28Z,161791,9,1344.3,928,5201,335,21319,34.2,55.44,545,8188,15
2026-08-29T17:29:28Z,161851,9,1344.8,928.4,5201,335,21238,34.3,47.68,545,8188,17
2026-08-29T17:30:28Z,161911,9,1344.8,942.4,5198,334,21224,34.4,52.74,555,8188,16
2026-08-29T17:31:28Z,161972,9,1344.8,942.7,5200,334,21307,34.3,59.76,555,8188,16
2026-08-29T17:32:28Z,162032,9,1344.4,942.2,5198,335,21298,34.3,57.82,555,8188,17
2026-08-29T17:33:28Z,162092,9,1352.5,938.5,5202,337,21229,34.5,55.68,547,8188,20
2026-08-29T17:34:29Z,162152,9,1349.9,933.7,5206,336,21255,34.4,58.89,545,8188,17
2026-08-29T17:35:29Z,162212,9,1349.2,933.1,5208,337,21303,34.2,56.74,545,8188,16
2026-08-29T17:36:29Z,162272,9,1349.3,932.9,5206,335,21309,34.3,55.52,545,8188,17
2026-08-29T17:37:29Z,162332,9,1349.7,933.8,5205,334,21302,34.2,55.49,545,8188,17
2026-08-29T17:38:29Z,162393,9,1346.3,933,5202,334,21325,34.2,53.35,545,8188,16
2026-08-29T17:39:29Z,162453,9,1344,930.7,5198,334,21244,34.3,49.04,545,8188,17
2026-08-29T17:40:29Z,162513,9,1343.4,930.6,5200,334,21243,34.3,56.57,545,8188,16
2026-08-29T17:41:30Z,162573,9,1343.3,930,5196,334,21324,34.2,57.18,545,8188,14
2026-08-29T17:42:30Z,162633,9,1343.6,930.3,5198,334,21312,34.2,56.36,545,8188,16
2026-08-29T17:43:30Z,162693,9,1343.3,929.7,5192,332,21311,34.2,56.58,545,8188,16
2026-08-29T17:44:30Z,162753,9,1343.7,930.5,5198,334,21312,34.2,54.25,545,8188,17
2026-08-29T17:45:30Z,162814,9,1343.5,930.5,5198,334,21317,34.2,58.6,545,8188,17
2026-08-29T17:46:30Z,162874,9,1343.8,930.5,5198,334,21309,34.2,54.34,545,8188,19
2026-08-29T17:47:30Z,162934,9,1344.1,930.8,5198,334,21317,34.2,55.16,545,8188,15
2026-08-29T17:48:31Z,162994,9,1343.8,930.5,5194,334,21299,34.3,52.53,545,8188,16
2026-08-29T17:49:31Z,163054,9,1344.3,931.2,5196,334,21222,34.3,50.49,545,8188,19
2026-08-29T17:50:31Z,163114,9,1344.3,931,5194,334,21261,34.2,52.44,545,8188,16
2026-08-29T17:51:31Z,163174,9,1344.4,931,5198,334,21340,34.2,57.95,545,8188,19
2026-08-29T17:52:31Z,163235,9,1344.8,931.8,5196,333,21336,34.2,56.2,545,8188,16
2026-08-29T17:53:31Z,163295,9,1344.4,931.3,5198,334,21323,34.2,53.19,545,8188,17
2026-08-29T17:54:31Z,163355,9,1344.8,931.8,5198,334,21322,34.2,54.81,545,8188,17
2026-08-29T17:55:32Z,163415,9,1344.4,931.1,5198,334,21313,34.2,55.1,545,8188,16
2026-08-29T17:56:32Z,163475,9,1344.5,931.5,5198,334,21314,34.2,53.76,545,8188,16
2026-08-29T17:57:32Z,163535,9,1344.5,930.9,5195,334,21317,34.2,58.03,545,8188,17
2026-08-29T17:58:32Z,163595,9,1344.8,931.5,5195,334,21304,34.2,55.41,545,8188,17
2026-08-29T17:59:32Z,163656,9,1345.1,931.9,5193,334,21254,34.3,49.69,545,8188,18
2026-08-29T18:00:32Z,163716,9,1345.4,940.4,5195,334,21229,34.3,52.94,551,8188,17
2026-08-29T18:01:32Z,163776,9,1344.8,939.9,5193,334,21318,34.2,59.58,551,8188,16
2026-08-29T18:02:33Z,163836,9,1346.6,942.2,5203,337,21325,34.2,60.61,551,8188,19
2026-08-29T18:03:33Z,163896,9,1356.1,951.1,5197,336,21290,34.4,55.26,551,8188,21
2026-08-29T18:04:33Z,163956,9,1353.2,946.2,5205,337,21295,34.3,60.96,550,8188,20
2026-08-29T18:05:33Z,164017,9,1352,945,5203,335,21280,34.3,56.9,550,8188,20
2026-08-29T18:06:33Z,164077,9,1356.6,949.9,5203,335,21284,34.3,56.23,550,8188,20
2026-08-29T18:07:33Z,164137,9,1352.2,945.5,5202,334,21293,34.3,58.02,550,8188,20
2026-08-29T18:08:33Z,164197,9,1353.5,949.6,5197,334,21291,34.3,54.97,550,8188,21
2026-08-29T18:09:34Z,164257,9,1351.3,947.4,5197,334,21201,34.4,51.51,550,8188,22
2026-08-29T18:10:34Z,164317,9,1347,942.9,5195,334,21216,34.4,59.63,550,8188,19
2026-08-29T18:11:34Z,164377,9,1347,943.1,5201,335,21288,34.3,58.88,550,8188,20
2026-08-29T18:12:34Z,164437,9,1346.7,942.8,5196,334,21314,34.2,58.65,550,8188,18
2026-08-29T18:13:34Z,164498,9,1346.8,942.1,5194,334,21307,34.3,52.77,550,8188,16
2026-08-29T18:14:34Z,164558,9,1347.2,943.5,5198,335,21312,34.2,57.52,550,8188,17
2026-08-29T18:15:34Z,164618,9,1345.9,941.4,5198,335,21312,34.2,59.69,550,8188,17
2026-08-29T18:16:35Z,164678,9,1346.3,941.9,5197,334,21322,34.2,57.95,550,8188,18
2026-08-29T18:17:35Z,164738,9,1346,941.6,5195,334,21321,34.2,58.68,550,8188,16
2026-08-29T18:18:35Z,164798,9,1346.4,942,5197,334,21243,34.5,55.89,550,8188,19
2026-08-29T18:19:35Z,164858,9,1345.7,941.5,5195,334,21208,34.4,50.9,550,8188,16
2026-08-29T18:20:35Z,164919,9,1345.4,941.2,5197,334,21220,34.4,59.21,550,8188,19
2026-08-29T18:21:35Z,164979,9,1346.1,942.1,5195,333,21292,34.3,56.11,550,8188,17
2026-08-29T18:22:35Z,165039,9,1346.3,942.2,5197,334,21299,34.3,58.04,550,8188,17
2026-08-29T18:23:36Z,165099,9,1346.2,942.1,5195,333,21287,34.3,58.59,550,8188,16
2026-08-29T18:24:36Z,165159,9,1345.6,941.6,5197,334,21280,34.3,57.6,550,8188,18
2026-08-29T18:25:36Z,165219,9,1345.6,941.5,5197,334,21285,34.3,57.27,550,8188,17
2026-08-29T18:26:36Z,165280,9,1346.1,942,5195,334,21303,34.2,55.66,550,8188,19
2026-08-29T18:27:36Z,165340,9,1346,941.6,5197,334,21306,34.2,59.53,550,8188,15
2026-08-29T18:28:36Z,165400,9,1346.1,941.7,5195,334,21304,34.2,58.23,550,8188,19
2026-08-29T18:29:36Z,165460,9,1346.1,941.8,5197,334,21218,34.4,50.07,550,8188,16
2026-08-29T18:30:37Z,165520,9,1346.8,943.1,5195,334,21220,34.4,52.56,551,8188,19
2026-08-29T18:31:37Z,165580,9,1347.3,943.4,5193,333,21284,34.3,62.49,551,8188,20
2026-08-29T18:32:37Z,165640,9,1353.1,955.5,5198,334,21276,34.3,61.31,555,8188,19
2026-08-29T18:33:37Z,165700,9,1355.9,942.2,5197,337,21195,34.7,62.06,551,8188,20
2026-08-29T18:34:37Z,165761,9,1351.6,936.8,5203,337,21249,34.5,57.58,550,8188,19
2026-08-29T18:35:37Z,165821,9,1350.8,935.8,5203,335,21247,34.5,57.07,550,8188,21
2026-08-29T18:36:37Z,165881,9,1348.7,933.8,5203,335,21262,34.4,57.42,550,8188,19
2026-08-29T18:37:38Z,165941,9,1348.4,933.6,5201,335,21272,34.4,59.73,550,8188,21
2026-08-29T18:38:38Z,166001,9,1345.5,933.5,5202,335,21287,34.3,55.72,550,8188,16
2026-08-29T18:39:38Z,166061,9,1346,934,5198,335,21243,34.3,49.25,550,8188,16
2026-08-29T18:40:38Z,166122,9,1345.3,933.1,5200,335,21236,34.3,55.65,550,8188,17
2026-08-29T18:41:38Z,166182,9,1346.3,934.4,5195,333,21311,34.2,56.33,550,8188,17
2026-08-29T18:42:38Z,166242,9,1346,933.9,5197,334,21306,34.2,57.24,550,8188,16
2026-08-29T18:43:38Z,166302,9,1345.2,933.5,5197,334,21302,34.2,57.58,550,8188,17
2026-08-29T18:44:39Z,166362,9,1345.6,934.1,5195,334,21301,34.2,54.57,550,8188,17
2026-08-29T18:45:39Z,166422,9,1345,933,5196,334,21301,34.2,60.15,550,8188,16
2026-08-29T18:46:39Z,166482,9,1344.7,932.7,5193,334,21315,34.2,57.05,550,8188,17
2026-08-29T18:47:39Z,166543,9,1344.8,932.7,5200,335,21301,34.2,57.61,550,8188,16
2026-08-29T18:48:39Z,166603,9,1345.2,933.3,5198,335,21284,34.3,55.78,550,8188,17
2026-08-29T18:49:39Z,166663,9,1345.7,934,5200,335,21211,34.4,47.91,550,8188,18
2026-08-29T18:50:39Z,166723,9,1345.4,933.8,5198,334,21219,34.4,57.54,550,8188,17
2026-08-29T18:51:40Z,166783,9,1345.9,934.2,5200,335,21292,34.3,58.58,550,8188,19
2026-08-29T18:52:40Z,166843,9,1345.7,933.6,5197,333,21294,34.3,56.14,550,8188,18
2026-08-29T18:53:40Z,166903,9,1346.2,934.1,5199,334,21279,34.3,56.11,550,8188,20
2026-08-29T18:54:40Z,166964,9,1346.3,934.3,5199,334,21304,34.2,55.31,550,8188,17
2026-08-29T18:55:40Z,167024,9,1345.7,933.6,5197,334,21306,34.2,57.3,550,8188,16
2026-08-29T18:56:40Z,167084,9,1346.4,934.3,5199,334,21303,34.2,58.64,550,8188,18
2026-08-29T18:57:40Z,167144,9,1347.1,934.9,5197,334,21303,34.2,57.27,550,8188,18
2026-08-29T18:58:41Z,167204,9,1346.4,934.4,5199,334,21302,34.3,55.24,550,8188,17
2026-08-29T18:59:41Z,167264,9,1344.9,932.9,5197,333,21239,34.4,51.33,550,8188,16
2026-08-29T19:00:41Z,167324,9,1344.9,932.9,5199,334,21227,34.4,53.21,550,8188,17
2026-08-29T19:01:41Z,167385,9,1345.5,933.3,5193,332,21292,34.3,56.92,550,8188,17
2026-08-29T19:02:41Z,167445,9,1365.8,1125.2,5223,335,21258,34.5,58.67,577,8188,14
2026-08-29T19:03:41Z,167505,9,1353,932,5202,335,21261,34.4,59.69,547,8188,20
2026-08-29T19:04:41Z,167565,9,1356.4,934.6,5202,335,21269,34.3,55.88,545,8188,21
2026-08-29T19:05:42Z,167625,9,1352.2,930.3,5204,335,21280,34.3,55.68,545,8188,21
2026-08-29T19:06:42Z,167685,9,1351.5,929.6,5202,335,21276,34.3,55.28,545,8188,17
2026-08-29T19:07:42Z,167745,9,1347.6,928.6,5201,334,21251,34.4,53.05,545,8188,17
2026-08-29T19:08:42Z,167806,9,1347.6,928.3,5198,334,21267,34.3,58.64,545,8188,17
2026-08-29T19:09:42Z,167866,9,1347.9,929.1,5198,334,21131,34.6,46.31,545,8188,17
2026-08-29T19:10:42Z,167926,9,1347.8,928.8,5196,333,21144,34.6,55.5,545,8188,17
2026-08-29T19:11:42Z,167986,9,1348.2,929.4,5198,334,21207,34.6,53.65,545,8188,17
2026-08-29T19:12:43Z,168046,9,1345.9,926.7,5198,334,21221,34.5,57.78,545,8188,19
2026-08-29T19:13:43Z,168106,9,1346.6,927.6,5196,334,21247,34.4,55.58,545,8188,17
2026-08-29T19:14:43Z,168166,9,1347,927.9,5196,334,21253,34.4,54.82,545,8188,20
2026-08-29T19:15:43Z,168227,9,1347,928.3,5194,334,21273,34.3,53.73,545,8188,16
2026-08-29T19:16:43Z,168287,9,1346.6,928,5196,334,21218,34.4,55.68,545,8188,17
2026-08-29T19:17:43Z,168347,9,1346.4,927.2,5194,334,21258,34.3,55.17,545,8188,17
2026-08-29T19:18:43Z,168407,9,1346.6,927.8,5197,334,21240,34.4,56.84,545,8188,16
2026-08-29T19:19:44Z,168467,9,1346.1,927.2,5194,333,21191,34.4,45.13,545,8188,18
2026-08-29T19:20:44Z,168527,9,1346.3,927.3,5196,334,21220,34.3,55.18,545,8188,20
2026-08-29T19:21:44Z,168587,9,1346.9,928,5199,334,21294,34.2,55.9,545,8188,19
2026-08-29T19:22:44Z,168648,9,1346.3,927.2,5201,337,21283,34.3,56.34,545,8188,16
2026-08-29T19:23:44Z,168708,9,1347,927.8,5201,337,21285,34.3,55.82,545,8188,17
2026-08-29T19:24:44Z,168768,9,1346,926.9,5195,335,21281,34.3,50.61,545,8188,16
2026-08-29T19:25:44Z,168828,9,1345.1,925.8,5199,335,21289,34.2,55.9,545,8188,17
2026-08-29T19:26:45Z,168888,9,1345.8,927.2,5196,334,21288,34.3,54.52,545,8188,17
2026-08-29T19:27:45Z,168948,9,1346.7,928.1,5198,334,21285,34.3,57.45,545,8188,16
2026-08-29T19:28:45Z,169008,9,1346.9,927.9,5196,333,21282,34.3,53.31,545,8188,17
2026-08-29T19:29:45Z,169068,9,1345.9,926.9,5198,334,21199,34.4,49,545,8188,18
2026-08-29T19:30:45Z,169129,9,1346.1,927.1,5196,333,21197,34.4,52.41,545,8188,18
2026-08-29T19:31:45Z,169189,9,1346.5,927.4,5198,334,21249,34.4,57.75,545,8188,16
2026-08-29T19:32:45Z,169249,9,1366.6,996,5198,335,21239,34.6,56.29,558,8188,18
2026-08-29T19:33:46Z,169309,9,1355.9,943.5,5204,337,21255,34.4,57.07,545,8188,19
2026-08-29T19:34:46Z,169369,9,1355.1,941.7,5206,337,21282,34.3,57.76,545,8188,19
2026-08-29T19:35:46Z,169429,9,1354.8,940.9,5201,335,21300,34.3,59.4,545,8188,20
2026-08-29T19:36:46Z,169490,9,1355.1,941.3,5205,335,21303,34.3,56.93,545,8188,20
2026-08-29T19:37:46Z,169550,9,1351.7,940.6,5200,335,21297,34.3,59.97,545,8188,21
2026-08-29T19:38:46Z,169610,9,1352,941.2,5200,335,21298,34.3,58.74,545,8188,18
2026-08-29T19:39:46Z,169670,9,1352.6,941.7,5198,334,21172,34.5,50.82,545,8188,21
2026-08-29T19:40:47Z,169730,9,1351.8,940.7,5200,335,21196,34.5,59.16,545,8188,20
2026-08-29T19:41:47Z,169790,9,1349.4,938.6,5195,333,21280,34.4,59.65,545,8188,20
2026-08-29T19:42:47Z,169850,9,1348.3,937,5197,334,21278,34.4,56.42,545,8188,21
2026-08-29T19:43:47Z,169911,9,1348.6,937.3,5197,334,21303,34.3,57.46,545,8188,22
2026-08-29T19:44:47Z,169971,9,1347.9,936.8,5195,334,21327,34.2,56.64,545,8188,22
2026-08-29T19:45:47Z,170031,9,1348.4,937.2,5197,334,21329,34.2,55.52,545,8188,22
2026-08-29T19:46:47Z,170091,9,1353.1,941.8,5195,334,21313,34.2,54.02,545,8188,20
2026-08-29T19:47:48Z,170151,9,1348.7,937.5,5197,334,21321,34.2,56.34,545,8188,21
2026-08-29T19:48:48Z,170211,9,1349.2,938.2,5195,333,21324,34.2,56.96,545,8188,21
2026-08-29T19:49:48Z,170271,9,1348.4,936.6,5195,334,21254,34.3,48.79,545,8188,17
2026-08-29T19:50:48Z,170332,9,1348.6,937,5193,334,21266,34.3,52.89,545,8188,18
2026-08-29T19:51:48Z,170392,9,1349.1,937.7,5195,334,21337,34.2,56.17,545,8188,17
2026-08-29T19:52:48Z,170452,9,1348.1,936.5,5195,334,21342,34.2,57.29,545,8188,17
2026-08-29T19:53:48Z,170512,9,1348.9,937.4,5195,334,21319,34.2,54.59,545,8188,16
2026-08-29T19:54:49Z,170572,9,1348.6,936.8,5195,334,21321,34.2,54.38,545,8188,16
2026-08-29T19:55:49Z,170632,9,1348.2,936.7,5197,334,21322,34.2,53.94,545,8188,17
2026-08-29T19:56:49Z,170692,9,1349,937.7,5197,334,21324,34.2,55.13,545,8188,18
2026-08-29T19:57:49Z,170753,9,1348.4,937.3,5195,334,21309,34.3,58.25,545,8188,16
2026-08-29T19:58:49Z,170813,9,1348.6,937.1,5197,334,21341,34.2,57.28,545,8188,17
2026-08-29T19:59:49Z,170873,9,1348.5,936.9,5195,334,21279,34.3,48.27,545,8188,18
2026-08-29T20:00:49Z,170933,9,1349.2,938,5197,334,21245,34.3,49.17,545,8188,17
2026-08-29T20:01:50Z,170993,9,1349.6,938.2,5197,334,21333,34.2,54.36,545,8188,17
2026-08-29T20:02:50Z,171053,9,1364.7,953.9,5197,335,21297,34.3,57.41,547,8188,20
2026-08-29T20:03:50Z,171113,9,1356.8,945,5203,335,21285,34.3,55.67,545,8188,20
2026-08-29T20:04:50Z,171174,9,1356.2,944.6,5204,335,21298,34.3,58.67,545,8188,21
2026-08-29T20:05:50Z,171234,9,1356.5,944.9,5203,335,21303,34.3,55.89,545,8188,18
2026-08-29T20:06:50Z,171294,9,1356.2,944.7,5201,335,21305,34.3,58.83,545,8188,20
2026-08-29T20:07:51Z,171354,9,1352.8,944.1,5197,334,21300,34.3,56.93,545,8188,20
2026-08-29T20:08:51Z,171414,9,1356.4,947.7,5193,334,21300,34.3,60.13,545,8188,20
2026-08-29T20:09:51Z,171474,9,1352.1,943.1,5193,334,21208,34.4,50.24,545,8188,19
2026-08-29T20:10:51Z,171535,9,1352.4,943.7,5193,334,21237,34.4,55.39,545,8188,19
2026-08-29T20:11:51Z,171595,9,1356.9,948.4,5196,334,21257,34.4,56.57,545,8188,21
2026-08-29T20:12:51Z,171655,9,1349.5,940.8,5195,334,21300,34.3,56.6,545,8188,21
2026-08-29T20:13:51Z,171715,9,1349.7,941,5193,334,21279,34.3,54.79,545,8188,19
2026-08-29T20:14:52Z,171775,9,1349.4,940.4,5193,334,21305,34.2,56.84,545,8188,20
2026-08-29T20:15:52Z,171835,9,1354.2,945.3,5193,334,21292,34.3,56.06,545,8188,21
2026-08-29T20:16:52Z,171895,9,1349.1,940.2,5195,334,21311,34.2,56.85,545,8188,24
2026-08-29T20:17:52Z,171955,9,1348.9,939.7,5193,334,21308,34.2,55.96,545,8188,17
2026-08-29T20:18:52Z,172016,9,1348.5,939.7,5195,334,21298,34.3,54.7,545,8188,17
2026-08-29T20:19:52Z,172076,9,1347.9,939.1,5193,334,21223,34.3,49.41,545,8188,17
2026-08-29T20:20:52Z,172136,9,1348.4,939.5,5195,334,21234,34.3,51.8,545,8188,16
2026-08-29T20:21:53Z,172196,9,1348.1,939.2,5195,334,21306,34.3,56.3,545,8188,15
2026-08-29T20:22:53Z,172256,9,1348.5,939.7,5195,334,21310,34.3,54.07,545,8188,18
2026-08-29T20:23:53Z,172316,9,1348.9,939.9,5195,334,21291,34.3,57.26,545,8188,17
2026-08-29T20:24:53Z,172376,9,1348.7,940.1,5195,334,21293,34.3,53.71,545,8188,17
2026-08-29T20:25:53Z,172437,9,1349.2,940.6,5197,334,21307,34.3,51.26,545,8188,17
2026-08-29T20:26:53Z,172497,9,1348.6,939.7,5193,334,21327,34.2,53.59,545,8188,17
2026-08-29T20:27:53Z,172557,9,1349.1,940.2,5195,334,21330,34.2,55.21,545,8188,16
2026-08-29T20:28:54Z,172617,9,1347.9,939.2,5193,334,21333,34.2,55.28,545,8188,15
2026-08-29T20:29:54Z,172677,9,1348,939.6,5195,334,21248,34.3,50.11,545,8188,16
2026-08-29T20:30:54Z,172737,9,1349.2,951,5198,335,21243,34.4,48.18,555,8188,18
2026-08-29T20:31:54Z,172798,9,1357.4,961.5,5220,335,21307,34.3,60.45,556,8188,16
2026-08-29T20:32:54Z,172858,9,1392.2,983,5212,335,21259,34.5,59,548,8188,22
2026-08-29T20:33:54Z,172918,9,1364.4,952.9,5216,337,20520,35,30.71,547,8188,20
2026-08-29T20:34:54Z,172978,9,1361,948.9,5218,337,20570,34.8,24.73,547,8188,22
2026-08-29T20:35:55Z,173038,9,1361.5,949.4,5214,335,21334,34.9,23.76,547,8188,20
2026-08-29T20:36:55Z,173098,9,1361,949,5216,335,21338,34.9,22.09,547,8188,19
2026-08-29T20:37:55Z,173158,9,1358.3,949,5208,334,21351,34.8,23.03,547,8188,22
2026-08-29T20:38:55Z,173219,9,1358.4,949.4,5208,334,21327,34.8,28.39,547,8188,20
2026-08-29T20:39:55Z,173279,9,1358.2,949.1,5206,333,21186,35,32.81,547,8188,20
2026-08-29T20:40:55Z,173339,9,1358.2,949.1,5208,334,21159,35,33.31,547,8188,21
2026-08-29T20:41:55Z,173399,9,1354.3,945.1,5208,334,21322,34.9,27.15,547,8188,21
2026-08-29T20:42:56Z,173459,9,1354.7,945.7,5206,334,21195,34.9,27.09,547,8188,20
2026-08-29T20:43:56Z,173519,9,1355.1,946.1,5209,335,21240,35,25.77,547,8188,19
2026-08-29T20:44:56Z,173579,9,1358.3,949.2,5207,335,21313,34.6,37.41,547,8188,21
2026-08-29T20:45:56Z,173640,9,1355.1,946.1,5209,335,21309,34.6,55.86,547,8188,21
2026-08-29T20:46:56Z,173700,9,1355.1,945.8,5207,335,21308,34.6,55.32,547,8188,18
2026-08-29T20:47:56Z,173760,9,1354.7,946,5209,335,21347,34.5,56.72,547,8188,17
2026-08-29T20:48:56Z,173820,9,1354,945.3,5206,334,21221,34.4,50.73,547,8188,18
2026-08-29T20:49:57Z,173880,9,1354.2,945.1,5210,334,21153,34.4,46.75,547,8188,18
2026-08-29T20:50:57Z,173940,9,1355.2,946.2,5210,334,21172,34.4,54.13,547,8188,17
2026-08-29T20:51:57Z,174000,9,1355.1,946.1,5211,334,21261,34.3,54.1,547,8188,17
2026-08-29T20:52:57Z,174061,9,1355.2,946.2,5210,334,21257,34.3,55.5,547,8188,16
2026-08-29T20:53:57Z,174121,9,1352.2,943.2,5210,334,21260,34.3,52.93,547,8188,16
2026-08-29T20:54:57Z,174181,9,1351.1,942.2,5210,334,21258,34.3,55.79,547,8188,17
2026-08-29T20:55:57Z,174241,9,1352,943.4,5206,334,21252,34.3,57.23,547,8188,18
2026-08-29T20:56:58Z,174301,9,1351.1,942.2,5208,334,21252,34.3,54.98,547,8188,18
2026-08-29T20:57:58Z,174361,9,1352.1,943.1,5208,334,21260,34.3,57.18,547,8188,16
2026-08-29T20:58:58Z,174421,9,1351.3,942.5,5210,334,21253,34.3,54.97,547,8188,16
2026-08-29T20:59:58Z,174482,9,1351.7,942.5,5204,332,21175,34.4,50.53,547,8188,18
2026-08-29T21:00:58Z,174542,9,1352.3,951.5,5208,334,21141,34.5,52.01,552,8188,15
2026-08-29T21:01:58Z,174602,9,1351.6,951.1,5210,334,21233,34.4,60.79,552,8188,16
2026-08-29T21:02:59Z,174662,9,1388,973.5,5197,335,21203,34.5,58.38,547,8188,19
2026-08-29T21:03:59Z,174722,9,1357.1,939.4,5203,335,21236,34.4,59.16,546,8188,20
2026-08-29T21:04:59Z,174782,9,1356.8,939.1,5201,335,21253,34.4,60.3,546,8188,19
2026-08-29T21:05:59Z,174842,9,1356.2,938.5,5203,335,21246,34.3,56.06,546,8188,19
2026-08-29T21:06:59Z,174903,9,1356.8,938.9,5201,335,21244,34.3,57.39,546,8188,19
2026-08-29T21:07:59Z,174963,9,1350.8,935.9,5199,334,21257,34.3,55.93,546,8188,19
2026-08-29T21:08:59Z,175023,9,1351.1,936.4,5195,333,21251,34.3,61.7,546,8188,19
2026-08-29T21:10:00Z,175083,9,1350.8,936.3,5197,334,21141,34.5,49.46,546,8188,18
2026-08-29T21:11:00Z,175143,9,1350.4,936,5197,334,21170,34.4,53.2,546,8188,17
2026-08-29T21:12:00Z,175203,9,1351.1,936.8,5195,334,21227,34.4,57.7,546,8188,16
2026-08-29T21:13:00Z,175263,9,1351,936.2,5195,334,21232,34.4,57.43,546,8188,17
2026-08-29T21:14:00Z,175324,9,1351.1,936.4,5191,334,21229,34.4,54.04,546,8188,17
2026-08-29T21:15:00Z,175384,9,1350.9,936.1,5193,334,21234,34.4,56.49,546,8188,19
2026-08-29T21:16:00Z,175444,9,1351,936.2,5191,334,21232,34.4,54.58,546,8188,16
2026-08-29T21:17:01Z,175504,9,1351.6,937.1,5196,335,21291,34.2,52.03,546,8188,18
2026-08-29T21:18:01Z,175564,9,1350.6,936,5194,334,21289,34.2,56.41,546,8188,18
2026-08-29T21:19:01Z,175624,9,1350.3,935.8,5196,335,21213,34.4,55.41,546,8188,17
2026-08-29T21:20:01Z,175684,9,1350,935.7,5198,335,21176,34.4,49.29,546,8188,17
2026-08-29T21:21:01Z,175745,9,1350.3,935.7,5198,335,21183,34.4,58.52,546,8188,14
2026-08-29T21:22:01Z,175805,9,1350.9,936.1,5195,334,21258,34.3,54.68,546,8188,17
2026-08-29T21:23:01Z,175865,9,1350.5,935.4,5197,334,21258,34.3,55.38,546,8188,17
2026-08-29T21:24:01Z,175925,9,1349.8,934.9,5197,336,21258,34.3,55.44,546,8188,17
2026-08-29T21:25:02Z,175985,9,1349.6,935.2,5193,334,21252,34.3,54.68,546,8188,17
2026-08-29T21:26:02Z,176045,9,1350,935.5,5199,334,21225,34.4,54.8,546,8188,19
2026-08-29T21:27:02Z,176105,9,1350.5,936,5195,334,21247,34.3,52.93,546,8188,19
2026-08-29T21:28:02Z,176166,9,1349.6,934.7,5197,334,21242,34.3,57.73,546,8188,15
2026-08-29T21:29:02Z,176226,9,1350.4,935.5,5200,334,21244,34.3,55.75,546,8188,18
2026-08-29T21:30:02Z,176286,9,1350.2,935.4,5200,335,21197,34.4,48.56,546,8188,17
2026-08-29T21:31:02Z,176346,9,1350,943.8,5200,335,21133,34.5,54.06,551,8188,17
2026-08-29T21:32:03Z,176406,9,1393.7,995.1,5202,335,21226,34.4,56.25,552,8188,17
2026-08-29T21:33:03Z,176466,9,1358.8,945.3,5199,335,21252,34.3,57.21,547,8188,19
2026-08-29T21:34:03Z,176526,9,1357.7,941.5,5203,337,21217,34.4,58.7,546,8188,22
2026-08-29T21:35:03Z,176587,9,1358.3,941.9,5203,335,21253,34.3,54.77,546,8188,19
2026-08-29T21:36:03Z,176647,9,1357.9,941.3,5201,335,21249,34.3,57.47,546,8188,22
2026-08-29T21:37:03Z,176707,9,1358.3,942,5202,334,21261,34.3,54.88,546,8188,20
2026-08-29T21:38:03Z,176767,9,1351.4,938,5197,333,21265,34.3,59.66,546,8188,20
2026-08-29T21:39:04Z,176827,9,1351.8,938.5,5197,334,21261,34.3,56.44,546,8188,20
2026-08-29T21:40:04Z,176887,9,1352.6,939.5,5199,334,21183,34.4,51.46,546,8188,21
2026-08-29T21:41:04Z,176947,9,1350.6,937.2,5197,334,21185,34.3,58.91,546,8188,21
2026-08-29T21:42:04Z,177008,9,1351.4,937.9,5200,335,21254,34.3,59.15,546,8188,20
2026-08-29T21:43:04Z,177068,9,1351,937.6,5196,335,21278,34.2,55.33,546,8188,22
2026-08-29T21:44:04Z,177128,9,1350.7,937,5196,335,21276,34.2,55.65,546,8188,17
2026-08-29T21:45:05Z,177188,9,1351.4,937.8,5194,335,21278,34.2,56.21,546,8188,17
2026-08-29T21:46:05Z,177248,9,1350.9,937.7,5198,335,21276,34.2,55.62,546,8188,16
2026-08-29T21:47:05Z,177308,9,1351.5,938.5,5195,333,21277,34.2,51.23,546,8188,18
2026-08-29T21:48:05Z,177369,9,1351.2,938,5195,334,21274,34.2,57.19,546,8188,16
2026-08-29T21:49:05Z,177429,9,1351.7,938.3,5193,333,21257,34.3,52.97,546,8188,17
2026-08-29T21:50:05Z,177489,9,1352.1,938.8,5197,334,21160,34.4,49.9,546,8188,19
2026-08-29T21:51:05Z,177549,9,1351.2,937.8,5197,334,21183,34.4,54.83,546,8188,17
2026-08-29T21:52:06Z,177609,9,1351.7,938.2,5195,334,21180,34.3,55.79,546,8188,17
2026-08-29T21:53:06Z,177669,9,1351.7,938.2,5197,334,21235,34.3,53.99,546,8188,16
2026-08-29T21:54:06Z,177729,9,1351.7,938.7,5195,334,21243,34.3,57.18,546,8188,19
2026-08-29T21:55:06Z,177790,9,1351,938,5197,334,21255,34.3,57.15,546,8188,18
2026-08-29T21:56:06Z,177850,9,1351,937.8,5195,334,21253,34.3,55.76,546,8188,17
2026-08-29T21:57:06Z,177910,9,1351.9,938.4,5197,334,21278,34.2,50.49,546,8188,17
2026-08-29T21:58:06Z,177970,9,1350.9,937.2,5195,333,21275,34.2,58.52,546,8188,17
2026-08-29T21:59:07Z,178030,9,1351.5,938,5197,334,21272,34.3,53.24,546,8188,16
2026-08-29T22:00:07Z,178090,9,1351.5,938,5197,334,21136,34.5,50,546,8188,18
2026-08-29T22:01:07Z,178150,9,1351.2,937.7,5200,335,21141,34.5,51.49,546,8188,18
2026-08-29T22:02:07Z,178211,9,1393.7,988.4,5207,335,21153,34.5,53.45,550,8188,19
2026-08-29T22:03:07Z,178271,9,1365.3,945.9,5197,337,21238,34.4,56.98,547,8188,21
2026-08-29T22:04:07Z,178331,9,1357.2,935.7,5205,337,21194,34.5,59.49,546,8188,19
2026-08-29T22:05:07Z,178391,9,1354.8,932.6,5203,335,21256,34.3,55.48,546,8188,20
2026-08-29T22:06:08Z,178451,9,1355.4,933.2,5205,335,21252,34.3,57.79,546,8188,19
2026-08-29T22:07:08Z,178511,9,1352.7,930.3,5203,334,21270,34.3,56.95,546,8188,19
2026-08-29T22:08:08Z,178571,9,1350.6,931.3,5201,334,21253,34.3,58.5,546,8188,19
2026-08-29T22:09:08Z,178632,9,1350.1,930.7,5199,334,21259,34.3,59.06,546,8188,20
2026-08-29T22:10:08Z,178692,9,1350.1,930.8,5197,334,21108,34.6,53.75,546,8188,20
2026-08-29T22:11:08Z,178752,9,1349.1,929.7,5197,334,21229,34.3,55.24,546,8188,19
2026-08-29T22:12:09Z,178812,9,1349,929.6,5193,334,21178,34.4,52.74,546,8188,21
2026-08-29T22:13:09Z,178872,9,1353.7,934.2,5195,334,21289,34.3,57.81,546,8188,21
2026-08-29T22:14:09Z,178932,9,1348.7,929.4,5193,334,21297,34.2,53.91,546,8188,17
2026-08-29T22:15:09Z,178992,9,1349.4,930.2,5195,334,21306,34.2,54.36,546,8188,17
2026-08-29T22:16:09Z,179053,9,1349.2,930.1,5195,333,21314,34.2,57.09,546,8188,16
2026-08-29T22:17:09Z,179113,9,1349.5,930.4,5197,334,21310,34.2,56.46,546,8188,16
2026-08-29T22:18:09Z,179173,9,1349.3,930.1,5195,333,21277,34.3,53.94,546,8188,16
2026-08-29T22:19:10Z,179233,9,1348.9,929.6,5197,334,21293,34.2,52.68,546,8188,16
2026-08-29T22:20:10Z,179293,9,1350.1,930.7,5197,334,21171,34.5,52.52,546,8188,19
2026-08-29T22:21:10Z,179353,9,1349.2,929.7,5195,334,21222,34.3,52.4,546,8188,17
2026-08-29T22:22:10Z,179413,9,1349.9,930.5,5198,334,21228,34.3,54.07,546,8188,17
2026-08-29T22:23:10Z,179474,9,1349.8,930.7,5195,334,21289,34.2,56.72,546,8188,17
2026-08-29T22:24:10Z,179534,9,1349.9,931,5197,334,21277,34.3,54.47,546,8188,17
2026-08-29T22:25:10Z,179594,9,1349.8,930.6,5195,333,21289,34.3,55.77,546,8188,18
2026-08-29T22:26:11Z,179654,9,1349.4,930.4,5197,334,21284,34.3,55.88,546,8188,14
2026-08-29T22:27:11Z,179714,9,1350.1,930.8,5195,333,21284,34.3,54.38,546,8188,14
2026-08-29T22:28:11Z,179774,9,1349.9,930.4,5199,334,21280,34.3,53.53,546,8188,17
2026-08-29T22:29:11Z,179835,9,1349.6,930,5197,334,21303,34.2,55.35,546,8188,16
2026-08-29T22:30:11Z,179895,9,1349.6,930.2,5197,334,21174,34.5,54.85,546,8188,17
2026-08-29T22:31:11Z,179955,9,1348,928.4,5197,334,21223,34.3,52.94,546,8188,18
2026-08-29T22:32:11Z,180015,9,1345,938.2,5201,335,21182,34.4,54.69,555,8188,16
2026-08-29T22:33:12Z,180075,9,1364.6,949.2,5198,335,21241,34.4,57.44,547,8188,23
2026-08-29T22:34:12Z,180135,9,1358.5,941.3,5202,337,21248,34.4,61.02,546,8188,18
2026-08-29T22:35:12Z,180195,9,1361.1,943.4,5204,335,21260,34.3,56.77,546,8188,22
2026-08-29T22:36:12Z,180255,9,1357.5,939.3,5200,334,21262,34.3,58.07,546,8188,19
2026-08-29T22:37:12Z,180316,9,1361.2,943.6,5203,334,21272,34.3,53.31,546,8188,20
2026-08-29T22:38:12Z,180376,9,1354,939.4,5200,334,21293,34.2,52.04,546,8188,18
2026-08-29T22:39:12Z,180436,9,1353.8,938.9,5198,334,21304,34.2,56.41,546,8188,19
2026-08-29T22:40:13Z,180496,9,1354.2,939.3,5198,334,21154,34.5,56.23,546,8188,16
2026-08-29T22:41:13Z,180556,9,1353.7,938.7,5196,334,21216,34.3,48.78,546,8188,14
2026-08-29T22:42:13Z,180616,9,1354.1,939.3,5198,334,21211,34.3,55.03,546,8188,17
2026-08-29T22:43:13Z,180676,9,1351.3,936.3,5194,334,21291,34.3,52.64,546,8188,17
2026-08-29T22:44:13Z,180737,9,1351.7,936.8,5196,334,21288,34.2,54.29,546,8188,17
2026-08-29T22:45:13Z,180797,9,1352.6,937.7,5194,333,21292,34.2,57.2,546,8188,18
2026-08-29T22:46:13Z,180857,9,1350.6,935.6,5196,334,21286,34.2,54.79,546,8188,18
2026-08-29T22:47:14Z,180917,9,1351,935.9,5194,333,21288,34.2,56.02,546,8188,17
2026-08-29T22:48:14Z,180977,9,1351.2,936.5,5196,334,21268,34.3,52.89,546,8188,17
2026-08-29T22:49:14Z,181037,9,1351.1,936.3,5198,334,21274,34.3,55.65,546,8188,17
2026-08-29T22:50:14Z,181097,9,1351.8,937,5193,334,21275,34.3,52.32,546,8188,19
2026-08-29T22:51:14Z,181158,9,1351.4,936.4,5194,334,21206,34.3,45.49,546,8188,17
2026-08-29T22:52:14Z,181218,9,1351.8,937.1,5192,334,21203,34.3,56.09,546,8188,17
2026-08-29T22:53:14Z,181278,9,1351.2,936.6,5196,334,21290,34.2,55.57,546,8188,17
2026-08-29T22:54:15Z,181338,9,1351.1,936.2,5192,333,21268,34.3,53.06,546,8188,16
2026-08-29T22:55:15Z,181398,9,1351.8,937.1,5194,334,21283,34.2,53.48,546,8188,17
2026-08-29T22:56:15Z,181458,9,1350.7,935.9,5194,333,21290,34.2,53.92,546,8188,17
2026-08-29T22:57:15Z,181518,9,1351.2,936.3,5194,334,21282,34.2,56.98,546,8188,15
2026-08-29T22:58:15Z,181579,9,1351.1,936.2,5194,334,21281,34.2,53.65,546,8188,18
2026-08-29T22:59:15Z,181639,9,1351.6,936.8,5194,334,21278,34.2,56.17,546,8188,17
2026-08-29T23:00:15Z,181699,9,1351,936.4,5196,334,21281,34.2,54.17,546,8188,17
2026-08-29T23:01:15Z,181759,9,1351,936.2,5194,334,21200,34.3,46.62,546,8188,16
2026-08-29T23:02:16Z,181819,9,1357.6,942.1,5202,335,21193,34.4,52.29,546,8188,16
2026-08-29T23:03:16Z,181879,9,1361.6,944.9,5194,335,21238,34.4,54.15,547,8188,20
2026-08-29T23:04:16Z,181939,9,1357,938.9,5204,335,21243,34.4,61.66,546,8188,19
2026-08-29T23:05:16Z,182000,9,1356.6,938.6,5203,334,21253,34.3,61.87,546,8188,21
2026-08-29T23:06:16Z,182060,9,1356.3,938.4,5206,335,21308,34.2,62.09,546,8188,18
2026-08-29T23:07:16Z,182120,9,1356.3,938.5,5203,333,21300,34.2,61.32,546,8188,20
2026-08-29T23:08:17Z,182180,9,1353.3,938.4,5202,334,21303,34.2,59.02,546,8188,19
2026-08-29T23:09:17Z,182240,9,1353.9,939,5198,334,21291,34.3,58.26,546,8188,21
2026-08-29T23:10:17Z,182300,9,1355.4,940.4,5196,334,21270,34.3,55.7,546,8188,20
2026-08-29T23:11:17Z,182361,9,1354.2,939.1,5198,334,21203,34.3,50.13,546,8188,22
2026-08-29T23:12:17Z,182421,9,1350.7,935.5,5194,334,21204,34.3,57.62,546,8188,22
2026-08-29T23:13:17Z,182481,9,1349.2,934.5,5196,334,21275,34.3,53.67,546,8188,21
2026-08-29T23:14:17Z,182541,9,1349.3,934.3,5194,333,21238,34.4,52.51,546,8188,20
2026-08-29T23:15:18Z,182601,9,1353.8,938.9,5196,334,21265,34.3,57.89,546,8188,21
2026-08-29T23:16:18Z,182661,9,1352.6,937.8,5194,333,21265,34.3,58.17,546,8188,21
2026-08-29T23:17:18Z,182721,9,1353.3,938,5196,334,21269,34.3,54.74,546,8188,20
2026-08-29T23:18:18Z,182782,9,1349,934,5196,334,21259,34.3,55.33,546,8188,17
2026-08-29T23:19:18Z,182842,9,1349,933.8,5194,334,21307,34.2,55.5,546,8188,16
2026-08-29T23:20:18Z,182902,9,1349.6,934.3,5194,334,21289,34.2,56.24,546,8188,16
2026-08-29T23:21:18Z,182962,9,1349,934.2,5196,334,21216,34.3,51.93,546,8188,16
2026-08-29T23:22:19Z,183022,9,1348.9,933.9,5196,334,21208,34.3,57.45,546,8188,16
2026-08-29T23:23:19Z,183082,9,1348.9,933.6,5194,334,21275,34.2,54.75,546,8188,16
2026-08-29T23:24:19Z,183142,9,1349.3,934.3,5196,334,21279,34.3,52.73,546,8188,19
2026-08-29T23:25:19Z,183203,9,1349.9,935,5194,334,21269,34.3,56.85,546,8188,17
2026-08-29T23:26:19Z,183263,9,1349.3,934.1,5196,334,21268,34.2,55.58,546,8188,17
2026-08-29T23:27:19Z,183323,9,1349.3,933.9,5196,334,21266,34.2,56.69,546,8188,17
2026-08-29T23:28:19Z,183383,9,1349.4,934.3,5196,334,21271,34.3,53.18,546,8188,17
2026-08-29T23:29:20Z,183443,9,1349.8,934.8,5196,334,21266,34.3,57.45,546,8188,16
2026-08-29T23:30:20Z,183503,9,1349.5,935.2,5196,334,21265,34.3,54.98,546,8188,14
2026-08-29T23:31:20Z,183563,9,1349.5,934.9,5196,334,21182,34.4,48.46,546,8188,16
2026-08-29T23:32:20Z,183624,9,1352.1,949.5,5200,335,21200,34.4,55.58,555,8188,16
2026-08-29T23:33:20Z,183684,9,1359.2,944.8,5200,337,21227,34.4,57.38,547,8188,20
2026-08-29T23:34:20Z,183744,9,1354.8,939.4,5204,337,21250,34.3,57.34,545,8188,20
2026-08-29T23:35:20Z,183804,9,1355.2,940,5204,335,21246,34.4,57.36,545,8188,20
2026-08-29T23:36:21Z,183864,9,1354.8,939.4,5202,335,21256,34.3,53.7,545,8188,19
2026-08-29T23:37:21Z,183924,9,1359.3,944.4,5203,334,21271,34.3,56.28,545,8188,22
2026-08-29T23:38:21Z,183984,9,1356,943,5200,334,21271,34.3,52.48,545,8188,22
2026-08-29T23:39:21Z,184045,9,1356.4,943.5,5196,334,21269,34.3,57.59,545,8188,23
2026-08-29T23:40:21Z,184105,9,1357.4,944.5,5196,334,21264,34.3,55.64,545,8188,22
2026-08-29T23:41:21Z,184165,9,1352.4,939.4,5198,334,21181,34.4,49.92,545,8188,21
2026-08-29T23:42:21Z,184225,9,1353.1,940.3,5198,334,21179,34.4,55.41,545,8188,20
2026-08-29T23:43:22Z,184285,9,1350.9,938.2,5194,334,21262,34.3,55.95,545,8188,22
2026-08-29T23:44:22Z,184345,9,1350.5,937.6,5196,334,21256,34.3,54.07,545,8188,22
2026-08-29T23:45:22Z,184405,9,1350.7,937.7,5192,334,21263,34.3,59.06,545,8188,21
2026-08-29T23:46:22Z,184466,9,1349.8,936.6,5194,334,21281,34.2,53.91,545,8188,17
2026-08-29T23:47:22Z,184526,9,1349.5,936.1,5194,334,21277,34.2,56.58,545,8188,17
2026-08-29T23:48:22Z,184586,9,1349.3,936.1,5194,334,21277,34.2,51.15,545,8188,17
2026-08-29T23:49:23Z,184646,9,1349.9,936.8,5194,334,21275,34.2,55.93,545,8188,16
2026-08-29T23:50:23Z,184706,9,1349.2,936.5,5194,334,21274,34.2,53.03,545,8188,18
2026-08-29T23:51:23Z,184766,9,1349.4,936.4,5194,334,21194,34.3,50.22,545,8188,16
2026-08-29T23:52:23Z,184826,9,1349.4,936.5,5192,334,21198,34.3,55.8,545,8188,16
2026-08-29T23:53:23Z,184887,9,1349.1,935.9,5194,334,21265,34.3,54.64,545,8188,16
2026-08-29T23:54:23Z,184947,9,1349.8,936.7,5194,334,21256,34.3,52.73,545,8188,17
2026-08-29T23:55:23Z,185007,9,1348.5,935.6,5196,334,21260,34.3,56.71,545,8188,17
2026-08-29T23:56:23Z,185067,9,1348.8,935.6,5196,334,21260,34.3,55.26,545,8188,17
2026-08-29T23:57:24Z,185127,9,1349.2,936.4,5196,334,21261,34.3,55.8,545,8188,19
2026-08-29T23:58:24Z,185187,9,1349,935.9,5196,334,21262,34.3,52.38,545,8188,17
2026-08-29T23:59:24Z,185247,9,1349.7,936.4,5196,334,21256,34.3,55.67,545,8188,17
2026-08-30T00:00:24Z,185308,9,1349.5,936.3,5196,334,21252,34.3,55.98,545,8188,16
2026-08-30T00:01:24Z,185368,9,1349.7,936.7,5194,334,21232,34.3,49.06,545,8188,17
2026-08-30T00:02:24Z,185428,9,1346.5,944.2,5202,335,21205,34.4,56.73,555,8188,20
2026-08-30T00:03:25Z,185488,9,1357.6,937.9,5196,335,21253,34.4,55.53,547,8188,21
2026-08-30T00:04:25Z,185548,9,1357.4,936.9,5204,335,21262,34.3,59,546,8188,20
2026-08-30T00:05:25Z,185608,9,1357.1,936.6,5202,334,21261,34.3,59.51,546,8188,19
2026-08-30T00:06:25Z,185669,9,1356.7,936,5204,335,21266,34.3,60.92,546,8188,19
2026-08-30T00:07:25Z,185729,9,1357.5,936.6,5203,334,21261,34.3,57.05,546,8188,20
2026-08-30T00:08:25Z,185789,9,1357.8,940.8,5198,334,21256,34.3,57.29,546,8188,20
2026-08-30T00:09:25Z,185849,9,1353,936.1,5196,334,21282,34.3,56.72,546,8188,21
2026-08-30T00:10:26Z,185909,9,1354.1,937.2,5196,334,21257,34.3,56.22,546,8188,20
2026-08-30T00:11:26Z,185969,9,1357.5,940.9,5196,334,21183,34.4,51.31,546,8188,20
2026-08-30T00:12:26Z,186029,9,1351.8,935.1,5194,334,21183,34.4,56.25,546,8188,20
2026-08-30T00:13:26Z,186090,9,1350.7,933.8,5197,334,21266,34.3,55.8,546,8188,21
2026-08-30T00:14:26Z,186150,9,1355.2,938.6,5194,334,21261,34.3,54.23,546,8188,20
2026-08-30T00:15:26Z,186210,9,1358.4,941.9,5196,334,21285,34.2,56.92,546,8188,22
2026-08-30T00:16:27Z,186270,9,1354.4,937.7,5196,334,21288,34.2,55.61,546,8188,22
2026-08-30T00:17:27Z,186330,9,1352.1,935.4,5196,334,21285,34.2,56.45,546,8188,21
2026-08-30T00:18:27Z,186390,9,1350.7,934.1,5196,334,21227,34.4,56.28,546,8188,20
2026-08-30T00:19:27Z,186450,9,1351.3,935,5196,334,21267,34.3,53.26,546,8188,21
2026-08-30T00:20:27Z,186511,9,1355.1,938.8,5196,334,21293,34.2,53.73,546,8188,20
2026-08-30T00:21:27Z,186571,9,1351.9,935.4,5194,334,21230,34.3,50.95,546,8188,20
2026-08-30T00:22:27Z,186631,9,1355.4,939,5196,334,21205,34.3,55.98,546,8188,21
2026-08-30T00:23:28Z,186691,9,1350.5,934.1,5194,334,21298,34.2,55.68,546,8188,21
2026-08-30T00:24:28Z,186751,9,1351.3,934.4,5196,334,21286,34.2,54.5,546,8188,22
2026-08-30T00:25:28Z,186811,9,1355.4,938.2,5190,332,21284,34.2,56.61,546,8188,21
2026-08-30T00:26:28Z,186871,9,1352.5,935.9,5194,334,21285,34.2,57.34,546,8188,21
2026-08-30T00:27:28Z,186932,9,1352.6,936.3,5194,334,21281,34.2,57.57,546,8188,16
2026-08-30T00:28:28Z,186992,9,1351.5,935.1,5194,334,21311,34.1,56.5,546,8188,17
2026-08-30T00:29:28Z,187052,9,1352.3,935.9,5196,334,21306,34.1,53.26,546,8188,17
2026-08-30T00:30:29Z,187112,9,1351.8,935.3,5192,334,21305,34.2,54.42,546,8188,16
2026-08-30T00:31:29Z,187172,9,1351.9,935.5,5194,334,21226,34.3,49.21,546,8188,16
2026-08-30T00:32:29Z,187232,9,1355.6,944.1,5198,335,21198,34.3,53.75,550,8188,21
2026-08-30T00:33:29Z,187292,9,1353.5,936.4,5198,337,21195,34.6,54.43,547,8188,20
2026-08-30T00:34:29Z,187353,9,1356.1,937.9,5202,336,21243,34.4,57.01,545,8188,19
2026-08-30T00:35:29Z,187413,9,1355.7,937.6,5206,337,21256,34.3,58.07,545,8188,18
2026-08-30T00:36:29Z,187473,9,1355.3,937.2,5204,335,21263,34.3,57.66,545,8188,18
2026-08-30T00:37:30Z,187533,9,1359.9,941.6,5203,334,21257,34.3,57.81,545,8188,22
2026-08-30T00:38:30Z,187593,9,1357.2,941.7,5198,334,21267,34.3,54.5,545,8188,21
2026-08-30T00:39:30Z,187653,9,1353.4,937.8,5194,334,21261,34.3,54.51,545,8188,21
2026-08-30T00:40:30Z,187713,9,1352.2,936.6,5196,334,21259,34.3,55.33,545,8188,18
2026-08-30T00:41:30Z,187774,9,1351.9,936.5,5192,334,21201,34.3,50.06,545,8188,19
2026-08-30T00:42:30Z,187834,9,1350.3,934.7,5196,334,21195,34.3,53.31,545,8188,19
2026-08-30T00:43:30Z,187894,9,1350.6,935.1,5194,334,21291,34.2,56.81,545,8188,17
2026-08-30T00:44:31Z,187954,9,1350.3,934.8,5196,334,21290,34.2,53.53,545,8188,17
2026-08-30T00:45:31Z,188014,9,1351.2,935.8,5196,334,21293,34.2,58.25,545,8188,17
2026-08-30T00:46:31Z,188074,9,1351,935.1,5196,334,21297,34.2,54.19,545,8188,17
2026-08-30T00:47:31Z,188135,9,1351.5,935.8,5196,334,21287,34.2,55.24,545,8188,16
2026-08-30T00:48:31Z,188195,9,1351.4,935.8,5196,334,21274,34.2,51.73,545,8188,17
2026-08-30T00:49:31Z,188255,9,1351.5,936.4,5196,334,21282,34.2,52.01,545,8188,18
2026-08-30T00:50:31Z,188315,9,1352.3,937.1,5194,334,21275,34.2,55.39,545,8188,17
2026-08-30T00:51:32Z,188375,9,1351.9,936.5,5194,334,21211,34.3,49.59,545,8188,17
2026-08-30T00:52:32Z,188435,9,1351.9,936.3,5192,334,21219,34.3,54.25,545,8188,17
2026-08-30T00:53:32Z,188495,9,1350.6,935.1,5194,334,21287,34.2,54.58,545,8188,16
2026-08-30T00:54:32Z,188555,9,1351,935.2,5192,333,21287,34.2,53.46,545,8188,16
2026-08-30T00:55:32Z,188616,9,1351.4,935.8,5194,334,21284,34.2,57.31,545,8188,16
2026-08-30T00:56:32Z,188676,9,1350.6,935.1,5196,334,21284,34.2,54.26,545,8188,17
2026-08-30T00:57:32Z,188736,9,1351.2,935.7,5196,334,21292,34.2,56.06,545,8188,17
2026-08-30T00:58:33Z,188796,9,1349.6,933.9,5196,334,21281,34.2,59.65,545,8188,16
2026-08-30T00:59:33Z,188856,9,1350,934.8,5194,334,21284,34.2,53.89,545,8188,17
2026-08-30T01:00:33Z,188916,9,1350.2,934.7,5196,334,21278,34.2,55.44,545,8188,18
2026-08-30T01:01:33Z,188976,9,1350.4,934.8,5194,334,21180,34.4,48.19,545,8188,17
2026-08-30T01:02:33Z,189037,9,1353.2,938.8,5206,335,21183,34.3,52.51,546,8188,19
2026-08-30T01:03:33Z,189097,9,1357.2,940.6,5198,336,21241,34.4,57.96,547,8188,19
2026-08-30T01:04:33Z,189157,9,1357.2,939.3,5204,335,21249,34.3,55.46,545,8188,19
2026-08-30T01:05:33Z,189217,9,1356.9,939.8,5204,335,21266,34.3,59.07,545,8188,20
2026-08-30T01:06:34Z,189277,9,1357.3,939.7,5204,335,21269,34.3,56.28,545,8188,20
2026-08-30T01:07:34Z,189337,9,1357.2,939.7,5203,334,21268,34.3,57.3,545,8188,19
2026-08-30T01:08:34Z,189397,9,1353.5,938.8,5198,334,21267,34.2,57.9,545,8188,20
2026-08-30T01:09:34Z,189458,9,1354,939.2,5198,334,21215,34.4,53.48,545,8188,17
2026-08-30T01:10:34Z,189518,9,1357.6,943.2,5196,334,21276,34.2,56.19,545,8188,22
2026-08-30T01:11:34Z,189578,9,1358.2,943.5,5198,334,21206,34.3,47.18,545,8188,20
2026-08-30T01:12:34Z,189638,9,1356.2,941.3,5196,333,21135,34.5,53.78,545,8188,20
2026-08-30T01:13:35Z,189698,9,1351.4,936.3,5192,333,21225,34.3,56.32,545,8188,15
2026-08-30T01:14:35Z,189758,9,1352,936.9,5192,333,21251,34.3,52.53,545,8188,18
2026-08-30T01:15:35Z,189818,9,1351.8,936.7,5194,334,21261,34.2,56.22,545,8188,16
2026-08-30T01:16:35Z,189879,9,1351.5,936.6,5194,334,21264,34.2,56.14,545,8188,18
2026-08-30T01:17:35Z,189939,9,1351.1,936.1,5194,334,21261,34.2,55.09,545,8188,18
2026-08-30T01:18:35Z,189999,9,1351.4,936.8,5194,334,21259,34.3,55.75,545,8188,19
2026-08-30T01:19:36Z,190059,9,1350.6,935.7,5192,334,21264,34.2,51.33,545,8188,17
2026-08-30T01:20:36Z,190119,9,1349.8,934.7,5196,334,21260,34.2,54.48,545,8188,16
2026-08-30T01:21:36Z,190179,9,1350.9,936,5194,334,21182,34.3,46.43,545,8188,19
2026-08-30T01:22:36Z,190239,9,1350.6,935.6,5198,334,21176,34.3,54.88,545,8188,17
2026-08-30T01:23:36Z,190300,9,1350.7,935.5,5198,335,21249,34.3,54.15,545,8188,17
2026-08-30T01:24:36Z,190360,9,1351.1,936.5,5200,336,21278,34.2,51.99,545,8188,16
2026-08-30T01:25:36Z,190420,9,1350.3,935.3,5198,335,21273,34.2,54.58,545,8188,16
2026-08-30T01:26:37Z,190480,9,1350.3,935.3,5196,334,21272,34.2,55.76,545,8188,15
2026-08-30T01:27:37Z,190540,9,1350.3,935.3,5196,334,21265,34.2,56.79,545,8188,15
2026-08-30T01:28:37Z,190600,9,1350.8,935.9,5194,334,21263,34.2,54.31,545,8188,16
2026-08-30T01:29:37Z,190661,9,1350.6,935.8,5196,334,21273,34.2,51.15,545,8188,17
2026-08-30T01:30:37Z,190721,9,1350.6,935.7,5194,334,21260,34.2,56.58,545,8188,17
2026-08-30T01:31:37Z,190781,9,1351.3,936.5,5196,334,21176,34.3,50.23,545,8188,17
2026-08-30T01:32:37Z,190841,9,1355.3,939.4,5197,334,21160,34.4,53,546,8188,16
2026-08-30T01:33:38Z,190901,9,1359.2,944.2,5200,337,21199,34.5,57.55,547,8188,22
2026-08-30T01:34:38Z,190961,9,1357.3,940.1,5206,337,21226,34.3,54.56,545,8188,19
2026-08-30T01:35:38Z,191021,9,1356.8,939.7,5204,335,21239,34.3,59.1,545,8188,22
2026-08-30T01:36:38Z,191082,9,1357.4,940.1,5204,335,21246,34.3,56.83,545,8188,22
2026-08-30T01:37:38Z,191142,9,1355.1,937.5,5201,334,21248,34.3,55.42,545,8188,20
2026-08-30T01:38:38Z,191202,9,1351.7,937.2,5203,334,21301,34.2,56.21,545,8188,16
2026-08-30T01:39:38Z,191262,9,1351.8,937.3,5194,334,21304,34.2,57.15,545,8188,15
2026-08-30T01:40:39Z,191322,9,1351.4,936.9,5198,334,21295,34.2,53.93,545,8188,17
2026-08-30T01:41:39Z,191382,9,1351.4,937.1,5194,333,21207,34.3,48.9,545,8188,17
2026-08-30T01:42:39Z,191442,9,1351.1,936.8,5196,334,21198,34.3,53.42,545,8188,17
2026-08-30T01:43:39Z,191503,9,1351.5,937.2,5190,332,21269,34.2,56.95,545,8188,18
2026-08-30T01:44:39Z,191563,9,1350.3,935.8,5196,334,21278,34.2,55.67,545,8188,19
2026-08-30T01:45:39Z,191623,9,1350.6,936.3,5196,334,21280,34.2,55.81,545,8188,19
2026-08-30T01:46:39Z,191683,9,1351.2,937.1,5194,334,21274,34.2,54.52,545,8188,18
2026-08-30T01:47:40Z,191743,9,1351.1,937.3,5196,334,21264,34.2,58.11,545,8188,17
2026-08-30T01:48:40Z,191803,9,1351.8,937.8,5194,334,21256,34.3,56.24,545,8188,17
2026-08-30T01:49:40Z,191863,9,1351.3,937.5,5196,334,21265,34.3,56.6,545,8188,16
2026-08-30T01:50:40Z,191924,9,1351.8,937.7,5194,333,21273,34.2,52.13,545,8188,16
2026-08-30T01:51:40Z,191984,9,1352.4,938,5196,334,21187,34.3,49.8,545,8188,19
2026-08-30T01:52:40Z,192044,9,1351.8,937.2,5194,333,21211,34.3,56.44,545,8188,17
2026-08-30T01:53:40Z,192104,9,1352.4,937.8,5196,334,21287,34.2,55.9,545,8188,17
2026-08-30T01:54:41Z,192164,9,1352.2,937.6,5196,334,21280,34.2,51.93,545,8188,17
2026-08-30T01:55:41Z,192224,9,1352.2,937.8,5196,334,21286,34.2,53.09,545,8188,17
2026-08-30T01:56:41Z,192284,9,1352.5,938.2,5196,334,21258,34.3,53.99,545,8188,17
2026-08-30T01:57:41Z,192345,9,1352.5,946.7,5194,334,21015,34.9,34.9,551,8188,17
2026-08-30T01:58:41Z,192405,9,1352.9,947,5196,334,20967,34.5,56.23,551,8188,18
2026-08-30T01:59:41Z,192465,9,1351.5,945.4,5194,334,21029,34.4,60.02,551,8188,17
2026-08-30T02:00:42Z,192525,9,1351.8,945.9,5196,334,21170,34.3,55.96,551,8188,19
2026-08-30T02:01:42Z,192585,9,1350.4,944.4,5190,332,21127,34.4,51.3,551,8188,18
2026-08-30T02:02:42Z,192645,9,1362.9,1014.7,5226,337,21132,34.7,57.37,592,8188,9
2026-08-30T02:03:42Z,192705,9,1356.7,941.3,5204,337,21204,34.4,56.64,547,8188,20
2026-08-30T02:04:42Z,192766,9,1357,940.5,5202,335,21226,34.3,58.2,546,8188,19
2026-08-30T02:05:42Z,192826,9,1356.7,940.1,5204,335,21241,34.3,55.52,546,8188,22
2026-08-30T02:06:42Z,192886,9,1357.4,940.6,5200,335,21228,34.3,57.37,546,8188,19
2026-08-30T02:07:42Z,192946,9,1350.9,936.8,5198,334,21267,34.1,55.78,546,8188,19
2026-08-30T02:08:43Z,193006,9,1351.1,937.2,5196,334,21265,34.1,54.91,546,8188,17
2026-08-30T02:09:43Z,193066,9,1351.5,937.7,5198,334,21257,34.2,55.71,546,8188,17
2026-08-30T02:10:43Z,193126,9,1351,936.9,5196,333,21268,34.1,55.55,546,8188,16
2026-08-30T02:11:43Z,193187,9,1351.6,937.7,5198,334,21185,34.2,48.74,546,8188,18
2026-08-30T02:12:43Z,193247,9,1351.5,937.7,5194,333,21143,34.3,53.02,546,8188,17
2026-08-30T02:13:43Z,193307,9,1351.6,937.4,5196,334,21268,34.2,51.46,546,8188,17
2026-08-30T02:14:43Z,193367,9,1352.1,938.2,5196,334,21279,34.1,54.08,546,8188,16
2026-08-30T02:15:44Z,193427,9,1351.5,937.3,5195,334,21279,34.1,54.09,546,8188,17
2026-08-30T02:16:44Z,193487,9,1352.1,938.1,5196,334,21279,34.1,55.48,546,8188,17
2026-08-30T02:17:44Z,193547,9,1351.1,937,5194,334,21278,34.1,56.61,546,8188,15
2026-08-30T02:18:44Z,193608,9,1351.5,937.9,5196,334,21278,34.1,54.6,546,8188,18
2026-08-30T02:19:44Z,193668,9,1351.5,937.6,5194,333,21278,34.1,55.12,546,8188,18
2026-08-30T02:20:44Z,193728,9,1352,938.4,5196,334,21278,34.1,55.62,546,8188,17
2026-08-30T02:21:45Z,193788,9,1352.6,938.8,5194,333,21196,34.2,46.99,546,8188,17
2026-08-30T02:22:45Z,193848,9,1352.1,938.1,5196,334,21194,34.2,55.57,546,8188,19
2026-08-30T02:23:45Z,193908,9,1352.4,938.9,5196,334,21264,34.2,57.13,546,8188,18
2026-08-30T02:24:45Z,193969,9,1352.3,938.5,5194,334,21272,34.2,54.8,546,8188,17
2026-08-30T02:25:45Z,194029,9,1351.7,937.8,5196,334,21285,34.2,53.84,546,8188,17
2026-08-30T02:26:45Z,194089,9,1351.3,937.4,5194,334,21329,34.1,53.83,546,8188,17
2026-08-30T02:27:45Z,194149,9,1350.9,936.7,5194,334,21322,34.1,54.56,546,8188,17
2026-08-30T02:28:46Z,194209,9,1351.4,937.2,5192,334,21322,34.1,58.65,546,8188,16
2026-08-30T02:29:46Z,194269,9,1351.2,937.1,5194,334,21314,34.1,56.39,546,8188,17
2026-08-30T02:30:46Z,194329,9,1351.4,937.8,5194,333,21317,34.1,54.4,546,8188,18
2026-08-30T02:31:46Z,194390,9,1351.5,937.3,5194,334,21230,34.2,47.24,546,8188,16
2026-08-30T02:32:46Z,194450,9,1380.1,990,5201,334,21176,34.4,55.16,547,8188,20
2026-08-30T02:33:46Z,194510,9,1370.9,952.5,5214,337,21222,34.4,58.66,546,8188,18
2026-08-30T02:34:46Z,194570,9,1363.4,944.9,5213,337,21272,34.2,58.52,546,8188,20
2026-08-30T02:35:47Z,194630,9,1363.6,944.7,5209,335,21277,34.2,56.69,546,8188,20
2026-08-30T02:36:47Z,194690,9,1364,945.4,5211,335,21281,34.2,57.38,546,8188,21
2026-08-30T02:37:47Z,194750,9,1357.8,942.2,5205,334,21282,34.2,59.54,546,8188,19
2026-08-30T02:38:47Z,194811,9,1358.6,942.9,5205,334,21286,34.2,58.63,546,8188,18
2026-08-30T02:39:47Z,194871,9,1358.5,942.7,5203,333,21310,34.1,58.98,546,8188,21
2026-08-30T02:40:47Z,194931,9,1358.2,942.4,5205,334,21310,34.1,54.9,546,8188,20
2026-08-30T02:41:47Z,194991,9,1357.8,942.3,5201,333,21223,34.2,51.6,546,8188,19
2026-08-30T02:42:48Z,195051,9,1361.1,945.5,5203,334,21219,34.2,56.63,546,8188,20
2026-08-30T02:43:48Z,195111,9,1362.4,946.8,5203,334,21285,34.1,56.53,546,8188,22
2026-08-30T02:44:48Z,195171,9,1358.2,942.4,5203,334,21288,34.1,55.99,546,8188,22
2026-08-30T02:45:48Z,195232,9,1358.5,943.1,5203,334,21287,34.1,55,546,8188,20
2026-08-30T02:46:48Z,195292,9,1361.2,945.7,5201,334,21284,34.1,56.35,546,8188,21
2026-08-30T02:47:48Z,195352,9,1361.1,945.3,5205,334,21279,34.1,57.21,546,8188,20
2026-08-30T02:48:48Z,195412,9,1354.7,939.1,5201,333,21284,34.1,55.46,546,8188,22
2026-08-30T02:49:49Z,195472,9,1354.5,938.6,5201,334,21282,34.1,56.05,546,8188,20
2026-08-30T02:50:49Z,195532,9,1354.8,939.1,5201,335,21252,34.2,55.26,546,8188,21
2026-08-30T02:51:49Z,195592,9,1359,943.1,5201,334,21180,34.3,50.87,546,8188,22
2026-08-30T02:52:49Z,195653,9,1355.6,940.1,5202,334,21188,34.3,55.76,546,8188,22
2026-08-30T02:53:49Z,195713,9,1359.5,944,5202,334,21311,34.1,56.38,546,8188,20
2026-08-30T02:54:49Z,195773,9,1358.6,943,5204,334,21307,34.1,54.72,546,8188,20
2026-08-30T02:55:49Z,195833,9,1354.5,939,5204,334,21301,34.1,56.03,546,8188,16
2026-08-30T02:56:50Z,195893,9,1354.6,939,5204,334,21305,34.1,56.16,546,8188,18
2026-08-30T02:57:50Z,195953,9,1354.5,939,5202,334,21303,34.1,55.58,546,8188,16
2026-08-30T02:58:50Z,196013,9,1354.6,939,5204,334,21291,34.1,54.49,546,8188,19
2026-08-30T02:59:50Z,196074,9,1355,939.9,5202,334,21295,34.1,57.24,546,8188,17
2026-08-30T03:00:50Z,196134,9,1355.3,939.8,5204,334,21281,34.1,52.21,546,8188,19
2026-08-30T03:01:50Z,196194,9,1355.2,939.4,5202,334,21202,34.2,46.73,546,8188,17
2026-08-30T03:02:50Z,196254,9,1387.9,971.8,5206,335,21139,34.4,50.46,547,8188,20
2026-08-30T03:03:51Z,196314,9,1364.2,945.4,5212,335,21239,34.3,59,546,8188,19
2026-08-30T03:04:51Z,196374,9,1361.8,943.1,5212,335,21259,34.2,59.16,546,8188,18
2026-08-30T03:05:51Z,196434,9,1360.3,941,5212,335,21245,34.2,58.82,546,8188,22
2026-08-30T03:06:51Z,196495,9,1360.1,940.9,5212,335,21257,34.2,56.38,546,8188,20
2026-08-30T03:07:51Z,196555,9,1357.4,941.4,5206,334,21281,34.1,59,546,8188,20
2026-08-30T03:08:51Z,196615,9,1357.4,941.1,5203,334,21286,34.1,55.17,546,8188,20
2026-08-30T03:09:51Z,196675,9,1361.1,944.5,5203,334,21268,34.2,57.22,546,8188,20
2026-08-30T03:10:52Z,196735,9,1357,940.7,5205,334,21291,34.1,53.73,546,8188,17
2026-08-30T03:11:52Z,196795,9,1354.4,938,5207,334,21211,34.2,46.78,546,8188,18
2026-08-30T03:12:52Z,196855,9,1354.6,938,5207,334,21190,34.3,56.52,546,8188,16
2026-08-30T03:13:52Z,196916,9,1354.9,938.9,5205,334,21278,34.1,53.94,546,8188,16
2026-08-30T03:14:52Z,196976,9,1354.7,938.6,5205,334,21276,34.1,52.62,546,8188,17
2026-08-30T03:15:52Z,197036,9,1355.2,939,5205,334,21285,34.1,55.24,546,8188,17
2026-08-30T03:16:52Z,197096,9,1355,938.7,5205,334,21280,34.1,53.38,546,8188,15
2026-08-30T03:17:53Z,197156,9,1355.1,938.8,5203,334,21291,34.1,56.04,546,8188,18
2026-08-30T03:18:53Z,197216,9,1355.4,939.2,5205,334,21217,34.3,54.74,546,8188,16
2026-08-30T03:19:53Z,197276,9,1354.9,938.6,5201,334,21269,34.2,55.18,546,8188,17
2026-08-30T03:20:53Z,197337,9,1355.3,939.2,5203,334,21270,34.2,55.45,546,8188,18
2026-08-30T03:21:53Z,197397,9,1355.3,939,5205,334,21247,34.2,47.88,546,8188,16
2026-08-30T03:22:53Z,197457,9,1355.4,939.3,5205,334,21242,34.2,57.03,546,8188,16
2026-08-30T03:23:53Z,197517,9,1355.2,938.9,5205,334,21307,34.1,55.23,546,8188,19
2026-08-30T03:24:54Z,197577,9,1355.7,939.3,5204,334,21296,34.2,53.64,546,8188,18
2026-08-30T03:25:54Z,197637,9,1355.9,939.4,5204,334,21261,34.2,56.69,546,8188,17
2026-08-30T03:26:54Z,197697,9,1355.7,939,5202,334,21305,34.1,54.07,546,8188,18
2026-08-30T03:27:54Z,197758,9,1355.8,939.2,5204,334,21295,34.1,57.49,546,8188,17
2026-08-30T03:28:54Z,197818,9,1353,935.9,5195,334,21298,34.1,53.68,546,8188,19
2026-08-30T03:29:54Z,197878,9,1353.2,936.2,5197,334,21298,34.1,55.13,546,8188,16
2026-08-30T03:30:55Z,197938,9,1354.1,937.2,5195,333,21292,34.1,54.95,546,8188,18
2026-08-30T03:31:55Z,197998,9,1352.6,935.6,5197,334,21222,34.2,49.54,546,8188,16
2026-08-30T03:32:55Z,198058,9,1362.5,945.5,5201,335,21191,34.3,52.28,547,8188,19
2026-08-30T03:33:55Z,198118,9,1364.4,946.2,5207,337,21239,34.4,56.84,546,8188,21
2026-08-30T03:34:55Z,198179,9,1360.4,941.8,5208,337,21298,34.2,55.75,546,8188,23
2026-08-30T03:35:55Z,198239,9,1364.5,946.2,5206,335,21284,34.2,55.79,546,8188,22
2026-08-30T03:36:55Z,198299,9,1360,941.7,5205,335,21306,34.1,55.33,546,8188,21
2026-08-30T03:37:56Z,198359,9,1360.8,945.4,5199,334,21302,34.1,54.89,546,8188,20
2026-08-30T03:38:56Z,198419,9,1361.2,946,5199,334,21301,34.1,56.53,546,8188,22
2026-08-30T03:39:56Z,198479,9,1361.2,945.7,5197,334,21297,34.1,58.64,546,8188,22
2026-08-30T03:40:56Z,198539,9,1361.6,946.2,5199,334,21295,34.1,57.47,546,8188,20
2026-08-30T03:41:56Z,198600,9,1354.8,939.1,5199,334,21213,34.2,47.6,546,8188,20
2026-08-30T03:42:56Z,198660,9,1355.1,940,5195,334,21216,34.2,54.94,546,8188,22
2026-08-30T03:43:56Z,198720,9,1359.9,944.8,5195,334,21290,34.1,56.22,546,8188,19
2026-08-30T03:44:56Z,198780,9,1355.6,940.2,5195,334,21291,34.1,56.9,546,8188,19
2026-08-30T03:45:57Z,198840,9,1354.6,939,5195,334,21289,34.1,56.54,546,8188,16
2026-08-30T03:46:57Z,198900,9,1353.9,938.3,5193,334,21288,34.2,53.79,546,8188,17
2026-08-30T03:47:57Z,198960,9,1354.1,938.7,5195,334,21280,34.2,55.54,546,8188,17
2026-08-30T03:48:57Z,199021,9,1355,939.8,5193,334,21278,34.2,55.67,546,8188,16
2026-08-30T03:49:57Z,199081,9,1354.4,939,5195,334,21285,34.2,55.2,546,8188,17
2026-08-30T03:50:57Z,199141,9,1354.8,939.6,5193,333,21313,34.1,54.3,546,8188,19
2026-08-30T03:51:57Z,199201,9,1354.9,939.4,5195,334,21167,34.4,49.41,546,8188,17
2026-08-30T03:52:58Z,199261,9,1355.2,940.1,5197,334,21228,34.2,53.94,546,8188,16
2026-08-30T03:53:58Z,199321,9,1354.9,939.4,5197,334,21225,34.2,56.43,546,8188,16
2026-08-30T03:54:58Z,199381,9,1355.1,940.2,5197,334,21289,34.1,53.8,546,8188,16
2026-08-30T03:55:58Z,199442,9,1355,939.9,5196,335,21293,34.1,53.49,546,8188,17
2026-08-30T03:56:58Z,199502,9,1354.7,939.4,5198,335,21294,34.1,55.29,546,8188,17
2026-08-30T03:57:58Z,199562,9,1355.4,940.5,5198,335,21284,34.1,57.5,546,8188,17
2026-08-30T03:58:59Z,199622,9,1355.5,940.7,5200,335,21286,34.1,56.32,546,8188,17
2026-08-30T03:59:59Z,199682,9,1355.5,940.6,5200,334,21283,34.1,58.82,546,8188,16
2026-08-30T04:00:59Z,199742,9,1356,941.1,5202,335,21284,34.2,52.18,546,8188,18
2026-08-30T04:01:59Z,199802,9,1355.4,940.3,5202,335,21148,34.5,51.27,546,8188,18
2026-08-30T04:02:59Z,199863,9,1388.2,971.4,5199,335,21161,34.4,50.75,547,8188,18
2026-08-30T04:03:59Z,199923,9,1363.7,945.2,5205,335,21198,34.3,62.02,546,8188,21
2026-08-30T04:04:59Z,199983,9,1361.3,942.8,5203,335,21279,34.2,57.76,546,8188,19
2026-08-30T04:06:00Z,200043,9,1362,943.4,5205,335,21271,34.2,60.21,546,8188,20
2026-08-30T04:07:00Z,200103,9,1361.5,942.5,5203,335,21277,34.2,56.24,546,8188,19
2026-08-30T04:08:00Z,200163,9,1359,943.2,5199,334,21289,34.1,58.25,546,8188,21
2026-08-30T04:09:00Z,200224,9,1358.6,942.8,5195,334,21311,34.2,57.4,546,8188,20
2026-08-30T04:10:00Z,200284,9,1356.9,940.6,5199,334,21297,34.2,60.36,546,8188,21
2026-08-30T04:11:00Z,200344,9,1357.4,941.5,5197,334,21306,34.2,58.37,546,8188,19
2026-08-30T04:12:00Z,200404,9,1356.9,941,5197,334,21172,34.4,53.19,546,8188,20
2026-08-30T04:13:01Z,200464,9,1356,940.2,5197,336,21222,34.3,52.61,546,8188,17
2026-08-30T04:14:01Z,200524,9,1354.9,938.9,5195,334,21223,34.2,53.49,546,8188,16
2026-08-30T04:15:01Z,200584,9,1355.5,939.3,5195,334,21306,34.1,55.5,546,8188,16
2026-08-30T04:16:01Z,200645,9,1355.9,939.9,5193,334,21298,34.1,58.74,546,8188,17
2026-08-30T04:17:01Z,200705,9,1354.8,938.7,5197,334,21305,34.2,53.21,546,8188,18
2026-08-30T04:18:01Z,200765,9,1355.4,939.1,5195,334,21289,34.2,53.11,546,8188,16
2026-08-30T04:19:01Z,200825,9,1355.4,939.1,5197,334,21301,34.2,53.94,546,8188,17
2026-08-30T04:20:02Z,200885,9,1354.8,938.9,5195,333,21318,34.1,54.68,546,8188,16
2026-08-30T04:21:02Z,200945,9,1355.5,939.4,5197,334,21320,34.1,55.39,546,8188,17
2026-08-30T04:22:02Z,201005,9,1355.2,939,5197,334,21183,34.4,53.35,546,8188,16
2026-08-30T04:23:02Z,201066,9,1356.2,940.3,5197,334,21232,34.2,50.97,546,8188,16
2026-08-30T04:24:02Z,201126,9,1355.9,939.6,5197,334,21236,34.2,57.73,546,8188,16
2026-08-30T04:25:02Z,201186,9,1356.2,939.9,5195,334,21313,34.2,56.32,546,8188,17
2026-08-30T04:26:02Z,201246,9,1355.8,939.5,5195,334,21297,34.2,53.73,546,8188,17
2026-08-30T04:27:03Z,201306,9,1355.1,938.7,5196,335,21307,34.2,51.66,546,8188,18
2026-08-30T04:28:03Z,201366,9,1355.7,939.3,5198,335,21296,34.2,57.07,546,8188,17
2026-08-30T04:29:03Z,201426,9,1354.9,938.4,5196,334,21287,34.2,56.31,546,8188,19
2026-08-30T04:30:03Z,201487,9,1356,939.7,5198,335,21286,34.2,56.27,546,8188,19
2026-08-30T04:31:03Z,201547,9,1355,938.7,5200,335,21291,34.2,55.12,546,8188,17
2026-08-30T04:32:03Z,201607,9,1393.4,980.3,5210,335,21093,34.8,52.06,547,8188,20
2026-08-30T04:33:04Z,201667,9,1366.2,945.4,5201,335,21188,34.4,46.12,547,8188,21
2026-08-30T04:34:04Z,201727,9,1368.1,944.6,5205,337,21194,34.3,56.88,546,8188,19
2026-08-30T04:35:04Z,201787,9,1361.6,937.6,5205,335,21284,34.2,57.48,546,8188,19
2026-08-30T04:36:04Z,201848,9,1361.4,937.4,5203,335,21290,34.2,56.44,546,8188,21
2026-08-30T04:37:04Z,201908,9,1361.1,936.9,5204,334,21257,34.4,57.03,546,8188,20
2026-08-30T04:38:04Z,201968,9,1359.1,937.6,5199,333,21266,34.2,53.82,546,8188,19
2026-08-30T04:39:04Z,202028,9,1358.8,937.4,5200,334,21292,34.2,56.77,546,8188,20
2026-08-30T04:40:05Z,202088,9,1358.7,937.5,5197,333,21290,34.2,57.5,546,8188,18
2026-08-30T04:41:05Z,202148,9,1358.9,938,5199,334,21263,34.3,56.89,546,8188,16
2026-08-30T04:42:05Z,202208,9,1356.1,935.1,5199,334,21284,34.2,55.42,546,8188,18
2026-08-30T04:43:05Z,202269,9,1356.6,935.5,5197,334,21244,34.2,50.88,546,8188,19
2026-08-30T04:44:05Z,202329,9,1356,934.7,5195,334,21245,34.2,54.72,546,8188,17
2026-08-30T04:45:05Z,202389,9,1356.2,935.1,5196,335,21275,34.2,55.6,546,8188,17
2026-08-30T04:46:05Z,202449,9,1356.3,935.1,5200,335,21297,34.1,54.05,546,8188,18
2026-08-30T04:47:06Z,202509,9,1356.3,934.9,5198,335,21296,34.1,57.66,546,8188,18
2026-08-30T04:48:06Z,202569,9,1356.7,935.4,5198,335,21291,34.1,53.58,546,8188,18
2026-08-30T04:49:06Z,202629,9,1356.5,935.2,5196,334,21146,34.6,55.37,546,8188,18
2026-08-30T04:50:06Z,202690,9,1357.2,935.8,5199,334,21292,34.1,52.25,546,8188,17
2026-08-30T04:51:06Z,202750,9,1357.4,935.9,5199,334,21304,34.1,57.35,546,8188,17
2026-08-30T04:52:06Z,202810,9,1355.8,934.5,5197,334,21313,34.1,54.95,546,8188,17
2026-08-30T04:53:06Z,202870,9,1356.4,935.1,5197,334,21241,34.2,48.9,546,8188,19
2026-08-30T04:54:07Z,202930,9,1356.1,934.7,5195,334,21260,34.1,54.34,546,8188,17
2026-08-30T04:55:07Z,202990,9,1357,935.5,5197,334,21312,34.1,56.83,546,8188,17
2026-08-30T04:56:07Z,203050,9,1356.1,934.5,5195,334,21313,34.1,54.79,546,8188,17
2026-08-30T04:57:07Z,203111,9,1356.5,935.2,5200,335,21322,34.1,57.02,546,8188,17
2026-08-30T04:58:07Z,203171,9,1356.6,935.1,5198,334,21314,34.1,54.29,546,8188,19
2026-08-30T04:59:07Z,203231,9,1356.3,935.1,5202,335,21306,34.1,54.04,546,8188,17
2026-08-30T05:00:07Z,203291,9,1356.8,935.5,5202,335,21297,34.1,55.84,546,8188,19
2026-08-30T05:01:08Z,203351,9,1356.1,934.8,5202,335,21308,34.1,55.76,546,8188,17
2026-08-30T05:02:08Z,203411,9,1389.4,971.8,5207,335,21281,34.2,55.64,546,8188,17
2026-08-30T05:03:08Z,203471,9,1360.9,940.8,5199,337,21256,34.2,42.84,547,8188,19
2026-08-30T05:04:08Z,203532,9,1364.8,943.6,5207,337,21211,34.3,58.14,546,8188,21
2026-08-30T05:05:08Z,203592,9,1360.4,938.9,5205,335,21308,34.1,55.68,546,8188,21
2026-08-30T05:06:08Z,203652,9,1360.7,939.3,5205,335,21312,34.1,56.77,546,8188,22
2026-08-30T05:07:09Z,203712,9,1360.7,939.3,5207,334,21317,34.1,54.6,546,8188,21
2026-08-30T05:08:09Z,203772,9,1362,943.4,5204,335,21321,34.1,54.4,546,8188,22
2026-08-30T05:09:09Z,203832,9,1358.8,940.4,5200,334,21311,34.1,57.32,546,8188,21
2026-08-30T05:10:09Z,203893,9,1360.5,942.1,5202,335,21292,34.2,59.36,546,8188,20
2026-08-30T05:11:09Z,203953,9,1360.9,942.6,5202,335,21306,34.1,55.89,546,8188,20
2026-08-30T05:12:09Z,204013,9,1360.9,942.6,5197,334,21304,34.1,56.12,546,8188,21
2026-08-30T05:13:09Z,204073,9,1355.9,937.5,5202,335,21228,34.2,46.5,546,8188,23
2026-08-30T05:14:10Z,204133,9,1360.1,941.7,5198,335,21176,34.4,54.61,546,8188,22
2026-08-30T05:15:10Z,204193,9,1359.1,940.5,5200,335,21268,34.2,54.42,546,8188,17
2026-08-30T05:16:10Z,204253,9,1355.5,937.1,5200,335,21323,34.1,54.38,546,8188,21
2026-08-30T05:17:10Z,204314,9,1354.9,936.8,5202,335,21320,34.1,56.07,546,8188,16
2026-08-30T05:18:10Z,204374,9,1355.3,937,5199,333,21310,34.2,53.07,546,8188,17
2026-08-30T05:19:10Z,204434,9,1355.9,937.8,5201,334,21312,34.1,58.06,546,8188,14
2026-08-30T05:20:10Z,204494,9,1353.9,935.4,5202,334,21309,34.1,54.5,546,8188,18
2026-08-30T05:21:11Z,204554,9,1354.4,936,5201,334,21307,34.1,58.13,546,8188,18
2026-08-30T05:22:11Z,204614,9,1354.7,936.4,5201,334,21307,34.1,53.11,546,8188,17
2026-08-30T05:23:11Z,204674,9,1353.4,935.1,5201,336,21234,34.2,46.32,546,8188,17
2026-08-30T05:24:11Z,204735,9,1354.2,935.8,5203,336,21234,34.2,54.64,546,8188,16
2026-08-30T05:25:11Z,204795,9,1353.9,935.5,5199,334,21300,34.2,56.31,546,8188,15
2026-08-30T05:26:11Z,204855,9,1354.7,936.6,5201,334,21297,34.2,55.94,546,8188,17
2026-08-30T05:27:12Z,204915,9,1353.7,935.2,5199,333,21299,34.1,56.69,546,8188,17
2026-08-30T05:28:12Z,204975,9,1354.5,936.1,5201,334,21291,34.2,51.17,546,8188,17
2026-08-30T05:29:12Z,205035,9,1355.2,936.9,5201,334,21270,34.3,55.46,546,8188,17
2026-08-30T05:30:12Z,205096,9,1355.3,936.7,5201,334,21296,34.2,53.85,546,8188,16
2026-08-30T05:31:12Z,205156,9,1355.4,937.2,5201,334,21299,34.2,55.92,546,8188,18
2026-08-30T05:32:12Z,205216,9,1395.6,981.2,5206,335,21256,34.3,53.02,546,8188,14
2026-08-30T05:33:13Z,205276,9,1361.2,951,5201,335,21160,34.5,46.22,551,8188,21
2026-08-30T05:34:13Z,205336,9,1366.6,954.3,5205,337,21210,34.3,57.25,550,8188,21
2026-08-30T05:35:13Z,205396,9,1362.9,950.7,5205,335,21283,34.2,61.72,550,8188,20
2026-08-30T05:36:13Z,205456,9,1362.3,949.8,5201,334,21288,34.2,59.77,550,8188,20
2026-08-30T05:37:13Z,205517,9,1362.6,950,5202,334,21296,34.2,56.46,550,8188,16
2026-08-30T05:38:13Z,205577,9,1359.2,949.6,5201,333,21293,34.2,53.62,550,8188,17
2026-08-30T05:39:13Z,205637,9,1359.6,950.2,5199,334,21290,34.2,58.63,550,8188,16
2026-08-30T05:40:14Z,205697,9,1359.2,949.7,5198,334,21295,34.2,57.08,550,8188,14
2026-08-30T05:41:14Z,205757,9,1359.6,950.3,5197,334,21289,34.2,58.67,550,8188,16
2026-08-30T05:42:14Z,205817,9,1356.7,947.6,5199,334,21288,34.2,58.08,550,8188,16
2026-08-30T05:43:14Z,205877,9,1356.5,947.1,5195,334,21214,34.3,48.17,550,8188,17
2026-08-30T05:44:14Z,205938,9,1356.8,947.2,5195,334,21238,34.2,54.93,550,8188,17
2026-08-30T05:45:14Z,205998,9,1355.5,945.9,5193,333,21312,34.1,59.44,550,8188,18
2026-08-30T05:46:14Z,206058,9,1356.2,946.6,5197,334,21308,34.1,56.99,550,8188,17
2026-08-30T05:47:15Z,206118,9,1356,947.1,5195,333,21316,34.1,54.54,550,8188,16
2026-08-30T05:48:15Z,206178,9,1356.1,946.9,5200,334,21297,34.2,55.41,550,8188,17
2026-08-30T05:49:15Z,206238,9,1357,947.8,5197,334,21301,34.1,58.24,550,8188,16
2026-08-30T05:50:15Z,206299,9,1356.7,947.3,5197,334,21310,34.1,56.9,550,8188,19
2026-08-30T05:51:15Z,206359,9,1357.1,947.7,5195,334,21303,34.1,58.11,550,8188,17
2026-08-30T05:52:15Z,206419,9,1357.7,948.1,5197,334,21296,34.1,58.02,550,8188,16
2026-08-30T05:53:15Z,206479,9,1357,947.4,5195,334,21216,34.3,48.81,550,8188,14
2026-08-30T05:54:16Z,206539,9,1357.3,947.8,5197,334,21203,34.3,56.94,550,8188,18
2026-08-30T05:55:16Z,206599,9,1357.1,947.6,5195,333,21287,34.2,55.71,550,8188,16
2026-08-30T05:56:16Z,206659,9,1357.8,948.3,5197,334,21284,34.2,55.57,550,8188,16
2026-08-30T05:57:16Z,206720,9,1357.4,947.7,5191,332,21286,34.2,58.44,550,8188,16
2026-08-30T05:58:16Z,206780,9,1357.8,948.3,5195,334,21325,34.1,54.7,550,8188,17
2026-08-30T05:59:16Z,206840,9,1355.5,945.9,5195,334,21323,34.1,59.22,550,8188,17
2026-08-30T06:00:16Z,206900,9,1355.5,945.7,5193,334,21320,34.1,56.57,550,8188,16
2026-08-30T06:01:17Z,206960,9,1356.1,946.8,5195,334,21317,34.1,57.6,550,8188,16
2026-08-30T06:02:17Z,207020,9,1398.8,994.3,5203,335,21277,34.3,57.08,551,8188,20
2026-08-30T06:03:17Z,207080,9,1360,946.6,5201,337,21195,34.4,49.51,552,8188,21
2026-08-30T06:04:17Z,207141,9,1362,947,5203,334,21199,34.3,60.61,551,8188,16
2026-08-30T06:05:17Z,207201,9,1362.3,947.6,5207,335,21288,34.2,59.57,551,8188,16
2026-08-30T06:06:17Z,207261,9,1362.2,947.3,5203,334,21284,34.2,58.03,551,8188,20
2026-08-30T06:07:18Z,207321,9,1361.6,946.8,5204,334,21285,34.2,60.08,551,8188,16
2026-08-30T06:08:18Z,207381,9,1359.2,947.3,5201,334,21289,34.2,59,551,8188,16
2026-08-30T06:09:18Z,207441,9,1358.7,947,5199,334,21294,34.2,59.02,551,8188,18
2026-08-30T06:10:18Z,207501,9,1359.4,947.5,5199,334,21180,34.5,55.11,551,8188,16
2026-08-30T06:11:18Z,207562,9,1359.2,947.4,5197,334,21248,34.3,60.06,551,8188,18
2026-08-30T06:12:18Z,207622,9,1356.6,945,5199,334,21225,34.4,57.94,551,8188,18
2026-08-30T06:13:18Z,207682,9,1357.5,945.8,5195,334,21174,34.4,52.33,551,8188,16
2026-08-30T06:14:19Z,207742,9,1357.4,945.4,5197,334,21180,34.4,55.05,551,8188,19
2026-08-30T06:15:19Z,207802,9,1358.1,946.4,5195,333,21268,34.3,60.95,551,8188,17
2026-08-30T06:16:19Z,207862,9,1358,946.5,5197,334,21268,34.3,59.16,551,8188,16
2026-08-30T06:17:19Z,207923,9,1358.1,946.9,5196,334,21262,34.3,62.4,551,8188,18
2026-08-30T06:18:19Z,207983,9,1358.1,946.7,5200,335,21263,34.3,59.04,551,8188,16
2026-08-30T06:19:19Z,208043,9,1356.7,945.4,5200,335,21255,34.3,56.06,551,8188,16
2026-08-30T06:20:19Z,208103,9,1357,945.6,5198,335,21292,34.2,58.28,551,8188,17
2026-08-30T06:21:20Z,208163,9,1356.8,945.4,5200,335,21297,34.2,59.54,551,8188,17
2026-08-30T06:22:20Z,208223,9,1357.1,945.6,5200,335,21285,34.2,59.2,551,8188,16
2026-08-30T06:23:20Z,208283,9,1356.6,945.2,5199,334,21189,34.3,55.49,551,8188,18
2026-08-30T06:24:20Z,208344,9,1356.1,944.5,5195,334,21178,34.4,57.76,551,8188,17
2026-08-30T06:25:20Z,208404,9,1357,945.7,5197,334,21274,34.3,58.69,551,8188,19
2026-08-30T06:26:20Z,208464,9,1356,944.6,5197,334,21271,34.3,60.17,551,8188,18
2026-08-30T06:27:21Z,208524,9,1356.8,945.2,5199,334,21275,34.3,61.98,551,8188,16
2026-08-30T06:28:21Z,208584,9,1356.2,944.3,5199,334,21274,34.3,58.87,551,8188,17
2026-08-30T06:29:21Z,208644,9,1357.1,945.2,5199,334,21290,34.2,58.31,551,8188,15
2026-08-30T06:30:21Z,208705,9,1356.6,944.8,5199,334,21281,34.2,61.89,551,8188,17
2026-08-30T06:31:21Z,208765,9,1357,945.1,5199,334,21279,34.2,59.03,551,8188,15
2026-08-30T06:32:21Z,208825,9,1351.6,944.4,5203,335,21284,34.2,58.06,555,8188,18
2026-08-30T06:33:21Z,208885,9,1360.6,939.6,5197,337,21197,35.1,49.21,547,8188,20
2026-08-30T06:34:22Z,208945,9,1361,939.1,5205,337,20954,35.4,35.83,546,8188,20
2026-08-30T06:35:22Z,209005,9,1361.5,939.6,5203,335,20964,35.3,54.39,546,8188,20
2026-08-30T06:36:22Z,209065,9,1358.9,936.7,5205,335,21127,35.1,56.6,546,8188,20
2026-08-30T06:37:22Z,209126,9,1358.6,936.6,5202,333,21209,35.1,56.2,546,8188,21
2026-08-30T06:38:22Z,209186,9,1359.7,940.8,5201,334,21228,35,55.4,546,8188,21
2026-08-30T06:39:22Z,209246,9,1359.2,940.5,5199,334,21224,35,56.66,546,8188,21
2026-08-30T06:40:22Z,209306,9,1360.9,941.9,5199,334,21242,35,55.5,546,8188,20
2026-08-30T06:41:23Z,209366,9,1356.4,937.5,5201,334,21243,35,55.94,546,8188,20
2026-08-30T06:42:23Z,209426,9,1357.1,938.3,5199,334,21286,34.9,54.42,546,8188,19
2026-08-30T06:43:23Z,209486,9,1360.5,941.4,5197,334,21179,35,48.05,546,8188,19
2026-08-30T06:44:23Z,209547,9,1356.1,937.3,5195,334,21199,35,53.08,546,8188,14
2026-08-30T06:45:23Z,209607,9,1356,936.8,5195,334,21269,34.9,56.98,546,8188,17
2026-08-30T06:46:23Z,209667,9,1356.4,937.6,5193,334,21264,34.9,54.67,546,8188,17
2026-08-30T06:47:24Z,209727,9,1355.9,937.1,5197,334,21241,35,56.64,546,8188,17
2026-08-30T06:48:24Z,209787,9,1355.4,936.4,5197,334,21253,35,54.62,546,8188,16
2026-08-30T06:49:24Z,209847,9,1355.8,936.8,5197,334,21249,35,56.34,546,8188,18
2026-08-30T06:50:24Z,209907,9,1355.6,936.6,5195,334,21254,34.9,53.66,546,8188,16
2026-08-30T06:51:24Z,209968,9,1356.2,937,5197,334,21251,35,56.77,546,8188,17
2026-08-30T06:52:24Z,210028,9,1356.5,937.3,5197,334,21256,34.9,54.57,546,8188,17
2026-08-30T06:53:24Z,210088,9,1355,935.9,5195,334,21164,35,48.91,546,8188,17
2026-08-30T06:54:25Z,210148,9,1355.7,936.5,5197,334,21167,35.1,54.25,546,8188,18
2026-08-30T06:55:25Z,210208,9,1355.5,936.6,5195,334,21240,35,52.73,546,8188,18
2026-08-30T06:56:25Z,210268,9,1355.7,937,5197,334,21270,34.9,55.12,546,8188,16
2026-08-30T06:57:25Z,210328,9,1355.9,937,5197,334,21273,34.9,58.12,546,8188,17
2026-08-30T06:58:25Z,210389,9,1355.6,936.7,5198,334,21271,34.9,55.91,546,8188,16
2026-08-30T06:59:25Z,210449,9,1356.5,937.5,5197,334,21270,34.9,53.63,546,8188,17
2026-08-30T07:00:25Z,210509,9,1354.4,935.2,5197,334,21270,34.9,55.4,546,8188,18
2026-08-30T07:01:26Z,210569,9,1355,936,5197,334,21262,34.9,55.4,546,8188,17
2026-08-30T07:02:26Z,210629,9,1352.6,935.1,5201,335,21263,34.9,52.92,546,8188,21
2026-08-30T07:03:26Z,210689,9,1361.2,944.5,5199,335,20966,35.1,49.84,547,8188,21
2026-08-30T07:04:26Z,210750,9,1361.4,944,5203,335,20984,35,58.95,545,8188,22
2026-08-30T07:05:26Z,210810,9,1362.1,944.7,5205,335,21064,34.9,58.61,545,8188,20
2026-08-30T07:06:26Z,210870,9,1361.4,943.7,5203,334,21074,34.9,58.11,545,8188,20
2026-08-30T07:07:27Z,210930,9,1361.2,943.6,5204,334,21069,34.9,56.65,545,8188,20
2026-08-30T07:08:27Z,210990,9,1357.6,942.8,5199,334,21073,34.9,57.73,545,8188,20
2026-08-30T07:09:27Z,211050,9,1357.2,943,5195,334,21074,34.9,57.35,545,8188,21
2026-08-30T07:10:27Z,211110,9,1357,942.5,5195,334,21081,34.8,59.16,545,8188,20
2026-08-30T07:11:27Z,211171,9,1361.1,946.7,5195,334,21096,34.8,57.25,545,8188,19
2026-08-30T07:12:27Z,211231,9,1357.6,943.2,5197,334,21092,34.8,56.56,545,8188,22
2026-08-30T07:13:27Z,211291,9,1357,942.5,5193,334,21000,34.9,49.55,545,8188,22
2026-08-30T07:14:28Z,211351,9,1361.6,947,5195,334,21004,34.9,53.33,545,8188,20
2026-08-30T07:15:28Z,211411,9,1357.4,943.1,5193,334,21088,34.8,56.12,545,8188,20
2026-08-30T07:16:28Z,211471,9,1355.9,941.5,5195,334,21086,34.8,56,545,8188,16
2026-08-30T07:17:28Z,211532,9,1356.3,941.8,5195,334,21079,34.9,54.87,545,8188,17
2026-08-30T07:18:28Z,211592,9,1355.8,941.3,5195,334,21011,35,53.34,545,8188,16
2026-08-30T07:19:28Z,211652,9,1356.5,942,5195,334,21050,34.9,51.77,545,8188,17
2026-08-30T07:20:28Z,211712,9,1356.2,941.8,5197,334,21059,34.9,56.08,545,8188,17
2026-08-30T07:21:29Z,211772,9,1356.7,942.4,5197,334,21059,34.9,53.67,545,8188,19
2026-08-30T07:22:29Z,211832,9,1357,943,5195,334,21056,34.9,56.07,545,8188,17
2026-08-30T07:23:29Z,211892,9,1356.7,942.5,5197,334,20964,35.1,50.14,545,8188,17
2026-08-30T07:24:29Z,211953,9,1357.5,943.2,5195,334,21005,35,53.53,545,8188,17
2026-08-30T07:25:29Z,212013,9,1357.1,942.9,5197,334,21089,34.8,54.34,545,8188,19
2026-08-30T07:26:29Z,212073,9,1357.6,943.2,5195,333,21076,34.9,54.75,545,8188,17
2026-08-30T07:27:30Z,212133,9,1357.2,943,5197,334,21075,34.8,57.07,545,8188,17
2026-08-30T07:28:30Z,212193,9,1356.6,942.1,5197,334,21076,34.8,58.14,545,8188,16
2026-08-30T07:29:30Z,212253,9,1357,942.8,5197,334,21063,34.9,55.19,545,8188,16
2026-08-30T07:30:30Z,212313,9,1356.8,942.6,5197,334,21071,34.9,53.52,545,8188,17
2026-08-30T07:31:30Z,212374,9,1356.7,942.4,5195,334,21066,34.9,55.05,545,8188,16
2026-08-30T07:32:30Z,212434,9,1352.6,939.5,5203,335,21082,34.9,54.92,546,8188,16
2026-08-30T07:33:30Z,212494,9,1366.9,961.7,5197,337,20917,35.2,47.86,556,8188,19
2026-08-30T07:34:31Z,212554,9,1362.9,956.2,5207,337,20951,35.1,57.86,555,8188,21
2026-08-30T07:35:31Z,212614,9,1362.8,955.7,5205,334,21048,35,60.62,555,8188,20
2026-08-30T07:36:31Z,212674,9,1363.1,956.1,5207,335,21049,35,60.54,555,8188,20
2026-08-30T07:37:31Z,212734,9,1363.2,956.5,5209,335,21054,35,61.83,555,8188,20
2026-08-30T07:38:31Z,212795,9,1360,956,5202,335,21098,34.8,57.96,555,8188,16
2026-08-30T07:39:31Z,212855,9,1360.8,956.7,5201,334,21099,34.8,59.56,555,8188,16
2026-08-30T07:40:31Z,212915,9,1360.5,956,5197,334,21097,34.9,56.32,555,8188,17
2026-08-30T07:41:32Z,212975,9,1358.1,953.9,5199,334,21094,34.9,61.08,555,8188,18
2026-08-30T07:42:32Z,213035,9,1357.9,953.7,5195,334,21089,34.9,59.92,555,8188,16
2026-08-30T07:43:32Z,213095,9,1357.1,953.1,5197,334,20997,35,51.05,555,8188,16
2026-08-30T07:44:32Z,213156,9,1357.7,953.5,5195,333,20994,35,59.91,555,8188,16
2026-08-30T07:45:32Z,213216,9,1357.2,953.2,5198,334,21093,34.9,59.69,555,8188,16
2026-08-30T07:46:32Z,213276,9,1357.9,953.6,5198,334,21083,34.9,60.92,555,8188,17
2026-08-30T07:47:32Z,213336,9,1357.8,953.5,5199,334,21088,34.9,60.08,555,8188,17
2026-08-30T07:48:33Z,213396,9,1357,952.6,5198,334,21073,34.9,57.91,555,8188,16
2026-08-30T07:49:33Z,213456,9,1357.4,953.3,5198,334,21073,34.9,58.38,555,8188,18
2026-08-30T07:50:33Z,213516,9,1357.7,953.5,5200,334,21068,34.9,56.51,555,8188,16
2026-08-30T07:51:33Z,213577,9,1357.7,953.7,5198,334,21069,34.9,60.46,555,8188,15
2026-08-30T07:52:33Z,213637,9,1356.8,952.8,5200,334,21093,34.8,60.23,555,8188,16
2026-08-30T07:53:33Z,213697,9,1357.1,953,5198,334,21010,35,51.98,555,8188,17
2026-08-30T07:54:34Z,213757,9,1356.8,952.8,5200,334,21003,35,61.59,555,8188,18
2026-08-30T07:55:34Z,213817,9,1357.5,953.5,5195,332,21080,34.9,54.51,555,8188,19
2026-08-30T07:56:34Z,213877,9,1358.1,954.3,5198,334,21074,34.9,59.77,555,8188,16
2026-08-30T07:57:34Z,213938,9,1357.6,953.5,5200,334,21077,34.9,60.33,555,8188,17
2026-08-30T07:58:34Z,213998,9,1358.1,953.9,5200,334,21073,34.9,60.1,555,8188,16
2026-08-30T07:59:34Z,214058,9,1358.1,954.3,5200,334,21077,34.9,60.32,555,8188,17
2026-08-30T08:00:35Z,214118,9,1357.6,953.3,5198,334,21076,34.9,59.66,555,8188,16
2026-08-30T08:01:35Z,214178,9,1357.9,953.8,5198,334,21072,34.9,56.33,555,8188,18
2026-08-30T08:02:35Z,214238,9,1354.6,952.2,5202,335,21073,34.9,59.89,555,8188,20
2026-08-30T08:03:35Z,214298,9,1364.9,958,5200,335,20941,35.2,48.43,556,8188,20
2026-08-30T08:04:35Z,214359,9,1364.7,956.5,5204,334,20948,35.1,60.16,555,8188,20
2026-08-30T08:05:35Z,214419,9,1364.9,957.2,5209,335,21031,35,58.2,555,8188,21
2026-08-30T08:06:35Z,214479,9,1364.7,956.9,5208,335,21049,35,57.79,555,8188,19
2026-08-30T08:07:36Z,214539,9,1365.2,957.4,5208,335,21062,34.9,60.1,555,8188,20
2026-08-30T08:08:36Z,214599,9,1358,953.2,5204,334,21073,34.9,59.43,555,8188,20
2026-08-30T08:09:36Z,214659,9,1358.7,953.9,5200,334,21052,34.9,60.55,555,8188,22
2026-08-30T08:10:36Z,214720,9,1362.4,957.7,5202,334,21063,34.9,58.49,555,8188,20
2026-08-30T08:11:36Z,214780,9,1358.7,954,5198,334,21065,34.9,62.23,555,8188,19
2026-08-30T08:12:36Z,214840,9,1358.7,954.3,5200,334,21058,34.9,62.44,555,8188,19
2026-08-30T08:13:36Z,214900,9,1359.4,955.1,5200,333,20976,35,50.54,555,8188,17
2026-08-30T08:14:37Z,214960,9,1360.2,955.7,5200,334,21010,34.9,57.41,555,8188,17
2026-08-30T08:15:37Z,215020,9,1358.2,953.5,5200,334,21096,34.8,58.72,555,8188,16
2026-08-30T08:16:37Z,215080,9,1358.6,954.1,5200,334,21036,35,57.24,555,8188,17
2026-08-30T08:17:37Z,215141,9,1357.6,953,5200,334,21068,34.9,60.19,555,8188,17
2026-08-30T08:18:37Z,215201,9,1358.1,953.3,5201,334,21063,34.9,57.72,555,8188,16
2026-08-30T08:19:37Z,215261,9,1358.6,954.1,5200,334,21039,34.9,58.75,555,8188,17
2026-08-30T08:20:38Z,215321,9,1358.2,953.3,5198,334,21065,34.9,58.04,555,8188,15
2026-08-30T08:21:38Z,215381,9,1358.7,953.9,5198,334,21060,34.9,61.4,555,8188,15
2026-08-30T08:22:38Z,215441,9,1357.7,953.2,5196,333,21064,34.9,59.41,555,8188,16
2026-08-30T08:23:38Z,215501,9,1358,953,5198,334,20916,35.2,54.88,555,8188,18
2026-08-30T08:24:38Z,215562,9,1358.7,953.8,5196,333,20975,35,57.11,555,8188,17
2026-08-30T08:25:38Z,215622,9,1358.6,954.4,5200,334,20986,35,56.28,555,8188,17
2026-08-30T08:26:38Z,215682,9,1359.2,954.9,5200,334,21046,34.9,59.32,555,8188,18
2026-08-30T08:27:39Z,215742,9,1359.1,954.3,5198,334,21046,34.9,60.43,555,8188,15
2026-08-30T08:28:39Z,215802,9,1358.5,954.1,5198,334,21090,34.8,54.76,555,8188,18
2026-08-30T08:29:39Z,215862,9,1358.5,953.8,5196,334,21085,34.8,61.72,555,8188,17
2026-08-30T08:30:39Z,215923,9,1358.7,954,5198,334,21083,34.9,57.17,555,8188,17
2026-08-30T08:31:39Z,215983,9,1359.3,954.8,5196,334,21081,34.9,60.9,555,8188,17
2026-08-30T08:32:39Z,216043,9,1362.4,960.7,5214,335,21038,35,59.92,557,8188,21
2026-08-30T08:33:40Z,216103,9,1367,957.8,5214,336,20907,35.3,50.65,557,8188,16
2026-08-30T08:34:40Z,216163,9,1366.5,956.4,5217,335,20975,35.1,60.21,556,8188,16
2026-08-30T08:35:40Z,216223,9,1365.9,955.9,5219,335,20986,35,58.11,556,8188,17
2026-08-30T08:36:40Z,216284,9,1366.5,956.6,5219,335,21052,35,59.5,556,8188,16
2026-08-30T08:37:40Z,216344,9,1365.3,955.3,5220,334,21052,35,59.66,556,8188,16
2026-08-30T08:38:40Z,216404,9,1362.6,955.3,5213,334,21054,34.9,61.92,556,8188,19
2026-08-30T08:39:40Z,216464,9,1363,955.9,5213,334,21054,34.9,61.83,556,8188,18
2026-08-30T08:40:41Z,216524,9,1362.4,955.1,5214,335,21014,35,55.95,556,8188,17
2026-08-30T08:41:41Z,216584,9,1360.3,953.1,5216,335,21048,34.9,58.24,556,8188,17
2026-08-30T08:42:41Z,216644,9,1360,953,5212,334,21049,34.9,59.97,556,8188,17
2026-08-30T08:43:41Z,216705,9,1360.4,953.1,5210,334,20917,35.2,53.09,556,8188,16
2026-08-30T08:44:41Z,216765,9,1360.6,953.8,5210,334,20981,35,58.2,556,8188,18
2026-08-30T08:45:41Z,216825,9,1360.3,953.1,5211,334,21000,34.9,57.73,556,8188,16
2026-08-30T08:46:41Z,216885,9,1361,953.7,5211,334,21061,34.9,59.13,556,8188,15
2026-08-30T08:47:42Z,216945,9,1360.8,953.3,5209,334,21059,34.9,59.87,556,8188,18
2026-08-30T08:48:42Z,217005,9,1359.9,952.7,5211,334,21059,34.9,58.19,556,8188,17
2026-08-30T08:49:42Z,217065,9,1359.6,952,5211,334,21038,34.9,54.8,556,8188,16
2026-08-30T08:50:42Z,217126,9,1360.1,953,5213,334,21033,34.9,56.15,556,8188,17
2026-08-30T08:51:42Z,217186,9,1359.9,953,5211,333,21043,34.9,60.86,556,8188,17
2026-08-30T08:52:42Z,217246,9,1359.7,952.5,5213,334,21048,34.9,62.33,556,8188,17
2026-08-30T08:53:43Z,217306,9,1360.4,953.3,5211,333,20916,35.2,54.52,556,8188,14
2026-08-30T08:54:43Z,217366,9,1358.8,951.6,5213,334,20975,35,53.68,556,8188,17
2026-08-30T08:55:43Z,217426,9,1359.3,951.9,5213,334,20978,35,57.55,556,8188,15
2026-08-30T08:56:43Z,217487,9,1359.8,952.6,5211,334,21038,35,56.69,556,8188,18
2026-08-30T08:57:43Z,217547,9,1359.4,952,5213,334,21053,34.9,62.21,556,8188,17
2026-08-30T08:58:43Z,217607,9,1359.9,952.4,5211,334,21052,34.9,58.27,556,8188,17
2026-08-30T08:59:43Z,217667,9,1359.4,951.9,5213,334,21050,34.9,60.03,556,8188,17
2026-08-30T09:00:44Z,217727,9,1359,951.9,5211,334,21056,34.9,59.01,556,8188,17
2026-08-30T09:01:44Z,217787,9,1358,950.3,5213,334,21059,34.9,59.67,556,8188,17
2026-08-30T09:02:44Z,217847,9,1393,1037.6,5201,335,21004,35.2,60.48,564,8188,21
2026-08-30T09:03:44Z,217908,9,1367.6,950.4,5209,336,20898,35.3,51.55,551,8188,19
2026-08-30T09:04:44Z,217968,9,1365.4,946.4,5209,336,20962,35,55.59,551,8188,19
2026-08-30T09:05:44Z,218028,9,1365.3,946.5,5209,336,20968,35,60.29,551,8188,17
2026-08-30T09:06:44Z,218088,9,1364.3,945.3,5209,336,21055,34.9,58.06,551,8188,15
2026-08-30T09:07:45Z,218148,9,1361.2,945.1,5203,335,21052,34.9,60.39,551,8188,17
2026-08-30T09:08:45Z,218208,9,1361.5,945.4,5197,335,21058,34.9,58.13,551,8188,17
2026-08-30T09:09:45Z,218268,9,1361.8,945.8,5204,338,21030,34.9,58.46,551,8188,17
2026-08-30T09:10:45Z,218329,9,1361.4,945.1,5206,338,21050,34.9,59.71,551,8188,18
2026-08-30T09:11:45Z,218389,9,1362.2,946.4,5202,335,21043,34.9,58.4,551,8188,18
2026-08-30T09:12:45Z,218449,9,1360.8,944.5,5204,336,20976,35.1,55.81,551,8188,16
2026-08-30T09:13:46Z,218509,9,1361.2,945.2,5197,333,20890,35.2,57.34,551,8188,16
2026-08-30T09:14:46Z,218569,9,1361,945.2,5203,335,20945,35,54.16,551,8188,17
2026-08-30T09:15:46Z,218629,9,1361.4,945.4,5203,335,20942,35,60.69,551,8188,16
2026-08-30T09:16:46Z,218689,9,1361,945.2,5201,335,21059,34.9,54.87,551,8188,16
2026-08-30T09:17:46Z,218750,9,1361,944.8,5203,335,21055,34.9,58.06,551,8188,16
2026-08-30T09:18:46Z,218810,9,1361.3,945.3,5201,335,20993,35.1,58.3,551,8188,17
2026-08-30T09:19:46Z,218870,9,1360.9,945,5203,335,21047,34.9,60.11,551,8188,18
2026-08-30T09:20:46Z,218930,9,1361,945.3,5201,334,21016,35,59.62,551,8188,17
2026-08-30T09:21:47Z,218990,9,1361.8,946.1,5203,335,21049,34.9,57.94,551,8188,17
2026-08-30T09:22:47Z,219050,9,1361,945.1,5203,334,21008,35,62.85,551,8188,16
2026-08-30T09:23:47Z,219110,9,1361.4,945.5,5207,337,21030,34.9,60.07,551,8188,15
2026-08-30T09:24:47Z,219171,9,1361.3,945.6,5207,337,20942,35.1,54.08,551,8188,18
2026-08-30T09:25:47Z,219231,9,1361.2,945.4,5201,335,20941,35.1,54.51,551,8188,15
2026-08-30T09:26:47Z,219291,9,1360.8,944.8,5203,335,21062,34.9,56.05,551,8188,16
2026-08-30T09:27:47Z,219351,9,1361,945,5201,335,21062,34.8,59.59,551,8188,18
2026-08-30T09:28:48Z,219411,9,1360.8,944.9,5203,335,21060,34.9,62.11,551,8188,17
2026-08-30T09:29:48Z,219471,9,1360.8,944.8,5201,334,21054,34.9,57.39,551,8188,16
2026-08-30T09:30:48Z,219531,9,1361,945.1,5203,335,21062,34.9,61.21,551,8188,18
2026-08-30T09:31:48Z,219592,9,1359.1,942.8,5197,334,21083,34.8,55.16,551,8188,18
2026-08-30T09:32:48Z,219652,9,1390.6,991.5,5201,336,21033,35,60.57,547,8188,21
2026-08-30T09:33:48Z,219712,9,1368.1,944.5,5207,337,21010,35,52.86,545,8188,20
2026-08-30T09:34:48Z,219772,9,1365.5,941.3,5211,338,20974,35,53.71,545,8188,20
2026-08-30T09:35:49Z,219832,9,1365.7,941.5,5209,336,20972,35,59.48,545,8188,19
2026-08-30T09:36:49Z,219892,9,1363.3,939.5,5207,336,21059,34.9,57.83,545,8188,21
2026-08-30T09:37:49Z,219952,9,1363.6,942.6,5207,335,21061,34.8,54.46,545,8188,20
2026-08-30T09:38:49Z,220013,9,1364.6,943.5,5203,335,21058,34.8,56.86,545,8188,21
2026-08-30T09:39:49Z,220073,9,1360.2,938.9,5203,335,21056,34.8,53.35,545,8188,22
2026-08-30T09:40:49Z,220133,9,1365,943.7,5201,335,21061,34.8,57.49,545,8188,21
2026-08-30T09:41:49Z,220193,9,1364.8,943.5,5203,335,21063,34.8,55.36,545,8188,20
2026-08-30T09:42:50Z,220253,9,1363.6,942.5,5199,335,21062,34.8,57.11,545,8188,17
2026-08-30T09:43:50Z,220313,9,1360.8,939.7,5201,335,21059,34.8,52.52,545,8188,15
2026-08-30T09:44:50Z,220373,9,1359.5,938.3,5201,335,21001,34.8,49.28,545,8188,17
2026-08-30T09:45:50Z,220434,9,1360.1,938.9,5201,335,21007,34.8,54.83,545,8188,17
2026-08-30T09:46:50Z,220494,9,1359,938.1,5201,335,21082,34.8,54.01,545,8188,17
2026-08-30T09:47:50Z,220554,9,1359.5,938.2,5201,335,21075,34.8,53.68,545,8188,17
2026-08-30T09:48:51Z,220614,9,1360,938.8,5201,335,21066,34.8,57.3,545,8188,18
2026-08-30T09:49:51Z,220674,9,1358.8,936.9,5197,335,21081,34.8,55.58,545,8188,17
2026-08-30T09:50:51Z,220734,9,1359.5,937.9,5199,335,21074,34.8,56.43,545,8188,17
2026-08-30T09:51:51Z,220794,9,1359.6,937.9,5199,335,21064,34.8,53.09,545,8188,17
2026-08-30T09:52:51Z,220855,9,1360,938.5,5201,335,21069,34.8,55.31,545,8188,17
2026-08-30T09:53:51Z,220915,9,1359,937.5,5201,335,21063,34.8,57.9,545,8188,16
2026-08-30T09:54:51Z,220975,9,1358.6,936.9,5201,335,20949,35,48.9,545,8188,17
2026-08-30T09:55:52Z,221035,9,1359.1,937.5,5201,335,20968,35,55.91,545,8188,16
2026-08-30T09:56:52Z,221095,9,1358.3,936.5,5201,335,21042,34.9,55,545,8188,17
2026-08-30T09:57:52Z,221155,9,1359.3,937.7,5201,335,21037,34.9,56.25,545,8188,16
2026-08-30T09:58:52Z,221216,9,1359.1,937.3,5199,335,21062,34.8,56.44,545,8188,17
2026-08-30T09:59:52Z,221276,9,1359.6,938.2,5201,335,21067,34.8,55.38,545,8188,17
2026-08-30T10:00:52Z,221336,9,1360.2,938.7,5199,335,21061,34.8,54.2,545,8188,16
2026-08-30T10:01:52Z,221396,9,1359.9,938,5199,335,21053,34.9,52.76,545,8188,17
2026-08-30T10:02:53Z,221456,9,1373.3,952.9,5201,337,21029,35,56.62,547,8188,20
2026-08-30T10:03:53Z,221516,9,1364.9,950.1,5209,338,21004,35,53.01,551,8188,17
2026-08-30T10:04:53Z,221576,9,1364.7,950.1,5209,336,20950,35,53.09,551,8188,15
2026-08-30T10:05:53Z,221637,9,1365,950.4,5211,336,20945,35,59.6,551,8188,16
2026-08-30T10:06:53Z,221697,9,1364.9,950.4,5211,336,20966,34.9,57.58,551,8188,15
2026-08-30T10:07:53Z,221757,9,1361.7,950,5208,336,21077,34.8,58.67,551,8188,17
2026-08-30T10:08:54Z,221817,9,1362.1,950.4,5206,336,21076,34.8,61.39,551,8188,19
2026-08-30T10:09:54Z,221877,9,1361.7,949.7,5204,336,21054,34.9,58.37,551,8188,17
2026-08-30T10:10:54Z,221937,9,1362.2,950.2,5207,335,21067,34.8,58.17,551,8188,18
2026-08-30T10:11:54Z,221998,9,1361.7,950.4,5201,335,21062,34.8,55.51,551,8188,17
2026-08-30T10:12:54Z,222058,9,1361.2,949.5,5203,335,21061,34.9,62.49,551,8188,18
2026-08-30T10:13:54Z,222118,9,1359.6,948,5203,335,21061,34.9,57.11,551,8188,16
2026-08-30T10:14:54Z,222178,9,1359.5,947.8,5203,335,20981,34.9,52.09,551,8188,17
2026-08-30T10:15:55Z,222238,9,1360.2,947.8,5201,335,20953,35,55.63,551,8188,16
2026-08-30T10:16:55Z,222298,9,1359.3,946.8,5201,335,21056,34.9,58.99,551,8188,14
2026-08-30T10:17:55Z,222358,9,1359.6,947.1,5201,335,21058,34.9,58.88,551,8188,16
2026-08-30T10:18:55Z,222418,9,1359.9,947.6,5199,335,20990,35.1,58.61,551,8188,17
2026-08-30T10:19:55Z,222479,9,1358.8,947,5201,335,21034,34.9,58.95,551,8188,17
2026-08-30T10:20:55Z,222539,9,1358.9,947,5199,335,21076,34.8,61.33,551,8188,17
2026-08-30T10:21:55Z,222599,9,1358.9,946.6,5203,335,21068,34.8,59.12,551,8188,16
2026-08-30T10:22:56Z,222659,9,1359.1,947,5201,335,21070,34.8,59.78,551,8188,17
2026-08-30T10:23:56Z,222719,9,1358.9,946.7,5201,335,21064,34.8,57.76,551,8188,17
2026-08-30T10:24:56Z,222779,9,1359.4,947.1,5201,335,20989,34.9,51.43,551,8188,16
2026-08-30T10:25:56Z,222839,9,1360.1,948.2,5203,335,20949,35,55.14,551,8188,17
2026-08-30T10:26:56Z,222900,9,1359.9,948.1,5205,335,21058,34.9,59.97,551,8188,17
2026-08-30T10:27:56Z,222960,9,1360.4,948.6,5201,335,21057,34.9,57.74,551,8188,16
2026-08-30T10:28:56Z,223020,9,1359.7,947.8,5203,335,21060,34.9,60.15,551,8188,16
2026-08-30T10:29:57Z,223080,9,1359,947.4,5201,335,21058,34.9,60.71,551,8188,18
2026-08-30T10:30:57Z,223140,9,1358.7,946.9,5203,335,21053,34.9,60.02,551,8188,15
2026-08-30T10:31:57Z,223200,9,1358.5,946.5,5201,334,21059,34.9,59.11,551,8188,17
2026-08-30T10:32:57Z,223260,9,1370.7,959.8,5205,336,21028,35,59.07,547,8188,19
2026-08-30T10:33:57Z,223321,9,1364,967.8,5212,338,21025,35.2,53.8,559,8188,15
2026-08-30T10:34:57Z,223381,9,1361.5,964.8,5212,338,21026,35.1,52.82,559,8188,15
2026-08-30T10:35:57Z,223441,9,1361.9,965.4,5210,336,21025,35.1,58.53,560,8188,14
2026-08-30T10:36:58Z,223501,9,1361.1,964.3,5208,336,21105,34.9,57.44,559,8188,16
2026-08-30T10:37:58Z,223561,9,1358.4,964.6,5206,335,21105,34.9,58.12,559,8188,16
2026-08-30T10:38:58Z,223621,9,1358,963.8,5202,335,21108,34.9,60.78,559,8188,15
2026-08-30T10:39:58Z,223681,9,1358.2,964.2,5202,335,21097,34.9,59.51,559,8188,15
2026-08-30T10:40:58Z,223742,9,1359.2,965.5,5202,335,21079,35,54.98,559,8188,15
2026-08-30T10:41:58Z,223802,9,1358.3,964.2,5201,334,21094,34.9,58.19,559,8188,14
2026-08-30T10:42:58Z,223862,9,1357.7,963.6,5204,335,21090,35,56.07,559,8188,15
2026-08-30T10:43:59Z,223922,9,1357,962.9,5202,335,21087,35,57.67,559,8188,17
2026-08-30T10:44:59Z,223982,9,1357.5,963.1,5202,335,21014,35,53.57,559,8188,17
2026-08-30T10:45:59Z,224042,9,1357,963.1,5200,335,21007,35.1,58.74,559,8188,17
2026-08-30T10:46:59Z,224102,9,1356.6,962.5,5200,335,21083,35,61.7,559,8188,14
2026-08-30T10:47:59Z,224163,9,1357.3,963.6,5198,335,21086,35,58.65,560,8188,15
2026-08-30T10:48:59Z,224223,9,1357.2,964,5200,335,21060,35,57.19,560,8188,15
2026-08-30T10:49:59Z,224283,9,1358,964.5,5200,335,21096,34.9,55.53,559,8188,16
2026-08-30T10:51:00Z,224343,9,1357.8,964.1,5202,335,21095,34.9,59.37,559,8188,18
2026-08-30T10:52:00Z,224403,9,1356.9,963.1,5200,334,21099,34.9,60.56,559,8188,15
2026-08-30T10:53:00Z,224463,9,1357.5,963.6,5202,335,21093,34.9,58.52,559,8188,14
2026-08-30T10:54:00Z,224524,9,1357.3,963.1,5205,336,21083,35,56.03,559,8188,16
2026-08-30T10:55:00Z,224584,9,1352.2,958.2,5205,336,21015,35,48.97,559,8188,16
2026-08-30T10:56:00Z,224644,9,1356.4,962.8,5205,336,21011,35.1,57.92,560,8188,17
2026-08-30T10:57:00Z,224704,9,1356.8,962.8,5203,336,21084,35,60.3,559,8188,17
2026-08-30T10:58:01Z,224764,9,1357.1,963,5205,336,21084,35,56.32,559,8188,14
2026-08-30T10:59:01Z,224824,9,1356.8,962.4,5202,335,21096,34.9,57.69,559,8188,15
2026-08-30T11:00:01Z,224884,9,1357.5,963.1,5204,335,21094,34.9,58.86,559,8188,18
2026-08-30T11:01:01Z,224944,9,1361.4,967,5202,334,21088,35,60.78,559,8188,18
2026-08-30T11:02:01Z,225005,9,1357.4,963.7,5204,335,21100,34.9,57.01,560,8188,18
2026-08-30T11:03:01Z,225065,9,1360.6,942.2,5204,336,21083,34.9,57.29,551,8188,20
2026-08-30T11:04:01Z,225125,9,1362.6,948.7,5202,336,21092,35,53.87,554,8188,22
2026-08-30T11:05:02Z,225185,9,1362,948.2,5211,336,21015,35,56.59,554,8188,20
2026-08-30T11:06:02Z,225245,9,1362.4,948.5,5209,336,21020,35,61.25,554,8188,20
2026-08-30T11:07:02Z,225305,9,1359.5,945.2,5211,336,21120,34.8,60.05,554,8188,20
2026-08-30T11:08:02Z,225366,9,1357.2,945.8,5204,336,21115,34.8,54.2,554,8188,20
2026-08-30T11:09:02Z,225426,9,1357.3,946,5203,335,21121,34.8,60.7,554,8188,21
2026-08-30T11:10:02Z,225486,9,1357.1,945.8,5201,334,21107,34.9,58.31,554,8188,18
2026-08-30T11:11:02Z,225546,9,1358,946.9,5203,335,21114,34.8,61.22,554,8188,19
2026-08-30T11:12:03Z,225606,9,1356.8,945.5,5203,335,21114,34.8,58.71,554,8188,20
2026-08-30T11:13:03Z,225666,9,1357.4,946,5201,335,21104,34.9,58.79,554,8188,17
2026-08-30T11:14:03Z,225726,9,1356.1,945,5201,335,21105,34.9,60.11,554,8188,18
2026-08-30T11:15:03Z,225787,9,1356.6,945.3,5201,335,21027,35,53.78,554,8188,17
2026-08-30T11:16:03Z,225847,9,1356.8,945.8,5202,335,21023,34.9,59.21,554,8188,18
2026-08-30T11:17:03Z,225907,9,1356.6,945.5,5199,335,21075,34.9,58.45,554,8188,17
2026-08-30T11:18:03Z,225967,9,1357.1,945.8,5201,335,21067,35,58.02,554,8188,16
2026-08-30T11:19:04Z,226027,9,1357,945.8,5199,335,21083,34.9,58.67,554,8188,18
2026-08-30T11:20:04Z,226087,9,1357.2,945.9,5201,335,21111,34.8,58.56,554,8188,18
2026-08-30T11:21:04Z,226147,9,1357.6,946.4,5199,334,21097,34.9,56.71,554,8188,15
2026-08-30T11:22:04Z,226208,9,1357.1,946,5201,335,21097,34.9,59.73,554,8188,17
2026-08-30T11:23:04Z,226268,9,1356.8,945.9,5201,335,21095,34.9,58.09,554,8188,17
2026-08-30T11:24:04Z,226328,9,1355.4,944.3,5201,335,21094,34.9,59.34,554,8188,16
2026-08-30T11:25:04Z,226388,9,1356,945.6,5201,335,21014,35,52.76,554,8188,16
2026-08-30T11:26:05Z,226448,9,1356.2,945.4,5201,335,21020,35,57.08,554,8188,16
2026-08-30T11:27:05Z,226508,9,1356.7,945.8,5201,335,21094,34.9,59.84,554,8188,15
2026-08-30T11:28:05Z,226568,9,1357.4,946.7,5202,335,21088,34.9,59.92,554,8188,17
2026-08-30T11:29:05Z,226629,9,1357,946.1,5203,335,21085,34.9,60.07,554,8188,17
2026-08-30T11:30:05Z,226689,9,1357.5,946.2,5201,334,21085,34.9,60,554,8188,17
2026-08-30T11:31:05Z,226749,9,1356.5,945.2,5201,335,21083,34.9,57.76,554,8188,16
2026-08-30T11:32:05Z,226809,9,1390.4,984.6,5210,336,21048,35,60.49,556,8188,20
2026-08-30T11:33:06Z,226869,9,1373.9,956,5203,336,21070,35,56.68,547,8188,19
2026-08-30T11:34:06Z,226929,9,1364.8,944.7,5211,338,21064,35,56.92,546,8188,22
2026-08-30T11:35:06Z,226989,9,1362.2,941.3,5209,338,21003,35,51.76,546,8188,18
2026-08-30T11:36:06Z,227050,9,1362.4,941.5,5209,336,20996,35,59.28,546,8188,23
2026-08-30T11:37:06Z,227110,9,1362,941.1,5206,335,21087,34.9,58.61,546,8188,19
2026-08-30T11:38:06Z,227170,9,1359.8,941.9,5203,335,21085,34.9,55.94,546,8188,22
2026-08-30T11:39:06Z,227230,9,1359.2,941.5,5199,334,21083,34.9,59.74,546,8188,19
2026-08-30T11:40:07Z,227290,9,1363.3,945.2,5201,335,21081,34.9,57.89,546,8188,21
2026-08-30T11:41:07Z,227350,9,1359.4,941.2,5201,335,21087,34.9,56.73,546,8188,16
2026-08-30T11:42:07Z,227410,9,1359,940.7,5202,336,21084,34.9,54.58,546,8188,20
2026-08-30T11:43:07Z,227471,9,1359.5,941.1,5204,336,21074,34.9,51,546,8188,18
2026-08-30T11:44:07Z,227531,9,1359.2,940.9,5202,336,21083,34.9,56.01,546,8188,16
2026-08-30T11:45:07Z,227591,9,1359.3,941.3,5204,336,21025,34.9,48.01,546,8188,16
2026-08-30T11:46:07Z,227651,9,1359.1,941.2,5201,335,21029,34.9,55.26,546,8188,18
2026-08-30T11:47:08Z,227711,9,1359.5,941.5,5203,335,21103,34.8,55.84,546,8188,18
2026-08-30T11:48:08Z,227771,9,1359.9,942.1,5201,335,21112,34.8,54.05,546,8188,17
2026-08-30T11:49:08Z,227831,9,1359.5,941.3,5203,335,21089,34.9,54.48,546,8188,18
2026-08-30T11:50:08Z,227892,9,1360,941.8,5201,334,21095,34.8,55.26,546,8188,18
2026-08-30T11:51:08Z,227952,9,1359.7,941.6,5203,335,21094,34.8,56.66,546,8188,17
2026-08-30T11:52:08Z,228012,9,1359.8,941.5,5201,335,21090,34.9,54.28,546,8188,17
2026-08-30T11:53:09Z,228072,9,1360,942,5201,335,21082,34.9,58.03,546,8188,18
2026-08-30T11:54:09Z,228132,9,1358.7,940.7,5201,335,21078,34.9,53.58,546,8188,18
2026-08-30T11:55:09Z,228192,9,1359.3,941.5,5199,335,21032,34.9,47.39,546,8188,17
2026-08-30T11:56:09Z,228252,9,1359.2,941.4,5203,335,21038,34.9,51.21,546,8188,17
2026-08-30T11:57:09Z,228313,9,1359.9,941.9,5203,335,21108,34.9,57.18,546,8188,17
2026-08-30T11:58:09Z,228373,9,1360.7,943,5203,335,21117,34.8,55.73,546,8188,16
2026-08-30T11:59:09Z,228433,9,1359.8,942.1,5201,334,21109,34.9,53.71,546,8188,17
2026-08-30T12:00:10Z,228493,9,1360.5,942.6,5203,335,21108,34.9,54.55,546,8188,18
2026-08-30T12:01:10Z,228553,9,1359.2,941.1,5203,335,21102,34.9,55.65,546,8188,16
2026-08-30T12:02:10Z,228613,9,1387.9,972.7,5209,336,21071,35,53.18,546,8188,16
2026-08-30T12:03:10Z,228673,9,1363.3,942,5203,336,21084,34.9,59.71,547,8188,19
2026-08-30T12:04:10Z,228734,9,1364.8,950.3,5207,336,21058,35,54.07,551,8188,16
2026-08-30T12:05:10Z,228794,9,1363.7,949.3,5209,336,20993,35.1,53.32,551,8188,16
2026-08-30T12:06:10Z,228854,9,1364,949.6,5207,336,20998,35.1,57.84,551,8188,17
2026-08-30T12:07:11Z,228914,9,1363.6,949.1,5209,335,21076,35,61.5,551,8188,18
2026-08-30T12:08:11Z,228974,9,1358.5,947.4,5203,334,21102,34.8,59.71,551,8188,19
2026-08-30T12:09:11Z,229034,9,1358.4,946.8,5203,335,21104,34.8,57.43,551,8188,16
2026-08-30T12:10:11Z,229094,9,1359.2,947.6,5201,334,21082,34.9,58.04,551,8188,18
2026-08-30T12:11:11Z,229155,9,1358.3,946.9,5203,335,21100,34.9,59.3,551,8188,17
2026-08-30T12:12:11Z,229215,9,1358.6,946.9,5203,335,21098,34.9,60.34,551,8188,17
2026-08-30T12:13:11Z,229275,9,1358.8,947.4,5199,335,21099,34.9,60.28,551,8188,14
2026-08-30T12:14:12Z,229335,9,1358.4,947,5199,335,21045,35,52.99,551,8188,17
2026-08-30T12:15:12Z,229395,9,1359.2,947.6,5197,335,20982,35.1,52.56,551,8188,17
2026-08-30T12:16:12Z,229455,9,1358.4,947,5199,335,20995,35,60.42,551,8188,17
2026-08-30T12:17:12Z,229516,9,1357.4,946,5197,334,21077,34.9,59.38,551,8188,17
2026-08-30T12:18:12Z,229576,9,1356.3,944.5,5199,335,21070,34.9,60.04,551,8188,17
2026-08-30T12:19:12Z,229636,9,1356.7,945.1,5197,334,21071,34.9,56.5,551,8188,16
2026-08-30T12:20:12Z,229696,9,1357.5,945.9,5199,335,21074,34.9,59.19,551,8188,17
2026-08-30T12:21:13Z,229756,9,1357.4,946,5196,335,21071,34.9,62.01,551,8188,17
2026-08-30T12:22:13Z,229816,9,1358.1,946.7,5196,335,21093,34.9,61.92,551,8188,17
2026-08-30T12:23:13Z,229876,9,1357.6,945.9,5196,335,21087,34.9,61.69,551,8188,18
2026-08-30T12:24:13Z,229937,9,1357.8,946.2,5194,335,21091,34.9,58.75,551,8188,17
2026-08-30T12:25:13Z,229997,9,1357.9,946.8,5196,335,21008,35,51.7,551,8188,18
2026-08-30T12:26:13Z,230057,9,1358.3,946.6,5194,335,21003,35,57.39,551,8188,16
2026-08-30T12:27:13Z,230117,9,1358.7,947.2,5196,335,21082,34.9,60.35,551,8188,14
2026-08-30T12:28:14Z,230177,9,1358,946.3,5196,334,21086,34.9,58.41,551,8188,16
2026-08-30T12:29:14Z,230237,9,1358.6,946.9,5198,335,21091,34.9,58.74,551,8188,17
2026-08-30T12:30:14Z,230297,9,1358.5,946.7,5198,335,21084,34.9,58.67,551,8188,17
2026-08-30T12:31:14Z,230358,9,1358.5,947,5198,335,21087,34.9,59.45,551,8188,16
2026-08-30T12:32:14Z,230418,9,1398.2,991.2,5204,336,21045,35,57.74,551,8188,18
2026-08-30T12:33:14Z,230478,9,1371.4,956.5,5200,336,21013,35.2,58.22,547,8188,19
2026-08-30T12:34:14Z,230538,9,1365.3,947.7,5208,338,21046,35,55.52,545,8188,18
2026-08-30T12:35:15Z,230598,9,1365.2,947.5,5204,336,20997,35,50.68,545,8188,16
2026-08-30T12:36:15Z,230658,9,1364.7,946.6,5206,336,21005,35,55.04,545,8188,17
2026-08-30T12:37:15Z,230718,9,1362.3,944.3,5203,334,21085,34.9,55.13,545,8188,18
2026-08-30T12:38:15Z,230779,9,1358.4,943.6,5202,335,21090,34.9,53.34,545,8188,18
2026-08-30T12:39:15Z,230839,9,1357.9,942.8,5194,333,21089,34.9,56.57,545,8188,17
2026-08-30T12:40:15Z,230899,9,1358.6,943.2,5198,335,21087,34.9,54.35,545,8188,17
2026-08-30T12:41:15Z,230959,9,1357.7,942.3,5198,335,21082,34.9,56.33,545,8188,16
2026-08-30T12:42:16Z,231019,9,1358.7,943.4,5194,335,21083,34.9,53.73,545,8188,16
2026-08-30T12:43:16Z,231079,9,1358.6,943.1,5198,335,21074,34.9,55.31,545,8188,17
2026-08-30T12:44:16Z,231139,9,1358.2,943.4,5194,335,21076,34.9,52.61,545,8188,16
2026-08-30T12:45:16Z,231200,9,1358.8,943.7,5196,335,20997,35,49.31,545,8188,16
2026-08-30T12:46:16Z,231260,9,1358.5,943.8,5196,334,21001,35,55.33,545,8188,18
2026-08-30T12:47:16Z,231320,9,1359.4,944.6,5198,335,21065,34.9,56.31,545,8188,18
2026-08-30T12:48:17Z,231380,9,1359.5,944.4,5196,334,21027,35,55.7,545,8188,18
2026-08-30T12:49:17Z,231440,9,1359.9,944.8,5198,335,21105,34.8,53.02,545,8188,17
2026-08-30T12:50:17Z,231500,9,1359.5,944.5,5202,336,21071,34.9,47.72,545,8188,17
2026-08-30T12:51:17Z,231560,9,1360.1,944.9,5199,336,21062,34.9,56.06,545,8188,18
2026-08-30T12:52:17Z,231621,9,1360.5,945.4,5201,336,21072,34.9,54.57,545,8188,17
2026-08-30T12:53:17Z,231681,9,1359.9,944.9,5199,336,21081,34.9,55.44,545,8188,18
2026-08-30T12:54:17Z,231741,9,1360.5,945,5201,336,21071,34.9,53.7,545,8188,17
2026-08-30T12:55:18Z,231801,9,1360.1,944.6,5198,335,20993,35,48.75,545,8188,17
2026-08-30T12:56:18Z,231861,9,1360.3,944.9,5200,335,20981,35.1,54,545,8188,15
2026-08-30T12:57:18Z,231921,9,1360.1,944.8,5198,334,21065,34.9,57.47,545,8188,15
2026-08-30T12:58:18Z,231981,9,1360.4,944.8,5200,335,21068,34.9,56.33,545,8188,16
2026-08-30T12:59:18Z,232042,9,1360.4,945.2,5198,334,21062,35,51.98,545,8188,16
2026-08-30T13:00:18Z,232102,9,1360.1,944.7,5200,335,21068,35,55.03,545,8188,16
2026-08-30T13:01:18Z,232162,9,1359.9,944.6,5200,335,21068,34.9,55.2,545,8188,17
2026-08-30T13:02:19Z,232222,9,1403.7,993.6,5204,336,21022,35.1,55.7,546,8188,23
2026-08-30T13:03:19Z,232282,9,1369.4,947.3,5200,336,21061,35,55.59,547,8188,19
2026-08-30T13:04:19Z,232342,9,1373.3,950,5204,336,21038,35,57.83,546,8188,19
2026-08-30T13:05:19Z,232402,9,1367.2,943.5,5206,336,20971,35,53.77,546,8188,21
2026-08-30T13:06:19Z,232463,9,1370.8,946.9,5202,335,20974,35,58.79,546,8188,22
2026-08-30T13:07:19Z,232523,9,1364.2,940,5203,335,21056,34.9,55.87,546,8188,19
2026-08-30T13:08:19Z,232583,9,1360.4,939.5,5198,334,21057,34.9,56.03,546,8188,21
2026-08-30T13:09:20Z,232643,9,1364.6,943.7,5198,335,21041,35,55.57,546,8188,20
2026-08-30T13:10:20Z,232703,9,1360.4,939.4,5198,335,21044,35,53.85,546,8188,16
2026-08-30T13:11:20Z,232763,9,1360.2,939.1,5200,335,21064,34.9,54.13,546,8188,16
2026-08-30T13:12:20Z,232824,9,1360.7,939.8,5200,335,21063,34.9,55.64,546,8188,17
2026-08-30T13:13:20Z,232884,9,1360.3,939.7,5198,335,21056,34.9,56.56,546,8188,17
2026-08-30T13:14:20Z,232944,9,1360.1,939,5196,335,21063,34.9,55.76,546,8188,17
2026-08-30T13:15:20Z,233004,9,1360.6,939.7,5196,335,20980,35,49.54,546,8188,17
2026-08-30T13:16:21Z,233064,9,1360,938.7,5198,335,21006,34.9,55.37,546,8188,17
2026-08-30T13:17:21Z,233124,9,1360.5,939.3,5196,335,21087,34.9,53.89,546,8188,16
2026-08-30T13:18:21Z,233184,9,1359.3,938.7,5198,335,21018,35,55.84,546,8188,16
2026-08-30T13:19:21Z,233245,9,1359.8,938.7,5198,335,21055,35,56.78,546,8188,18
2026-08-30T13:20:21Z,233305,9,1360.5,939.8,5198,335,21071,34.9,52.91,546,8188,17
2026-08-30T13:21:21Z,233365,9,1360.4,939.7,5198,335,21080,34.9,55.91,546,8188,17
2026-08-30T13:22:22Z,233425,9,1360.2,939.5,5198,335,21062,34.9,54.23,546,8188,19
2026-08-30T13:23:22Z,233485,9,1360,939.1,5200,337,21062,34.9,56.92,546,8188,15
2026-08-30T13:24:22Z,233545,9,1360.6,939.9,5198,337,21060,34.9,55.28,546,8188,20
2026-08-30T13:25:22Z,233605,9,1360.5,939.7,5198,335,20923,35.2,46.17,546,8188,19
2026-08-30T13:26:22Z,233666,9,1360.2,939.1,5196,335,20976,35,52.91,546,8188,16
2026-08-30T13:27:22Z,233726,9,1359.6,938.6,5196,335,20991,35,58.78,546,8188,16
2026-08-30T13:28:22Z,233786,9,1359.4,938.3,5194,334,21061,34.9,53.49,546,8188,17
2026-08-30T13:29:23Z,233846,9,1359.8,939.1,5198,335,21054,35,55.96,546,8188,19
2026-08-30T13:30:23Z,233906,9,1359.6,938.7,5198,335,21096,34.9,50.59,546,8188,17
2026-08-30T13:31:23Z,233966,9,1359.9,938.8,5198,335,21092,34.9,55.93,546,8188,16
2026-08-30T13:32:23Z,234027,9,1361.4,942,5204,336,21084,34.9,55.43,546,8188,22
2026-08-30T13:33:23Z,234087,9,1368.6,952.3,5202,338,21024,35.1,57.9,547,8188,22
2026-08-30T13:34:23Z,234147,9,1365.2,966.5,5210,338,21042,35.1,55.92,560,8188,18
2026-08-30T13:35:23Z,234207,9,1364.8,966.2,5204,336,20918,35.4,52.88,560,8188,15
2026-08-30T13:36:24Z,234267,9,1364.2,966.1,5206,336,20948,35.3,56.28,560,8188,15
2026-08-30T13:37:24Z,234327,9,1362.8,963.9,5203,335,20951,35.2,58.44,560,8188,16
2026-08-30T13:38:24Z,234387,9,1359.4,963.1,5202,335,21062,35,55.89,560,8188,18
2026-08-30T13:39:24Z,234448,9,1359.8,963.6,5200,335,21059,35,60.65,560,8188,15
2026-08-30T13:40:24Z,234508,9,1359.8,963.6,5200,335,21064,35,55.9,560,8188,17
2026-08-30T13:41:24Z,234568,9,1359.6,963.3,5200,335,21075,35,58.92,560,8188,16
2026-08-30T13:42:24Z,234628,9,1360,964.1,5198,335,21078,35,56.28,560,8188,15
2026-08-30T13:43:25Z,234688,9,1359.4,963.4,5198,335,21060,35,56.98,560,8188,16
2026-08-30T13:44:25Z,234748,9,1359.3,963,5196,335,21069,35,57.89,560,8188,15
2026-08-30T13:45:25Z,234808,9,1359,963.1,5198,335,20936,35.3,50.85,560,8188,16
2026-08-30T13:46:25Z,234869,9,1359.4,963.2,5201,336,20984,35.1,59.59,560,8188,15
2026-08-30T13:47:25Z,234929,9,1359.7,963.4,5203,338,20994,35.1,56.99,560,8188,16
2026-08-30T13:48:25Z,234989,9,1359.3,963.6,5203,338,21051,35.1,57.56,560,8188,17
2026-08-30T13:49:26Z,235049,9,1359.8,963.7,5201,336,21050,35,57.1,560,8188,16
2026-08-30T13:50:26Z,235109,9,1359.5,963.4,5201,336,21054,35,53.11,560,8188,15
2026-08-30T13:51:26Z,235169,9,1358.8,962.6,5200,335,21056,35,57.55,560,8188,14
2026-08-30T13:52:26Z,235229,9,1357.8,961.7,5200,335,21060,35,59.15,560,8188,15
2026-08-30T13:53:26Z,235290,9,1358,961.9,5198,335,21079,35,59.55,560,8188,14
2026-08-30T13:54:26Z,235350,9,1358.9,963,5200,335,21076,35,60.58,560,8188,16
2026-08-30T13:55:26Z,235410,9,1357.8,961.7,5203,336,20947,35.3,50.22,560,8188,16
2026-08-30T13:56:27Z,235470,9,1358.6,962.5,5203,336,20993,35.1,52.61,560,8188,16
2026-08-30T13:57:27Z,235530,9,1358.6,962.6,5201,335,21025,35,58.45,560,8188,16
2026-08-30T13:58:27Z,235590,9,1359.1,963.1,5203,336,21064,35,55.97,560,8188,15
2026-08-30T13:59:27Z,235650,9,1359.5,964.1,5205,336,21093,34.9,58.98,560,8188,15
2026-08-30T14:00:27Z,235711,9,1359.2,963.3,5205,336,21092,34.9,58,560,8188,15
2026-08-30T14:01:27Z,235771,9,1358.2,962.6,5205,336,21091,34.9,56.34,560,8188,15
2026-08-30T14:02:27Z,235831,9,1354.5,958.1,5211,336,21097,34.9,58.54,560,8188,15
2026-08-30T14:03:28Z,235891,9,1365.6,948,5202,338,21035,35.1,58.22,547,8188,21
2026-08-30T14:04:28Z,235951,9,1365.3,958.2,5206,336,21054,35,58.44,555,8188,16
2026-08-30T14:05:28Z,236011,9,1365.5,958.5,5208,336,20924,35.3,59.42,555,8188,18
2026-08-30T14:06:28Z,236072,9,1364.4,957.6,5206,336,21012,35,51.93,555,8188,18
2026-08-30T14:07:28Z,236132,9,1365.2,958,5208,336,21023,34.9,60.6,555,8188,16
2026-08-30T14:08:28Z,236192,9,1361.8,957.3,5205,336,21092,34.9,58.65,555,8188,16
2026-08-30T14:09:28Z,236252,9,1362.1,958.2,5200,335,21091,34.9,61.6,555,8188,18
2026-08-30T14:10:29Z,236312,9,1361.1,956.8,5200,335,21077,34.9,54.28,555,8188,15
2026-08-30T14:11:29Z,236372,9,1361.3,956.9,5202,335,21000,35.2,59.73,555,8188,17
2026-08-30T14:12:29Z,236432,9,1359,955.1,5202,335,21017,35.1,58.56,555,8188,16
2026-08-30T14:13:29Z,236493,9,1358.5,954.1,5198,335,21018,35.1,59.08,555,8188,16
2026-08-30T14:14:29Z,236553,9,1359.2,954.9,5200,335,21020,35.1,59.14,555,8188,17
2026-08-30T14:15:29Z,236613,9,1358,953.8,5198,335,20951,35.4,58.45,555,8188,17
2026-08-30T14:16:29Z,236673,9,1358.6,954.2,5200,335,20945,35.2,52.61,555,8188,16
2026-08-30T14:17:30Z,236733,9,1359,954.7,5198,334,21013,35,59.15,555,8188,17
2026-08-30T14:18:30Z,236793,9,1358.7,954.4,5200,335,21047,35,58,555,8188,16
2026-08-30T14:19:30Z,236853,9,1359.3,955,5200,335,21104,34.9,56.58,555,8188,17
2026-08-30T14:20:30Z,236914,9,1358.8,954.2,5198,335,21093,34.9,56.11,555,8188,16
2026-08-30T14:21:30Z,236974,9,1359.1,954.5,5198,335,21097,34.9,61.87,555,8188,17
2026-08-30T14:22:30Z,237034,9,1359,955,5196,335,21026,35.1,60.77,555,8188,16
2026-08-30T14:23:31Z,237094,9,1359.2,954.8,5198,335,21078,34.9,58.98,555,8188,17
2026-08-30T14:24:31Z,237154,9,1359.6,955.3,5196,335,21019,35.2,56.72,555,8188,17
2026-08-30T14:25:31Z,237214,9,1359.3,954.6,5198,335,21041,35.1,56.52,555,8188,15
2026-08-30T14:26:31Z,237274,9,1359.9,955.2,5196,334,20941,35.3,50.04,555,8188,17
2026-08-30T14:27:31Z,237335,9,1359.5,955.1,5198,335,20992,35.1,58.51,555,8188,17
2026-08-30T14:28:31Z,237395,9,1359.9,955.4,5201,336,21060,35,58.8,555,8188,15
2026-08-30T14:29:31Z,237455,9,1359.5,955.1,5203,336,21072,34.9,59.99,555,8188,15
2026-08-30T14:30:31Z,237515,9,1359,954.7,5203,336,21046,35.1,57.32,555,8188,17
2026-08-30T14:31:32Z,237575,9,1358.4,954.1,5201,336,21079,34.9,58.48,555,8188,16
2026-08-30T14:32:32Z,237635,9,1360.4,957.4,5218,336,21040,35.1,60.57,555,8188,18
2026-08-30T14:33:32Z,237695,9,1372,956,5212,338,21023,35.1,55.23,547,8188,19
2026-08-30T14:34:32Z,237756,9,1375.5,964.3,5215,338,21025,35.2,56.86,551,8188,17
2026-08-30T14:35:32Z,237816,9,1371.3,960.2,5211,335,21012,35.2,58.75,551,8188,18
2026-08-30T14:36:32Z,237876,9,1371.5,960.3,5213,336,20958,35.2,53.01,551,8188,16
2026-08-30T14:37:32Z,237936,9,1372,960.7,5212,335,20981,35.1,56.71,551,8188,16
2026-08-30T14:38:33Z,237996,9,1367.4,959.7,5207,335,21079,34.9,60.51,551,8188,16
2026-08-30T14:39:33Z,238056,9,1368.2,960.6,5205,335,21069,34.9,60.3,551,8188,17
2026-08-30T14:40:33Z,238116,9,1367.6,960,5205,335,21041,35,59.49,551,8188,16
2026-08-30T14:41:33Z,238177,9,1368,960.2,5205,335,21074,34.9,56.35,551,8188,18
2026-08-30T14:42:33Z,238237,9,1362.4,955.2,5201,335,21070,34.9,61.61,551,8188,18
2026-08-30T14:43:33Z,238297,9,1361.8,954.6,5207,336,21063,35,59.53,551,8188,17
2026-08-30T14:44:33Z,238357,9,1362.1,954.9,5204,336,21033,35.1,60.74,551,8188,16
2026-08-30T14:45:34Z,238417,9,1361.8,954.2,5208,336,21041,35,58.24,551,8188,17
2026-08-30T14:46:34Z,238477,9,1362.3,954.8,5206,335,20986,35.1,50.92,551,8188,16
2026-08-30T14:47:34Z,238537,9,1361.9,954.4,5208,336,21036,34.9,58.65,551,8188,19
2026-08-30T14:48:34Z,238598,9,1362,954.5,5207,335,21057,35,62.64,551,8188,15
2026-08-30T14:49:34Z,238658,9,1362.6,955.5,5207,335,21090,34.9,57.63,551,8188,16
2026-08-30T14:50:34Z,238718,9,1362.8,955.3,5207,335,21072,35,57.93,551,8188,17
2026-08-30T14:51:34Z,238778,9,1362.2,955,5205,335,21089,34.9,55.77,551,8188,16
2026-08-30T14:52:35Z,238838,9,1361,953.7,5210,335,21084,34.9,61.32,551,8188,16
2026-08-30T14:53:35Z,238898,9,1361.7,954.2,5205,335,21084,34.9,59.36,551,8188,17
2026-08-30T14:54:35Z,238958,9,1362.3,955.1,5207,335,21080,34.9,56.99,551,8188,18
2026-08-30T14:55:35Z,239019,9,1361.4,954.1,5205,334,21078,34.9,57.99,551,8188,18
2026-08-30T14:56:35Z,239079,9,1362.2,954.7,5207,335,21000,35,49.83,551,8188,17
2026-08-30T14:57:35Z,239139,9,1362.1,954.9,5207,335,20993,35,60.65,551,8188,18
2026-08-30T14:58:35Z,239199,9,1361.6,954.9,5207,335,21067,34.9,59.5,551,8188,16
2026-08-30T14:59:36Z,239259,9,1361.7,954.6,5207,335,21065,35,60.22,551,8188,17
2026-08-30T15:00:36Z,239319,9,1361.4,954.2,5205,335,21068,34.9,60.12,551,8188,17
2026-08-30T15:01:36Z,239379,9,1362.1,954.6,5207,335,21089,34.9,56.19,551,8188,17
2026-08-30T15:02:36Z,239440,9,1358.4,956.2,5211,336,21092,34.9,59.09,555,8188,19
2026-08-30T15:03:36Z,239500,9,1368.4,947.6,5250,351,21066,35,55,547,8188,22
2026-08-30T15:04:36Z,239560,9,1365.9,943.6,5254,350,21043,35,56.75,545,8188,19
2026-08-30T15:05:36Z,239620,9,1369.6,946.6,5258,351,21059,34.9,55.4,545,8188,20
2026-08-30T15:06:37Z,239680,9,1363.9,941.1,5256,350,21000,35,49.23,545,8188,20
2026-08-30T15:07:37Z,239740,9,1363,940.2,5257,350,21008,35,54.92,545,8188,15
2026-08-30T15:08:37Z,239800,9,1360.3,939.6,5252,350,21082,34.9,55.49,545,8188,15
2026-08-30T15:09:37Z,239861,9,1360.8,940.4,5248,350,21057,34.9,56.2,545,8188,18
2026-08-30T15:10:37Z,239921,9,1360.2,939.5,5250,350,21076,34.9,55.02,545,8188,17
2026-08-30T15:11:37Z,239981,9,1361.1,940.6,5246,350,21073,34.9,53.75,545,8188,17
2026-08-30T15:12:37Z,240041,9,1360.8,940.4,5248,350,21069,34.9,54.78,545,8188,19
2026-08-30T15:13:38Z,240101,9,1359.1,938.7,5246,350,21064,34.9,54.85,545,8188,17
2026-08-30T15:14:38Z,240161,9,1360,939.6,5250,350,21046,35,56.67,545,8188,15
2026-08-30T15:15:38Z,240221,9,1359.5,939,5248,349,21056,35,52.12,545,8188,17
2026-08-30T15:16:38Z,240282,9,1359.8,939.8,5250,350,21006,35,48.43,545,8188,17
2026-08-30T15:17:38Z,240342,9,1359.7,939.5,5250,350,21018,34.9,54.47,545,8188,18
2026-08-30T15:18:38Z,240402,9,1359.8,939.5,5250,350,21084,34.9,55.03,545,8188,17
2026-08-30T15:19:38Z,240462,9,1360.4,940.4,5250,350,21092,34.9,55.87,545,8188,16
2026-08-30T15:20:39Z,240522,9,1360,939.6,5248,350,21094,34.9,55.28,545,8188,17
2026-08-30T15:21:39Z,240582,9,1360.6,940,5250,350,21090,34.9,53.29,545,8188,16
2026-08-30T15:22:39Z,240642,9,1359.9,939.4,5248,350,21084,34.9,56.9,545,8188,16
2026-08-30T15:23:39Z,240703,9,1359,938.9,5250,350,21077,34.9,55.9,545,8188,16
2026-08-30T15:24:39Z,240763,9,1359.4,939.1,5248,349,21085,34.9,56.59,545,8188,16
2026-08-30T15:25:39Z,240823,9,1359.1,938.6,5246,349,21112,34.8,55.24,545,8188,18
2026-08-30T15:26:39Z,240883,9,1359.8,939.6,5248,350,21014,34.9,45.6,545,8188,16
2026-08-30T15:27:40Z,240943,9,1359.5,939.1,5250,350,21014,34.9,54.48,545,8188,16
2026-08-30T15:28:40Z,241003,9,1359.5,939,5252,353,21099,34.8,56.86,545,8188,16
2026-08-30T15:29:40Z,241063,9,1358.8,938.1,5250,353,21078,34.9,53.83,545,8188,17
2026-08-30T15:30:40Z,241124,9,1357.9,937.7,5252,353,21083,34.9,53.78,545,8188,17
2026-08-30T15:31:40Z,241184,9,1358.8,938.7,5250,353,21080,34.9,51.39,545,8188,16
2026-08-30T15:32:40Z,241244,9,1372.7,1105.5,5282,354,21062,35.5,57.19,661,8188,84
2026-08-30T15:33:40Z,241304,9,1367.6,944.9,5260,355,21024,35.1,55.58,547,8188,19
2026-08-30T15:34:41Z,241364,9,1365.1,941.2,5261,354,21017,35.1,60.06,551,8188,20
2026-08-30T15:35:41Z,241424,9,1363.6,952,5258,353,21058,35,53.97,555,8188,16
2026-08-30T15:36:41Z,241484,9,1364.3,952.6,5260,354,20981,35.1,51.46,555,8188,15
2026-08-30T15:37:41Z,241545,9,1357.6,949.2,5256,353,20978,35,58.24,555,8188,15
2026-08-30T15:38:41Z,241605,9,1357.7,949,5258,353,21097,34.9,58.16,555,8188,15
2026-08-30T15:39:41Z,241665,9,1358.3,950,5254,353,21091,34.9,55.72,555,8188,15
2026-08-30T15:40:42Z,241725,9,1357.9,949.7,5252,353,21093,34.9,59.74,556,8188,17
2026-08-30T15:41:42Z,241785,9,1358.4,949.9,5254,353,21089,34.9,55.89,555,8188,15
2026-08-30T15:42:42Z,241845,9,1362.6,953.9,5250,352,21076,34.9,58.87,555,8188,15
2026-08-30T15:43:42Z,241906,9,1358.6,949.8,5248,352,21079,34.9,56.21,555,8188,16
2026-08-30T15:44:42Z,241966,9,1358.3,949.5,5248,352,21076,34.9,57.14,555,8188,17
2026-08-30T15:45:42Z,242026,9,1358.6,950.1,5250,353,21077,34.9,59.21,555,8188,15
2026-08-30T15:46:42Z,242086,9,1358.6,950.2,5250,353,20999,35,49.66,555,8188,16
2026-08-30T15:47:43Z,242146,9,1358.3,949.5,5250,353,20994,35,56.51,555,8188,18
2026-08-30T15:48:43Z,242206,9,1359.2,950.9,5250,353,21068,34.9,58.18,555,8188,15
2026-08-30T15:49:43Z,242266,9,1359,950.7,5251,354,21065,34.9,57.34,555,8188,15
2026-08-30T15:50:43Z,242327,9,1358.2,949.7,5253,354,21064,34.9,59.47,555,8188,15
2026-08-30T15:51:43Z,242387,9,1358.7,950.5,5255,354,21063,34.9,55.6,555,8188,14
2026-08-30T15:52:43Z,242447,9,1358.4,950,5255,354,21064,34.9,56.34,555,8188,15
2026-08-30T15:53:43Z,242507,9,1359,950.5,5253,353,21084,34.9,58.89,555,8188,15
2026-08-30T15:54:44Z,242567,9,1358.4,950,5254,353,21082,34.9,58.58,555,8188,16
2026-08-30T15:55:44Z,242627,9,1358.2,949.6,5254,353,21088,34.9,58.12,555,8188,16
2026-08-30T15:56:44Z,242687,9,1358.8,950.8,5252,353,21015,35,49.98,556,8188,15
2026-08-30T15:57:44Z,242748,9,1357.6,949,5252,353,21004,35,58.98,555,8188,16
2026-08-30T15:58:44Z,242808,9,1357.6,948.9,5250,353,21081,34.9,57.57,555,8188,17
2026-08-30T15:59:44Z,242868,9,1357.6,949.1,5254,353,21086,34.9,57.58,555,8188,17
2026-08-30T16:00:45Z,242928,9,1358,949.7,5252,353,21079,34.9,58.19,555,8188,17
2026-08-30T16:01:45Z,242988,9,1357.8,949.8,5254,353,21072,34.9,56.47,556,8188,16
2026-08-30T16:02:45Z,243048,9,1377.6,1004.4,5253,353,21058,35.1,58.44,559,8188,21
2026-08-30T16:03:45Z,243109,9,1365.1,942,5261,354,21048,35,56.35,545,8188,21
2026-08-30T16:04:45Z,243169,9,1365.5,942.7,5259,353,20974,35.2,61.16,545,8188,19
2026-08-30T16:05:45Z,243229,9,1365.3,942.5,5263,354,21036,35,52.54,545,8188,20
2026-08-30T16:06:45Z,243289,9,1365.8,943,5263,354,20969,35.1,50.92,545,8188,20
2026-08-30T16:07:46Z,243349,9,1361.6,942.7,5262,354,21017,34.9,55.2,545,8188,21
2026-08-30T16:08:46Z,243409,9,1361.6,942.9,5264,354,21104,34.8,59.39,545,8188,19
2026-08-30T16:09:46Z,243469,9,1361.7,942.6,5256,354,21073,34.9,54.59,545,8188,22
2026-08-30T16:10:46Z,243529,9,1366.1,947.1,5258,354,21088,34.9,58.54,545,8188,20
2026-08-30T16:11:46Z,243590,9,1359.2,940.5,5256,353,20971,35.2,49.94,545,8188,18
2026-08-30T16:12:46Z,243650,9,1359,940.2,5259,355,21024,35,57.89,545,8188,18
2026-08-30T16:13:46Z,243710,9,1359.6,940.8,5251,351,21059,34.9,52.47,545,8188,17
2026-08-30T16:14:47Z,243770,9,1358.7,939.8,5257,353,21066,34.9,56.39,545,8188,17
2026-08-30T16:15:47Z,243830,9,1358.8,939.8,5257,353,21066,34.9,54.61,545,8188,17
2026-08-30T16:16:47Z,243890,9,1359.4,940.5,5255,353,20986,35,49.85,545,8188,19
2026-08-30T16:17:47Z,243951,9,1358.9,939.9,5260,354,21029,35,54.09,545,8188,15
2026-08-30T16:18:47Z,244011,9,1358.5,940,5258,354,21089,35,55.65,545,8188,16
2026-08-30T16:19:47Z,244071,9,1358.6,940.1,5260,354,21093,35,53.21,545,8188,17
2026-08-30T16:20:47Z,244131,9,1358.1,939.1,5258,354,21121,34.9,57.07,545,8188,17
2026-08-30T16:21:48Z,244191,9,1359,940.2,5260,354,21127,34.9,55.05,545,8188,16
2026-08-30T16:22:48Z,244251,9,1358.4,939.4,5257,352,21120,34.9,55.16,545,8188,16
2026-08-30T16:23:48Z,244311,9,1358.8,939.9,5259,353,21117,34.9,55.45,545,8188,18
2026-08-30T16:24:48Z,244372,9,1358.7,939.5,5257,352,21114,34.9,54.76,545,8188,16
2026-08-30T16:25:48Z,244432,9,1359,939.9,5259,353,21071,35,57.98,545,8188,17
2026-08-30T16:26:48Z,244492,9,1359.4,940.4,5262,354,21026,35,50.92,545,8188,16
2026-08-30T16:27:48Z,244552,9,1359.1,939.8,5260,354,21032,35,54.53,545,8188,16
2026-08-30T16:28:49Z,244612,9,1358.6,939.5,5262,354,21107,34.9,56,545,8188,17
2026-08-30T16:29:49Z,244672,9,1358.4,939.1,5260,354,21102,34.9,56.38,545,8188,17
2026-08-30T16:30:49Z,244732,9,1358.6,939.3,5262,354,21095,34.9,54.86,545,8188,17
2026-08-30T16:31:49Z,244793,9,1357.4,938.1,5255,351,21099,34.9,55.42,545,8188,16
2026-08-30T16:32:49Z,244853,9,1366.4,955.6,5255,354,21025,35.2,54.54,551,8188,17
2026-08-30T16:33:49Z,244913,9,1363.6,951.1,5261,355,21048,35.1,61.65,550,8188,20
2026-08-30T16:34:49Z,244973,9,1362.6,949.9,5263,356,21098,35,58.89,550,8188,20
2026-08-30T16:35:50Z,245033,9,1362.2,950.2,5261,354,21097,35,55.6,551,8188,20
2026-08-30T16:36:50Z,245093,9,1362.7,950.9,5261,354,21006,35.1,54.46,551,8188,19
2026-08-30T16:37:50Z,245153,9,1358.2,949.6,5258,354,20991,35.1,55.4,551,8188,20
2026-08-30T16:38:50Z,245214,9,1359.3,950.3,5256,354,21113,34.9,60.8,551,8188,20
2026-08-30T16:39:50Z,245274,9,1363.4,954.6,5256,354,21107,34.9,61.08,551,8188,18
2026-08-30T16:40:50Z,245334,9,1359.4,950.8,5254,354,21105,34.9,60.75,551,8188,19
2026-08-30T16:41:50Z,245394,9,1357.5,948.3,5255,353,21107,34.9,59.02,551,8188,18
2026-08-30T16:42:51Z,245454,9,1357.9,949,5251,353,21104,34.9,57.73,551,8188,16
2026-08-30T16:43:51Z,245514,9,1358.5,949.5,5253,353,21099,34.9,57.65,551,8188,16
2026-08-30T16:44:51Z,245574,9,1357.5,948.4,5253,353,21103,34.9,61.38,551,8188,18
2026-08-30T16:45:51Z,245635,9,1358.7,949.5,5256,354,21103,34.9,58.76,551,8188,18
2026-08-30T16:46:51Z,245695,9,1358.3,949.3,5256,354,21017,35,54.56,551,8188,17
2026-08-30T16:47:51Z,245755,9,1358.2,949.4,5256,354,21026,35,55.22,551,8188,16
2026-08-30T16:48:51Z,245815,9,1358.3,949.5,5256,354,21117,34.9,60.51,551,8188,16
2026-08-30T16:49:52Z,245875,9,1358.2,949,5254,354,21098,34.9,50.83,551,8188,17
2026-08-30T16:50:52Z,245935,9,1358.7,949.7,5255,353,21095,34.9,58.54,551,8188,15
2026-08-30T16:51:52Z,245995,9,1358.7,950,5254,353,21105,34.9,57.32,551,8188,17
2026-08-30T16:52:52Z,246056,9,1359.2,950.1,5255,353,21115,34.9,59.36,551,8188,16
2026-08-30T16:53:52Z,246116,9,1359.7,950.9,5253,353,21113,34.9,59.75,551,8188,17
2026-08-30T16:54:52Z,246176,9,1359.3,949.9,5255,353,21118,34.9,60.66,551,8188,19
2026-08-30T16:55:53Z,246236,9,1359.8,950.7,5260,354,21107,34.9,57.27,551,8188,17
2026-08-30T16:56:53Z,246296,9,1359.7,950.8,5261,354,21024,35,53.3,551,8188,19
2026-08-30T16:57:53Z,246356,9,1358.9,949.9,5259,354,21030,35,58.28,551,8188,18
2026-08-30T16:58:53Z,246416,9,1358.8,949.8,5259,354,21097,34.9,60.46,551,8188,17
2026-08-30T16:59:53Z,246477,9,1358.6,949.9,5259,354,21104,34.9,58.49,551,8188,16
2026-08-30T17:00:53Z,246537,9,1359.1,949.9,5256,353,21094,34.9,59.92,551,8188,17
2026-08-30T17:01:53Z,246597,9,1358.6,949.1,5260,353,21076,35,59.27,551,8188,16
2026-08-30T17:02:54Z,246657,9,1366.2,950.7,5254,354,21084,35,58.83,547,8188,19
2026-08-30T17:03:54Z,246717,9,1366.7,949.6,5262,354,21074,35,57.25,546,8188,19
2026-08-30T17:04:54Z,246777,9,1366.4,949.5,5264,354,21094,34.9,58.08,546,8188,22
2026-08-30T17:05:54Z,246838,9,1366.5,961.2,5264,354,21075,35,56.17,555,8188,17
2026-08-30T17:06:54Z,246898,9,1367.1,961.8,5264,354,21002,35.1,54.46,555,8188,18
2026-08-30T17:07:54Z,246958,9,1363.6,961,5261,354,21001,35,57.62,555,8188,17
2026-08-30T17:08:54Z,247018,9,1364,961.6,5259,354,21072,35,59.18,555,8188,17
2026-08-30T17:09:55Z,247078,9,1363.8,961.7,5256,353,21049,35.1,58.55,555,8188,17
2026-08-30T17:10:55Z,247138,9,1364,961.9,5258,353,21055,35.1,60.38,555,8188,18
2026-08-30T17:11:55Z,247198,9,1360.9,958.6,5256,353,21077,35,58.5,555,8188,16
2026-08-30T17:12:55Z,247259,9,1361.3,959.1,5256,353,21071,35,57.18,555,8188,16
2026-08-30T17:13:55Z,247319,9,1361.1,958.9,5259,354,21066,35,58.19,555,8188,17
2026-08-30T17:14:55Z,247379,9,1360.9,958.5,5259,354,21098,34.9,60.4,555,8188,16
2026-08-30T17:15:55Z,247439,9,1361.1,958.5,5259,354,21090,34.9,60.18,555,8188,17
2026-08-30T17:16:56Z,247499,9,1360.8,958.5,5259,354,20991,35.1,50.35,555,8188,16
2026-08-30T17:17:56Z,247559,9,1361.2,958.8,5261,354,21014,35,58.02,555,8188,16
2026-08-30T17:18:56Z,247619,9,1360.9,958.5,5256,353,21017,35.1,56.9,555,8188,14
2026-08-30T17:19:56Z,247680,9,1360.7,958,5258,353,21067,35,58.25,555,8188,17
2026-08-30T17:20:56Z,247740,9,1361.3,958.5,5256,353,21075,35,59.84,555,8188,17
2026-08-30T17:21:56Z,247800,9,1360.1,957.3,5256,353,21077,35,61.79,555,8188,17
2026-08-30T17:22:56Z,247860,9,1359.6,957,5256,352,21069,35,58.78,555,8188,15
2026-08-30T17:23:57Z,247920,9,1360.8,958.2,5259,355,21074,35,60.99,555,8188,16
2026-08-30T17:24:57Z,247980,9,1360.2,957.9,5261,356,21074,35,58.79,555,8188,18
2026-08-30T17:25:57Z,248040,9,1361.1,958.7,5259,354,21060,35,58.83,555,8188,15
2026-08-30T17:26:57Z,248101,9,1360.1,957.5,5259,354,21010,35,51.78,555,8188,16
2026-08-30T17:27:57Z,248161,9,1360,957.3,5259,354,21009,35,58.97,555,8188,17
2026-08-30T17:28:57Z,248221,9,1361,958.4,5261,354,21079,35,59.17,555,8188,18
2026-08-30T17:29:58Z,248281,9,1360.4,957.6,5258,353,21085,34.9,60.25,555,8188,14
2026-08-30T17:30:58Z,248341,9,1361.3,958.6,5260,353,21087,34.9,58.5,555,8188,16
2026-08-30T17:31:58Z,248401,9,1360.9,958.1,5258,353,21082,34.9,58.2,555,8188,17
2026-08-30T17:32:58Z,248461,9,1378,956.8,5258,354,21047,35,58.62,547,8188,19
2026-08-30T17:33:58Z,248522,9,1369,946.1,5266,356,21012,35.1,57.26,545,8188,21
2026-08-30T17:34:58Z,248582,9,1365.2,942,5266,356,21067,35,54.4,545,8188,16
2026-08-30T17:35:58Z,248642,9,1366.2,951.6,5264,354,21055,35,56.85,551,8188,19
2026-08-30T17:36:59Z,248702,9,1365.6,950.7,5264,354,20971,35.1,52.96,551,8188,17
2026-08-30T17:37:59Z,248762,9,1360.2,948.3,5261,354,20989,35.1,57.15,551,8188,17
2026-08-30T17:38:59Z,248822,9,1360.3,948.6,5256,353,21067,35,61.34,551,8188,17
2026-08-30T17:39:59Z,248883,9,1360.5,948.8,5256,353,21119,34.9,57.84,551,8188,16
2026-08-30T17:40:59Z,248943,9,1360.1,948.4,5256,353,21110,34.9,60.46,551,8188,18
2026-08-30T17:41:59Z,249003,9,1358.9,947.2,5258,353,21112,34.9,58.98,551,8188,16
2026-08-30T17:42:59Z,249063,9,1359.6,947.8,5257,353,21096,34.9,57.95,551,8188,17
2026-08-30T17:44:00Z,249123,9,1359.6,948.3,5259,354,21082,34.9,56.1,551,8188,15
2026-08-30T17:45:00Z,249183,9,1360.1,948.5,5259,354,21094,34.9,60.69,551,8188,18
2026-08-30T17:46:00Z,249243,9,1360.2,948.3,5257,354,21091,34.9,58.37,551,8188,16
2026-08-30T17:47:00Z,249304,9,1359.9,948.4,5258,354,21087,34.9,59.1,551,8188,16
2026-08-30T17:48:00Z,249364,9,1359.6,948,5254,353,21004,35,49.4,551,8188,19
2026-08-30T17:49:00Z,249424,9,1354.6,942.4,5258,353,20988,35.1,56.07,551,8188,18
2026-08-30T17:50:00Z,249484,9,1359.5,947.7,5256,353,21079,35,57.75,551,8188,16
2026-08-30T17:51:01Z,249544,9,1357.8,945.9,5258,353,21079,34.9,60.11,551,8188,17
2026-08-30T17:52:01Z,249604,9,1358.5,946.5,5256,352,21081,34.9,59.85,551,8188,16
2026-08-30T17:53:01Z,249664,9,1359.5,947.7,5263,356,21073,35,60.68,551,8188,17
2026-08-30T17:54:01Z,249725,9,1359.2,947.3,5263,356,21064,35,56.08,551,8188,16
2026-08-30T17:55:01Z,249785,9,1359.9,948.2,5261,354,21098,34.9,59.55,551,8188,17
2026-08-30T17:56:01Z,249845,9,1359.6,948,5261,354,21095,34.9,57.71,551,8188,16
2026-08-30T17:57:01Z,249905,9,1359.9,948.2,5259,354,21084,34.9,59.1,551,8188,15
2026-08-30T17:58:02Z,249965,9,1360.6,948.8,5260,353,21008,35,51.17,551,8188,16
2026-08-30T17:59:02Z,250025,9,1360.4,948.5,5258,353,21010,35,57.78,551,8188,16
2026-08-30T18:00:02Z,250085,9,1360,947.9,5260,353,21087,34.9,59.1,551,8188,18
2026-08-30T18:01:02Z,250146,9,1358.9,946.4,5258,353,21091,34.9,57.06,551,8188,17
2026-08-30T18:02:02Z,250206,9,1359.3,947.4,5260,353,21089,34.9,57.63,551,8188,17
2026-08-30T18:03:02Z,250266,9,1371.9,954.8,5259,356,21063,35,57.92,547,8188,19
2026-08-30T18:04:03Z,250326,9,1369.7,950.3,5266,356,21047,35,55.85,545,8188,21
2026-08-30T18:05:03Z,250386,9,1367.5,947.2,5264,355,21066,35,57.12,545,8188,19
2026-08-30T18:06:03Z,250446,9,1367.6,958.8,5262,354,21055,35.1,54.56,554,8188,17
2026-08-30T18:07:03Z,250507,9,1367.1,958.8,5262,354,21058,35.1,59.54,554,8188,16
2026-08-30T18:08:03Z,250567,9,1363.8,957.8,5258,353,20982,35.1,50.33,554,8188,16
2026-08-30T18:09:03Z,250627,9,1363.6,957.9,5256,353,21019,35,58.85,554,8188,16
2026-08-30T18:10:03Z,250687,9,1364,958.3,5254,353,20935,35.4,44.55,554,8188,18
2026-08-30T18:11:04Z,250747,9,1363.8,957.9,5257,353,20860,35.5,42.04,554,8188,17
2026-08-30T18:12:04Z,250807,9,1360.5,954.5,5250,352,20923,35.4,60.86,554,8188,19
2026-08-30T18:13:04Z,250867,9,1361.3,955.5,5252,353,20976,35.2,60.47,554,8188,17
2026-08-30T18:14:04Z,250928,9,1361.1,955.5,5254,353,21016,35.1,54.64,554,8188,16
2026-08-30T18:15:04Z,250988,9,1361.7,955.8,5254,353,21033,35.1,58.68,554,8188,15
2026-08-30T18:16:04Z,251048,9,1361.9,956.9,5257,354,21058,35,58.68,554,8188,18
2026-08-30T18:17:05Z,251108,9,1362.1,957,5255,354,21052,35,59.53,554,8188,19
2026-08-30T18:18:05Z,251168,9,1362.4,957.3,5257,354,20923,35.2,49.71,554,8188,19
2026-08-30T18:19:05Z,251228,9,1360.5,955,5255,354,20959,35.2,56.04,554,8188,17
2026-08-30T18:20:05Z,251288,9,1361,955.8,5257,354,21039,35.1,59.68,554,8188,17
2026-08-30T18:21:05Z,251349,9,1361.5,956.2,5258,353,21064,35,60.66,554,8188,16
2026-08-30T18:22:05Z,251409,9,1360.5,955.3,5260,354,21075,34.9,61.24,554,8188,17
2026-08-30T18:23:05Z,251469,9,1361.4,956.1,5260,354,21069,35,60.89,554,8188,16
2026-08-30T18:24:05Z,251529,9,1361,955.9,5260,354,21061,35,56.79,554,8188,16
2026-08-30T18:25:06Z,251589,9,1361.4,956.4,5260,354,21068,35,59.97,554,8188,16
2026-08-30T18:26:06Z,251649,9,1361.8,956.2,5257,353,21066,35,59.43,554,8188,18
2026-08-30T18:27:06Z,251709,9,1362,956.6,5259,353,21087,34.9,58.18,554,8188,17
2026-08-30T18:28:06Z,251770,9,1362.6,957,5257,353,21022,35,50.89,554,8188,16
2026-08-30T18:29:06Z,251830,9,1362.4,956.5,5259,353,21008,35,59.09,554,8188,18
2026-08-30T18:30:06Z,251890,9,1362.6,956.8,5257,352,21096,34.9,58.26,554,8188,17
2026-08-30T18:31:06Z,251950,9,1362.4,956.4,5259,353,21097,34.9,61.47,554,8188,18
2026-08-30T18:32:07Z,252010,9,1413.4,1013.5,5266,353,21030,35.1,60.46,556,8188,24
2026-08-30T18:33:07Z,252070,9,1371.4,955.6,5259,354,21068,35,59.36,547,8188,19
2026-08-30T18:34:07Z,252130,9,1368.8,951.6,5263,356,20985,35.3,54.04,545,8188,20
2026-08-30T18:35:07Z,252191,9,1366.3,948.2,5263,356,21041,35.1,60.43,545,8188,20
2026-08-30T18:36:07Z,252251,9,1366.4,948.4,5267,354,21038,35.1,52.24,545,8188,21
2026-08-30T18:37:07Z,252311,9,1366.2,948.2,5263,354,21042,35.1,59.77,545,8188,20
2026-08-30T18:38:07Z,252371,9,1361,945.8,5260,354,20962,35.1,49.05,545,8188,20
2026-08-30T18:39:08Z,252431,9,1360.9,945.8,5258,354,20928,35.2,60.77,545,8188,20
2026-08-30T18:40:08Z,252491,9,1360.9,945.5,5260,354,20777,35.4,41.83,545,8188,22
2026-08-30T18:41:08Z,252551,9,1360.8,945.3,5256,353,20798,35.6,38,545,8188,21
2026-08-30T18:42:08Z,252612,9,1361.1,945.9,5260,355,20900,35.3,46.65,545,8188,20
2026-08-30T18:43:08Z,252672,9,1361.7,946.5,5260,355,20947,35.1,59.42,545,8188,20
2026-08-30T18:44:08Z,252732,9,1365.4,949.8,5257,353,20963,35.1,51.98,545,8188,21
2026-08-30T18:45:09Z,252792,9,1361.9,946.6,5257,353,20980,35,57.75,545,8188,21
2026-08-30T18:46:09Z,252852,9,1360.8,945.5,5255,353,20980,35,54.51,545,8188,17
2026-08-30T18:47:09Z,252912,9,1361,945.6,5257,353,21015,34.9,57.13,545,8188,18
2026-08-30T18:48:09Z,252973,9,1361.3,946,5255,353,20928,35,49.26,545,8188,17
2026-08-30T18:49:09Z,253033,9,1361.2,945.6,5259,353,20945,35.1,53.85,545,8188,17
2026-08-30T18:50:09Z,253093,9,1361.6,946.4,5260,353,21015,34.9,52.11,545,8188,16
2026-08-30T18:51:09Z,253153,9,1361.3,945.9,5262,354,21051,34.9,55.44,545,8188,17
2026-08-30T18:52:10Z,253213,9,1361.4,946,5261,354,21048,34.9,56.82,545,8188,18
2026-08-30T18:53:10Z,253273,9,1362.1,946.9,5261,354,21046,34.9,55.86,545,8188,20
2026-08-30T18:54:10Z,253333,9,1360.4,944.9,5261,354,21045,34.9,51.44,545,8188,16
2026-08-30T18:55:10Z,253394,9,1360.6,945.2,5258,353,21044,34.9,55.43,545,8188,17
2026-08-30T18:56:10Z,253454,9,1360.3,945,5258,353,21048,34.8,56.05,545,8188,18
2026-08-30T18:57:10Z,253514,9,1360.5,945.3,5256,353,21032,34.9,55.43,545,8188,19
2026-08-30T18:58:10Z,253574,9,1361.5,946.3,5260,353,20934,35,49.57,545,8188,17
2026-08-30T18:59:11Z,253634,9,1360.8,945.4,5258,352,20958,35,53.14,545,8188,18
2026-08-30T19:00:11Z,253694,9,1361.4,946.2,5260,353,20946,35.3,52.42,545,8188,16
2026-08-30T19:01:11Z,253754,9,1361.4,946,5258,352,21007,35.1,56.12,545,8188,17
2026-08-30T19:02:11Z,253815,9,1370.7,957.3,5266,354,20986,35.1,55.94,546,8188,16
2026-08-30T19:03:11Z,253875,9,1370.1,951.7,5256,354,20855,35.3,52.73,547,8188,20
2026-08-30T19:04:11Z,253935,9,1371.9,952.3,5260,354,20924,35.2,55.18,545,8188,20
2026-08-30T19:05:12Z,253995,9,1368.4,948.8,5262,354,21032,34.9,57.72,545,8188,20
2026-08-30T19:06:12Z,254055,9,1368.4,949.1,5260,354,21033,34.9,53.39,545,8188,20
2026-08-30T19:07:12Z,254115,9,1372.2,953,5261,353,21023,35,57.44,545,8188,22
2026-08-30T19:08:12Z,254175,9,1364.1,947.7,5259,353,20937,35,47.66,545,8188,18
2026-08-30T19:09:12Z,254236,9,1364.1,947.5,5259,354,20958,35,54.69,545,8188,21
2026-08-30T19:10:12Z,254296,9,1363.7,947.5,5257,353,20992,35,55.82,545,8188,17
2026-08-30T19:11:12Z,254356,9,1363.5,946.9,5259,354,21018,35,55.01,545,8188,18
2026-08-30T19:12:12Z,254416,9,1361,944.6,5259,354,21028,34.9,54.56,545,8188,18
2026-08-30T19:13:13Z,254476,9,1361.6,945.4,5256,353,20940,35.1,56.2,545,8188,19
2026-08-30T19:14:13Z,254536,9,1362,945.6,5256,353,20973,35.1,55.18,545,8188,19
2026-08-30T19:15:13Z,254596,9,1362.1,945.9,5254,353,21015,34.9,55.26,545,8188,17
2026-08-30T19:16:13Z,254657,9,1361.3,945.2,5256,353,21016,35,55.83,545,8188,17
2026-08-30T19:17:13Z,254717,9,1360.7,944.4,5256,353,21019,34.9,53.28,545,8188,17
2026-08-30T19:18:13Z,254777,9,1361.2,945.1,5256,353,20895,35.2,49.7,545,8188,17
2026-08-30T19:19:13Z,254837,9,1359.7,943.4,5254,352,20954,35,56.84,545,8188,18
2026-08-30T19:20:14Z,254897,9,1360.2,944,5256,353,20984,34.9,55.98,545,8188,16
2026-08-30T19:21:14Z,254957,9,1360.3,944.1,5258,353,21050,34.9,53.38,545,8188,16
2026-08-30T19:22:14Z,255017,9,1360.8,945,5256,353,21041,34.9,55.62,545,8188,16
2026-08-30T19:23:14Z,255078,9,1361.5,945.5,5256,353,21042,34.9,54.32,545,8188,18
2026-08-30T19:24:14Z,255138,9,1361,944.8,5254,353,21041,34.9,55.72,545,8188,16
2026-08-30T19:25:14Z,255198,9,1361.5,945.3,5256,353,21043,34.9,53.32,545,8188,18
2026-08-30T19:26:14Z,255258,9,1361.6,944.9,5252,353,21039,34.9,53.02,545,8188,18
2026-08-30T19:27:15Z,255318,9,1361.6,944.9,5254,353,21010,35,56.99,545,8188,16
2026-08-30T19:28:15Z,255378,9,1362.1,945.4,5252,352,20919,35.1,50.17,545,8188,17
2026-08-30T19:29:15Z,255438,9,1360.4,943.7,5256,353,20917,35.1,56.74,545,8188,16
2026-08-30T19:30:15Z,255499,9,1361.3,944.7,5254,352,20919,35.1,54.13,545,8188,16
2026-08-30T19:31:15Z,255559,9,1360.9,944.6,5256,353,20995,35.1,55.56,545,8188,17
2026-08-30T19:32:15Z,255619,9,1363,953,5262,354,21028,35,50.06,550,8188,17
2026-08-30T19:33:15Z,255679,9,1374.8,949.9,5256,354,21005,35.1,58.17,547,8188,19
2026-08-30T19:34:16Z,255739,9,1367.9,942,5264,356,21022,35,57.89,545,8188,21
2026-08-30T19:35:16Z,255799,9,1368.1,942.3,5260,354,21024,35,55.76,545,8188,20
2026-08-30T19:36:16Z,255859,9,1371.8,946,5262,354,21022,35,51.53,545,8188,20
2026-08-30T19:37:16Z,255920,9,1371.5,945.9,5259,352,21021,35,55.99,545,8188,21
2026-08-30T19:38:16Z,255980,9,1365.2,942.6,5258,353,20887,35.2,48.18,545,8188,20
2026-08-30T19:39:16Z,256040,9,1364.3,941.3,5254,352,20954,35,54.92,545,8188,19
2026-08-30T19:40:16Z,256100,9,1364.9,942.2,5256,353,20956,35,53.6,545,8188,20
2026-08-30T19:41:17Z,256160,9,1368.2,945.4,5256,353,21027,34.9,56.11,545,8188,22
2026-08-30T19:42:17Z,256220,9,1361.2,938.2,5252,353,21024,34.9,57.68,545,8188,20
2026-08-30T19:43:17Z,256280,9,1361.8,939.1,5254,353,21017,35,55.85,545,8188,20
2026-08-30T19:44:17Z,256341,9,1365.7,943.1,5250,353,21018,35,54.25,545,8188,21
2026-08-30T19:45:17Z,256401,9,1366.5,943.9,5252,353,21012,35,56.66,545,8188,22
2026-08-30T19:46:17Z,256461,9,1366.4,943.8,5250,353,21045,34.9,56.11,545,8188,20
2026-08-30T19:47:18Z,256521,9,1362.4,939.7,5252,353,21042,34.9,56.81,545,8188,22
2026-08-30T19:48:18Z,256581,9,1362.5,939.9,5250,352,20885,35.2,47.92,545,8188,20
2026-08-30T19:49:18Z,256641,9,1361.5,938.4,5252,353,20957,35,55.21,545,8188,22
2026-08-30T19:50:18Z,256701,9,1362.7,939.7,5252,352,20957,35,55.66,545,8188,20
2026-08-30T19:51:18Z,256762,9,1366,943.1,5254,353,21021,34.9,58.33,545,8188,21
2026-08-30T19:52:18Z,256822,9,1360.9,938.3,5254,353,21041,34.9,54.56,545,8188,20
2026-08-30T19:53:18Z,256882,9,1361.6,939,5252,353,21033,34.9,55.73,545,8188,23
2026-08-30T19:54:19Z,256942,9,1360.6,938.1,5254,353,21025,34.9,55.91,545,8188,16
2026-08-30T19:55:19Z,257002,9,1361.7,939,5252,353,21032,34.9,54.97,545,8188,16
2026-08-30T19:56:19Z,257062,9,1361.4,938.6,5254,353,21022,34.9,56.53,545,8188,17
2026-08-30T19:57:19Z,257123,9,1361.8,939.2,5252,352,21028,34.9,54.23,545,8188,16
2026-08-30T19:58:19Z,257183,9,1362.4,939.7,5254,353,20880,35.3,49.92,545,8188,18
2026-08-30T19:59:19Z,257243,9,1360.9,938.3,5252,352,20952,35,56.23,545,8188,17
2026-08-30T20:00:19Z,257303,9,1361.9,939.4,5254,353,20939,35.1,52.56,545,8188,16
2026-08-30T20:01:20Z,257363,9,1361.2,938.8,5254,353,21006,35,54.81,545,8188,17
2026-08-30T20:02:20Z,257423,9,1363.8,943.2,5258,354,21010,35,52.67,546,8188,17
2026-08-30T20:03:20Z,257483,9,1377.8,958.2,5256,354,20962,35.2,57.66,547,8188,20
2026-08-30T20:04:20Z,257544,9,1370.8,948.4,5262,354,20989,35.1,59.45,545,8188,19
2026-08-30T20:05:20Z,257604,9,1366.5,944.2,5262,354,21029,34.9,54.98,545,8188,19
2026-08-30T20:06:20Z,257664,9,1364.8,942.4,5262,354,21021,35,54.8,545,8188,20
2026-08-30T20:07:21Z,257724,9,1365.4,943,5264,354,21010,35,57.87,545,8188,19
2026-08-30T20:08:21Z,257784,9,1362.1,942.8,5259,354,20870,35.3,54.86,545,8188,20
2026-08-30T20:09:21Z,257844,9,1365.8,946,5255,353,20938,35,57.48,545,8188,19
2026-08-30T20:10:21Z,257904,9,1362.1,942.6,5257,354,20933,35,55.86,545,8188,19
2026-08-30T20:11:21Z,257965,9,1361.7,942.1,5256,353,21033,34.9,59.22,545,8188,19
2026-08-30T20:12:21Z,258025,9,1362.4,942.6,5256,353,21013,34.9,59.18,545,8188,19
2026-08-30T20:13:21Z,258085,9,1361.1,941.2,5254,353,21037,34.9,58.98,545,8188,21
2026-08-30T20:14:21Z,258145,9,1361.6,942.4,5254,353,21052,34.9,56.18,545,8188,20
2026-08-30T20:15:22Z,258205,9,1361.8,942.3,5252,353,21045,34.9,57.28,545,8188,20
2026-08-30T20:16:22Z,258265,9,1365.9,946.4,5254,353,21032,34.9,55.56,545,8188,20
2026-08-30T20:17:22Z,258325,9,1361.3,942.1,5253,353,21059,34.8,59.6,545,8188,20
2026-08-30T20:18:22Z,258386,9,1361.3,941.7,5256,353,20833,35.4,53.27,545,8188,21
2026-08-30T20:19:22Z,258446,9,1361.8,942.5,5254,353,20921,35.1,53.89,545,8188,16
2026-08-30T20:20:22Z,258506,9,1361.8,942.6,5256,353,20965,35,57.57,545,8188,21
2026-08-30T20:21:22Z,258566,9,1362.2,943,5256,353,21026,34.9,60.56,545,8188,19
2026-08-30T20:22:23Z,258626,9,1362.7,943.4,5256,353,21014,35,57.43,545,8188,20
2026-08-30T20:23:23Z,258686,9,1362.7,943.2,5256,353,21024,34.9,57.26,545,8188,21
2026-08-30T20:24:23Z,258746,9,1365.4,945.6,5256,353,21010,35,57.11,545,8188,20
2026-08-30T20:25:23Z,258807,9,1366,946.2,5256,353,21020,34.9,54.49,545,8188,23
2026-08-30T20:26:23Z,258867,9,1364.5,944.9,5254,353,21006,35,53.88,545,8188,20
2026-08-30T20:27:23Z,258927,9,1361,941.6,5258,353,21050,34.9,57.15,545,8188,21
2026-08-30T20:28:24Z,258987,9,1360.2,940.5,5254,353,20923,35.2,54.81,545,8188,20
2026-08-30T20:29:24Z,259047,9,1361,941.1,5256,353,20953,35,51.82,545,8188,18
2026-08-30T20:30:24Z,259107,9,1361,941.3,5256,353,20966,35,54.87,545,8188,18
2026-08-30T20:31:24Z,259167,9,1360.9,941.2,5256,353,21040,34.9,55.32,545,8188,15
2026-08-30T20:32:24Z,259228,9,1367.1,949,5276,354,21069,34.8,54.07,545,8188,22
2026-08-30T20:33:24Z,259288,9,1376.5,960,5274,356,20995,35,59.24,546,8188,19
2026-08-30T20:34:24Z,259348,9,1372.2,953.1,5277,356,21036,34.9,59.6,545,8188,21
2026-08-30T20:35:25Z,259408,9,1372.4,953.1,5273,354,21064,34.8,58.06,545,8188,19
2026-08-30T20:36:25Z,259468,9,1371.4,960.1,5275,354,21063,34.8,55.75,550,8188,16
2026-08-30T20:37:25Z,259528,9,1369,957.5,5274,353,21066,34.8,59.87,550,8188,17
2026-08-30T20:38:25Z,259589,9,1366,957.5,5271,353,20998,35.1,58.63,550,8188,16
2026-08-30T20:39:25Z,259649,9,1366,957.4,5267,352,20987,34.9,53.78,550,8188,17
2026-08-30T20:40:25Z,259709,9,1365.3,956.9,5272,354,20992,34.9,60.72,550,8188,16
2026-08-30T20:41:25Z,259769,9,1365.2,956.7,5272,354,21067,34.8,59.31,550,8188,17
2026-08-30T20:42:26Z,259829,9,1365.5,957.4,5270,354,21057,34.8,61.23,550,8188,17
2026-08-30T20:43:26Z,259889,9,1365.9,957.6,5270,354,21078,34.8,58.47,550,8188,16
2026-08-30T20:44:26Z,259949,9,1365.9,957.6,5268,354,21073,34.8,60.63,550,8188,13
2026-08-30T20:45:26Z,260010,9,1366.7,958.5,5269,353,21077,34.8,60.37,550,8188,18
2026-08-30T20:46:26Z,260070,9,1366,957.9,5268,353,21069,34.8,57.82,550,8188,16
2026-08-30T20:47:26Z,260130,9,1365.6,957.3,5269,353,21069,34.8,61.09,550,8188,17
2026-08-30T20:48:27Z,260190,9,1365.2,956.5,5265,352,21051,34.8,62.58,550,8188,15
2026-08-30T20:49:27Z,260250,9,1365.6,957.3,5267,353,21003,34.8,52.72,550,8188,16
2026-08-30T20:50:27Z,260310,9,1365.4,956.9,5267,353,20924,35,54.51,550,8188,18
2026-08-30T20:51:27Z,260370,9,1365.5,957.4,5267,353,21058,34.8,55.91,550,8188,17
2026-08-30T20:52:27Z,260431,9,1366.2,958.1,5267,353,21065,34.8,63.07,550,8188,18
2026-08-30T20:53:27Z,260491,9,1366,957.7,5267,353,21073,34.8,59.48,550,8188,16
2026-08-30T20:54:27Z,260551,9,1363.5,955.2,5267,353,21072,34.8,62.55,550,8188,16
2026-08-30T20:55:28Z,260611,9,1363.3,954.9,5265,353,21071,34.8,57.68,550,8188,16
2026-08-30T20:56:28Z,260671,9,1363.5,955.2,5267,353,21068,34.8,58.75,550,8188,16
2026-08-30T20:57:28Z,260731,9,1363.9,955.4,5263,353,21066,34.8,60.94,550,8188,16
2026-08-30T20:58:28Z,260792,9,1362.2,953.6,5265,353,21057,34.8,60.33,550,8188,17
2026-08-30T20:59:28Z,260852,9,1363.2,954.8,5265,353,20969,34.9,52.99,550,8188,16
2026-08-30T21:00:28Z,260912,9,1362.9,954.6,5265,353,20983,34.9,60.67,550,8188,16
2026-08-30T21:01:28Z,260972,9,1363.3,954.6,5265,353,21053,34.8,57.64,550,8188,18
2026-08-30T21:02:29Z,261032,9,1372.3,966.4,5274,354,21042,34.9,62.8,551,8188,19
2026-08-30T21:03:29Z,261092,9,1371,947.9,5254,354,21003,35,58.46,544,8188,18
2026-08-30T21:04:29Z,261152,9,1370.5,946.4,5258,354,21071,34.8,56.96,543,8188,22
2026-08-30T21:05:29Z,261213,9,1374.4,950.6,5262,354,21082,34.7,55.56,543,8188,20
2026-08-30T21:06:29Z,261273,9,1370,953.2,5260,354,21064,34.8,56.56,548,8188,17
2026-08-30T21:07:29Z,261333,9,1370.3,953.6,5261,353,21059,34.8,59.6,548,8188,18
2026-08-30T21:08:30Z,261393,9,1366.1,953,5259,353,21068,34.8,60.74,548,8188,18
2026-08-30T21:09:30Z,261453,9,1366.4,953.6,5261,354,20989,34.9,52.6,548,8188,18
2026-08-30T21:10:30Z,261513,9,1366.9,954,5259,354,20988,34.9,58.56,548,8188,18
2026-08-30T21:11:30Z,261573,9,1366.9,954.3,5261,354,21054,34.8,56.76,548,8188,16
2026-08-30T21:12:30Z,261634,9,1366.8,954.3,5262,354,21061,34.8,62.57,548,8188,16
2026-08-30T21:13:30Z,261694,9,1362.8,950,5257,354,21055,34.8,59.94,548,8188,15
2026-08-30T21:14:30Z,261754,9,1363.1,950.9,5258,353,21053,34.8,61.87,548,8188,15
2026-08-30T21:15:31Z,261814,9,1363.2,950.6,5257,353,21054,34.8,63.5,548,8188,18
2026-08-30T21:16:31Z,261874,9,1363.6,951,5256,353,21054,34.8,61.2,548,8188,17
2026-08-30T21:17:31Z,261934,9,1363.2,950.4,5254,352,21055,34.8,59.74,548,8188,16
2026-08-30T21:18:31Z,261995,9,1363,950,5256,353,21010,34.9,60.08,548,8188,17
2026-08-30T21:19:31Z,262055,9,1363.3,950.2,5256,353,20963,34.9,51.98,548,8188,16
2026-08-30T21:20:31Z,262115,9,1363.3,950.8,5256,353,20989,34.8,59.68,548,8188,16
2026-08-30T21:21:31Z,262175,9,1363.6,951,5256,353,21054,34.8,60.89,548,8188,18
2026-08-30T21:22:32Z,262235,9,1364.1,951.4,5254,353,21044,34.8,61.38,548,8188,17
2026-08-30T21:23:32Z,262295,9,1362.6,950,5258,355,21064,34.8,59.59,548,8188,17
2026-08-30T21:24:32Z,262355,9,1363.3,950.8,5258,355,21061,34.8,61.55,548,8188,18
2026-08-30T21:25:32Z,262416,9,1363,950.4,5258,353,21062,34.8,58.89,548,8188,17
2026-08-30T21:26:32Z,262476,9,1363.8,951.5,5256,353,21056,34.8,57.99,548,8188,18
2026-08-30T21:27:32Z,262536,9,1363.4,950.8,5258,353,21052,34.8,58.06,548,8188,18
2026-08-30T21:28:33Z,262596,9,1363.2,950.8,5258,353,21051,34.8,62.68,548,8188,17
2026-08-30T21:29:33Z,262656,9,1363.1,950.4,5258,353,20968,34.9,54.49,548,8188,16
2026-08-30T21:30:33Z,262716,9,1362,949.2,5258,353,20975,34.9,60.09,548,8188,16
2026-08-30T21:31:33Z,262777,9,1362.6,950.2,5258,353,21041,34.8,56.31,548,8188,16
2026-08-30T21:32:33Z,262837,9,1358,946.6,5264,354,21069,34.7,63.77,549,8188,20
2026-08-30T21:33:33Z,262897,9,1368.2,946.6,5257,356,21011,34.9,57.34,544,8188,19
2026-08-30T21:34:33Z,262957,9,1368.1,945.4,5265,356,21040,34.8,59,543,8188,20
2026-08-30T21:35:34Z,263017,9,1367.7,944.8,5261,354,21046,34.8,56.07,543,8188,22
2026-08-30T21:36:34Z,263077,9,1372,949.5,5263,354,21035,34.9,52.81,543,8188,19
2026-08-30T21:37:34Z,263137,9,1367.1,944.3,5256,351,21030,34.8,55.9,543,8188,21
2026-08-30T21:38:34Z,263198,9,1368.5,948.5,5260,354,21027,34.8,58.78,543,8188,20
2026-08-30T21:39:34Z,263258,9,1365.2,945.5,5260,354,20959,34.9,52.02,543,8188,21
2026-08-30T21:40:34Z,263318,9,1365.2,945.4,5260,354,20956,34.9,58.84,543,8188,21
2026-08-30T21:41:34Z,263378,9,1365.5,945.6,5260,354,21032,34.8,53.77,543,8188,21
2026-08-30T21:42:35Z,263438,9,1367,947,5256,354,21028,34.8,60.3,543,8188,20
2026-08-30T21:43:35Z,263498,9,1363.7,943.4,5260,354,21052,34.8,54.87,543,8188,20
2026-08-30T21:44:35Z,263558,9,1364.3,943.9,5258,354,21042,34.8,57.65,543,8188,21
2026-08-30T21:45:35Z,263619,9,1364.3,944.2,5260,354,21042,34.8,57.13,543,8188,21
2026-08-30T21:46:35Z,263679,9,1363.8,943.9,5258,353,21056,34.8,55.73,543,8188,21
2026-08-30T21:47:35Z,263739,9,1368.5,948.6,5260,354,21059,34.7,56.67,543,8188,21
2026-08-30T21:48:36Z,263799,9,1366.5,946.7,5259,353,21049,34.8,56.6,543,8188,19
2026-08-30T21:49:36Z,263859,9,1363.7,944,5259,353,20950,34.9,49.81,543,8188,19
2026-08-30T21:50:36Z,263919,9,1363.4,943.4,5257,353,20964,34.9,56.29,543,8188,16
2026-08-30T21:51:36Z,263980,9,1363.5,943.5,5255,353,21047,34.8,54.1,543,8188,18
2026-08-30T21:52:36Z,264040,9,1363.4,943.7,5257,353,21044,34.8,56.32,543,8188,17
2026-08-30T21:53:36Z,264100,9,1363.5,943.6,5257,353,21035,34.8,54.73,543,8188,18
2026-08-30T21:54:36Z,264160,9,1364.1,944.3,5259,353,21038,34.8,56.31,543,8188,18
2026-08-30T21:55:37Z,264220,9,1363.5,943.4,5257,352,21045,34.8,57.79,543,8188,17
2026-08-30T21:56:37Z,264280,9,1364.3,944.2,5259,353,21039,34.8,52.83,543,8188,16
2026-08-30T21:57:37Z,264340,9,1364,944,5257,352,21039,34.8,55.91,543,8188,17
2026-08-30T21:58:37Z,264401,9,1364.3,944.2,5259,353,21031,34.8,57.16,543,8188,19
2026-08-30T21:59:37Z,264461,9,1364.6,944.6,5259,353,20947,34.9,47.39,543,8188,18
2026-08-30T22:00:37Z,264521,9,1364,943.8,5259,353,20992,34.8,53.58,543,8188,18
2026-08-30T22:01:37Z,264581,9,1364.5,944.3,5259,353,21062,34.8,53.81,543,8188,17
2026-08-30T22:02:38Z,264641,9,1373,954.6,5265,356,21029,34.8,56.25,543,8188,19
2026-08-30T22:03:38Z,264701,9,1369,949.9,5257,356,21039,34.8,58.86,544,8188,20
2026-08-30T22:04:38Z,264761,9,1368.7,948.6,5259,354,21052,34.8,61,543,8188,21
2026-08-30T22:05:38Z,264822,9,1368.5,948.1,5263,354,21057,34.8,60.45,543,8188,22
2026-08-30T22:06:38Z,264882,9,1368.3,960.5,5261,353,21038,34.9,56.31,552,8188,18
2026-08-30T22:07:38Z,264942,9,1366,957.9,5262,353,21044,34.9,58.07,552,8188,15
2026-08-30T22:08:38Z,265002,9,1363.1,957.4,5259,353,21049,34.8,61.73,552,8188,16
2026-08-30T22:09:39Z,265062,9,1363.3,957.7,5257,353,20965,34.9,53.18,552,8188,17
2026-08-30T22:10:39Z,265122,9,1363,957.4,5257,353,20982,34.9,59.97,552,8188,16
2026-08-30T22:11:39Z,265182,9,1362.4,957.2,5254,353,20998,35,58.09,552,8188,16
2026-08-30T22:12:39Z,265243,9,1361.5,955.9,5255,353,21028,34.9,60.36,552,8188,18
2026-08-30T22:13:39Z,265303,9,1362,956.5,5253,353,21063,34.8,60.3,552,8188,18
2026-08-30T22:14:39Z,265363,9,1362.6,957.5,5255,353,21058,34.8,61.49,552,8188,15
2026-08-30T22:15:40Z,265423,9,1362.3,956.9,5253,352,21062,34.8,57.28,552,8188,17
2026-08-30T22:16:40Z,265483,9,1362.8,957.4,5255,353,21061,34.8,61.14,552,8188,17
2026-08-30T22:17:40Z,265543,9,1362.4,957.1,5255,353,21058,34.8,58.02,552,8188,17
2026-08-30T22:18:40Z,265604,9,1362.6,957,5255,353,21049,34.8,62.64,552,8188,17
2026-08-30T22:19:40Z,265664,9,1363,957.6,5255,353,20967,34.9,51.43,552,8188,16
2026-08-30T22:20:40Z,265724,9,1361.4,956.1,5253,353,20960,34.9,60.42,552,8188,16
2026-08-30T22:21:40Z,265784,9,1361,955.6,5255,353,21037,34.9,60.65,552,8188,17
2026-08-30T22:22:41Z,265844,9,1360.7,955.7,5253,353,21034,34.9,59.38,552,8188,17
2026-08-30T22:23:41Z,265904,9,1361.3,956.1,5255,353,20835,35,57.68,552,8188,17
2026-08-30T22:24:41Z,265964,9,1360.7,955.6,5253,352,21040,34.9,61.12,552,8188,18
2026-08-30T22:25:41Z,266025,9,1360.7,955.9,5251,352,21040,34.9,60.3,552,8188,19
2026-08-30T22:26:41Z,266085,9,1360.9,955.8,5251,352,21035,34.9,62.26,552,8188,17
2026-08-30T22:27:41Z,266145,9,1361,955.9,5255,353,21032,34.9,58.95,552,8188,15
2026-08-30T22:28:42Z,266205,9,1360.5,955.2,5255,353,21042,34.8,58.49,552,8188,17
2026-08-30T22:29:42Z,266265,9,1360.2,955.1,5253,353,20956,35,54.65,552,8188,16
2026-08-30T22:30:42Z,266325,9,1360.1,954.7,5255,353,20962,34.9,60.86,552,8188,15
2026-08-30T22:31:42Z,266385,9,1360.4,955,5253,353,21043,34.8,60.96,552,8188,17
2026-08-30T22:32:42Z,266446,9,1399.9,1054.7,5257,354,20993,35.2,57.96,585,8188,1
2026-08-30T22:33:42Z,266506,9,1370.2,953.1,5262,356,20961,35.1,57.06,544,8188,20
2026-08-30T22:34:42Z,266566,9,1368.2,949.7,5263,356,21039,34.8,61.24,544,8188,18
2026-08-30T22:35:43Z,266626,9,1368.4,949.9,5261,353,21041,34.8,60.08,544,8188,20
2026-08-30T22:36:43Z,266686,9,1368.5,963.8,5263,354,21049,34.8,57.73,553,8188,20
2026-08-30T22:37:43Z,266746,9,1365.1,963.2,5259,353,21060,34.8,60.1,553,8188,21
2026-08-30T22:38:43Z,266807,9,1369.1,966.9,5261,353,21055,34.8,61.19,553,8188,20
2026-08-30T22:39:43Z,266867,9,1365.3,963.4,5257,353,20981,34.9,55.89,553,8188,16
2026-08-30T22:40:43Z,266927,9,1364.8,962.6,5255,353,20982,34.9,59.36,553,8188,17
2026-08-30T22:41:43Z,266987,9,1363.1,960.7,5257,353,21057,34.8,59.51,553,8188,14
2026-08-30T22:42:44Z,267047,9,1362.9,960.7,5253,353,21051,34.8,59.41,553,8188,18
2026-08-30T22:43:44Z,267107,9,1362.8,960.8,5255,353,21066,34.8,63.03,553,8188,17
2026-08-30T22:44:44Z,267167,9,1363.4,961.4,5253,352,21066,34.8,62.45,553,8188,18
2026-08-30T22:45:44Z,267227,9,1362,960.2,5255,353,21064,34.7,61,553,8188,17
2026-08-30T22:46:44Z,267288,9,1363,961.2,5253,352,21067,34.8,62.06,553,8188,18
2026-08-30T22:47:44Z,267348,9,1363.1,961,5255,353,21063,34.8,57.65,553,8188,16
2026-08-30T22:48:44Z,267408,9,1363.4,961.9,5255,353,21051,34.8,61.13,553,8188,18
2026-08-30T22:49:45Z,267468,9,1363.9,962.3,5253,353,20977,34.9,52.87,553,8188,17
2026-08-30T22:50:45Z,267528,9,1363.3,961.9,5256,353,20975,34.9,61.13,553,8188,18
2026-08-30T22:51:45Z,267588,9,1362.7,960.9,5251,353,21097,34.7,58.42,553,8188,17
2026-08-30T22:52:45Z,267648,9,1362.5,960.5,5253,353,21095,34.7,57.82,553,8188,17
2026-08-30T22:53:45Z,267709,9,1362.9,961.1,5251,352,21082,34.8,60.5,553,8188,17
2026-08-30T22:54:45Z,267769,9,1362.9,961,5255,353,21078,34.7,61.49,553,8188,16
2026-08-30T22:55:45Z,267829,9,1361.6,959.8,5254,352,21059,34.8,55.21,553,8188,17
2026-08-30T22:56:46Z,267889,9,1362.5,960.7,5260,356,21069,34.8,60.68,553,8188,17
2026-08-30T22:57:46Z,267949,9,1362.5,960.3,5262,356,21064,34.8,57.81,553,8188,16
2026-08-30T22:58:46Z,268009,9,1362.3,960.2,5256,354,21067,34.8,62.72,553,8188,18
2026-08-30T22:59:46Z,268069,9,1362.1,960,5258,354,20989,34.9,51.84,553,8188,16
2026-08-30T23:00:46Z,268130,9,1362.6,960.6,5255,353,20983,34.9,60.9,553,8188,16
2026-08-30T23:01:46Z,268190,9,1363.3,961.4,5257,353,21058,34.8,61.11,553,8188,18
2026-08-30T23:02:46Z,268250,9,1378.2,974.5,5255,353,21028,34.9,58.52,544,8188,20
2026-08-30T23:03:47Z,268310,9,1368.5,943.7,5263,354,21044,34.8,57.01,543,8188,20
2026-08-30T23:04:47Z,268370,9,1369,944.2,5261,353,21061,34.8,58.97,543,8188,21
2026-08-30T23:05:47Z,268430,9,1372.5,947.6,5263,354,21084,34.7,55.91,543,8188,21
2026-08-30T23:06:47Z,268490,9,1369,951.1,5263,354,21070,34.7,58.36,548,8188,18
2026-08-30T23:07:47Z,268551,9,1365.5,950.5,5259,353,21080,34.7,55.96,548,8188,16
2026-08-30T23:08:47Z,268611,9,1365.6,950.9,5261,353,21074,34.7,60.45,548,8188,16
2026-08-30T23:09:47Z,268671,9,1365.6,950.7,5257,353,20989,34.8,50.13,548,8188,16
2026-08-30T23:10:48Z,268731,9,1365.7,950.9,5255,353,21006,34.8,60.71,548,8188,16
2026-08-30T23:11:48Z,268791,9,1366.4,951.5,5257,353,21022,34.9,61.13,548,8188,15
2026-08-30T23:12:48Z,268851,9,1363.3,948.9,5253,352,21064,34.7,55.65,548,8188,15
2026-08-30T23:13:48Z,268912,9,1363.5,948.2,5251,352,21044,34.8,60.46,548,8188,15
2026-08-30T23:14:48Z,268972,9,1363.6,948.2,5251,352,21057,34.8,60.54,548,8188,16
2026-08-30T23:15:48Z,269032,9,1362.9,947.6,5253,353,21057,34.8,62.87,548,8188,17
2026-08-30T23:16:48Z,269092,9,1363.6,948.1,5253,353,21055,34.8,59.75,548,8188,19
2026-08-30T23:17:49Z,269152,9,1362.9,947.4,5251,353,21055,34.8,59.12,548,8188,17
2026-08-30T23:18:49Z,269212,9,1363.4,948.1,5257,353,21072,34.7,60.26,548,8188,16
2026-08-30T23:19:49Z,269272,9,1363.4,948,5253,353,20991,34.8,52.79,548,8188,17
2026-08-30T23:20:49Z,269333,9,1363.5,948,5255,353,20982,34.8,61.81,548,8188,14
2026-08-30T23:21:49Z,269393,9,1363,947.5,5251,352,21066,34.7,59.33,548,8188,17
2026-08-30T23:22:49Z,269453,9,1362.4,946.8,5253,353,21069,34.7,57.46,548,8188,17
2026-08-30T23:23:50Z,269513,9,1363,947.5,5251,352,21084,34.7,59.5,548,8188,18
2026-08-30T23:24:50Z,269573,9,1362.9,947.4,5255,353,21081,34.7,61.19,548,8188,19
2026-08-30T23:25:50Z,269633,9,1361.9,946.1,5249,351,21035,34.8,59.47,548,8188,18
2026-08-30T23:26:50Z,269693,9,1362.5,947.2,5253,353,21082,34.7,59.66,548,8188,18
2026-08-30T23:27:50Z,269754,9,1362.8,947,5253,353,21068,34.7,61.36,548,8188,16
2026-08-30T23:28:50Z,269814,9,1363.3,947.5,5251,353,21076,34.7,61.02,548,8188,17
2026-08-30T23:29:50Z,269874,9,1362.4,947.2,5253,353,21067,34.7,60.06,548,8188,17
2026-08-30T23:30:51Z,269934,9,1362.2,946.3,5253,353,20992,34.8,52.18,548,8188,18
2026-08-30T23:31:51Z,269994,9,1362.8,947.2,5253,353,20986,34.8,58.75,548,8188,16
2026-08-30T23:32:51Z,270054,9,1374.9,952.3,5253,354,21041,34.8,63.15,544,8188,21
2026-08-30T23:33:51Z,270114,9,1371.2,947,5263,356,21026,34.9,57.49,543,8188,20
2026-08-30T23:34:51Z,270175,9,1370.6,946.7,5259,354,21066,34.7,60.33,543,8188,20
2026-08-30T23:35:51Z,270235,9,1374.7,950.7,5263,354,21056,34.7,60.18,543,8188,20
2026-08-30T23:36:51Z,270295,9,1371.4,947.3,5263,354,21046,34.8,56.16,543,8188,20
2026-08-30T23:37:52Z,270355,9,1371.1,950.2,5259,353,21048,34.8,54.93,543,8188,22
2026-08-30T23:38:52Z,270415,9,1371.5,950.9,5257,353,21047,34.7,53.61,543,8188,19
2026-08-30T23:39:52Z,270475,9,1371.1,950.2,5255,353,21048,34.7,56.5,543,8188,21
2026-08-30T23:40:52Z,270536,9,1366.8,946,5255,353,20964,34.8,51.15,543,8188,22
2026-08-30T23:41:52Z,270596,9,1371.5,950.7,5253,353,20966,34.8,56.56,543,8188,21
2026-08-30T23:42:52Z,270656,9,1364.3,943.5,5255,353,21044,34.7,60.75,543,8188,22
2026-08-30T23:43:52Z,270716,9,1368.6,947.7,5249,352,21057,34.7,52.06,543,8188,19
2026-08-30T23:44:53Z,270776,9,1363.9,943.2,5254,353,21058,34.7,55.98,543,8188,17
2026-08-30T23:45:53Z,270836,9,1362.8,942.1,5253,353,21068,34.7,56.38,543,8188,16
2026-08-30T23:46:53Z,270896,9,1362.6,941.9,5255,353,21069,34.7,58.19,543,8188,16
2026-08-30T23:47:53Z,270957,9,1362.3,941.6,5257,353,21113,34.6,51.57,543,8188,16
2026-08-30T23:48:53Z,271017,9,1362.7,942.1,5255,353,21093,34.7,55.78,543,8188,16
2026-08-30T23:49:53Z,271077,9,1362.2,941.7,5255,353,21097,34.6,55.34,543,8188,17
2026-08-30T23:50:53Z,271137,9,1362.8,942.1,5253,353,21010,34.7,49.96,543,8188,17
2026-08-30T23:51:54Z,271197,9,1363.6,942.9,5255,353,21008,34.7,53.96,543,8188,17
2026-08-30T23:52:54Z,271257,9,1362.5,941.6,5253,353,21084,34.7,57.57,543,8188,18
2026-08-30T23:53:54Z,271317,9,1363.2,942.2,5255,353,21076,34.7,52.23,543,8188,16
2026-08-30T23:54:54Z,271378,9,1363.1,942.4,5253,352,21076,34.7,58.26,543,8188,18
2026-08-30T23:55:54Z,271438,9,1362,941.2,5255,353,21076,34.7,55.27,543,8188,17
2026-08-30T23:56:54Z,271498,9,1362.4,941.9,5255,353,21074,34.7,56.36,543,8188,15
2026-08-30T23:57:54Z,271558,9,1362.4,942,5255,353,21067,34.7,55.71,543,8188,18
2026-08-30T23:58:55Z,271618,9,1363.2,942.7,5255,353,21068,34.7,54.04,543,8188,17
2026-08-30T23:59:55Z,271678,9,1362.3,941.7,5255,353,21062,34.7,56.82,543,8188,19
2026-08-31T00:00:55Z,271738,9,1362.7,942.1,5255,353,20986,34.8,48.61,543,8188,16
2026-08-31T00:01:55Z,271799,9,1363.5,942.7,5251,353,21011,34.8,55.58,543,8188,16
2026-08-31T00:02:55Z,271859,9,1382.4,962.5,5255,354,21060,34.8,56.22,544,8188,20
2026-08-31T00:03:55Z,271919,9,1369.3,947.6,5259,354,21082,34.7,56.81,543,8188,20
2026-08-31T00:04:55Z,271979,9,1368.3,946.3,5263,354,21083,34.7,57.95,543,8188,20
2026-08-31T00:05:56Z,272039,9,1368.7,947.2,5263,354,21081,34.7,58.41,543,8188,20
2026-08-31T00:06:56Z,272099,9,1368.4,964.9,5263,354,21066,34.8,56.95,557,8188,17
2026-08-31T00:07:56Z,272159,9,1363,962.7,5259,353,21070,34.8,58.61,557,8188,16
2026-08-31T00:08:56Z,272220,9,1363.6,962.7,5257,353,21070,34.8,58.93,557,8188,13
2026-08-31T00:09:56Z,272280,9,1363.2,962.1,5257,353,21056,34.8,58.07,557,8188,18
2026-08-31T00:10:56Z,272340,9,1362.6,961.7,5255,353,20989,34.8,51.94,557,8188,16
2026-08-31T00:11:57Z,272400,9,1362.6,961.7,5257,353,20988,34.8,57.66,557,8188,15
2026-08-31T00:12:57Z,272460,9,1362.9,961.9,5253,353,21067,34.8,59.99,557,8188,15
2026-08-31T00:13:57Z,272520,9,1363.5,962.9,5253,353,21068,34.7,56.25,557,8188,14
2026-08-31T00:14:57Z,272580,9,1363.3,962.6,5253,353,21072,34.7,59.26,557,8188,14
2026-08-31T00:15:57Z,272641,9,1363.9,963.2,5255,353,21075,34.7,58.28,557,8188,15
2026-08-31T00:16:57Z,272701,9,1362.6,961.9,5255,353,21074,34.7,61.37,557,8188,15
2026-08-31T00:17:57Z,272761,9,1363.1,962.1,5255,353,21070,34.7,59.17,557,8188,15
2026-08-31T00:18:58Z,272821,9,1363.9,963,5255,353,21000,34.9,54.02,557,8188,14
2026-08-31T00:19:58Z,272881,9,1363.4,962.8,5254,353,21050,34.8,57.88,557,8188,15
2026-08-31T00:20:58Z,272941,9,1363.9,962.6,5255,353,20963,34.9,52.27,557,8188,18
2026-08-31T00:21:58Z,273002,9,1363.5,962.7,5253,353,20969,34.9,62.1,557,8188,16
2026-08-31T00:22:58Z,273062,9,1365,964.5,5255,353,21038,34.8,60.07,557,8188,15
2026-08-31T00:23:58Z,273122,9,1364.2,963.3,5253,352,21059,34.8,57.25,557,8188,14
2026-08-31T00:24:58Z,273182,9,1363.9,963.1,5255,353,21052,34.8,59.37,557,8188,15
2026-08-31T00:25:59Z,273242,9,1363.7,962.8,5255,353,21014,34.9,59.2,557,8188,15
2026-08-31T00:26:59Z,273302,9,1363.4,962.4,5255,353,21051,34.8,60.45,557,8188,18
2026-08-31T00:27:59Z,273362,9,1362.6,961.9,5253,353,21073,34.7,58.31,557,8188,17
2026-08-31T00:28:59Z,273423,9,1362.4,961.5,5251,353,21070,34.7,56.28,557,8188,15
2026-08-31T00:29:59Z,273483,9,1363.4,962.5,5253,353,21064,34.7,58.83,557,8188,17
2026-08-31T00:30:59Z,273543,9,1364,963.4,5251,353,20984,34.8,51.11,557,8188,12
2026-08-31T00:31:59Z,273603,9,1363,961.9,5253,353,20981,34.9,57.54,557,8188,16
2026-08-31T00:33:00Z,273663,9,1380.1,967.2,5255,354,20998,35,57.46,549,8188,19
2026-08-31T00:34:00Z,273723,9,1373.4,957.9,5263,356,20997,34.9,56.65,548,8188,20
2026-08-31T00:35:00Z,273783,9,1371.4,955.2,5265,356,21018,34.8,61.81,548,8188,20
2026-08-31T00:36:00Z,273844,9,1370.6,954,5265,354,21040,34.8,55.92,548,8188,18
2026-08-31T00:37:00Z,273904,9,1365.8,949.2,5265,354,21028,34.9,55.02,548,8188,18
2026-08-31T00:38:00Z,273964,9,1364.5,950.8,5262,354,21021,34.8,56.43,548,8188,17
2026-08-31T00:39:01Z,274024,9,1365.6,951.9,5260,354,21037,34.8,59.2,548,8188,17
2026-08-31T00:40:01Z,274084,9,1365.1,951.3,5258,354,21028,34.8,57.9,548,8188,16
2026-08-31T00:41:01Z,274144,9,1365.5,951.5,5259,353,20993,34.8,50.52,548,8188,17
2026-08-31T00:42:01Z,274204,9,1364.6,950.9,5256,353,20996,34.8,56.29,548,8188,18
2026-08-31T00:43:01Z,274265,9,1364.9,951,5257,353,21068,34.7,58.67,548,8188,17
2026-08-31T00:44:01Z,274325,9,1365.1,951.4,5255,352,21078,34.7,56.2,548,8188,18
2026-08-31T00:45:01Z,274385,9,1364.8,951.1,5257,353,21080,34.7,58.45,548,8188,17
2026-08-31T00:46:02Z,274445,9,1365.6,952.2,5257,353,21074,34.7,57.44,548,8188,16
2026-08-31T00:47:02Z,274505,9,1364.9,951.6,5257,353,21076,34.7,59.34,548,8188,18
2026-08-31T00:48:02Z,274565,9,1364.1,950.7,5257,353,21070,34.7,59.41,548,8188,15
2026-08-31T00:49:02Z,274625,9,1364.7,951.3,5255,353,21053,34.8,56.33,548,8188,19
2026-08-31T00:50:02Z,274686,9,1365.1,957.4,5255,353,21045,34.8,52.94,552,8188,20
2026-08-31T00:51:02Z,274746,9,1364.1,956.4,5253,353,20973,34.9,50.87,552,8188,19
2026-08-31T00:52:02Z,274806,9,1363.5,955.8,5257,353,20973,34.9,60.17,552,8188,17
2026-08-31T00:53:02Z,274866,9,1363.9,956.3,5255,352,21072,34.8,59.4,552,8188,16
2026-08-31T00:54:03Z,274926,9,1364.3,957,5257,353,21059,34.8,60.03,552,8188,16
2026-08-31T00:55:03Z,274986,9,1364.3,956.6,5257,353,21064,34.8,60.31,552,8188,17
2026-08-31T00:56:03Z,275046,9,1364.9,957.4,5257,353,21072,34.8,60.45,552,8188,16
2026-08-31T00:57:03Z,275107,9,1364.7,957,5257,353,21066,34.8,62.78,552,8188,17
2026-08-31T00:58:03Z,275167,9,1364.1,956.2,5255,353,21067,34.8,62.14,552,8188,16
2026-08-31T00:59:03Z,275227,9,1364.8,957.2,5260,353,21056,34.8,60.22,552,8188,16
2026-08-31T01:00:04Z,275287,9,1364.6,957.1,5255,353,21058,34.8,58.75,552,8188,17
2026-08-31T01:01:04Z,275347,9,1365.1,957.7,5257,353,20955,34.9,52.08,552,8188,16
2026-08-31T01:02:04Z,275407,9,1365.2,957.2,5253,352,20970,34.9,58.1,552,8188,18
2026-08-31T01:03:04Z,275467,9,1374.2,951.6,5255,354,21019,34.9,60.41,544,8188,21
2026-08-31T01:04:04Z,275528,9,1372.1,948.7,5263,354,21061,34.8,60.88,543,8188,20
2026-08-31T01:05:04Z,275588,9,1371.6,948,5265,354,21066,34.7,59.17,543,8188,19
2026-08-31T01:06:04Z,275648,9,1372.1,948.6,5264,354,21068,34.7,63.39,543,8188,20
2026-08-31T01:07:05Z,275708,9,1371.7,948.2,5263,354,21047,34.8,58.68,543,8188,19
2026-08-31T01:08:05Z,275768,9,1368.8,948.4,5264,354,21056,34.7,57.52,543,8188,20
2026-08-31T01:09:05Z,275828,9,1368.4,948,5260,354,21051,34.7,64.35,543,8188,20
2026-08-31T01:10:05Z,275889,9,1367.4,947.2,5260,354,21040,34.8,58.12,543,8188,21
2026-08-31T01:11:05Z,275949,9,1367.8,947.4,5260,354,20912,35.1,55.64,543,8188,20
2026-08-31T01:12:05Z,276009,9,1365,944.7,5260,354,20975,34.8,60.05,543,8188,19
2026-08-31T01:13:05Z,276069,9,1365.2,945,5260,353,20916,35,62.01,543,8188,19
2026-08-31T01:14:06Z,276129,9,1366,945.9,5262,354,21022,34.8,60.38,543,8188,19
2026-08-31T01:15:06Z,276189,9,1365.7,946,5262,354,21024,34.8,62.36,543,8188,19
2026-08-31T01:16:06Z,276249,9,1369.9,949.3,5258,354,21021,34.8,60.86,543,8188,20
2026-08-31T01:17:06Z,276310,9,1365.1,944.4,5258,354,21049,34.7,60.78,543,8188,19
2026-08-31T01:18:06Z,276370,9,1365.4,945.1,5255,353,21049,34.7,58.85,543,8188,20
2026-08-31T01:19:06Z,276430,9,1364.4,943.9,5260,354,21040,34.8,60.28,543,8188,20
2026-08-31T01:20:07Z,276490,9,1364.2,943.6,5258,354,21040,34.8,56.98,543,8188,21
2026-08-31T01:21:07Z,276550,9,1364.8,944.5,5260,354,20904,35.1,51.63,543,8188,19
2026-08-31T01:22:07Z,276610,9,1364.8,944.3,5258,353,20962,34.8,55.78,543,8188,20
2026-08-31T01:23:07Z,276670,9,1365.4,944.9,5262,354,20968,34.8,57.93,543,8188,21
2026-08-31T01:24:07Z,276731,9,1364.6,944.4,5261,355,21053,34.7,58.72,543,8188,18
2026-08-31T01:25:07Z,276791,9,1364.9,944.4,5263,355,21050,34.7,52.93,543,8188,16
2026-08-31T01:26:07Z,276851,9,1365.2,944.5,5261,353,21048,34.7,54.93,543,8188,18
2026-08-31T01:27:08Z,276911,9,1365,944.5,5259,353,21047,34.7,56.27,543,8188,17
2026-08-31T01:28:08Z,276971,9,1365.6,945,5263,353,21030,34.8,56.69,543,8188,18
2026-08-31T01:29:08Z,277031,9,1364.5,944,5259,353,21039,34.8,55.6,543,8188,16
2026-08-31T01:30:08Z,277091,9,1364.9,944.3,5261,353,21040,34.8,53.45,543,8188,17
2026-08-31T01:31:08Z,277152,9,1365.1,944.7,5259,352,20906,35.1,52.63,543,8188,17
2026-08-31T01:32:08Z,277212,9,1365.3,944.9,5261,353,21003,34.8,52.7,543,8188,16
2026-08-31T01:33:08Z,277272,9,1381,958.4,5259,354,20981,34.9,55.54,544,8188,20
2026-08-31T01:34:09Z,277332,9,1372.1,948.1,5263,356,21018,34.9,57.35,543,8188,17
2026-08-31T01:35:09Z,277392,9,1371.9,948,5265,356,21056,34.8,52.73,543,8188,16
2026-08-31T01:36:09Z,277452,9,1372.3,948.3,5261,354,21039,34.9,54.33,543,8188,14
2026-08-31T01:37:09Z,277512,9,1372,958.9,5265,354,21032,34.9,53.65,552,8188,17
2026-08-31T01:38:09Z,277573,9,1366.8,956.6,5260,354,21035,34.8,61.46,552,8188,16
2026-08-31T01:39:09Z,277633,9,1366.3,956.3,5260,354,21032,34.8,57.84,552,8188,17
2026-08-31T01:40:09Z,277693,9,1366.5,956.4,5258,354,21034,34.8,58.82,552,8188,16
2026-08-31T01:41:10Z,277753,9,1366.5,956.4,5256,353,20893,35.1,55.43,552,8188,18
2026-08-31T01:42:10Z,277813,9,1366,955.9,5259,353,20944,34.9,59.44,552,8188,16
2026-08-31T01:43:10Z,277873,9,1366.7,956.5,5257,353,20958,34.9,59.62,552,8188,16
2026-08-31T01:44:10Z,277933,9,1365.3,955,5257,353,21049,34.8,59.33,552,8188,18
2026-08-31T01:45:10Z,277994,9,1365.5,955.3,5257,353,21077,34.7,59.32,552,8188,15
2026-08-31T01:46:10Z,278054,9,1365.8,955.7,5255,353,21071,34.7,61.19,552,8188,17
2026-08-31T01:47:10Z,278114,9,1365.6,955.6,5257,353,21067,34.7,59.48,552,8188,18
2026-08-31T01:48:11Z,278174,9,1365.1,955.2,5255,353,21068,34.7,58.12,552,8188,15
2026-08-31T01:49:11Z,278234,9,1364.8,954.8,5260,354,21054,34.8,59.38,552,8188,16
2026-08-31T01:50:11Z,278294,9,1365.5,955.6,5260,353,21063,34.7,59.65,552,8188,17
2026-08-31T01:51:11Z,278355,9,1365.5,955.9,5262,354,20921,35.1,58.9,552,8188,16
2026-08-31T01:52:11Z,278415,9,1366,956.3,5260,353,20974,34.9,55.59,552,8188,16
2026-08-31T01:53:11Z,278475,9,1365.7,956,5262,354,20965,34.9,59.26,552,8188,16
2026-08-31T01:54:12Z,278535,9,1365.3,955.3,5262,354,21042,34.8,57.74,552,8188,16
2026-08-31T01:55:12Z,278595,9,1365.9,955.7,5259,353,21044,34.8,58.83,552,8188,18
2026-08-31T01:56:12Z,278655,9,1365.7,955.7,5261,353,21046,34.8,59.58,552,8188,18
2026-08-31T01:57:12Z,278715,9,1366.1,956,5259,353,21042,34.8,61.49,552,8188,17
2026-08-31T01:58:12Z,278776,9,1366.4,956.5,5261,353,21023,34.9,59.96,552,8188,16
2026-08-31T01:59:12Z,278836,9,1366,955.8,5259,353,21029,34.8,63.29,552,8188,16
2026-08-31T02:00:12Z,278896,9,1366.3,956.1,5261,353,21026,34.9,59.99,552,8188,17
2026-08-31T02:01:13Z,278956,9,1365.2,955.4,5259,352,20923,35.1,57.63,552,8188,16
2026-08-31T02:02:13Z,279016,9,1372,963.5,5266,354,20964,34.9,51.54,553,8188,20
2026-08-31T02:03:13Z,279076,9,1379.5,954.9,5261,356,20936,35,62.67,544,8188,20
2026-08-31T02:04:13Z,279136,9,1375.1,949.3,5265,356,21040,34.8,58.11,543,8188,21
2026-08-31T02:05:13Z,279197,9,1371.5,945.8,5265,354,21048,34.8,54.43,543,8188,21
2026-08-31T02:06:13Z,279257,9,1371.2,945.5,5263,354,21047,34.8,54.4,543,8188,19
2026-08-31T02:07:13Z,279317,9,1375,949.6,5265,354,21026,34.8,53.42,543,8188,20
2026-08-31T02:08:14Z,279377,9,1368.8,945.9,5257,353,21021,34.8,55.87,543,8188,19
2026-08-31T02:09:14Z,279437,9,1372.5,949.5,5258,353,21050,34.7,57.27,543,8188,22
2026-08-31T02:10:14Z,279497,9,1368.8,946.1,5256,352,21041,34.8,51.58,543,8188,21
2026-08-31T02:11:14Z,279558,9,1373,950.1,5258,353,20842,35.2,54.58,543,8188,20
2026-08-31T02:12:14Z,279618,9,1369.4,946.4,5254,352,20922,35,51.16,543,8188,22
2026-08-31T02:13:14Z,279678,9,1366.4,943.4,5258,353,20937,34.9,57.62,543,8188,19
2026-08-31T02:14:14Z,279738,9,1365.4,942.3,5258,353,21026,34.8,58.37,543,8188,20
2026-08-31T02:15:15Z,279798,9,1370.7,947.7,5256,353,21020,34.8,55.24,543,8188,20
2026-08-31T02:16:15Z,279858,9,1369.9,947.1,5258,353,21015,34.8,58.71,543,8188,21
2026-08-31T02:17:15Z,279918,9,1370,947,5256,353,21023,34.8,58.2,543,8188,21
2026-08-31T02:18:15Z,279978,9,1366.5,943.6,5258,353,21004,34.9,60.96,543,8188,20
2026-08-31T02:19:15Z,280039,9,1369.3,946.4,5256,352,21019,34.8,54.56,543,8188,20
2026-08-31T02:20:15Z,280099,9,1370.3,947.1,5258,353,21007,34.8,57.01,543,8188,20
2026-08-31T02:21:15Z,280159,9,1370.2,946.8,5252,351,21013,34.8,54.38,543,8188,18
2026-08-31T02:22:16Z,280219,9,1365.4,942.7,5258,353,20935,34.9,51.26,543,8188,17
2026-08-31T02:23:16Z,280279,9,1365.6,943,5258,353,20975,34.8,51.66,543,8188,17
2026-08-31T02:24:16Z,280339,9,1365.3,942.7,5256,353,21074,34.7,57.6,543,8188,16
2026-08-31T02:25:16Z,280399,9,1365.7,943.1,5258,353,21071,34.7,54.69,543,8188,19
2026-08-31T02:26:16Z,280460,9,1364.7,941.7,5254,353,21061,34.7,54.67,543,8188,16
2026-08-31T02:27:16Z,280520,9,1365.1,942.3,5256,353,21055,34.7,53.28,543,8188,19
2026-08-31T02:28:16Z,280580,9,1364.7,941.8,5254,352,21038,34.8,56.71,543,8188,17
2026-08-31T02:29:17Z,280640,9,1365.2,942.7,5258,353,21045,34.8,53.93,543,8188,16
2026-08-31T02:30:17Z,280700,9,1365.7,943.2,5256,352,21047,34.8,55.94,543,8188,17
2026-08-31T02:31:17Z,280760,9,1364.1,941.4,5258,353,21046,34.8,54.85,543,8188,16
2026-08-31T02:32:17Z,280821,9,1405.5,990.3,5277,354,20931,35,50.18,548,8188,20
2026-08-31T02:33:17Z,280881,9,1376.3,952.1,5267,354,20906,35.1,57.95,544,8188,21
2026-08-31T02:34:17Z,280941,9,1376.9,950.9,5273,356,21005,34.9,60.15,543,8188,19
2026-08-31T02:35:17Z,281001,9,1376.8,950.9,5269,354,21016,34.9,57.15,543,8188,21
2026-08-31T02:36:18Z,281061,9,1380.7,954.7,5271,354,21011,34.9,56.55,543,8188,22
2026-08-31T02:37:18Z,281121,9,1376.7,960.7,5268,353,21037,34.9,54.55,552,8188,16
2026-08-31T02:38:18Z,281181,9,1373.2,959.9,5267,353,21034,34.8,57.9,552,8188,15
2026-08-31T02:39:18Z,281242,9,1373.7,960.4,5263,352,21037,34.8,59.7,552,8188,16
2026-08-31T02:40:18Z,281302,9,1373.8,960.5,5265,353,21038,34.8,61.75,552,8188,18
2026-08-31T02:41:18Z,281362,9,1373.6,960.3,5261,352,21031,34.8,56.02,552,8188,17
2026-08-31T02:42:18Z,281422,9,1371.8,958.5,5263,353,20948,34.9,52.25,552,8188,16
2026-08-31T02:43:19Z,281482,9,1371.3,957.7,5263,353,20944,34.9,61.34,552,8188,17
2026-08-31T02:44:19Z,281542,9,1371.3,958,5261,353,21044,34.8,62.55,552,8188,16
2026-08-31T02:45:19Z,281602,9,1370.3,957.1,5268,354,21042,34.8,58.94,552,8188,18
2026-08-31T02:46:19Z,281663,9,1370.4,957,5266,354,21040,34.8,59.14,552,8188,17
2026-08-31T02:47:19Z,281723,9,1371.1,957.8,5268,354,21037,34.8,59.82,552,8188,17
2026-08-31T02:48:19Z,281783,9,1370.8,957.8,5266,353,21030,34.9,60.68,552,8188,16
2026-08-31T02:49:19Z,281843,9,1371.4,958.3,5268,354,21031,34.8,58.3,552,8188,16
2026-08-31T02:50:20Z,281903,9,1371,957.9,5265,352,21030,34.8,63.3,552,8188,19
2026-08-31T02:51:20Z,281963,9,1367,953.8,5263,352,21061,34.8,57.23,552,8188,19
2026-08-31T02:52:20Z,282023,9,1367.8,954.6,5265,353,20979,34.9,54.91,552,8188,17
2026-08-31T02:53:20Z,282084,9,1367.2,954.2,5263,353,20972,34.9,59.75,552,8188,17
2026-08-31T02:54:20Z,282144,9,1368.3,955,5267,353,21047,34.8,61.78,552,8188,18
2026-08-31T02:55:20Z,282204,9,1367.5,954.1,5267,353,21045,34.8,55.49,552,8188,17
2026-08-31T02:56:20Z,282264,9,1368.2,954.9,5265,353,21044,34.8,58.16,552,8188,18
2026-08-31T02:57:21Z,282324,9,1368.7,955.5,5263,353,21039,34.8,62.1,552,8188,15
2026-08-31T02:58:21Z,282384,9,1367.7,954.3,5265,353,21040,34.8,60.61,552,8188,17
2026-08-31T02:59:21Z,282444,9,1368.6,955.4,5263,353,21033,34.8,60.9,552,8188,16
2026-08-31T03:00:21Z,282505,9,1367.5,954.4,5266,353,21028,34.8,62.01,552,8188,16
2026-08-31T03:01:21Z,282565,9,1367.9,954.6,5265,353,21023,34.8,57.42,552,8188,17
2026-08-31T03:02:21Z,282625,9,1384.6,976,5271,354,20926,35,55.89,553,8188,19
2026-08-31T03:03:21Z,282685,9,1378.3,956.2,5267,354,20910,35,55.83,544,8188,20
2026-08-31T03:04:22Z,282745,9,1373.9,950.9,5273,356,21020,34.8,59.28,543,8188,22
2026-08-31T03:05:22Z,282805,9,1374.4,951.4,5273,354,21015,34.9,59.86,543,8188,21
2026-08-31T03:06:22Z,282865,9,1374.6,951.3,5273,354,21042,34.8,56.61,543,8188,18
2026-08-31T03:07:22Z,282926,9,1373.2,963.4,5273,354,21031,34.9,51.29,553,8188,18
2026-08-31T03:08:22Z,282986,9,1369.7,963,5267,353,21038,34.8,60.21,553,8188,17
2026-08-31T03:09:22Z,283046,9,1368.9,962,5266,353,21037,34.8,59.91,553,8188,15
2026-08-31T03:10:22Z,283106,9,1369.6,962.6,5268,354,21020,34.9,58.58,553,8188,16
2026-08-31T03:11:23Z,283166,9,1369,962,5270,354,21033,34.8,57.23,553,8188,16
2026-08-31T03:12:23Z,283226,9,1366.8,960.1,5270,354,20957,34.9,50.68,553,8188,17
2026-08-31T03:13:23Z,283286,9,1367.4,960.7,5268,354,20947,34.9,58.07,553,8188,16
2026-08-31T03:14:23Z,283347,9,1366.9,960.2,5265,353,21030,34.8,58.83,553,8188,15
2026-08-31T03:15:23Z,283407,9,1367,960.3,5265,353,21023,34.9,60.06,553,8188,15
2026-08-31T03:16:23Z,283467,9,1366.5,960.1,5267,353,21022,34.9,57.03,553,8188,16
2026-08-31T03:17:24Z,283527,9,1366.7,960.1,5265,353,21018,34.9,58.94,553,8188,16
2026-08-31T03:18:24Z,283587,9,1366.2,959.8,5267,353,20913,35.1,55.41,553,8188,14
2026-08-31T03:19:24Z,283647,9,1365,958.5,5265,353,21032,34.8,57.67,553,8188,16
2026-08-31T03:20:24Z,283707,9,1365.7,958.9,5267,353,21045,34.8,57.78,553,8188,15
2026-08-31T03:21:24Z,283768,9,1366.1,959.5,5267,353,21055,34.8,56.46,553,8188,16
2026-08-31T03:22:24Z,283828,9,1365.6,958.7,5267,353,20973,34.9,52.78,553,8188,15
2026-08-31T03:23:24Z,283888,9,1366.2,959.6,5267,353,20988,34.8,57.11,553,8188,16
2026-08-31T03:24:24Z,283948,9,1365.8,960.7,5267,353,21065,34.7,61.4,555,8188,14
2026-08-31T03:25:25Z,284008,9,1365.5,959.2,5267,353,21067,34.7,59.1,553,8188,15
2026-08-31T03:26:25Z,284068,9,1366,959.8,5265,353,21057,34.7,57.7,553,8188,15
2026-08-31T03:27:25Z,284128,9,1366.2,959.5,5267,353,21052,34.7,61.06,553,8188,15
2026-08-31T03:28:25Z,284189,9,1367,960.5,5265,353,21050,34.8,59.34,553,8188,19
2026-08-31T03:29:25Z,284249,9,1364.2,956.7,5260,353,21050,34.8,58.73,553,8188,15
2026-08-31T03:30:25Z,284309,9,1364.9,957.5,5258,352,21049,34.8,59.04,553,8188,16
2026-08-31T03:31:26Z,284369,9,1364.8,957.5,5260,353,21047,34.8,55.65,553,8188,17
2026-08-31T03:32:26Z,284429,9,1366,959.4,5264,354,20963,34.9,55.15,554,8188,15
2026-08-31T03:33:26Z,284489,9,1371.8,949.1,5258,356,20950,34.9,56.54,544,8188,21
2026-08-31T03:34:26Z,284550,9,1371,947.6,5264,356,21050,34.8,60.67,543,8188,16
2026-08-31T03:35:26Z,284610,9,1370.9,947.4,5264,354,21056,34.7,54.99,543,8188,18
2026-08-31T03:36:26Z,284670,9,1371.2,947.8,5266,354,21047,34.8,52.6,543,8188,16
2026-08-31T03:37:26Z,284730,9,1371.5,955.3,5264,354,21015,34.9,52.1,548,8188,19
2026-08-31T03:38:27Z,284790,9,1367.2,954.6,5263,354,21037,34.8,63.36,548,8188,16
2026-08-31T03:39:27Z,284850,9,1367.6,955.1,5257,354,21034,34.8,58.65,548,8188,16
2026-08-31T03:40:27Z,284910,9,1367.4,954.6,5258,353,21037,34.8,62.15,548,8188,17
2026-08-31T03:41:27Z,284971,9,1365.1,952.6,5260,353,21043,34.8,58.64,548,8188,16
2026-08-31T03:42:27Z,285031,9,1365.7,953,5258,353,20979,34.8,53.39,548,8188,18
2026-08-31T03:43:27Z,285091,9,1365.2,952.3,5258,353,20969,34.8,55.85,548,8188,16
2026-08-31T03:44:28Z,285151,9,1365.4,952.7,5256,353,21049,34.7,60.48,548,8188,17
2026-08-31T03:45:28Z,285211,9,1366.1,953.4,5256,353,21045,34.8,59.1,548,8188,16
2026-08-31T03:46:28Z,285271,9,1364.7,951.8,5248,353,21038,34.8,62.3,548,8188,15
2026-08-31T03:47:28Z,285331,9,1365.4,952.5,5261,354,21068,34.7,56.29,548,8188,15
2026-08-31T03:48:28Z,285392,9,1365.1,952.3,5259,354,21056,34.7,61.04,548,8188,17
2026-08-31T03:49:28Z,285452,9,1365.4,952.5,5261,354,21062,34.7,60.71,548,8188,18
2026-08-31T03:50:28Z,285512,9,1365.6,952.9,5263,354,21063,34.7,61.91,548,8188,19
2026-08-31T03:51:28Z,285572,9,1364.2,951.4,5263,354,21059,34.7,59.84,548,8188,19
2026-08-31T03:52:29Z,285632,9,1365.1,952.1,5263,354,20977,34.8,53.33,548,8188,15
2026-08-31T03:53:29Z,285692,9,1365.2,952.1,5263,354,20971,34.8,59.37,548,8188,19
2026-08-31T03:54:29Z,285752,9,1365.5,952.8,5263,354,21051,34.7,60.89,548,8188,17
2026-08-31T03:55:29Z,285813,9,1366,953.5,5260,353,21046,34.7,60.56,548,8188,17
2026-08-31T03:56:29Z,285873,9,1365.7,953.1,5262,353,21042,34.8,60.09,548,8188,17
2026-08-31T03:57:29Z,285933,9,1366.2,953.5,5260,353,21037,34.8,57.06,548,8188,17
2026-08-31T03:58:30Z,285993,9,1366.1,953,5262,353,21037,34.8,58.43,548,8188,16
2026-08-31T03:59:30Z,286053,9,1366.2,953.2,5263,353,21029,34.8,60.71,548,8188,17
2026-08-31T04:00:30Z,286113,9,1366.7,953.8,5267,354,21035,34.8,59.51,548,8188,16
2026-08-31T04:01:30Z,286173,9,1365.3,952.9,5265,354,21076,34.7,59.23,548,8188,16
2026-08-31T04:02:30Z,286234,9,1367.5,955.5,5268,354,20998,34.8,54.59,548,8188,16
2026-08-31T04:03:30Z,286294,9,1372.7,953.9,5256,354,20967,34.9,59.31,544,8188,21
2026-08-31T04:04:30Z,286354,9,1376.2,956.1,5260,354,21040,34.8,59.15,543,8188,19
2026-08-31T04:05:31Z,286414,9,1376.6,956.7,5264,354,21044,34.8,57.2,543,8188,22
2026-08-31T04:06:31Z,286474,9,1375.1,955.1,5262,354,21047,34.8,58.12,543,8188,22
2026-08-31T04:07:31Z,286534,9,1372.5,952.5,5263,353,21014,34.8,51.77,543,8188,16
2026-08-31T04:08:31Z,286594,9,1368.4,951.4,5258,352,21033,34.8,55.71,543,8188,18
2026-08-31T04:09:31Z,286655,9,1368.6,951.6,5256,353,21033,34.8,55.85,543,8188,16
2026-08-31T04:10:31Z,286715,9,1369,952.1,5256,353,21021,34.8,55.85,543,8188,16
2026-08-31T04:11:31Z,286775,9,1365.5,948.5,5258,353,21036,34.7,56.77,543,8188,17
2026-08-31T04:12:31Z,286835,9,1365.2,948.1,5260,355,20967,34.8,49.75,543,8188,17
2026-08-31T04:13:32Z,286895,9,1364.8,948,5256,355,20945,34.9,53.53,543,8188,17
2026-08-31T04:14:32Z,286955,9,1365.1,948.2,5256,353,21074,34.7,53.3,543,8188,17
2026-08-31T04:15:32Z,287015,9,1365.3,948.6,5248,353,21070,34.7,57.3,543,8188,18
2026-08-31T04:16:32Z,287076,9,1365.1,948,5261,354,21069,34.7,57.87,543,8188,17
2026-08-31T04:17:32Z,287136,9,1365.6,948.8,5259,354,21068,34.7,53.15,543,8188,16
2026-08-31T04:18:32Z,287196,9,1365.3,948.5,5261,354,20995,34.9,55.03,543,8188,17
2026-08-31T04:19:33Z,287256,9,1365.6,948.5,5261,354,21029,34.8,55.49,543,8188,17
2026-08-31T04:20:33Z,287316,9,1366,948.8,5259,354,21059,34.7,57.91,543,8188,17
2026-08-31T04:21:33Z,287376,9,1364,946.3,5258,353,21055,34.7,56.37,543,8188,18
2026-08-31T04:22:33Z,287436,9,1364.5,946.9,5258,353,20988,34.8,50.25,543,8188,18
2026-08-31T04:23:33Z,287497,9,1364.6,947,5261,354,20985,34.8,53.42,543,8188,15
2026-08-31T04:24:33Z,287557,9,1365.3,947.8,5261,354,21047,34.8,55.67,543,8188,16
2026-08-31T04:25:33Z,287617,9,1366,948.6,5263,354,21047,34.8,53.21,543,8188,17
2026-08-31T04:26:34Z,287677,9,1365.6,948.2,5261,354,21042,34.8,55.14,543,8188,16
2026-08-31T04:27:34Z,287737,9,1365.9,948.6,5261,354,21042,34.8,53.57,543,8188,19
2026-08-31T04:28:34Z,287797,9,1366.1,948.4,5261,353,21075,34.7,56.39,543,8188,16
2026-08-31T04:29:34Z,287857,9,1366,948.8,5263,354,21072,34.7,55.15,543,8188,17
2026-08-31T04:30:34Z,287918,9,1366.6,948.8,5265,354,21066,34.7,57.47,543,8188,17
2026-08-31T04:31:34Z,287978,9,1364.3,946.5,5265,354,21059,34.7,56.05,543,8188,16
2026-08-31T04:32:34Z,288038,9,1368.8,950.1,5270,354,20976,34.8,51.11,544,8188,17
2026-08-31T04:33:35Z,288098,9,1372.4,955.7,5258,356,20907,35.1,55.45,544,8188,20
2026-08-31T04:34:35Z,288158,9,1374.7,956.1,5268,356,21026,34.8,63.91,543,8188,21
2026-08-31T04:35:35Z,288218,9,1370.4,951.3,5262,354,21029,34.8,57,543,8188,20
2026-08-31T04:36:35Z,288279,9,1366.9,948.4,5266,354,21032,34.8,56.16,543,8188,17
2026-08-31T04:37:35Z,288339,9,1366.1,955.8,5261,352,21019,34.9,54.97,548,8188,16
2026-08-31T04:38:35Z,288399,9,1363.3,956.1,5260,353,21022,34.8,59.43,548,8188,17
2026-08-31T04:39:36Z,288459,9,1364.2,957.5,5258,353,21046,34.8,61.67,548,8188,18
2026-08-31T04:40:36Z,288519,9,1364.1,957.1,5258,353,21044,34.8,60.5,548,8188,18
2026-08-31T04:41:36Z,288579,9,1364.6,957.7,5260,353,21028,34.8,59.53,548,8188,20
2026-08-31T04:42:36Z,288639,9,1363.7,956.6,5254,353,20988,34.8,50.77,548,8188,16
2026-08-31T04:43:36Z,288700,9,1363.7,956.5,5256,353,20984,34.8,58.64,548,8188,16
2026-08-31T04:44:36Z,288760,9,1364.3,957.2,5254,353,21056,34.7,56.97,548,8188,17
2026-08-31T04:45:36Z,288820,9,1362.7,955.5,5256,353,21057,34.7,59.76,548,8188,17
2026-08-31T04:46:37Z,288880,9,1363.4,956.2,5255,352,21058,34.7,60.01,548,8188,17
2026-08-31T04:47:37Z,288940,9,1363.2,956.2,5256,353,21055,34.7,57.31,548,8188,16
2026-08-31T04:48:37Z,289000,9,1362.8,956.1,5254,352,21044,34.8,62.18,548,8188,15
2026-08-31T04:49:37Z,289061,9,1362.9,956.3,5256,353,21042,34.8,59.45,548,8188,17
2026-08-31T04:50:37Z,289121,9,1362.4,965.6,5254,353,21037,34.8,54.49,557,8188,20
2026-08-31T04:51:37Z,289181,9,1363.3,966.8,5254,353,21040,34.8,60.52,557,8188,18
2026-08-31T04:52:37Z,289241,9,1362.4,966,5254,353,20967,34.9,50.99,557,8188,19
2026-08-31T04:53:38Z,289301,9,1363,966.4,5254,353,20971,34.9,59.81,557,8188,18
2026-08-31T04:54:38Z,289361,9,1363.5,966.5,5256,353,21046,34.8,59.33,557,8188,17
2026-08-31T04:55:38Z,289421,9,1362.4,965.6,5254,353,21048,34.8,58.63,557,8188,19
2026-08-31T04:56:38Z,289482,9,1362.3,965.1,5256,353,21045,34.8,58.2,557,8188,15
2026-08-31T04:57:38Z,289542,9,1362.1,965,5254,352,21043,34.8,56.71,557,8188,16
2026-08-31T04:58:38Z,289602,9,1366.9,970.1,5256,353,21054,34.7,57.85,557,8188,17
2026-08-31T04:59:38Z,289662,9,1362.9,966.4,5256,353,21053,34.8,57.25,557,8188,16
2026-08-31T05:00:39Z,289722,9,1362.4,965.1,5256,353,21058,34.7,60.59,557,8188,16
2026-08-31T05:01:39Z,289782,9,1362.9,965.6,5258,353,21054,34.8,58.32,557,8188,19
2026-08-31T05:02:39Z,289842,9,1358.8,962.4,5260,354,20979,34.9,52.91,558,8188,20
2026-08-31T05:03:39Z,289903,9,1367.3,944.9,5258,354,20948,34.9,56.25,544,8188,20
2026-08-31T05:04:39Z,289963,9,1368.5,945.2,5262,354,21072,34.7,56.58,543,8188,19
2026-08-31T05:05:39Z,290023,9,1368.5,945.5,5264,354,21070,34.7,59.28,543,8188,20
2026-08-31T05:06:40Z,290083,9,1368.6,945.3,5262,353,21067,34.7,60.62,543,8188,20
2026-08-31T05:07:40Z,290143,9,1372.6,968.6,5259,352,21040,34.8,53.56,557,8188,18
2026-08-31T05:08:40Z,290203,9,1365.6,964.5,5258,353,21051,34.8,59.28,557,8188,19
2026-08-31T05:09:40Z,290263,9,1365.4,964.2,5256,353,21026,34.8,59.88,557,8188,16
2026-08-31T05:10:40Z,290324,9,1363.2,962.4,5258,353,21051,34.8,60.87,557,8188,17
2026-08-31T05:11:40Z,290384,9,1363.2,962.2,5258,353,21049,34.8,58.25,557,8188,17
2026-08-31T05:12:40Z,290444,9,1362.9,961.8,5254,353,20963,34.9,50.75,557,8188,15
2026-08-31T05:13:41Z,290504,9,1362.9,962.5,5256,353,20959,34.9,59.91,557,8188,19
2026-08-31T05:14:41Z,290564,9,1362.6,961.7,5254,353,21012,34.9,58.37,557,8188,17
2026-08-31T05:15:41Z,290624,9,1363.1,962.5,5255,353,20961,35.1,55.64,557,8188,18
2026-08-31T05:16:41Z,290684,9,1363.8,963.2,5252,352,20990,35,59.41,557,8188,14
2026-08-31T05:17:41Z,290745,9,1362.3,962,5254,353,21023,34.9,58.24,557,8188,15
2026-08-31T05:18:41Z,290805,9,1363.3,962.7,5256,353,21033,34.9,58.53,557,8188,16
2026-08-31T05:19:41Z,290865,9,1363,962,5256,353,21061,34.7,59.68,557,8188,17
2026-08-31T05:20:41Z,290925,9,1362.8,961.9,5256,353,21066,34.7,59.77,557,8188,15
2026-08-31T05:21:42Z,290985,9,1362.8,961.8,5254,353,21061,34.7,59.56,557,8188,15
2026-08-31T05:22:42Z,291045,9,1362.6,961.7,5256,353,20972,34.8,53.66,557,8188,17
2026-08-31T05:23:42Z,291105,9,1362.6,961.9,5256,355,20974,34.9,58.12,557,8188,16
2026-08-31T05:24:42Z,291166,9,1361.9,961,5258,355,21048,34.8,59.31,557,8188,15
2026-08-31T05:25:42Z,291226,9,1362.7,962,5254,352,21048,34.8,57.49,557,8188,17
2026-08-31T05:26:42Z,291286,9,1363.2,962.5,5256,353,21044,34.8,59.39,557,8188,16
2026-08-31T05:27:42Z,291346,9,1363.2,963.8,5254,352,21043,34.8,58.85,558,8188,15
2026-08-31T05:28:43Z,291406,9,1363.2,962.2,5256,353,21037,34.8,57.09,557,8188,16
2026-08-31T05:29:43Z,291466,9,1363,961.8,5256,353,21033,34.8,58.7,557,8188,16
2026-08-31T05:30:43Z,291526,9,1363,962,5254,353,21034,34.8,59.2,557,8188,17
2026-08-31T05:31:43Z,291587,9,1362.2,961.3,5256,353,21029,34.8,59.21,557,8188,16
2026-08-31T05:32:43Z,291647,9,1379.3,1036.9,5259,354,20948,35.1,51.95,571,8188,21
2026-08-31T05:33:43Z,291707,9,1370.6,951,5264,356,20915,35,55.98,543,8188,21
2026-08-31T05:34:44Z,291767,9,1370.9,950.3,5262,355,21021,34.8,58.2,543,8188,18
2026-08-31T05:35:44Z,291827,9,1370.7,949.9,5264,354,21026,34.8,59.68,543,8188,19
2026-08-31T05:36:44Z,291887,9,1371.3,950.5,5262,353,21050,34.7,59.32,543,8188,20
2026-08-31T05:37:44Z,291948,9,1367,964.4,5256,352,21043,34.8,54.89,553,8188,18
2026-08-31T05:38:44Z,292008,9,1366.9,964.1,5260,353,21050,34.7,58.3,553,8188,18
2026-08-31T05:39:44Z,292068,9,1371,968.8,5258,353,21039,34.8,59.14,553,8188,19
2026-08-31T05:40:44Z,292128,9,1363.2,960.9,5259,353,21060,34.7,59.89,553,8188,17
2026-08-31T05:41:45Z,292188,9,1363.9,961.6,5254,353,21057,34.7,59.64,553,8188,15
2026-08-31T05:42:45Z,292248,9,1363.2,961.2,5259,354,20970,34.8,51.63,553,8188,16
2026-08-31T05:43:45Z,292308,9,1363.1,961.2,5257,354,20972,34.9,56.95,553,8188,15
2026-08-31T05:44:45Z,292369,9,1363.6,961.2,5259,354,21038,34.8,58.79,553,8188,16
2026-08-31T05:45:45Z,292429,9,1363.3,960.8,5257,353,21039,34.8,59.19,553,8188,13
2026-08-31T05:46:45Z,292489,9,1364.3,962.1,5259,354,21041,34.8,58.09,553,8188,15
2026-08-31T05:47:45Z,292549,9,1363.7,961.3,5258,353,21066,34.7,57.04,553,8188,16
2026-08-31T05:48:46Z,292609,9,1363.9,961.4,5258,353,21052,34.8,56.32,553,8188,16
2026-08-31T05:49:46Z,292669,9,1364.1,962.5,5258,353,21061,34.7,58.38,553,8188,16
2026-08-31T05:50:46Z,292729,9,1363,960.4,5256,353,21059,34.7,58.48,553,8188,17
2026-08-31T05:51:46Z,292790,9,1363.6,961.1,5258,353,21057,34.7,57.53,553,8188,19
2026-08-31T05:52:46Z,292850,9,1363.7,961.1,5256,353,20962,34.9,51.06,553,8188,17
2026-08-31T05:53:46Z,292910,9,1363.4,960.8,5261,354,20955,34.9,55.98,553,8188,18
2026-08-31T05:54:46Z,292970,9,1363.9,961.3,5259,353,21033,34.8,61.15,553,8188,15
2026-08-31T05:55:47Z,293030,9,1363.7,961,5257,353,21052,34.7,57.63,553,8188,15
2026-08-31T05:56:47Z,293090,9,1364.6,961.9,5259,353,21089,34.7,57.16,553,8188,15
2026-08-31T05:57:47Z,293150,9,1364.6,961.7,5261,354,21076,34.7,60.86,553,8188,17
2026-08-31T05:58:47Z,293211,9,1363.5,960.9,5261,354,21088,34.7,58.97,553,8188,18
2026-08-31T05:59:47Z,293271,9,1363.8,961.2,5259,354,21075,34.7,57.66,553,8188,15
2026-08-31T06:00:47Z,293331,9,1363.5,961.1,5261,354,21075,34.7,58.44,553,8188,16
2026-08-31T06:01:47Z,293391,9,1363.9,961.5,5258,353,21068,34.7,59.31,553,8188,16
2026-08-31T06:02:48Z,293451,9,1400.2,998,5258,356,20942,35,56.3,544,8188,20
2026-08-31T06:03:48Z,293511,9,1376.6,960.1,5262,355,20950,34.9,56.59,543,8188,19
2026-08-31T06:04:48Z,293571,9,1369.5,952.2,5262,354,21040,34.8,58.41,543,8188,21
2026-08-31T06:05:48Z,293632,9,1369.5,952.4,5262,353,21039,34.8,58.11,543,8188,20
2026-08-31T06:06:48Z,293692,9,1369.4,952.3,5264,354,21037,34.8,59.18,543,8188,20
2026-08-31T06:07:48Z,293752,9,1365.7,963.9,5263,354,21021,34.8,54.77,552,8188,16
2026-08-31T06:08:48Z,293812,9,1363,960.9,5263,354,21028,34.8,57.77,552,8188,17
2026-08-31T06:09:49Z,293872,9,1363,961,5261,354,21014,34.9,58.74,552,8188,17
2026-08-31T06:10:49Z,293932,9,1363.3,961.4,5259,354,21061,34.8,59.19,552,8188,16
2026-08-31T06:11:49Z,293992,9,1363.6,962.1,5261,354,20992,34.9,58.45,552,8188,16
2026-08-31T06:12:49Z,294053,9,1363.1,961.3,5256,353,20953,34.9,51.29,552,8188,17
2026-08-31T06:13:49Z,294113,9,1364.1,961.9,5258,353,20956,34.9,56.64,552,8188,16
2026-08-31T06:14:49Z,294173,9,1363.7,961.6,5256,352,21055,34.8,58.38,552,8188,16
2026-08-31T06:15:49Z,294233,9,1363.2,961.1,5258,353,21057,34.8,60.14,552,8188,17
2026-08-31T06:16:50Z,294293,9,1363.8,961.8,5256,352,21049,34.8,61.01,552,8188,17
2026-08-31T06:17:50Z,294353,9,1363.4,961.6,5258,353,21053,34.8,59.51,552,8188,18
2026-08-31T06:18:50Z,294413,9,1362.6,960.7,5260,353,21040,34.8,58.22,552,8188,18
2026-08-31T06:19:50Z,294474,9,1362.7,960.7,5256,353,21042,34.8,59.5,552,8188,17
2026-08-31T06:20:50Z,294534,9,1363.1,961.3,5258,353,21048,34.8,60.02,552,8188,17
2026-08-31T06:21:50Z,294594,9,1363.7,962.2,5254,353,21038,34.8,59.9,552,8188,18
2026-08-31T06:22:50Z,294654,9,1363.6,961.7,5256,353,20952,34.9,52.18,552,8188,17
2026-08-31T06:23:51Z,294714,9,1363.4,961.6,5256,352,20952,35,55.79,552,8188,16
2026-08-31T06:24:51Z,294774,9,1363.1,961,5258,353,21036,34.9,61.07,552,8188,18
2026-08-31T06:25:51Z,294834,9,1363.6,961.6,5252,352,20981,35,57.93,552,8188,17
2026-08-31T06:26:51Z,294895,9,1363.5,961.6,5258,353,21031,34.9,60.19,552,8188,17
2026-08-31T06:27:51Z,294955,9,1364,962.2,5258,353,21017,34.9,57.87,552,8188,17
2026-08-31T06:28:51Z,295015,9,1363.3,961.7,5258,353,21041,34.8,58.95,552,8188,16
2026-08-31T06:29:51Z,295075,9,1363.2,961.3,5261,354,21041,34.8,59.79,552,8188,15
2026-08-31T06:30:52Z,295135,9,1363.6,961.7,5261,354,21030,34.8,61.31,552,8188,14
2026-08-31T06:31:52Z,295195,9,1362.7,961,5263,354,21034,34.8,59.23,552,8188,15
2026-08-31T06:32:52Z,295255,9,1372.5,954.6,5256,354,20948,34.9,54.98,549,8188,20
2026-08-31T06:33:52Z,295316,9,1370.8,951,5266,356,20992,35.4,50.18,548,8188,20
2026-08-31T06:34:52Z,295376,9,1369.9,949.9,5262,354,21053,35.2,57.03,548,8188,20
2026-08-31T06:35:52Z,295436,9,1370.1,950.4,5264,354,21165,35,56.14,548,8188,17
2026-08-31T06:36:52Z,295496,9,1370.8,951,5264,354,21186,34.9,58.7,548,8188,16
2026-08-31T06:37:53Z,295556,9,1364.8,947.7,5260,353,20960,34.9,53.39,548,8188,20
2026-08-31T06:38:53Z,295616,9,1365.2,948.2,5258,353,20966,34.9,56.76,548,8188,15
2026-08-31T06:39:53Z,295676,9,1365,948,5256,353,20984,34.8,58.28,548,8188,19
2026-08-31T06:40:53Z,295737,9,1364.5,947.2,5256,353,20987,34.8,56.7,548,8188,17
2026-08-31T06:41:53Z,295797,9,1365,948.3,5254,353,20986,34.8,58.33,548,8188,16
2026-08-31T06:42:53Z,295857,9,1364.5,947.7,5256,353,20898,34.9,51.91,548,8188,18
2026-08-31T06:43:53Z,295917,9,1369.5,952.5,5252,352,20892,35,54.2,548,8188,19
2026-08-31T06:44:54Z,295977,9,1365.1,948.2,5251,353,20984,34.8,57.57,548,8188,16
2026-08-31T06:45:54Z,296037,9,1365.4,948.3,5252,353,20979,34.8,56.25,548,8188,17
2026-08-31T06:46:54Z,296097,9,1365.8,948.8,5254,354,20976,34.8,59.39,548,8188,17
2026-08-31T06:47:54Z,296158,9,1365.6,948.5,5256,354,20963,34.9,60.8,548,8188,17
2026-08-31T06:48:54Z,296218,9,1365.9,948.8,5256,354,21004,34.8,57.86,548,8188,16
2026-08-31T06:49:54Z,296278,9,1365.6,948.2,5256,354,21005,34.8,54.87,548,8188,16
2026-08-31T06:50:55Z,296338,9,1364.2,946.9,5255,353,21025,34.7,59.89,548,8188,16
2026-08-31T06:51:55Z,296398,9,1363.6,946.6,5255,353,21022,34.7,57.16,548,8188,15
2026-08-31T06:52:55Z,296458,9,1364.3,947.3,5253,353,20877,35.1,51.14,548,8188,16
2026-08-31T06:53:55Z,296519,9,1365.1,948.3,5255,353,20927,34.9,53.04,548,8188,19
2026-08-31T06:54:55Z,296579,9,1364.6,947.6,5253,353,20943,34.8,56.44,548,8188,18
2026-08-31T06:55:55Z,296639,9,1365.2,948.9,5255,353,21008,34.8,56.62,548,8188,17
2026-08-31T06:56:55Z,296699,9,1364.7,948.1,5255,353,21005,34.8,60.89,548,8188,16
2026-08-31T06:57:56Z,296759,9,1364.9,948,5255,353,21002,34.8,56.79,548,8188,15
2026-08-31T06:58:56Z,296819,9,1364.2,947.7,5255,353,20998,34.8,59.69,548,8188,17
2026-08-31T06:59:56Z,296879,9,1364.2,947.3,5258,354,20994,34.8,56.25,548,8188,16
2026-08-31T07:00:56Z,296940,9,1363.6,947,5258,354,20993,34.8,59.21,548,8188,16
2026-08-31T07:01:56Z,297000,9,1363.8,947.2,5256,354,20989,34.8,58.05,548,8188,17
2026-08-31T07:02:56Z,297060,9,1379.6,959.7,5255,354,20817,35.3,50.86,544,8188,19
2026-08-31T07:03:56Z,297120,9,1374.3,952.6,5259,354,20900,35,58.12,543,8188,20
2026-08-31T07:04:57Z,297180,9,1371.6,948.5,5261,354,20924,34.9,58.98,543,8188,23
2026-08-31T07:05:57Z,297240,9,1372.1,949.1,5261,354,20992,34.9,60.98,543,8188,19
2026-08-31T07:06:57Z,297300,9,1370.5,947.7,5263,354,20984,34.9,55.54,543,8188,19
2026-08-31T07:07:57Z,297361,9,1367.6,953.5,5257,353,20966,34.9,53.6,548,8188,17
2026-08-31T07:08:57Z,297421,9,1365.4,951.4,5255,353,20993,34.8,61.8,548,8188,18
2026-08-31T07:09:57Z,297481,9,1364.9,950.6,5260,356,20823,35.3,55.13,548,8188,17
2026-08-31T07:10:58Z,297541,9,1365.5,951.1,5258,356,20896,35.1,59.9,548,8188,19
2026-08-31T07:11:58Z,297601,9,1365.5,951.4,5260,354,20937,35,58.46,548,8188,16
2026-08-31T07:12:58Z,297661,9,1365.8,951.6,5256,354,20814,35.2,56.45,548,8188,16
2026-08-31T07:13:58Z,297722,9,1366.4,952.3,5256,354,20863,35.1,58.32,548,8188,17
2026-08-31T07:14:58Z,297782,9,1365.4,951.1,5254,353,20879,35,60.09,548,8188,18
2026-08-31T07:15:58Z,297842,9,1364.7,950.7,5256,354,20947,35,60.39,548,8188,18
2026-08-31T07:16:58Z,297902,9,1364.5,950.6,5255,353,20970,34.9,62.05,548,8188,18
2026-08-31T07:17:59Z,297962,9,1363.9,950.2,5255,353,20970,34.9,59.1,548,8188,16
2026-08-31T07:18:59Z,298022,9,1364.5,950.8,5263,354,20896,35.1,60.04,548,8188,16
2026-08-31T07:19:59Z,298082,9,1364.3,950.3,5258,354,20946,35,56.04,548,8188,17
2026-08-31T07:20:59Z,298143,9,1364.5,950.6,5260,354,20977,34.9,61.33,548,8188,17
2026-08-31T07:21:59Z,298203,9,1364.9,951,5258,354,20971,34.9,59.97,548,8188,17
2026-08-31T07:22:59Z,298263,9,1364.7,950.5,5260,354,20840,35.2,56.46,548,8188,14
2026-08-31T07:23:59Z,298323,9,1365.6,951.6,5257,353,20881,35,57.02,548,8188,16
2026-08-31T07:25:00Z,298383,9,1365.6,951.8,5259,353,20901,35,60.25,548,8188,18
2026-08-31T07:26:00Z,298443,9,1365.8,952,5259,353,20933,35,57.3,548,8188,16
2026-08-31T07:27:00Z,298503,9,1366.1,952.3,5259,353,20980,34.9,63.6,548,8188,17
2026-08-31T07:28:00Z,298564,9,1365.2,950.9,5257,353,20973,34.9,58.97,548,8188,15
2026-08-31T07:29:00Z,298624,9,1365.8,951.5,5259,353,20971,34.9,61.16,548,8188,17
2026-08-31T07:30:00Z,298684,9,1365.6,951.5,5259,353,20993,34.9,55.93,548,8188,20
2026-08-31T07:31:00Z,298744,9,1366.1,952,5257,353,20987,34.9,61.64,548,8188,17
2026-08-31T07:32:01Z,298804,9,1366.4,952.4,5257,353,20997,34.8,59.72,548,8188,16
2026-08-31T07:33:01Z,298864,9,1377.4,968.9,5253,354,20837,35.2,57.5,549,8188,20
2026-08-31T07:34:01Z,298924,9,1373,963,5261,356,20857,35.2,54.22,548,8188,20
2026-08-31T07:35:01Z,298985,9,1370,958.7,5259,353,20904,35,57.55,548,8188,19
2026-08-31T07:36:01Z,299045,9,1374.6,963.9,5261,354,20966,34.9,59.96,548,8188,21
2026-08-31T07:37:01Z,299105,9,1368.8,957.3,5261,354,20977,34.9,59.58,548,8188,19
2026-08-31T07:38:01Z,299165,9,1370.1,961.6,5262,354,20955,34.9,55.55,548,8188,19
2026-08-31T07:39:02Z,299225,9,1365.7,957.7,5258,354,20987,34.9,59.71,548,8188,20
2026-08-31T07:40:02Z,299285,9,1366,958,5256,354,20993,34.9,60.49,548,8188,20
2026-08-31T07:41:02Z,299345,9,1366.6,958.3,5258,354,20988,34.8,61.95,548,8188,19
2026-08-31T07:42:02Z,299406,9,1370.1,962,5257,354,20982,34.9,59.46,548,8188,21
2026-08-31T07:43:02Z,299466,9,1368.7,960.3,5255,353,20840,35.2,54.94,548,8188,20
2026-08-31T07:44:02Z,299526,9,1368.6,960.3,5253,352,20891,35,51.5,548,8188,18
2026-08-31T07:45:02Z,299586,9,1365.1,956.9,5256,353,20937,34.9,58.83,548,8188,19
2026-08-31T07:46:03Z,299646,9,1370.1,962.1,5255,353,20989,34.9,59.81,548,8188,21
2026-08-31T07:47:03Z,299706,9,1369.8,961.6,5258,354,20991,34.9,58.23,548,8188,20
2026-08-31T07:48:03Z,299766,9,1365.8,957.6,5258,354,20992,34.9,57.88,548,8188,18
2026-08-31T07:49:03Z,299826,9,1365.5,957.3,5256,354,20980,34.9,58.04,548,8188,15
2026-08-31T07:50:03Z,299887,9,1366,957.7,5258,354,20982,34.9,56.48,548,8188,16
2026-08-31T07:51:03Z,299947,9,1366.4,958.4,5256,354,20977,34.9,57.15,548,8188,14
2026-08-31T07:52:03Z,300007,9,1365.8,957.7,5257,353,20929,35.1,59.29,548,8188,18
2026-08-31T07:53:04Z,300067,9,1365.5,957.2,5255,352,20899,35.2,59.21,548,8188,17
2026-08-31T07:54:04Z,300127,9,1365.5,957.1,5257,353,20835,35.2,53.73,548,8188,17
2026-08-31T07:55:04Z,300187,9,1365.6,957.6,5257,353,20926,34.9,55.25,548,8188,13
2026-08-31T07:56:04Z,300247,9,1369.9,962.1,5257,353,20905,35.1,56.06,548,8188,18
2026-08-31T07:57:04Z,300308,9,1366,958,5257,353,20924,35,57.51,548,8188,18
2026-08-31T07:58:04Z,300368,9,1366.7,958.2,5257,353,20935,35,60.99,548,8188,19
2026-08-31T07:59:04Z,300428,9,1365.9,957.1,5257,353,20958,34.9,57.82,548,8188,16
2026-08-31T08:00:05Z,300488,9,1365,956.2,5255,353,20959,34.9,56.15,548,8188,19
2026-08-31T08:01:05Z,300548,9,1364.6,955.6,5257,353,20957,34.9,55.83,548,8188,17
2026-08-31T08:02:05Z,300608,9,1365,956,5255,353,20988,34.8,55.04,548,8188,17
2026-08-31T08:03:05Z,300668,9,1370.2,945.3,5255,354,20989,34.8,60.43,544,8188,18
2026-08-31T08:04:05Z,300729,9,1371.9,946.1,5259,353,20897,34.9,56.25,543,8188,19
2026-08-31T08:05:05Z,300789,9,1371.4,945.7,5263,354,20926,34.9,58.46,543,8188,19
2026-08-31T08:06:05Z,300849,9,1372.2,946.3,5265,354,20989,34.8,63.36,543,8188,21
2026-08-31T08:07:05Z,300909,9,1371.5,945.8,5263,354,20986,34.8,64.46,543,8188,20
2026-08-31T08:08:06Z,300969,9,1366.9,945.3,5260,354,20989,34.8,57.62,543,8188,20
2026-08-31T08:09:06Z,301029,9,1368.5,946.8,5256,354,21000,34.8,52.97,543,8188,22
2026-08-31T08:10:06Z,301089,9,1363.9,942.3,5256,354,20982,34.8,53.54,543,8188,17
2026-08-31T08:11:06Z,301150,9,1364.9,943.3,5255,353,20988,34.8,55.49,543,8188,16
2026-08-31T08:12:06Z,301210,9,1364.5,942.7,5257,353,20997,34.8,56.92,543,8188,16
2026-08-31T08:13:06Z,301270,9,1364.7,942.8,5253,352,20990,34.8,54.77,543,8188,17
2026-08-31T08:14:06Z,301330,9,1365.1,943.3,5255,353,20908,34.9,48.33,543,8188,16
2026-08-31T08:15:07Z,301390,9,1364.7,942.8,5255,353,20906,34.9,57.28,543,8188,19
2026-08-31T08:16:07Z,301450,9,1363.6,941.5,5256,354,20991,34.8,55.4,543,8188,17
2026-08-31T08:17:07Z,301510,9,1363.8,941.8,5258,354,20991,34.8,57.76,543,8188,16
2026-08-31T08:18:07Z,301571,9,1364.1,942.1,5256,354,20924,34.9,55.75,543,8188,16
2026-08-31T08:19:07Z,301631,9,1364,942.1,5259,354,20957,34.9,53.79,543,8188,16
2026-08-31T08:20:07Z,301691,9,1364.1,941.9,5250,354,20963,34.9,57.21,543,8188,16
2026-08-31T08:21:08Z,301751,9,1364.5,942.5,5251,353,20984,34.8,55.89,543,8188,19
2026-08-31T08:22:08Z,301811,9,1364.2,942.3,5251,352,21006,34.7,57.58,543,8188,17
2026-08-31T08:23:08Z,301871,9,1364.7,943.1,5253,353,21001,34.8,52.87,543,8188,16
2026-08-31T08:24:08Z,301931,9,1364.6,942.7,5251,352,20917,34.8,46.76,543,8188,17
2026-08-31T08:25:08Z,301992,9,1363.5,941.4,5253,353,20922,34.8,55.04,543,8188,16
2026-08-31T08:26:08Z,302052,9,1363.8,941.7,5253,353,21004,34.7,55.71,543,8188,17
2026-08-31T08:27:08Z,302112,9,1363.8,941.8,5251,353,20996,34.8,55.97,543,8188,19
2026-08-31T08:28:09Z,302172,9,1363.7,941.9,5253,353,20991,34.8,58.6,543,8188,19
2026-08-31T08:29:09Z,302232,9,1364.3,942.3,5251,353,20986,34.8,56.36,543,8188,16
2026-08-31T08:30:09Z,302292,9,1364.4,942.6,5256,354,20984,34.8,55.86,543,8188,17
2026-08-31T08:31:09Z,302353,9,1364.6,942.8,5254,354,20983,34.8,51.95,543,8188,17
2026-08-31T08:32:09Z,302413,9,1374.2,954.9,5275,354,20971,34.9,55.76,545,8188,17
2026-08-31T08:33:09Z,302473,9,1375.5,957.6,5268,353,20916,35.1,55.51,546,8188,20
2026-08-31T08:34:09Z,302533,9,1378.8,959.8,5276,356,20856,35.1,51.76,545,8188,21
2026-08-31T08:35:10Z,302593,9,1374.2,954.9,5278,356,20924,34.9,52.07,545,8188,21
2026-08-31T08:36:10Z,302653,9,1379,959.7,5276,354,20992,34.9,55.64,545,8188,20
2026-08-31T08:37:10Z,302713,9,1374,954.6,5276,354,20999,34.8,55.74,545,8188,17
2026-08-31T08:38:10Z,302774,9,1371.6,966.3,5271,354,20980,34.9,55.49,554,8188,17
2026-08-31T08:39:10Z,302834,9,1371.9,967,5271,354,21004,34.8,57.8,554,8188,17
2026-08-31T08:40:10Z,302894,9,1371.4,966.3,5268,353,20999,34.9,58.17,554,8188,17
2026-08-31T08:41:10Z,302954,9,1372.4,967.8,5270,353,20991,34.9,58.44,554,8188,14
2026-08-31T08:42:11Z,303014,9,1372.1,967.5,5266,352,21001,34.8,60.78,554,8188,17
2026-08-31T08:43:11Z,303074,9,1370.2,965.2,5271,354,20998,34.8,61.19,554,8188,16
2026-08-31T08:44:11Z,303134,9,1370.7,965.8,5271,354,20913,34.9,54.18,554,8188,16
2026-08-31T08:45:11Z,303195,9,1370.1,965.1,5271,354,20911,34.9,60.36,554,8188,16
2026-08-31T08:46:11Z,303255,9,1369.5,964.6,5271,354,20911,34.9,53.75,554,8188,16
2026-08-31T08:47:11Z,303315,9,1369.4,964.5,5269,354,20923,34.9,61.18,554,8188,15
2026-08-31T08:48:11Z,303375,9,1369.6,964.7,5271,354,20991,34.9,60.34,554,8188,16
2026-08-31T08:49:12Z,303435,9,1370.4,965.6,5269,354,21003,34.9,59.21,554,8188,16
2026-08-31T08:50:12Z,303495,9,1369.8,964.9,5271,354,20971,34.9,55.24,554,8188,21
2026-08-31T08:51:12Z,303555,9,1370.7,965.9,5268,352,20974,34.9,60.77,554,8188,19
2026-08-31T08:52:12Z,303616,9,1369.5,965,5272,353,20980,34.9,62.88,554,8188,20
2026-08-31T08:53:12Z,303676,9,1366.9,962.3,5270,352,20993,34.9,60.15,554,8188,18
2026-08-31T08:54:12Z,303736,9,1367.6,963.2,5272,353,20913,35,55.08,554,8188,14
2026-08-31T08:55:12Z,303796,9,1367.3,962.6,5275,354,20905,35,59.84,554,8188,16
2026-08-31T08:56:13Z,303856,9,1367.5,963.2,5273,354,20981,34.9,57.87,554,8188,16
2026-08-31T08:57:13Z,303916,9,1367.8,963.5,5275,354,21000,34.8,59.41,554,8188,17
2026-08-31T08:58:13Z,303976,9,1366.6,961.7,5273,354,20994,34.8,62.25,554,8188,17
2026-08-31T08:59:13Z,304037,9,1367.3,962.8,5275,354,20994,34.9,61.09,554,8188,17
2026-08-31T09:00:13Z,304097,9,1367.4,962.8,5272,352,20992,34.9,59.74,554,8188,16
2026-08-31T09:01:13Z,304157,9,1367.8,963.1,5274,353,20987,34.9,59.06,554,8188,16
2026-08-31T09:02:14Z,304217,9,1413.8,1013.8,5275,353,20940,35,62.02,555,8188,20
2026-08-31T09:03:14Z,304277,9,1375.7,956.6,5253,353,20958,35,56.45,544,8188,20
2026-08-31T09:04:14Z,304337,9,1371.3,950.8,5261,354,20885,35,51.81,543,8188,20
2026-08-31T09:05:14Z,304398,9,1371.6,951.1,5263,354,20914,34.9,58.51,543,8188,19
2026-08-31T09:06:14Z,304458,9,1371.8,951.9,5263,354,20987,34.8,56.59,543,8188,21
2026-08-31T09:07:14Z,304518,9,1371.4,951,5261,354,20983,34.8,57.5,543,8188,21
2026-08-31T09:08:14Z,304578,9,1368.9,951.4,5257,353,20943,35,59.97,543,8188,20
2026-08-31T09:09:15Z,304638,9,1368.7,951.2,5253,353,20971,34.9,56,543,8188,20
2026-08-31T09:10:15Z,304698,9,1369,951.4,5255,353,20953,34.9,59.14,543,8188,20
2026-08-31T09:11:15Z,304758,9,1373.6,956.3,5251,352,20960,34.9,55.79,543,8188,20
2026-08-31T09:12:15Z,304819,9,1369.8,951.9,5253,353,20969,34.9,56.16,543,8188,21
2026-08-31T09:13:15Z,304879,9,1366.2,948.4,5256,354,20897,35,55.71,543,8188,22
2026-08-31T09:14:15Z,304939,9,1365.9,948.2,5256,354,20860,35,49.4,543,8188,17
2026-08-31T09:15:15Z,304999,9,1365.9,948.3,5256,354,20901,34.9,55.22,543,8188,17
2026-08-31T09:16:16Z,305059,9,1366.5,949,5256,354,20969,34.8,55.36,543,8188,18
2026-08-31T09:17:16Z,305119,9,1366.1,948.4,5258,354,20968,34.9,53.9,543,8188,17
2026-08-31T09:18:16Z,305179,9,1367,949.5,5255,353,20771,35,58,543,8188,17
2026-08-31T09:19:16Z,305240,9,1366.5,948.7,5257,353,21004,34.8,54.56,543,8188,17
2026-08-31T09:20:16Z,305300,9,1366.8,949.3,5255,352,20997,34.8,55.77,543,8188,17
2026-08-31T09:21:16Z,305360,9,1366.4,949.2,5258,353,21003,34.8,53.6,543,8188,16
2026-08-31T09:22:16Z,305420,9,1364.9,947.5,5258,353,20999,34.8,58.16,543,8188,18
2026-08-31T09:23:17Z,305480,9,1365.7,948.4,5262,354,20994,34.8,56.46,543,8188,16
2026-08-31T09:24:17Z,305540,9,1366,948.7,5262,356,20909,34.9,51.57,543,8188,16
2026-08-31T09:25:17Z,305600,9,1365.9,948.8,5260,356,20907,34.9,55.04,543,8188,19
2026-08-31T09:26:17Z,305661,9,1366.6,949.2,5258,354,20978,34.8,55,543,8188,17
2026-08-31T09:27:17Z,305721,9,1366.2,948.8,5255,353,20982,34.8,57.71,543,8188,16
2026-08-31T09:28:17Z,305781,9,1366.6,949.1,5257,353,20976,34.9,56.81,543,8188,18
2026-08-31T09:29:18Z,305841,9,1365.5,948.1,5255,352,20971,34.9,53.22,543,8188,17
2026-08-31T09:30:18Z,305901,9,1364.8,947.1,5257,353,20964,34.9,55.83,543,8188,18
2026-08-31T09:31:18Z,305961,9,1365.4,947.7,5257,352,20961,34.9,53.14,543,8188,18
2026-08-31T09:32:18Z,306021,9,1408.7,1001.1,5265,354,20920,35,56.27,548,8188,21
2026-08-31T09:33:18Z,306082,9,1376.6,957.9,5259,354,20952,34.9,59.13,544,8188,19
2026-08-31T09:34:18Z,306142,9,1372.1,950.9,5259,356,20894,34.9,51.34,543,8188,19
2026-08-31T09:35:18Z,306202,9,1377,955.2,5263,356,20900,34.9,59.41,543,8188,20
2026-08-31T09:36:19Z,306262,9,1372.4,950.5,5259,354,20974,34.9,59.18,543,8188,20
2026-08-31T09:37:19Z,306322,9,1372.8,951.1,5262,353,20978,34.9,59.02,543,8188,18
2026-08-31T09:38:19Z,306382,9,1367.1,948.1,5256,354,20972,34.9,58.34,543,8188,20
2026-08-31T09:39:19Z,306442,9,1366.8,947.9,5256,354,20975,34.8,56.36,543,8188,20
2026-08-31T09:40:19Z,306503,9,1367.4,948.9,5254,353,20973,34.8,59.62,543,8188,21
2026-08-31T09:41:19Z,306563,9,1366.6,947.8,5256,354,20969,34.8,59.24,543,8188,19
2026-08-31T09:42:19Z,306623,9,1366.7,947.7,5254,353,20977,34.8,59.26,543,8188,19
2026-08-31T09:43:20Z,306683,9,1366.9,948.3,5258,354,20962,34.9,55.54,543,8188,20
2026-08-31T09:44:20Z,306743,9,1366.7,947.8,5258,354,20885,34.9,51.82,543,8188,21
2026-08-31T09:45:20Z,306803,9,1371.2,952.3,5256,354,20865,35,55.8,543,8188,20
2026-08-31T09:46:20Z,306863,9,1366.8,948.1,5258,354,20965,34.9,57.64,543,8188,20
2026-08-31T09:47:20Z,306924,9,1370,951.5,5255,353,20982,34.8,52.85,543,8188,21
2026-08-31T09:48:20Z,306984,9,1370.3,951.5,5257,353,20971,34.8,57.52,543,8188,22
2026-08-31T09:49:20Z,307044,9,1370.6,951.9,5255,352,20970,34.8,54.95,543,8188,21
2026-08-31T09:50:20Z,307104,9,1370.6,952,5260,354,20995,34.8,57.03,543,8188,19
2026-08-31T09:51:21Z,307164,9,1375.3,956.4,5255,352,20982,34.8,57.44,543,8188,20
2026-08-31T09:52:21Z,307224,9,1367.1,948.3,5258,354,20985,34.8,56.06,543,8188,21
2026-08-31T09:53:21Z,307284,9,1367.3,948.2,5258,354,20980,34.8,57.25,543,8188,17
2026-08-31T09:54:21Z,307345,9,1366.6,947.6,5256,354,20900,34.9,51.63,543,8188,17
2026-08-31T09:55:21Z,307405,9,1366.1,947.2,5257,353,20898,34.9,54.71,543,8188,17
2026-08-31T09:56:21Z,307465,9,1366.5,947.7,5257,353,20962,34.8,53.13,543,8188,18
2026-08-31T09:57:21Z,307525,9,1366,946.7,5257,353,20966,34.8,54.75,543,8188,20
2026-08-31T09:58:22Z,307585,9,1366.5,947.6,5257,353,20963,34.8,58.25,543,8188,16
2026-08-31T09:59:22Z,307645,9,1366.4,947.4,5259,353,20967,34.8,55.88,543,8188,16
2026-08-31T10:00:22Z,307705,9,1365.4,946.4,5257,353,20957,34.9,55.75,543,8188,18
2026-08-31T10:01:22Z,307766,9,1366.5,947.7,5262,354,20964,34.9,54.28,543,8188,17
2026-08-31T10:02:22Z,307826,9,1383.8,968.4,5269,354,20961,34.9,55.56,544,8188,16
2026-08-31T10:03:22Z,307886,9,1376.9,954.2,5257,356,20946,34.9,56.98,544,8188,20
2026-08-31T10:04:22Z,307946,9,1374.2,948.4,5263,356,20884,35,56.18,543,8188,21
2026-08-31T10:05:23Z,308006,9,1374.3,948.6,5261,354,20878,35,58.6,543,8188,20
2026-08-31T10:06:23Z,308066,9,1374.1,948.2,5263,354,20956,34.9,61.11,543,8188,18
2026-08-31T10:07:23Z,308126,9,1372,945.9,5261,354,20977,34.8,58.22,543,8188,20
2026-08-31T10:08:23Z,308187,9,1368.7,946.6,5260,354,20976,34.8,58.26,543,8188,21
2026-08-31T10:09:23Z,308247,9,1367.6,953,5256,354,20960,34.9,57.07,548,8188,21
2026-08-31T10:10:23Z,308307,9,1367.9,953.3,5258,354,20943,34.9,57.08,548,8188,17
2026-08-31T10:11:23Z,308367,9,1368,953.4,5253,353,20959,34.9,60.71,548,8188,16
2026-08-31T10:12:24Z,308427,9,1367.9,953.6,5255,353,20964,34.8,58.93,548,8188,16
2026-08-31T10:13:24Z,308487,9,1368.7,954.2,5255,353,20957,34.9,59.87,548,8188,20
2026-08-31T10:14:24Z,308547,9,1368.1,953.5,5253,353,20881,34.9,53.89,548,8188,16
2026-08-31T10:15:24Z,308608,9,1368.6,953.9,5253,353,20879,34.9,60.61,548,8188,17
2026-08-31T10:16:24Z,308668,9,1368.2,953.6,5253,353,21004,34.8,57.26,548,8188,18
2026-08-31T10:17:24Z,308728,9,1368.4,953.7,5253,353,20998,34.8,58.97,548,8188,15
2026-08-31T10:18:24Z,308788,9,1367.8,953.1,5251,353,20918,35,56.76,548,8188,16
2026-08-31T10:19:25Z,308848,9,1367.6,952.6,5253,353,20955,34.9,59.63,548,8188,16
2026-08-31T10:20:25Z,308908,9,1368.1,953.5,5251,353,20967,34.9,60.52,548,8188,16
2026-08-31T10:21:25Z,308968,9,1367.5,953.1,5251,352,20965,34.9,61.68,548,8188,16
2026-08-31T10:22:25Z,309029,9,1367.2,952.3,5253,353,20967,34.9,58.21,548,8188,19
2026-08-31T10:23:25Z,309089,9,1367.8,953.2,5254,353,20959,34.9,59.91,548,8188,15
2026-08-31T10:24:25Z,309149,9,1367.6,952.9,5253,353,20908,34.9,52.32,548,8188,17
2026-08-31T10:25:25Z,309209,9,1367.3,952.6,5255,353,20911,34.9,60.59,548,8188,19
2026-08-31T10:26:26Z,309269,9,1367.9,953.4,5253,353,20989,34.8,61.04,548,8188,16
2026-08-31T10:27:26Z,309329,9,1367.6,952.7,5251,353,20961,34.9,56.72,548,8188,16
2026-08-31T10:28:26Z,309389,9,1367.4,952.4,5253,353,20973,34.9,58.46,548,8188,16
2026-08-31T10:29:26Z,309450,9,1367.7,953.2,5251,353,20971,34.9,61.28,548,8188,16
2026-08-31T10:30:26Z,309510,9,1367,952.8,5253,353,20995,34.8,61.7,548,8188,15
2026-08-31T10:31:26Z,309570,9,1366.7,952.1,5255,353,20993,34.8,59.65,548,8188,18
2026-08-31T10:32:26Z,309630,9,1384.6,974.1,5263,354,20975,34.9,58.83,549,8188,20
2026-08-31T10:33:27Z,309690,9,1376,955.9,5257,356,20928,35,58.6,544,8188,21
2026-08-31T10:34:27Z,309750,9,1376.4,954.1,5263,356,20880,35,51.04,543,8188,21
2026-08-31T10:35:27Z,309810,9,1372.8,950.4,5261,354,20888,35,58.52,543,8188,19
2026-08-31T10:36:27Z,309871,9,1372.1,949.7,5259,354,20963,34.9,58.23,543,8188,20
2026-08-31T10:37:27Z,309931,9,1376.4,953.8,5260,353,20965,34.9,54.28,543,8188,21
2026-08-31T10:38:27Z,309991,9,1373.5,954.1,5256,353,20966,34.9,58.87,543,8188,23
2026-08-31T10:39:28Z,310051,9,1366.7,958.4,5253,353,20956,34.9,59.57,555,8188,21
2026-08-31T10:40:28Z,310111,9,1367.3,958.9,5251,352,20951,34.9,62.32,555,8188,20
2026-08-31T10:41:28Z,310171,9,1366.7,958.3,5255,353,20970,34.9,59.17,555,8188,18
2026-08-31T10:42:28Z,310231,9,1367.4,959,5255,353,20973,34.9,58.42,555,8188,16
2026-08-31T10:43:28Z,310292,9,1367.3,959.1,5253,353,20967,34.9,59.15,555,8188,16
2026-08-31T10:44:28Z,310352,9,1367.7,959.3,5251,353,20912,34.9,53.39,555,8188,16
2026-08-31T10:45:28Z,310412,9,1368.3,960.2,5251,353,20893,35,59.12,555,8188,18
2026-08-31T10:46:29Z,310472,9,1366.8,958.3,5251,353,20982,34.8,62.93,555,8188,16
2026-08-31T10:47:29Z,310532,9,1367.4,958.8,5251,353,20983,34.8,57.62,555,8188,17
2026-08-31T10:48:29Z,310592,9,1367.4,959.1,5253,353,20969,34.9,60.09,555,8188,16
2026-08-31T10:49:29Z,310653,9,1367.4,959,5251,353,20973,34.9,60.41,555,8188,17
2026-08-31T10:50:29Z,310713,9,1367.9,959.3,5253,353,20972,34.9,59.86,555,8188,16
2026-08-31T10:51:29Z,310773,9,1367.6,959,5253,353,20969,34.9,62.2,555,8188,17
2026-08-31T10:52:29Z,310833,9,1367.4,958.8,5253,353,20969,34.9,60.37,555,8188,17
2026-08-31T10:53:30Z,310893,9,1367.6,959.6,5256,354,20962,34.9,61.06,555,8188,17
2026-08-31T10:54:30Z,310953,9,1367.3,959,5256,354,20878,35,53.24,555,8188,17
2026-08-31T10:55:30Z,311013,9,1366.7,958.5,5256,354,20876,35,60.76,555,8188,18
2026-08-31T10:56:30Z,311074,9,1366.4,958.2,5254,354,20955,34.9,61.77,555,8188,18
2026-08-31T10:57:30Z,311134,9,1366.6,958.2,5254,354,20954,34.9,57.44,555,8188,16
2026-08-31T10:58:30Z,311194,9,1367.1,958.8,5251,353,20968,34.9,60.15,555,8188,15
2026-08-31T10:59:31Z,311254,9,1366.6,958.2,5256,353,20995,34.8,60.82,555,8188,15
2026-08-31T11:00:31Z,311314,9,1367,958.6,5253,352,20988,34.8,62.18,555,8188,16
2026-08-31T11:01:31Z,311374,9,1367.1,958.8,5255,353,20985,34.8,60.78,555,8188,18
2026-08-31T11:02:31Z,311435,9,1361.8,954.9,5261,354,20982,34.8,57.59,555,8188,20
2026-08-31T11:03:31Z,311495,9,1369,949.5,5255,354,20956,34.9,58.5,544,8188,20
2026-08-31T11:04:31Z,311555,9,1373.9,953.2,5263,354,20879,35,49.19,543,8188,21
2026-08-31T11:05:31Z,311615,9,1369.6,948.9,5263,354,20878,35,57.23,543,8188,21
2026-08-31T11:06:32Z,311675,9,1374.2,953.5,5267,354,20941,35,57.22,543,8188,21
2026-08-31T11:07:32Z,311735,9,1369.5,948.8,5265,354,20955,34.9,57.63,543,8188,17
2026-08-31T11:08:32Z,311795,9,1365.1,947,5266,354,20961,34.9,52.51,543,8188,16
2026-08-31T11:09:32Z,311856,9,1365.1,947.3,5264,353,20954,34.9,52.45,543,8188,18
2026-08-31T11:10:32Z,311916,9,1364.8,946.7,5266,356,20934,34.9,54.66,543,8188,17
2026-08-31T11:11:32Z,311976,9,1365.2,947.1,5268,356,20944,34.9,55.8,543,8188,17
2026-08-31T11:12:32Z,312036,9,1364.8,947,5266,354,20969,34.9,54.75,543,8188,17
2026-08-31T11:13:33Z,312096,9,1364.4,946.3,5267,354,21008,34.8,52.88,543,8188,16
2026-08-31T11:14:33Z,312156,9,1364.9,946.9,5262,354,20916,34.9,50.12,543,8188,17
2026-08-31T11:15:33Z,312216,9,1364.8,946.9,5266,354,20939,34.8,58.33,543,8188,17
2026-08-31T11:16:33Z,312277,9,1365,947.3,5266,354,21005,34.8,56.05,543,8188,17
2026-08-31T11:17:33Z,312337,9,1364.8,946.8,5268,354,21003,34.8,54.35,543,8188,17
2026-08-31T11:18:33Z,312397,9,1364.7,947.1,5266,353,20933,35,54.37,543,8188,17
2026-08-31T11:19:33Z,312457,9,1365.4,947.7,5268,354,20968,34.9,54.17,543,8188,17
2026-08-31T11:20:34Z,312517,9,1365.4,947.3,5268,354,20985,34.8,55.99,543,8188,17
2026-08-31T11:21:34Z,312577,9,1365.6,948.1,5268,353,20982,34.8,57.6,543,8188,16
2026-08-31T11:22:34Z,312637,9,1366,948.3,5268,353,20981,34.8,57.48,543,8188,16
2026-08-31T11:23:34Z,312698,9,1365.4,947.6,5268,353,20974,34.9,52.66,543,8188,17
2026-08-31T11:24:34Z,312758,9,1366,948.2,5268,353,20891,35,48.64,543,8188,16
2026-08-31T11:25:34Z,312818,9,1365.5,947.9,5269,354,20895,34.9,53.52,543,8188,16
2026-08-31T11:26:34Z,312878,9,1365.7,947.8,5271,354,20998,34.8,57.69,543,8188,17
2026-08-31T11:27:35Z,312938,9,1366.1,948.3,5267,354,20993,34.8,55.04,543,8188,17
2026-08-31T11:28:35Z,312998,9,1365.6,947.6,5269,354,20983,34.9,55.68,543,8188,16
2026-08-31T11:29:35Z,313058,9,1366.2,948.2,5267,353,20973,34.9,55.48,543,8188,17
2026-08-31T11:30:35Z,313119,9,1365.6,947.7,5270,353,20973,34.9,55.83,543,8188,16
2026-08-31T11:31:35Z,313179,9,1366,948,5270,353,20975,34.9,54.96,543,8188,16
2026-08-31T11:32:35Z,313239,9,1368.4,949.7,5274,354,20990,34.8,56.56,544,8188,18
2026-08-31T11:33:35Z,313299,9,1376.3,963.1,5256,356,20916,35.1,53.65,549,8188,20
2026-08-31T11:34:36Z,313359,9,1374,959.1,5260,356,20904,35,52.63,548,8188,20
2026-08-31T11:35:36Z,313419,9,1373.6,958,5262,354,20903,35,56.54,548,8188,16
2026-08-31T11:36:36Z,313479,9,1373.2,957.7,5264,354,20975,34.9,58.9,548,8188,17
2026-08-31T11:37:36Z,313540,9,1372.6,957.2,5264,354,20981,34.9,56.21,548,8188,17
2026-08-31T11:38:36Z,313600,9,1369.1,957.5,5259,353,20984,34.8,56.32,548,8188,17
2026-08-31T11:39:36Z,313660,9,1367.6,956.1,5257,354,20967,34.9,55.55,548,8188,19
2026-08-31T11:40:37Z,313720,9,1367.4,955.7,5257,354,20968,34.9,61.69,548,8188,19
2026-08-31T11:41:37Z,313780,9,1367.4,956.2,5258,353,20964,34.9,61.94,548,8188,19
2026-08-31T11:42:37Z,313840,9,1366.6,955.4,5260,353,20969,34.9,61.19,548,8188,16
2026-08-31T11:43:37Z,313901,9,1366.3,955.4,5254,353,20959,34.9,58.53,548,8188,17
2026-08-31T11:44:37Z,313961,9,1367.1,956,5256,353,20875,35,53.53,548,8188,18
2026-08-31T11:45:37Z,314021,9,1367,955.4,5254,353,20888,35,63.07,548,8188,17
2026-08-31T11:46:37Z,314081,9,1366.6,955.3,5254,353,20951,34.9,61.82,548,8188,17
2026-08-31T11:47:38Z,314141,9,1366.1,954.6,5253,352,20951,34.9,59.84,548,8188,15
2026-08-31T11:48:38Z,314201,9,1365.8,954.4,5254,353,20939,35,56.64,548,8188,18
2026-08-31T11:49:38Z,314261,9,1366.6,954.8,5249,351,20990,34.8,57.18,548,8188,18
2026-08-31T11:50:38Z,314322,9,1365.6,953.8,5252,353,20990,34.8,61.04,548,8188,16
2026-08-31T11:51:38Z,314382,9,1366.1,954.5,5254,353,20986,34.8,59.63,548,8188,16
2026-08-31T11:52:38Z,314442,9,1366.5,954.8,5252,353,20986,34.8,61.72,548,8188,16
2026-08-31T11:53:38Z,314502,9,1366.4,954.8,5257,354,20973,34.8,58.43,548,8188,17
2026-08-31T11:54:39Z,314562,9,1367,955.4,5255,354,20889,35,53.83,548,8188,17
2026-08-31T11:55:39Z,314622,9,1366.5,954.7,5257,354,20889,35,57.89,548,8188,19
2026-08-31T11:56:39Z,314682,9,1365.6,953.9,5255,354,20964,34.9,60.1,548,8188,16
2026-08-31T11:57:39Z,314743,9,1366,954.4,5255,354,20966,34.9,59.64,548,8188,16
2026-08-31T11:58:39Z,314803,9,1365.6,953.7,5252,352,20960,34.9,58.27,548,8188,17
2026-08-31T11:59:39Z,314863,9,1366.2,954.3,5256,353,20961,34.9,60.17,548,8188,18
2026-08-31T12:00:39Z,314923,9,1365.1,953.3,5256,353,20939,34.9,61.8,548,8188,15
2026-08-31T12:01:40Z,314983,9,1365.6,953.6,5256,353,20952,34.9,59.35,548,8188,17
2026-08-31T12:02:40Z,315043,9,1368.1,957,5262,354,20946,34.9,62.69,549,8188,17
2026-08-31T12:03:40Z,315103,9,1373.2,954.6,5256,354,20966,34.9,53,544,8188,20
2026-08-31T12:04:40Z,315164,9,1376.5,957.2,5264,354,20881,35,48.51,543,8188,19
2026-08-31T12:05:40Z,315224,9,1372.2,952.4,5262,354,20889,35,54.61,543,8188,21
2026-08-31T12:06:40Z,315284,9,1371.8,952,5264,354,20973,34.9,54.67,543,8188,20
2026-08-31T12:07:40Z,315344,9,1372.9,956,5259,353,20969,34.9,55.67,543,8188,21
2026-08-31T12:08:41Z,315404,9,1367.9,951.1,5260,353,20975,34.9,55.81,543,8188,22
2026-08-31T12:09:41Z,315464,9,1367.8,951.3,5258,353,20951,34.9,54.92,543,8188,22
2026-08-31T12:10:41Z,315524,9,1375.5,958.5,5258,353,20986,34.8,56.79,543,8188,19
2026-08-31T12:11:41Z,315584,9,1367.9,951,5258,353,20992,34.8,55.68,543,8188,20
2026-08-31T12:12:41Z,315645,9,1371.9,955.2,5254,353,20996,34.8,59.62,543,8188,22
2026-08-31T12:13:41Z,315705,9,1367.9,951.3,5259,354,20992,34.8,51.49,543,8188,21
2026-08-31T12:14:41Z,315765,9,1369,952.1,5257,354,20910,34.9,50.62,543,8188,20
2026-08-31T12:15:42Z,315825,9,1364.9,947.9,5257,354,20890,34.9,55.9,543,8188,22
2026-08-31T12:16:42Z,315885,9,1364.7,947.2,5255,353,20992,34.8,60.51,543,8188,21
2026-08-31T12:17:42Z,315945,9,1369.2,952,5259,354,20998,34.8,53.62,543,8188,22
2026-08-31T12:18:42Z,316005,9,1365,947.7,5256,352,20992,34.8,54.47,543,8188,21
2026-08-31T12:19:42Z,316066,9,1369.2,952.1,5258,353,20991,34.8,55.35,543,8188,23
2026-08-31T12:20:42Z,316126,9,1369.2,952.4,5257,353,20992,34.8,57.54,543,8188,20
2026-08-31T12:21:42Z,316186,9,1369.3,952.2,5256,353,20986,34.8,56.3,543,8188,20
2026-08-31T12:22:43Z,316246,9,1366.9,949.8,5258,353,20991,34.8,56.56,543,8188,21
2026-08-31T12:23:43Z,316306,9,1368.8,951.6,5256,353,21004,34.8,54.37,543,8188,20
2026-08-31T12:24:43Z,316366,9,1365.5,948.2,5258,353,20922,34.8,53.53,543,8188,22
2026-08-31T12:25:43Z,316427,9,1369.6,952.1,5256,352,20882,35,55.74,543,8188,20
2026-08-31T12:26:43Z,316487,9,1366.1,948.7,5258,353,21001,34.8,56.1,543,8188,21
2026-08-31T12:27:43Z,316547,9,1370.5,953.4,5256,352,20994,34.8,56.01,543,8188,20
2026-08-31T12:28:43Z,316607,9,1365.8,948.3,5258,353,21022,34.7,55.2,543,8188,20
2026-08-31T12:29:44Z,316667,9,1370.3,952.9,5258,353,21015,34.7,58.91,543,8188,22
2026-08-31T12:30:44Z,316727,9,1365.5,947.8,5258,353,21015,34.7,57.98,543,8188,17
2026-08-31T12:31:44Z,316787,9,1365.6,948.4,5261,354,21015,34.7,54.51,543,8188,17
2026-08-31T12:32:44Z,316848,9,1378.2,1034.9,5257,354,20990,35,56.36,552,8188,19
2026-08-31T12:33:44Z,316908,9,1375.6,958,5262,356,20897,35.1,56.63,543,8188,21
2026-08-31T12:34:44Z,316968,9,1372,953.5,5260,356,20832,35.2,51.95,543,8188,18
2026-08-31T12:35:44Z,317028,9,1371.5,952.5,5262,354,20881,35,57.09,543,8188,20
2026-08-31T12:36:45Z,317088,9,1375.6,956.9,5260,353,20897,34.9,56.6,543,8188,21
2026-08-31T12:37:45Z,317148,9,1372.7,956.7,5254,352,20963,34.9,57.13,543,8188,22
2026-08-31T12:38:45Z,317208,9,1368.7,953.2,5258,353,20961,34.9,56.37,543,8188,22
2026-08-31T12:39:45Z,317269,9,1369.3,953.7,5256,353,20960,34.9,55.07,543,8188,16
2026-08-31T12:40:45Z,317329,9,1366.7,950.7,5256,353,20977,34.8,55.45,543,8188,17
2026-08-31T12:41:45Z,317389,9,1366.5,950.5,5255,354,21001,34.8,59.44,543,8188,17
2026-08-31T12:42:46Z,317449,9,1366.9,950.9,5257,354,21009,34.7,58.53,543,8188,17
2026-08-31T12:43:46Z,317509,9,1365.6,949.7,5255,354,21016,34.7,55.22,543,8188,18
2026-08-31T12:44:46Z,317569,9,1366.3,950.2,5257,354,20883,35,47.38,543,8188,17
2026-08-31T12:45:46Z,317629,9,1366.1,950.4,5255,353,20943,34.8,52.77,543,8188,18
2026-08-31T12:46:46Z,317690,9,1366.5,950.9,5256,353,20951,34.8,58.08,543,8188,16
2026-08-31T12:47:46Z,317750,9,1367,951.3,5254,352,21011,34.7,55.76,543,8188,18
2026-08-31T12:48:46Z,317810,9,1366.6,950.7,5256,353,20987,34.8,55.31,543,8188,16
2026-08-31T12:49:47Z,317870,9,1366.9,951,5256,353,21000,34.7,52.84,543,8188,17
2026-08-31T12:50:47Z,317930,9,1366.7,950.8,5252,353,20991,34.8,53.33,543,8188,17
2026-08-31T12:51:47Z,317990,9,1367.1,951.1,5254,353,20975,34.8,56.12,543,8188,19
2026-08-31T12:52:47Z,318050,9,1367.2,951.4,5252,353,20996,34.8,56.46,543,8188,17
2026-08-31T12:53:47Z,318111,9,1365.9,949.7,5256,353,21005,34.8,53.59,543,8188,17
2026-08-31T12:54:47Z,318171,9,1366.5,950.5,5254,352,20862,35.1,49.44,543,8188,20
2026-08-31T12:55:47Z,318231,9,1366.9,951.2,5256,353,20920,34.9,54.86,543,8188,16
2026-08-31T12:56:48Z,318291,9,1366.8,951.3,5254,352,20907,34.9,56.37,543,8188,17
2026-08-31T12:57:48Z,318351,9,1366.9,951.3,5256,353,21015,34.7,54.03,543,8188,16
2026-08-31T12:58:48Z,318411,9,1366.5,950.7,5256,353,21011,34.7,57.14,543,8188,19
2026-08-31T12:59:48Z,318471,9,1365.6,950,5254,353,21010,34.8,53.58,543,8188,17
2026-08-31T13:00:48Z,318532,9,1366.6,951.1,5256,353,21006,34.8,57.15,543,8188,17
2026-08-31T13:01:48Z,318592,9,1365.3,949.4,5254,353,21004,34.8,53.6,543,8188,16
2026-08-31T13:02:48Z,318652,9,1399.4,990.4,5256,354,20963,34.9,56.74,544,8188,20
2026-08-31T13:03:48Z,318712,9,1375.3,952.7,5258,354,20995,34.8,59.39,543,8188,19
2026-08-31T13:04:49Z,318772,9,1372.7,949.7,5260,354,20867,35.1,54.17,543,8188,20
2026-08-31T13:05:49Z,318832,9,1372.7,949.2,5260,353,20927,34.9,55.71,543,8188,20
2026-08-31T13:06:49Z,318892,9,1373.1,949.6,5262,354,20884,35,56.08,543,8188,20
2026-08-31T13:07:49Z,318953,9,1373.8,952.7,5252,351,20970,34.9,59.55,543,8188,21
2026-08-31T13:08:49Z,319013,9,1368.5,947.8,5260,353,20986,34.8,61.73,543,8188,19
2026-08-31T13:09:49Z,319073,9,1367.8,953.2,5254,353,20953,34.9,53.84,548,8188,17
2026-08-31T13:10:49Z,319133,9,1365.7,951.2,5253,353,20982,34.8,59.58,548,8188,16
2026-08-31T13:11:50Z,319193,9,1366.5,951.8,5254,353,20914,35,57.21,548,8188,17
2026-08-31T13:12:50Z,319253,9,1366.2,951.4,5250,353,20963,34.9,60.28,548,8188,18
2026-08-31T13:13:50Z,319313,9,1366.7,952.2,5252,353,20959,34.9,61.92,548,8188,16
2026-08-31T13:14:50Z,319374,9,1366.6,952.2,5252,352,20844,35.1,56.14,548,8188,15
2026-08-31T13:15:50Z,319434,9,1366.5,952.1,5254,353,20933,34.8,55.91,548,8188,16
2026-08-31T13:16:50Z,319494,9,1366.7,952.1,5252,352,20935,34.8,61,548,8188,16
2026-08-31T13:17:50Z,319554,9,1364.8,950.1,5254,353,21005,34.7,60.74,548,8188,15
2026-08-31T13:18:51Z,319614,9,1365.2,950.9,5254,353,20992,34.8,58.75,548,8188,15
2026-08-31T13:19:51Z,319674,9,1365.7,951.3,5252,353,20989,34.7,58.44,548,8188,16
2026-08-31T13:20:51Z,319734,9,1365.6,951.3,5254,353,20993,34.7,60.45,548,8188,18
2026-08-31T13:21:51Z,319795,9,1366.2,951.8,5250,353,20984,34.8,61.19,548,8188,17
2026-08-31T13:22:51Z,319855,9,1365.8,951.4,5252,353,20981,34.8,61.14,548,8188,16
2026-08-31T13:23:51Z,319915,9,1365.6,951,5255,354,20985,34.8,62.1,548,8188,18
2026-08-31T13:24:52Z,319975,9,1366.1,951.7,5258,355,20848,35.1,55.75,548,8188,17
2026-08-31T13:25:52Z,320035,9,1366.1,951.8,5248,352,20859,35,54.58,548,8188,13
2026-08-31T13:26:52Z,320095,9,1366.1,951.8,5252,353,20908,34.9,60.66,548,8188,16
2026-08-31T13:27:52Z,320155,9,1366.3,951.9,5254,353,20977,34.8,62.5,548,8188,17
2026-08-31T13:28:52Z,320216,9,1366.3,951.9,5254,353,20964,34.8,58.19,548,8188,17
2026-08-31T13:29:52Z,320276,9,1366.8,952.5,5257,354,20969,34.9,58.27,548,8188,15
2026-08-31T13:30:52Z,320336,9,1365.7,951.3,5257,354,20991,34.8,61.53,548,8188,16
2026-08-31T13:31:53Z,320396,9,1366.4,952.1,5257,354,21010,34.7,59.69,548,8188,18
2026-08-31T13:32:53Z,320456,9,1403.8,991.3,5254,354,20965,34.9,61.65,544,8188,20
2026-08-31T13:33:53Z,320516,9,1377.2,964.1,5264,356,20937,35,57.4,543,8188,20
2026-08-31T13:34:53Z,320576,9,1374.3,959.6,5260,354,20839,35.2,57.65,543,8188,20
2026-08-31T13:35:53Z,320637,9,1374.2,959.4,5262,354,20897,34.9,54.03,543,8188,20
2026-08-31T13:36:53Z,320697,9,1374.4,959.5,5260,354,20910,34.9,59.73,543,8188,19
2026-08-31T13:37:53Z,320757,9,1371.1,959.2,5261,354,20981,34.8,58.67,543,8188,20
2026-08-31T13:38:54Z,320817,9,1371.9,959.5,5257,354,20978,34.8,61.2,543,8188,19
2026-08-31T13:39:54Z,320877,9,1371.2,977.7,5257,354,20961,34.9,55.08,557,8188,19
2026-08-31T13:40:54Z,320937,9,1371.4,978,5257,354,20962,34.9,60.32,557,8188,17
2026-08-31T13:41:54Z,320997,9,1369.5,975.6,5257,354,20935,35.1,57.88,557,8188,17
2026-08-31T13:42:54Z,321058,9,1368.9,975.8,5256,353,20963,34.9,59.67,557,8188,16
2026-08-31T13:43:54Z,321118,9,1369.9,976.1,5254,353,20937,35,57.29,557,8188,16
2026-08-31T13:44:54Z,321178,9,1369.2,975.1,5256,353,21013,34.8,56.2,557,8188,17
2026-08-31T13:45:55Z,321238,9,1369.4,975.4,5254,353,20919,34.9,52.77,557,8188,16
2026-08-31T13:46:55Z,321298,9,1370,976.4,5256,353,20929,34.9,58.98,557,8188,15
2026-08-31T13:47:55Z,321358,9,1369.4,975.5,5259,354,20987,34.9,57.24,557,8188,14
2026-08-31T13:48:55Z,321418,9,1370,976.3,5259,354,20998,34.8,58.65,557,8188,16
2026-08-31T13:49:55Z,321479,9,1369.8,976.6,5259,354,20999,34.8,57.04,557,8188,17
2026-08-31T13:50:55Z,321539,9,1369.8,976,5259,354,20998,34.8,58.51,557,8188,16
2026-08-31T13:51:55Z,321599,9,1368.5,974.7,5259,354,20994,34.8,58.91,557,8188,15
