iso,epochMs,elapsedSec,ok,errorKind,runId,appUptimeSec,mode,panelCount,memoryMb,memoryPeakMb,mem_Browser,mem_Tab,mem_GPU,mem_Utility,mem_Other,crashes,failedLoads,loads,watchdogReloads,watchdogDeferrals,timerRefreshes,recycles,memoryRecycles,memoryLimitHits,memoryAllInUse,memoryPressure,panelsCrashedNow,panelsLoadingNow,maxReloadAttemptsPeak,urlDrifted,lastRecycleReclaimedMb,lastRecycleGone
2026-08-27T20:31:56.604Z,1787862716604,0,1,,83acd2e6,12,grid,4,1537,0,123,1059,285,70,,0,0,0,0,0,0,0,0,0,0,0,0,0,0,1,,
2026-08-27T20:32:56.628Z,1787862776628,60,1,,83acd2e6,72,grid,4,1267,1276,120,771,306,69,,0,0,0,0,0,0,0,0,0,0,0,0,0,0,2,,
2026-08-27T20:33:56.652Z,1787862836652,120,1,,83acd2e6,132,grid,4,1261,1276,121,769,303,69,,0,0,0,0,0,0,0,0,0,0,0,0,0,0,2,,
2026-08-27T20:34:56.670Z,1787862896670,180,1,,83acd2e6,192,grid,4,1269,1276,121,772,307,69,,0,0,0,0,0,0,0,0,0,0,0,0,0,0,2,,
2026-08-27T20:35:56.682Z,1787862956682,240,1,,83acd2e6,252,grid,4,1264,1276,121,772,303,69,,0,0,0,0,0,0,0,0,0,0,0,0,0,0,2,,
2026-08-27T20:36:56.694Z,1787863016694,300,1,,83acd2e6,312,grid,4,1268,1276,121,775,303,69,,0,0,0,0,0,0,0,0,0,0,0,0,0,0,2,,
2026-08-27T20:37:56.705Z,1787863076705,360,1,,83acd2e6,372,grid,4,1266,1276,121,773,303,69,,0,0,0,0,0,0,0,0,0,0,0,0,0,0,2,,
2026-08-27T20:38:56.726Z,1787863136726,420,1,,83acd2e6,432,grid,4,1267,1276,122,773,303,69,,0,0,0,0,0,0,0,0,0,0,0,0,0,0,2,,
2026-08-27T20:39:56.743Z,1787863196743,480,1,,83acd2e6,492,grid,4,1268,1276,121,775,303,69,,0,0,0,0,0,0,0,0,0,0,0,0,0,0,2,,
2026-08-27T20:40:56.764Z,1787863256764,540,1,,83acd2e6,552,grid,4,1263,1276,122,769,303,69,,0,0,0,0,0,0,0,0,0,0,0,0,0,0,2,,
2026-08-27T20:41:56.773Z,1787863316773,600,1,,83acd2e6,612,grid,4,1265,1276,121,771,304,69,,0,0,0,0,0,0,0,0,0,0,0,0,0,0,2,,
2026-08-27T20:42:56.788Z,1787863376788,660,1,,83acd2e6,672,grid,4,1264,1276,121,770,303,69,,0,0,0,0,0,0,0,0,0,0,0,0,0,0,2,,
2026-08-27T20:43:56.800Z,1787863436800,720,1,,83acd2e6,732,grid,4,1263,1276,121,769,303,69,,0,0,0,0,0,0,0,0,0,0,0,0,0,0,2,,
2026-08-27T20:44:56.816Z,1787863496816,780,1,,83acd2e6,792,grid,4,1264,1276,122,770,303,69,,0,0,0,0,0,0,0,0,0,0,0,0,0,0,2,,
2026-08-27T20:45:56.829Z,1787863556829,840,1,,83acd2e6,852,grid,4,1263,1276,122,770,303,69,,0,0,0,0,0,0,0,0,0,0,0,0,0,0,2,,
2026-08-27T20:46:56.848Z,1787863616848,900,1,,83acd2e6,912,grid,4,1264,1276,122,770,303,69,,0,0,0,0,0,0,0,0,0,0,0,0,0,0,2,,
2026-08-27T20:47:56.860Z,1787863676860,960,1,,83acd2e6,972,grid,4,1264,1276,121,771,303,68,,0,0,0,0,0,0,0,0,0,0,0,0,0,0,2,,
2026-08-27T20:48:56.875Z,1787863736875,1020,1,,83acd2e6,1032,grid,4,1264,1276,121,771,303,68,,0,0,0,0,0,0,0,0,0,0,0,0,0,0,2,,
2026-08-27T20:49:56.897Z,1787863796897,1080,1,,83acd2e6,1092,grid,4,1268,1276,121,771,307,68,,0,0,0,0,0,0,0,0,0,0,0,0,0,0,2,,
2026-08-27T20:50:56.909Z,1787863856909,1140,1,,83acd2e6,1152,grid,4,1263,1276,121,771,303,68,,0,0,0,0,0,0,0,0,0,0,0,0,0,0,2,,
2026-08-27T20:51:56.923Z,1787863916923,1200,1,,83acd2e6,1212,grid,4,1292,1291,121,785,318,68,,0,0,0,0,0,0,0,0,0,0,0,0,0,0,2,,
2026-08-27T20:52:56.933Z,1787863976933,1260,1,,83acd2e6,1272,grid,4,1293,1293,121,786,318,68,,0,0,0,0,0,0,0,0,0,0,0,0,0,0,2,,
2026-08-27T20:53:56.941Z,1787864036941,1320,1,,83acd2e6,1332,grid,4,1294,1295,121,785,319,68,,0,0,0,0,0,0,0,0,0,0,0,0,0,0,2,,
2026-08-27T20:54:56.952Z,1787864096952,1380,1,,83acd2e6,1392,grid,4,1293,1297,121,786,317,68,,0,0,0,0,0,0,0,0,0,0,0,0,0,0,2,,
2026-08-27T20:55:56.973Z,1787864156973,1440,1,,83acd2e6,1452,grid,4,1293,1297,121,787,317,68,,0,0,0,0,0,0,0,0,0,0,0,0,0,0,2,,
2026-08-27T20:56:56.983Z,1787864216983,1500,1,,83acd2e6,1512,grid,4,1293,1297,121,787,317,68,,0,0,0,0,0,0,0,0,0,0,0,0,0,0,2,,
2026-08-27T20:57:56.990Z,1787864276990,1560,1,,83acd2e6,1572,grid,4,1294,1297,121,787,317,68,,0,0,0,0,0,0,0,0,0,0,0,0,0,0,2,,
2026-08-27T20:58:57.003Z,1787864337003,1620,1,,83acd2e6,1632,grid,4,1298,1297,121,787,321,68,,0,0,0,0,0,0,0,0,0,0,0,0,0,0,2,,
2026-08-27T20:59:57.010Z,1787864397010,1680,1,,83acd2e6,1692,grid,4,1294,1297,122,788,317,68,,0,0,0,0,0,0,0,0,0,0,0,0,0,0,2,,
2026-08-27T21:00:57.020Z,1787864457020,1740,1,,83acd2e6,1752,grid,4,1294,1297,121,788,317,68,,0,0,0,0,0,0,0,0,0,0,0,0,0,0,2,,
2026-08-27T21:01:57.030Z,1787864517030,1800,1,,83acd2e6,1812,grid,4,1336,1297,122,826,320,68,,0,0,0,0,0,0,0,0,0,0,0,0,0,0,2,,
2026-08-27T21:02:57.046Z,1787864577046,1860,1,,83acd2e6,1872,grid,4,1300,1300,122,790,320,68,,0,0,0,0,0,0,0,0,0,0,0,0,0,0,2,,
2026-08-27T21:03:57.064Z,1787864637064,1920,1,,83acd2e6,1932,grid,4,1301,1300,122,791,320,68,,0,0,0,0,0,0,0,0,0,0,0,0,0,0,2,,
2026-08-27T21:04:57.083Z,1787864697083,1980,1,,83acd2e6,1993,grid,4,1300,1301,122,791,320,68,,0,0,0,0,0,0,0,0,0,0,0,0,0,0,2,,
2026-08-27T21:05:57.094Z,1787864757094,2040,1,,83acd2e6,2053,grid,4,1301,1301,122,791,320,68,,0,0,0,0,0,0,0,0,0,0,0,0,0,0,2,,
2026-08-27T21:06:57.106Z,1787864817106,2101,1,,83acd2e6,2113,grid,4,1301,1301,122,791,320,68,,0,0,0,0,0,0,0,0,0,0,0,0,0,0,2,,
2026-08-27T21:07:57.122Z,1787864877122,2161,1,,83acd2e6,2173,grid,4,1300,1301,122,791,319,68,,0,0,0,0,0,0,0,0,0,0,0,0,0,0,2,,
2026-08-27T21:08:57.142Z,1787864937142,2221,1,,83acd2e6,2233,grid,4,1300,1301,121,792,319,68,,0,0,0,0,0,0,0,0,0,0,0,0,0,0,2,,
2026-08-27T21:09:57.159Z,1787864997159,2281,1,,83acd2e6,2293,grid,4,1299,1301,121,790,319,68,,0,0,0,0,0,0,0,0,0,0,0,0,0,0,2,,
2026-08-27T21:10:57.168Z,1787865057168,2341,1,,83acd2e6,2353,grid,4,1304,1303,121,791,324,68,,0,0,0,0,0,0,0,0,0,0,0,0,0,0,2,,
2026-08-27T21:11:57.182Z,1787865117182,2401,1,,83acd2e6,2413,grid,4,1300,1304,121,791,319,68,,0,0,0,0,0,0,0,0,0,0,0,0,0,0,2,,
2026-08-27T21:12:57.198Z,1787865177198,2461,1,,83acd2e6,2473,grid,4,1299,1304,121,791,319,68,,0,0,0,0,0,0,0,0,0,0,0,0,0,0,2,,
2026-08-27T21:13:57.208Z,1787865237208,2521,1,,83acd2e6,2533,grid,4,1300,1304,121,791,319,68,,0,0,0,0,0,0,0,0,0,0,0,0,0,0,2,,
2026-08-27T21:14:57.224Z,1787865297224,2581,1,,83acd2e6,2593,grid,4,1300,1304,122,791,319,68,,0,0,0,0,0,0,0,0,0,0,0,0,0,0,2,,
2026-08-27T21:15:57.236Z,1787865357236,2641,1,,83acd2e6,2653,grid,4,1305,1305,122,792,324,68,,0,0,0,0,0,0,0,0,0,0,0,0,0,0,2,,
2026-08-27T21:16:57.253Z,1787865417253,2701,1,,83acd2e6,2713,grid,4,1305,1305,122,792,324,68,,0,0,0,0,0,0,0,0,0,0,0,0,0,0,2,,
2026-08-27T21:17:57.275Z,1787865477275,2761,1,,83acd2e6,2773,grid,4,1305,1305,122,792,324,68,,0,0,0,0,0,0,0,0,0,0,0,0,0,0,2,,
2026-08-27T21:18:57.291Z,1787865537291,2821,1,,83acd2e6,2833,grid,4,1302,1305,122,792,319,68,,0,0,0,0,0,0,0,0,0,0,0,0,0,0,2,,
2026-08-27T21:19:57.312Z,1787865597312,2881,1,,83acd2e6,2893,grid,4,1302,1305,122,792,319,68,,0,0,0,0,0,0,0,0,0,0,0,0,0,0,2,,
2026-08-27T21:20:57.334Z,1787865657334,2941,1,,83acd2e6,2953,grid,4,1302,1305,122,793,320,68,,0,0,0,0,0,0,0,0,0,0,0,0,0,0,2,,
2026-08-27T21:21:57.351Z,1787865717351,3001,1,,83acd2e6,3013,grid,4,1303,1305,122,793,320,68,,0,0,0,0,0,0,0,0,0,0,0,0,0,0,2,,
2026-08-27T21:22:57.363Z,1787865777363,3061,1,,83acd2e6,3073,grid,4,1303,1307,122,793,320,68,,0,0,0,0,0,0,0,0,0,0,0,0,0,0,2,,
2026-08-27T21:23:57.377Z,1787865837377,3121,1,,83acd2e6,3133,grid,4,1302,1307,122,793,320,68,,0,0,0,0,0,0,0,0,0,0,0,0,0,0,2,,
2026-08-27T21:24:57.396Z,1787865897396,3181,1,,83acd2e6,3193,grid,4,1302,1307,122,793,320,68,,0,0,0,0,0,0,0,0,0,0,0,0,0,0,2,,
2026-08-27T21:25:57.404Z,1787865957404,3241,1,,83acd2e6,3253,grid,4,1303,1307,122,793,320,68,,0,0,0,0,0,0,0,0,0,0,0,0,0,0,2,,
2026-08-27T21:26:57.426Z,1787866017426,3301,1,,83acd2e6,3313,grid,4,1304,1307,122,794,320,68,,0,0,0,0,0,0,0,0,0,0,0,0,0,0,2,,
2026-08-27T21:27:57.455Z,1787866077455,3361,1,,83acd2e6,3373,grid,4,1303,1307,121,794,320,68,,0,0,0,0,0,0,0,0,0,0,0,0,0,0,2,,
2026-08-27T21:28:57.466Z,1787866137466,3421,1,,83acd2e6,3433,grid,4,1303,1307,121,794,320,68,,0,0,0,0,0,0,0,0,0,0,0,0,0,0,2,,
2026-08-27T21:29:57.480Z,1787866197480,3481,1,,83acd2e6,3493,grid,4,1303,1307,121,794,320,68,,0,0,0,0,0,0,0,0,0,0,0,0,0,0,2,,
2026-08-27T21:30:57.500Z,1787866257500,3541,1,,83acd2e6,3553,grid,4,1302,1307,121,793,319,68,,0,0,0,0,0,0,0,0,0,0,0,0,0,0,2,,
2026-08-27T21:31:57.515Z,1787866317515,3601,1,,83acd2e6,3613,grid,4,1320,1307,122,810,320,68,,0,0,0,0,0,0,0,0,0,0,0,0,0,0,2,,
2026-08-27T21:32:57.535Z,1787866377535,3661,1,,83acd2e6,3673,grid,4,1304,1307,122,794,320,68,,0,0,0,0,0,0,0,0,0,0,0,0,0,0,2,,
2026-08-27T21:33:57.555Z,1787866437555,3721,1,,83acd2e6,3733,grid,4,1305,1307,122,795,320,68,,0,0,0,0,0,0,0,0,0,0,0,0,0,0,2,,
2026-08-27T21:34:57.574Z,1787866497574,3781,1,,83acd2e6,3793,grid,4,1304,1307,122,794,320,68,,0,0,0,0,0,0,0,0,0,0,0,0,0,0,2,,
2026-08-27T21:35:57.591Z,1787866557591,3841,1,,83acd2e6,3853,grid,4,1304,1307,122,795,320,68,,0,0,0,0,0,0,0,0,0,0,0,0,0,0,2,,
2026-08-27T21:36:57.614Z,1787866617614,3901,1,,83acd2e6,3913,grid,4,1305,1310,122,795,320,68,,0,0,0,0,0,0,0,0,0,0,0,0,0,0,2,,
2026-08-27T21:37:57.629Z,1787866677629,3961,1,,83acd2e6,3973,grid,4,1305,1310,122,795,320,68,,0,0,0,0,0,0,0,0,0,0,0,0,0,0,2,,
2026-08-27T21:38:57.650Z,1787866737650,4021,1,,83acd2e6,4033,grid,4,1306,1310,122,796,320,68,,0,0,0,0,0,0,0,0,0,0,0,0,0,0,2,,
2026-08-27T21:39:57.661Z,1787866797661,4081,1,,83acd2e6,4093,grid,4,1306,1310,122,796,320,68,,0,0,0,0,0,0,0,0,0,0,0,0,0,0,2,,
2026-08-27T21:40:57.673Z,1787866857673,4141,1,,83acd2e6,4153,grid,4,1306,1310,122,796,320,68,,0,0,0,0,0,0,0,0,0,0,0,0,0,0,2,,
2026-08-27T21:41:57.681Z,1787866917681,4201,1,,83acd2e6,4213,grid,4,1308,1310,122,798,320,68,,0,0,0,0,0,0,0,0,0,0,0,0,0,0,2,,
2026-08-27T21:42:57.687Z,1787866977687,4261,1,,83acd2e6,4273,grid,4,1306,1310,122,796,320,68,,0,0,0,0,0,0,0,0,0,0,0,0,0,0,2,,
2026-08-27T21:43:57.698Z,1787867037698,4321,1,,83acd2e6,4333,grid,4,1307,1310,122,797,320,68,,0,0,0,0,0,0,0,0,0,0,0,0,0,0,2,,
2026-08-27T21:44:57.717Z,1787867097717,4381,1,,83acd2e6,4393,grid,4,1306,1310,122,797,319,68,,0,0,0,0,0,0,0,0,0,0,0,0,0,0,2,,
2026-08-27T21:45:57.730Z,1787867157730,4441,1,,83acd2e6,4453,grid,4,1305,1310,122,796,320,68,,0,0,0,0,0,0,0,0,0,0,0,0,0,0,2,,
2026-08-27T21:46:57.742Z,1787867217742,4501,1,,83acd2e6,4513,grid,4,1306,1310,122,797,320,68,,0,0,0,0,0,0,0,0,0,0,0,0,0,0,2,,
2026-08-27T21:47:57.756Z,1787867277756,4561,1,,83acd2e6,4573,grid,4,1305,1310,122,796,320,68,,0,0,0,0,0,0,0,0,0,0,0,0,0,0,2,,
2026-08-27T21:48:57.770Z,1787867337770,4621,1,,83acd2e6,4633,grid,4,1306,1310,122,797,319,68,,0,0,0,0,0,0,0,0,0,0,0,0,0,0,2,,
2026-08-27T21:49:57.790Z,1787867397790,4681,1,,83acd2e6,4693,grid,4,1305,1310,122,796,319,68,,0,0,0,0,0,0,0,0,0,0,0,0,0,0,2,,
2026-08-27T21:50:57.799Z,1787867457799,4741,1,,83acd2e6,4753,grid,4,1305,1310,122,796,319,68,,0,0,0,0,0,0,0,0,0,0,0,0,0,0,2,,
2026-08-27T21:51:57.820Z,1787867517820,4801,1,,83acd2e6,4813,grid,4,1306,1310,122,797,319,68,,0,0,0,0,0,0,0,0,0,0,0,0,0,0,2,,
2026-08-27T21:52:57.841Z,1787867577841,4861,1,,83acd2e6,4873,grid,4,1305,1310,122,795,320,68,,0,0,0,0,0,0,0,0,0,0,0,0,0,0,2,,
2026-08-27T21:53:57.852Z,1787867637852,4921,1,,83acd2e6,4933,grid,4,1304,1310,122,795,319,68,,0,0,0,0,0,0,0,0,0,0,0,0,0,0,2,,
2026-08-27T21:54:57.874Z,1787867697874,4981,1,,83acd2e6,4993,grid,4,1309,1310,122,795,324,68,,0,0,0,0,0,0,0,0,0,0,0,0,0,0,2,,
2026-08-27T21:55:57.884Z,1787867757884,5041,1,,83acd2e6,5053,grid,4,1305,1310,122,795,319,68,,0,0,0,0,0,0,0,0,0,0,0,0,0,0,2,,
2026-08-27T21:56:57.900Z,1787867817900,5101,1,,83acd2e6,5113,grid,4,1306,1310,122,796,319,68,,0,0,0,0,0,0,0,0,0,0,0,0,0,0,2,,
2026-08-27T21:57:57.921Z,1787867877921,5161,1,,83acd2e6,5173,grid,4,1306,1310,122,796,320,68,,0,0,0,0,0,0,0,0,0,0,0,0,0,0,2,,
2026-08-27T21:58:57.932Z,1787867937932,5221,1,,83acd2e6,5233,grid,4,1306,1310,122,796,319,68,,0,0,0,0,0,0,0,0,0,0,0,0,0,0,2,,
2026-08-27T21:59:57.951Z,1787867997951,5281,1,,83acd2e6,5293,grid,4,1306,1310,122,796,319,68,,0,0,0,0,0,0,0,0,0,0,0,0,0,0,2,,
2026-08-27T22:00:57.969Z,1787868057969,5341,1,,83acd2e6,5353,grid,4,1306,1310,122,796,319,68,,0,0,0,0,0,0,0,0,0,0,0,0,0,0,2,,
2026-08-27T22:01:57.986Z,1787868117986,5401,1,,83acd2e6,5413,grid,4,1298,1310,122,788,320,68,,0,0,0,0,0,0,0,0,0,0,0,0,0,0,2,,
2026-08-27T22:02:58.009Z,1787868178009,5461,1,,83acd2e6,5473,grid,4,1305,1310,123,795,320,68,,0,0,0,0,0,0,0,0,0,0,0,0,0,0,2,,
2026-08-27T22:03:58.025Z,1787868238025,5521,1,,83acd2e6,5533,grid,4,1306,1310,123,796,319,68,,0,0,0,0,0,0,0,0,0,0,0,0,0,0,2,,
2026-08-27T22:04:58.047Z,1787868298047,5581,1,,83acd2e6,5593,grid,4,1305,1310,122,796,319,68,,0,0,0,0,0,0,0,0,0,0,0,0,0,0,2,,
2026-08-27T22:05:58.071Z,1787868358071,5641,1,,83acd2e6,5654,grid,4,1310,1310,122,796,324,68,,0,0,0,0,0,0,0,0,0,0,0,0,0,0,2,,
2026-08-27T22:06:58.078Z,1787868418078,5701,1,,83acd2e6,5714,grid,4,1305,1310,122,796,320,68,,0,0,0,0,0,0,0,0,0,0,0,0,0,0,2,,
2026-08-27T22:07:58.100Z,1787868478100,5761,1,,83acd2e6,5774,grid,4,1306,1310,122,796,320,68,,0,0,0,0,0,0,0,0,0,0,0,0,0,0,2,,
2026-08-27T22:08:58.114Z,1787868538114,5822,1,,83acd2e6,5834,grid,4,1309,1310,122,795,324,68,,0,0,0,0,0,0,0,0,0,0,0,0,0,0,2,,
2026-08-27T22:09:58.133Z,1787868598133,5882,1,,83acd2e6,5894,grid,4,1306,1310,122,796,320,68,,0,0,0,0,0,0,0,0,0,0,0,0,0,0,2,,
2026-08-27T22:10:58.147Z,1787868658147,5942,1,,83acd2e6,5954,grid,4,1306,1310,122,796,320,68,,0,0,0,0,0,0,0,0,0,0,0,0,0,0,2,,
2026-08-27T22:11:58.152Z,1787868718152,6002,1,,83acd2e6,6014,grid,4,1306,1310,122,796,320,68,,0,0,0,0,0,0,0,0,0,0,0,0,0,0,2,,
2026-08-27T22:12:58.175Z,1787868778175,6062,1,,83acd2e6,6074,grid,4,1306,1310,122,796,320,68,,0,0,0,0,0,0,0,0,0,0,0,0,0,0,2,,
2026-08-27T22:13:58.196Z,1787868838196,6122,1,,83acd2e6,6134,grid,4,1306,1310,122,796,320,68,,0,0,0,0,0,0,0,0,0,0,0,0,0,0,2,,
2026-08-27T22:14:58.215Z,1787868898215,6182,1,,83acd2e6,6194,grid,4,1306,1310,122,796,320,68,,0,0,0,0,0,0,0,0,0,0,0,0,0,0,2,,
2026-08-27T22:15:58.233Z,1787868958233,6242,1,,83acd2e6,6254,grid,4,1307,1310,122,797,320,68,,0,0,0,0,0,0,0,0,0,0,0,0,0,0,2,,
2026-08-27T22:16:58.242Z,1787869018242,6302,1,,83acd2e6,6314,grid,4,1307,1310,122,796,320,68,,0,0,0,0,0,0,0,0,0,0,0,0,0,0,2,,
2026-08-27T22:17:58.255Z,1787869078255,6362,1,,83acd2e6,6374,grid,4,1307,1310,122,797,320,68,,0,0,0,0,0,0,0,0,0,0,0,0,0,0,2,,
2026-08-27T22:18:58.277Z,1787869138277,6422,1,,83acd2e6,6434,grid,4,1307,1310,122,797,319,68,,0,0,0,0,0,0,0,0,0,0,0,0,0,0,2,,
2026-08-27T22:19:58.287Z,1787869198287,6482,1,,83acd2e6,6494,grid,4,1308,1310,122,797,320,68,,0,0,0,0,0,0,0,0,0,0,0,0,0,0,2,,
2026-08-27T22:20:58.306Z,1787869258306,6542,1,,83acd2e6,6554,grid,4,1308,1310,122,798,319,68,,0,0,0,0,0,0,0,0,0,0,0,0,0,0,2,,
2026-08-27T22:21:58.313Z,1787869318313,6602,1,,83acd2e6,6614,grid,4,1308,1310,123,798,319,68,,0,0,0,0,0,0,0,0,0,0,0,0,0,0,2,,
2026-08-27T22:22:58.324Z,1787869378324,6662,1,,83acd2e6,6674,grid,4,1308,1310,123,798,319,68,,0,0,0,0,0,0,0,0,0,0,0,0,0,0,2,,
2026-08-27T22:23:58.334Z,1787869438334,6722,1,,83acd2e6,6734,grid,4,1306,1310,123,796,319,68,,0,0,0,0,0,0,0,0,0,0,0,0,0,0,2,,
2026-08-27T22:24:58.343Z,1787869498343,6782,1,,83acd2e6,6794,grid,4,1306,1310,123,796,319,68,,0,0,0,0,0,0,0,0,0,0,0,0,0,0,2,,
2026-08-27T22:25:58.365Z,1787869558365,6842,1,,83acd2e6,6854,grid,4,1307,1310,123,797,320,68,,0,0,0,0,0,0,0,0,0,0,0,0,0,0,2,,
2026-08-27T22:26:58.385Z,1787869618385,6902,1,,83acd2e6,6914,grid,4,1307,1310,123,797,320,68,,0,0,0,0,0,0,0,0,0,0,0,0,0,0,2,,
2026-08-27T22:27:58.407Z,1787869678407,6962,1,,83acd2e6,6974,grid,4,1307,1310,123,797,319,68,,0,0,0,0,0,0,0,0,0,0,0,0,0,0,2,,
2026-08-27T22:28:58.428Z,1787869738428,7022,1,,83acd2e6,7034,grid,4,1308,1310,123,797,320,68,,0,0,0,0,0,0,0,0,0,0,0,0,0,0,2,,
2026-08-27T22:29:58.439Z,1787869798439,7082,1,,83acd2e6,7094,grid,4,1307,1310,123,796,319,68,,0,0,0,0,0,0,0,0,0,0,0,0,0,0,2,,
2026-08-27T22:30:58.455Z,1787869858455,7142,1,,83acd2e6,7154,grid,4,1308,1310,123,797,320,68,,0,0,0,0,0,0,0,0,0,0,0,0,0,0,2,,
2026-08-27T22:31:58.477Z,1787869918477,7202,1,,83acd2e6,7214,grid,4,1325,1338,123,815,320,68,,0,0,0,0,0,0,0,0,0,0,0,0,0,0,2,,
2026-08-27T22:32:58.496Z,1787869978496,7262,1,,83acd2e6,7274,grid,4,1308,1338,123,797,320,68,,0,0,0,0,0,0,0,0,0,0,0,0,0,0,2,,
2026-08-27T22:33:58.505Z,1787870038505,7322,1,,83acd2e6,7334,grid,4,1309,1338,123,798,320,68,,0,0,0,0,0,0,0,0,0,0,0,0,0,0,2,,
2026-08-27T22:34:58.521Z,1787870098521,7382,1,,83acd2e6,7394,grid,4,1309,1338,123,798,320,68,,0,0,0,0,0,0,0,0,0,0,0,0,0,0,2,,
2026-08-27T22:35:58.538Z,1787870158538,7442,1,,83acd2e6,7454,grid,4,1309,1338,123,798,320,68,,0,0,0,0,0,0,0,0,0,0,0,0,0,0,2,,
2026-08-27T22:36:58.550Z,1787870218550,7502,1,,83acd2e6,7514,grid,4,1309,1338,123,798,320,68,,0,0,0,0,0,0,0,0,0,0,0,0,0,0,2,,
2026-08-27T22:37:58.557Z,1787870278557,7562,1,,83acd2e6,7574,grid,4,1309,1338,123,798,320,68,,0,0,0,0,0,0,0,0,0,0,0,0,0,0,2,,
2026-08-27T22:38:58.575Z,1787870338575,7622,1,,83acd2e6,7634,grid,4,1309,1338,123,798,320,68,,0,0,0,0,0,0,0,0,0,0,0,0,0,0,2,,
2026-08-27T22:39:58.591Z,1787870398591,7682,1,,83acd2e6,7694,grid,4,1307,1338,123,796,320,68,,0,0,0,0,0,0,0,0,0,0,0,0,0,0,2,,
2026-08-27T22:40:58.605Z,1787870458605,7742,1,,83acd2e6,7754,grid,4,1308,1338,123,797,320,68,,0,0,0,0,0,0,0,0,0,0,0,0,0,0,2,,
2026-08-27T22:41:58.613Z,1787870518613,7802,1,,83acd2e6,7814,grid,4,1307,1338,123,797,319,68,,0,0,0,0,0,0,0,0,0,0,0,0,0,0,2,,
2026-08-27T22:42:58.631Z,1787870578631,7862,1,,83acd2e6,7874,grid,4,1306,1338,122,796,320,68,,0,0,0,0,0,0,0,0,0,0,0,0,0,0,2,,
2026-08-27T22:43:58.640Z,1787870638640,7922,1,,83acd2e6,7934,grid,4,1306,1338,122,797,320,68,,0,0,0,0,0,0,0,0,0,0,0,0,0,0,2,,
2026-08-27T22:44:58.659Z,1787870698659,7982,1,,83acd2e6,7994,grid,4,1306,1338,122,797,320,68,,0,0,0,0,0,0,0,0,0,0,0,0,0,0,2,,
2026-08-27T22:45:58.674Z,1787870758674,8042,1,,83acd2e6,8054,grid,4,1311,1338,122,797,324,68,,0,0,0,0,0,0,0,0,0,0,0,0,0,0,2,,
2026-08-27T22:46:58.686Z,1787870818686,8102,1,,83acd2e6,8114,grid,4,1311,1338,122,797,324,68,,0,0,0,0,0,0,0,0,0,0,0,0,0,0,2,,
2026-08-27T22:47:58.704Z,1787870878704,8162,1,,83acd2e6,8174,grid,4,1311,1338,122,797,324,68,,0,0,0,0,0,0,0,0,0,0,0,0,0,0,2,,
2026-08-27T22:48:58.717Z,1787870938717,8222,1,,83acd2e6,8234,grid,4,1311,1338,122,796,324,68,,0,0,0,0,0,0,0,0,0,0,0,0,0,0,2,,
2026-08-27T22:49:58.731Z,1787870998731,8282,1,,83acd2e6,8294,grid,4,1310,1338,122,795,324,68,,0,0,0,0,0,0,0,0,0,0,0,0,0,0,2,,
2026-08-27T22:50:58.750Z,1787871058750,8342,1,,83acd2e6,8354,grid,4,1310,1338,122,796,324,68,,0,0,0,0,0,0,0,0,0,0,0,0,0,0,2,,
2026-08-27T22:51:58.754Z,1787871118754,8402,1,,83acd2e6,8414,grid,4,1306,1338,122,796,320,68,,0,0,0,0,0,0,0,0,0,0,0,0,0,0,2,,
2026-08-27T22:52:58.760Z,1787871178760,8462,1,,83acd2e6,8474,grid,4,1310,1338,122,795,324,68,,0,0,0,0,0,0,0,0,0,0,0,0,0,0,2,,
2026-08-27T22:53:58.774Z,1787871238774,8522,1,,83acd2e6,8534,grid,4,1311,1338,122,796,324,68,,0,0,0,0,0,0,0,0,0,0,0,0,0,0,2,,
2026-08-27T22:54:58.789Z,1787871298789,8582,1,,83acd2e6,8594,grid,4,1306,1338,122,795,320,68,,0,0,0,0,0,0,0,0,0,0,0,0,0,0,2,,
2026-08-27T22:55:58.799Z,1787871358799,8642,1,,83acd2e6,8654,grid,4,1306,1338,122,796,320,68,,0,0,0,0,0,0,0,0,0,0,0,0,0,0,2,,
2026-08-27T22:56:58.819Z,1787871418819,8702,1,,83acd2e6,8714,grid,4,1306,1338,122,795,320,68,,0,0,0,0,0,0,0,0,0,0,0,0,0,0,2,,
2026-08-27T22:57:58.834Z,1787871478834,8762,1,,83acd2e6,8774,grid,4,1305,1338,122,795,320,68,,0,0,0,0,0,0,0,0,0,0,0,0,0,0,2,,
2026-08-27T22:58:58.846Z,1787871538846,8822,1,,83acd2e6,8834,grid,4,1307,1338,123,796,320,68,,0,0,0,0,0,0,0,0,0,0,0,0,0,0,2,,
2026-08-27T22:59:58.861Z,1787871598861,8882,1,,83acd2e6,8894,grid,4,1306,1338,123,795,320,68,,0,0,0,0,0,0,0,0,0,0,0,0,0,0,2,,
2026-08-27T23:00:58.878Z,1787871658878,8942,1,,83acd2e6,8954,grid,4,1306,1338,123,796,320,68,,0,0,0,0,0,0,0,0,0,0,0,0,0,0,2,,
2026-08-27T23:01:58.899Z,1787871718899,9002,1,,83acd2e6,9014,grid,4,1296,1362,122,786,320,68,,0,0,0,0,0,0,0,0,0,0,0,0,0,0,2,,
2026-08-27T23:02:58.914Z,1787871778914,9062,1,,83acd2e6,9074,grid,4,1306,1362,122,795,320,68,,0,0,0,0,0,0,0,0,0,0,0,0,0,0,2,,
2026-08-27T23:03:58.932Z,1787871838932,9122,1,,83acd2e6,9134,grid,4,1306,1362,122,795,320,68,,0,0,0,0,0,0,0,0,0,0,0,0,0,0,2,,
2026-08-27T23:04:58.945Z,1787871898945,9182,1,,83acd2e6,9194,grid,4,1306,1362,122,796,320,68,,0,0,0,0,0,0,0,0,0,0,0,0,0,0,2,,
2026-08-27T23:05:58.963Z,1787871958963,9242,1,,83acd2e6,9254,grid,4,1307,1362,122,796,320,68,,0,0,0,0,0,0,0,0,0,0,0,0,0,0,2,,
2026-08-27T23:06:58.984Z,1787872018984,9302,1,,83acd2e6,9314,grid,4,1307,1362,122,796,320,68,,0,0,0,0,0,0,0,0,0,0,0,0,0,0,2,,
2026-08-27T23:07:59.000Z,1787872079000,9362,1,,83acd2e6,9374,grid,4,1307,1362,122,797,320,68,,0,0,0,0,0,0,0,0,0,0,0,0,0,0,2,,
2026-08-27T23:08:59.022Z,1787872139022,9422,1,,83acd2e6,9434,grid,4,1307,1362,122,796,320,68,,0,0,0,0,0,0,0,0,0,0,0,0,0,0,2,,
2026-08-27T23:09:59.039Z,1787872199039,9482,1,,83acd2e6,9494,grid,4,1306,1362,122,796,320,68,,0,0,0,0,0,0,0,0,0,0,0,0,0,0,2,,
2026-08-27T23:10:59.056Z,1787872259056,9542,1,,83acd2e6,9554,grid,4,1307,1362,122,797,320,68,,0,0,0,0,0,0,0,0,0,0,0,0,0,0,2,,
2026-08-27T23:11:59.071Z,1787872319071,9602,1,,83acd2e6,9615,grid,4,1306,1362,122,796,320,68,,0,0,0,0,0,0,0,0,0,0,0,0,0,0,2,,
2026-08-27T23:12:59.082Z,1787872379082,9662,1,,83acd2e6,9675,grid,4,1307,1362,122,797,320,68,,0,0,0,0,0,0,0,0,0,0,0,0,0,0,2,,
2026-08-27T23:13:59.095Z,1787872439095,9722,1,,83acd2e6,9735,grid,4,1307,1362,122,796,320,68,,0,0,0,0,0,0,0,0,0,0,0,0,0,0,2,,
2026-08-27T23:14:59.110Z,1787872499110,9783,1,,83acd2e6,9795,grid,4,1307,1362,122,797,320,68,,0,0,0,0,0,0,0,0,0,0,0,0,0,0,2,,
2026-08-27T23:15:59.125Z,1787872559125,9843,1,,83acd2e6,9855,grid,4,1308,1362,123,797,320,68,,0,0,0,0,0,0,0,0,0,0,0,0,0,0,2,,
2026-08-27T23:16:59.148Z,1787872619148,9903,1,,83acd2e6,9915,grid,4,1306,1362,122,796,320,68,,0,0,0,0,0,0,0,0,0,0,0,0,0,0,2,,
2026-08-27T23:17:59.164Z,1787872679164,9963,1,,83acd2e6,9975,grid,4,1307,1362,123,797,320,68,,0,0,0,0,0,0,0,0,0,0,0,0,0,0,2,,
2026-08-27T23:18:59.177Z,1787872739177,10023,1,,83acd2e6,10035,grid,4,1307,1362,123,797,320,68,,0,0,0,0,0,0,0,0,0,0,0,0,0,0,2,,
2026-08-27T23:19:59.200Z,1787872799200,10083,1,,83acd2e6,10095,grid,4,1307,1362,123,797,320,68,,0,0,0,0,0,0,0,0,0,0,0,0,0,0,2,,
2026-08-27T23:20:59.218Z,1787872859218,10143,1,,83acd2e6,10155,grid,4,1307,1362,122,797,320,68,,0,0,0,0,0,0,0,0,0,0,0,0,0,0,2,,
2026-08-27T23:21:59.236Z,1787872919236,10203,1,,83acd2e6,10215,grid,4,1307,1362,122,797,320,68,,0,0,0,0,0,0,0,0,0,0,0,0,0,0,2,,
2026-08-27T23:22:59.256Z,1787872979256,10263,1,,83acd2e6,10275,grid,4,1308,1362,122,798,320,68,,0,0,0,0,0,0,0,0,0,0,0,0,0,0,2,,
2026-08-27T23:23:59.271Z,1787873039271,10323,1,,83acd2e6,10335,grid,4,1308,1362,122,798,320,68,,0,0,0,0,0,0,0,0,0,0,0,0,0,0,2,,
2026-08-27T23:24:59.307Z,1787873099307,10383,1,,83acd2e6,10395,grid,4,1308,1362,122,798,320,68,,0,0,0,0,0,0,0,0,0,0,0,0,0,0,2,,
2026-08-27T23:25:59.320Z,1787873159320,10443,1,,83acd2e6,10455,grid,4,1308,1362,122,798,320,68,,0,0,0,0,0,0,0,0,0,0,0,0,0,0,2,,
2026-08-27T23:26:59.337Z,1787873219337,10503,1,,83acd2e6,10515,grid,4,1307,1362,122,797,320,68,,0,0,0,0,0,0,0,0,0,0,0,0,0,0,2,,
2026-08-27T23:27:59.350Z,1787873279350,10563,1,,83acd2e6,10575,grid,4,1308,1362,122,797,320,68,,0,0,0,0,0,0,0,0,0,0,0,0,0,0,2,,
2026-08-27T23:28:59.368Z,1787873339368,10623,1,,83acd2e6,10635,grid,4,1308,1362,122,798,320,68,,0,0,0,0,0,0,0,0,0,0,0,0,0,0,2,,
2026-08-27T23:29:59.389Z,1787873399389,10683,1,,83acd2e6,10695,grid,4,1308,1362,122,797,320,68,,0,0,0,0,0,0,0,0,0,0,0,0,0,0,2,,
2026-08-27T23:30:59.404Z,1787873459404,10743,1,,83acd2e6,10755,grid,4,1309,1362,122,798,320,68,,0,0,0,0,0,0,0,0,0,0,0,0,0,0,2,,
2026-08-27T23:31:59.414Z,1787873519414,10803,1,,83acd2e6,10815,grid,4,1300,1362,122,789,320,68,,0,0,0,0,0,0,0,0,0,0,0,0,0,0,2,,
2026-08-27T23:32:59.433Z,1787873579433,10863,1,,83acd2e6,10875,grid,4,1310,1362,122,799,320,68,,0,0,0,0,0,0,0,0,0,0,0,0,0,0,2,,
2026-08-27T23:33:59.446Z,1787873639446,10923,1,,83acd2e6,10935,grid,4,1309,1362,122,799,320,68,,0,0,0,0,0,0,0,0,0,0,0,0,0,0,2,,
2026-08-27T23:34:59.455Z,1787873699455,10983,1,,83acd2e6,10995,grid,4,1310,1362,122,799,320,68,,0,0,0,0,0,0,0,0,0,0,0,0,0,0,2,,
2026-08-27T23:35:59.467Z,1787873759467,11043,1,,83acd2e6,11055,grid,4,1311,1362,123,800,320,68,,0,0,0,0,0,0,0,0,0,0,0,0,0,0,2,,
2026-08-27T23:36:59.480Z,1787873819480,11103,1,,83acd2e6,11115,grid,4,1310,1362,123,799,320,68,,0,0,0,0,0,0,0,0,0,0,0,0,0,0,2,,
2026-08-27T23:37:59.490Z,1787873879490,11163,1,,83acd2e6,11175,grid,4,1311,1362,123,800,320,68,,0,0,0,0,0,0,0,0,0,0,0,0,0,0,2,,
2026-08-27T23:38:59.499Z,1787873939499,11223,1,,83acd2e6,11235,grid,4,1310,1362,123,799,320,68,,0,0,0,0,0,0,0,0,0,0,0,0,0,0,2,,
2026-08-27T23:39:59.522Z,1787873999522,11283,1,,83acd2e6,11295,grid,4,1309,1362,122,799,320,68,,0,0,0,0,0,0,0,0,0,0,0,0,0,0,2,,
2026-08-27T23:40:59.541Z,1787874059541,11343,1,,83acd2e6,11355,grid,4,1310,1362,122,800,320,68,,0,0,0,0,0,0,0,0,0,0,0,0,0,0,2,,
2026-08-27T23:41:59.554Z,1787874119554,11403,1,,83acd2e6,11415,grid,4,1310,1362,122,800,320,68,,0,0,0,0,0,0,0,0,0,0,0,0,0,0,2,,
2026-08-27T23:42:59.578Z,1787874179578,11463,1,,83acd2e6,11475,grid,4,1309,1362,122,799,320,68,,0,0,0,0,0,0,0,0,0,0,0,0,0,0,2,,
2026-08-27T23:43:59.593Z,1787874239593,11523,1,,83acd2e6,11535,grid,4,1309,1362,122,799,320,68,,0,0,0,0,0,0,0,0,0,0,0,0,0,0,2,,
2026-08-27T23:44:59.603Z,1787874299603,11583,1,,83acd2e6,11595,grid,4,1310,1362,122,799,320,68,,0,0,0,0,0,0,0,0,0,0,0,0,0,0,2,,
2026-08-27T23:45:59.622Z,1787874359622,11643,1,,83acd2e6,11655,grid,4,1310,1362,122,800,320,68,,0,0,0,0,0,0,0,0,0,0,0,0,0,0,2,,
2026-08-27T23:46:59.632Z,1787874419632,11703,1,,83acd2e6,11715,grid,4,1310,1362,122,800,320,68,,0,0,0,0,0,0,0,0,0,0,0,0,0,0,2,,
2026-08-27T23:47:59.651Z,1787874479651,11763,1,,83acd2e6,11775,grid,4,1310,1362,122,799,320,68,,0,0,0,0,0,0,0,0,0,0,0,0,0,0,2,,
2026-08-27T23:48:59.674Z,1787874539674,11823,1,,83acd2e6,11835,grid,4,1309,1362,122,799,320,68,,0,0,0,0,0,0,0,0,0,0,0,0,0,0,2,,
2026-08-27T23:49:59.686Z,1787874599686,11883,1,,83acd2e6,11895,grid,4,1310,1362,122,799,320,68,,0,0,0,0,0,0,0,0,0,0,0,0,0,0,2,,
2026-08-27T23:50:59.700Z,1787874659700,11943,1,,83acd2e6,11955,grid,4,1309,1362,122,798,320,68,,0,0,0,0,0,0,0,0,0,0,0,0,0,0,2,,
2026-08-27T23:51:59.712Z,1787874719712,12003,1,,83acd2e6,12015,grid,4,1313,1362,122,798,324,68,,0,0,0,0,0,0,0,0,0,0,0,0,0,0,2,,
2026-08-27T23:52:59.726Z,1787874779726,12063,1,,83acd2e6,12075,grid,4,1314,1362,122,799,325,68,,0,0,0,0,0,0,0,0,0,0,0,0,0,0,2,,
2026-08-27T23:53:59.740Z,1787874839740,12123,1,,83acd2e6,12135,grid,4,1310,1362,123,799,320,68,,0,0,0,0,0,0,0,0,0,0,0,0,0,0,2,,
2026-08-27T23:54:59.755Z,1787874899755,12183,1,,83acd2e6,12195,grid,4,1310,1362,123,800,320,68,,0,0,0,0,0,0,0,0,0,0,0,0,0,0,2,,
2026-08-27T23:55:59.769Z,1787874959769,12243,1,,83acd2e6,12255,grid,4,1311,1362,123,800,320,68,,0,0,0,0,0,0,0,0,0,0,0,0,0,0,2,,
2026-08-27T23:56:59.779Z,1787875019779,12303,1,,83acd2e6,12315,grid,4,1311,1362,123,800,320,68,,0,0,0,0,0,0,0,0,0,0,0,0,0,0,2,,
2026-08-27T23:57:59.790Z,1787875079790,12363,1,,83acd2e6,12375,grid,4,1310,1362,123,800,320,68,,0,0,0,0,0,0,0,0,0,0,0,0,0,0,2,,
2026-08-27T23:58:59.797Z,1787875139797,12423,1,,83acd2e6,12435,grid,4,1309,1362,122,799,320,68,,0,0,0,0,0,0,0,0,0,0,0,0,0,0,2,,
2026-08-27T23:59:59.821Z,1787875199821,12483,1,,83acd2e6,12495,grid,4,1309,1362,122,799,320,68,,0,0,0,0,0,0,0,0,0,0,0,0,0,0,2,,
2026-08-28T00:00:59.832Z,1787875259832,12543,1,,83acd2e6,12555,grid,4,1310,1362,122,800,320,68,,0,0,0,0,0,0,0,0,0,0,0,0,0,0,2,,
2026-08-28T00:01:59.850Z,1787875319850,12603,1,,83acd2e6,12615,grid,4,1327,1363,122,817,320,68,,0,0,0,0,0,0,0,0,0,0,0,0,0,0,2,,
2026-08-28T00:02:59.858Z,1787875379858,12663,1,,83acd2e6,12675,grid,4,1311,1363,122,800,320,68,,0,0,0,0,0,0,0,0,0,0,0,0,0,0,2,,
2026-08-28T00:03:59.879Z,1787875439879,12723,1,,83acd2e6,12735,grid,4,1311,1363,122,801,320,68,,0,0,0,0,0,0,0,0,0,0,0,0,0,0,2,,
2026-08-28T00:04:59.896Z,1787875499896,12783,1,,83acd2e6,12795,grid,4,1311,1363,122,801,320,68,,0,0,0,0,0,0,0,0,0,0,0,0,0,0,2,,
2026-08-28T00:05:59.908Z,1787875559908,12843,1,,83acd2e6,12855,grid,4,1312,1363,122,801,320,68,,0,0,0,0,0,0,0,0,0,0,0,0,0,0,2,,
2026-08-28T00:06:59.921Z,1787875619921,12903,1,,83acd2e6,12915,grid,4,1311,1363,122,800,320,68,,0,0,0,0,0,0,0,0,0,0,0,0,0,0,2,,
2026-08-28T00:07:59.938Z,1787875679938,12963,1,,83acd2e6,12975,grid,4,1311,1363,122,800,320,68,,0,0,0,0,0,0,0,0,0,0,0,0,0,0,2,,
2026-08-28T00:08:59.961Z,1787875739961,13023,1,,83acd2e6,13035,grid,4,1311,1363,122,801,320,68,,0,0,0,0,0,0,0,0,0,0,0,0,0,0,2,,
2026-08-28T00:09:59.974Z,1787875799974,13083,1,,83acd2e6,13095,grid,4,1311,1363,122,800,320,68,,0,0,0,0,0,0,0,0,0,0,0,0,0,0,2,,
2026-08-28T00:10:59.993Z,1787875859993,13143,1,,83acd2e6,13155,grid,4,1312,1363,122,801,320,68,,0,0,0,0,0,0,0,0,0,0,0,0,0,0,2,,
2026-08-28T00:12:00.003Z,1787875920003,13203,1,,83acd2e6,13215,grid,4,1311,1363,123,800,320,68,,0,0,0,0,0,0,0,0,0,0,0,0,0,0,2,,
2026-08-28T00:13:00.018Z,1787875980018,13263,1,,83acd2e6,13275,grid,4,1311,1363,123,801,320,68,,0,0,0,0,0,0,0,0,0,0,0,0,0,0,2,,
2026-08-28T00:14:00.030Z,1787876040030,13323,1,,83acd2e6,13335,grid,4,1312,1363,123,801,320,68,,0,0,0,0,0,0,0,0,0,0,0,0,0,0,2,,
2026-08-28T00:15:00.036Z,1787876100036,13383,1,,83acd2e6,13395,grid,4,1311,1363,123,800,320,68,,0,0,0,0,0,0,0,0,0,0,0,0,0,0,2,,
2026-08-28T00:16:00.056Z,1787876160056,13443,1,,83acd2e6,13455,grid,4,1311,1363,123,800,320,68,,0,0,0,0,0,0,0,0,0,0,0,0,0,0,2,,
2026-08-28T00:17:00.075Z,1787876220075,13503,1,,83acd2e6,13516,grid,4,1312,1363,123,801,320,68,,0,0,0,0,0,0,0,0,0,0,0,0,0,0,2,,
2026-08-28T00:18:00.094Z,1787876280094,13563,1,,83acd2e6,13576,grid,4,1311,1363,123,800,320,68,,0,0,0,0,0,0,0,0,0,0,0,0,0,0,2,,
2026-08-28T00:19:00.102Z,1787876340102,13624,1,,83acd2e6,13636,grid,4,1310,1363,122,800,320,68,,0,0,0,0,0,0,0,0,0,0,0,0,0,0,2,,
2026-08-28T00:20:00.117Z,1787876400117,13684,1,,83acd2e6,13696,grid,4,1310,1363,122,799,320,68,,0,0,0,0,0,0,0,0,0,0,0,0,0,0,2,,
2026-08-28T00:21:00.134Z,1787876460134,13744,1,,83acd2e6,13756,grid,4,1310,1363,122,800,320,68,,0,0,0,0,0,0,0,0,0,0,0,0,0,0,2,,
2026-08-28T00:22:00.143Z,1787876520143,13804,1,,83acd2e6,13816,grid,4,1310,1363,122,800,320,68,,0,0,0,0,0,0,0,0,0,0,0,0,0,0,2,,
2026-08-28T00:23:00.156Z,1787876580156,13864,1,,83acd2e6,13876,grid,4,1310,1363,122,799,320,68,,0,0,0,0,0,0,0,0,0,0,0,0,0,0,2,,
2026-08-28T00:24:00.176Z,1787876640176,13924,1,,83acd2e6,13936,grid,4,1311,1363,122,800,320,68,,0,0,0,0,0,0,0,0,0,0,0,0,0,0,2,,
2026-08-28T00:25:00.195Z,1787876700195,13984,1,,83acd2e6,13996,grid,4,1310,1363,122,800,320,68,,0,0,0,0,0,0,0,0,0,0,0,0,0,0,2,,
2026-08-28T00:26:00.211Z,1787876760211,14044,1,,83acd2e6,14056,grid,4,1309,1363,122,799,320,68,,0,0,0,0,0,0,0,0,0,0,0,0,0,0,2,,
2026-08-28T00:27:00.225Z,1787876820225,14104,1,,83acd2e6,14116,grid,4,1310,1363,122,800,320,68,,0,0,0,0,0,0,0,0,0,0,0,0,0,0,2,,
2026-08-28T00:28:00.244Z,1787876880244,14164,1,,83acd2e6,14176,grid,4,1310,1363,122,799,320,68,,0,0,0,0,0,0,0,0,0,0,0,0,0,0,2,,
2026-08-28T00:29:00.251Z,1787876940251,14224,1,,83acd2e6,14236,grid,4,1311,1363,122,800,320,68,,0,0,0,0,0,0,0,0,0,0,0,0,0,0,2,,
2026-08-28T00:30:00.272Z,1787877000272,14284,1,,83acd2e6,14296,grid,4,1310,1363,122,800,320,68,,0,0,0,0,0,0,0,0,0,0,0,0,0,0,2,,
2026-08-28T00:31:00.291Z,1787877060291,14344,1,,83acd2e6,14356,grid,4,1311,1363,122,800,320,68,,0,0,0,0,0,0,0,0,0,0,0,0,0,0,2,,
2026-08-28T00:32:00.302Z,1787877120302,14404,1,,83acd2e6,14416,grid,4,1345,1363,123,830,324,68,,0,0,0,0,0,0,0,0,0,0,0,0,0,0,2,,
2026-08-28T00:33:00.314Z,1787877180314,14464,1,,83acd2e6,14476,grid,4,1311,1363,123,801,320,68,,0,0,0,0,0,0,0,0,0,0,0,0,0,0,2,,
2026-08-28T00:34:00.322Z,1787877240322,14524,1,,83acd2e6,14536,grid,4,1312,1363,123,801,320,68,,0,0,0,0,0,0,0,0,0,0,0,0,0,0,2,,
2026-08-28T00:35:00.332Z,1787877300332,14584,1,,83acd2e6,14596,grid,4,1312,1363,123,800,320,68,,0,0,0,0,0,0,0,0,0,0,0,0,0,0,2,,
2026-08-28T00:36:00.349Z,1787877360349,14644,1,,83acd2e6,14656,grid,4,1311,1363,123,800,320,68,,0,0,0,0,0,0,0,0,0,0,0,0,0,0,2,,
2026-08-28T00:37:00.367Z,1787877420367,14704,1,,83acd2e6,14716,grid,4,1311,1363,123,800,320,68,,0,0,0,0,0,0,0,0,0,0,0,0,0,0,2,,
2026-08-28T00:38:00.384Z,1787877480384,14764,1,,83acd2e6,14776,grid,4,1310,1363,122,800,320,68,,0,0,0,0,0,0,0,0,0,0,0,0,0,0,2,,
2026-08-28T00:39:00.399Z,1787877540399,14824,1,,83acd2e6,14836,grid,4,1311,1363,122,800,320,68,,0,0,0,0,0,0,0,0,0,0,0,0,0,0,2,,
2026-08-28T00:40:00.413Z,1787877600413,14884,1,,83acd2e6,14896,grid,4,1310,1363,122,800,320,68,,0,0,0,0,0,0,0,0,0,0,0,0,0,0,2,,
2026-08-28T00:41:00.421Z,1787877660421,14944,1,,83acd2e6,14956,grid,4,1311,1363,122,800,320,68,,0,0,0,0,0,0,0,0,0,0,0,0,0,0,2,,
2026-08-28T00:42:00.440Z,1787877720440,15004,1,,83acd2e6,15016,grid,4,1311,1363,122,800,320,68,,0,0,0,0,0,0,0,0,0,0,0,0,0,0,2,,
2026-08-28T00:43:00.453Z,1787877780453,15064,1,,83acd2e6,15076,grid,4,1311,1363,122,801,320,68,,0,0,0,0,0,0,0,0,0,0,0,0,0,0,2,,
2026-08-28T00:44:00.464Z,1787877840464,15124,1,,83acd2e6,15136,grid,4,1312,1363,122,801,320,68,,0,0,0,0,0,0,0,0,0,0,0,0,0,0,2,,
2026-08-28T00:45:00.486Z,1787877900486,15184,1,,83acd2e6,15196,grid,4,1311,1363,122,800,320,68,,0,0,0,0,0,0,0,0,0,0,0,0,0,0,2,,
2026-08-28T00:46:00.500Z,1787877960500,15244,1,,83acd2e6,15256,grid,4,1312,1363,123,801,320,68,,0,0,0,0,0,0,0,0,0,0,0,0,0,0,2,,
2026-08-28T00:47:00.511Z,1787878020511,15304,1,,83acd2e6,15316,grid,4,1312,1363,123,801,320,68,,0,0,0,0,0,0,0,0,0,0,0,0,0,0,2,,
2026-08-28T00:48:00.534Z,1787878080534,15364,1,,83acd2e6,15376,grid,4,1312,1363,123,801,320,68,,0,0,0,0,0,0,0,0,0,0,0,0,0,0,2,,
2026-08-28T00:49:00.544Z,1787878140544,15424,1,,83acd2e6,15436,grid,4,1313,1363,123,801,320,68,,0,0,0,0,0,0,0,0,0,0,0,0,0,0,2,,
2026-08-28T00:50:00.557Z,1787878200557,15484,1,,83acd2e6,15496,grid,4,1311,1363,123,800,320,68,,0,0,0,0,0,0,0,0,0,0,0,0,0,0,2,,
2026-08-28T00:51:00.577Z,1787878260577,15544,1,,83acd2e6,15556,grid,4,1312,1363,123,801,320,68,,0,0,0,0,0,0,0,0,0,0,0,0,0,0,2,,
2026-08-28T00:52:00.592Z,1787878320592,15604,1,,83acd2e6,15616,grid,4,1312,1363,123,800,321,68,,0,0,0,0,0,0,0,0,0,0,0,0,0,0,2,,
2026-08-28T00:53:00.602Z,1787878380602,15664,1,,83acd2e6,15676,grid,4,1316,1363,123,800,325,68,,0,0,0,0,0,0,0,0,0,0,0,0,0,0,2,,
2026-08-28T00:54:00.622Z,1787878440622,15724,1,,83acd2e6,15736,grid,4,1313,1363,123,801,321,68,,0,0,0,0,0,0,0,0,0,0,0,0,0,0,2,,
2026-08-28T00:55:00.634Z,1787878500634,15784,1,,83acd2e6,15796,grid,4,1313,1363,123,801,321,68,,0,0,0,0,0,0,0,0,0,0,0,0,0,0,2,,
2026-08-28T00:56:00.646Z,1787878560646,15844,1,,83acd2e6,15856,grid,4,1313,1363,123,801,321,68,,0,0,0,0,0,0,0,0,0,0,0,0,0,0,2,,
2026-08-28T00:57:00.666Z,1787878620666,15904,1,,83acd2e6,15916,grid,4,1313,1363,123,801,321,68,,0,0,0,0,0,0,0,0,0,0,0,0,0,0,2,,
2026-08-28T00:58:00.675Z,1787878680675,15964,1,,83acd2e6,15976,grid,4,1315,1363,122,800,325,68,,0,0,0,0,0,0,0,0,0,0,0,0,0,0,2,,
2026-08-28T00:59:00.686Z,1787878740686,16024,1,,83acd2e6,16036,grid,4,1312,1363,122,801,320,68,,0,0,0,0,0,0,0,0,0,0,0,0,0,0,2,,
2026-08-28T01:00:00.703Z,1787878800703,16084,1,,83acd2e6,16096,grid,4,1312,1363,122,801,321,68,,0,0,0,0,0,0,0,0,0,0,0,0,0,0,2,,
2026-08-28T01:01:00.718Z,1787878860718,16144,1,,83acd2e6,16156,grid,4,1312,1363,122,800,321,68,,0,0,0,0,0,0,0,0,0,0,0,0,0,0,2,,
2026-08-28T01:02:00.731Z,1787878920731,16204,1,,83acd2e6,16216,grid,4,1334,1365,122,823,321,68,,0,0,0,0,0,0,0,0,0,0,0,0,0,0,2,,
2026-08-28T01:03:00.746Z,1787878980746,16264,1,,83acd2e6,16276,grid,4,1312,1365,123,801,321,68,,0,0,0,0,0,0,0,0,0,0,0,0,0,0,2,,
2026-08-28T01:04:00.760Z,1787879040760,16324,1,,83acd2e6,16336,grid,4,1313,1365,123,802,320,68,,0,0,0,0,0,0,0,0,0,0,0,0,0,0,2,,
2026-08-28T01:05:00.777Z,1787879100777,16384,1,,83acd2e6,16396,grid,4,1312,1365,123,801,320,68,,0,0,0,0,0,0,0,0,0,0,0,0,0,0,2,,
2026-08-28T01:06:00.798Z,1787879160798,16444,1,,83acd2e6,16456,grid,4,1312,1365,123,801,320,68,,0,0,0,0,0,0,0,0,0,0,0,0,0,0,2,,
2026-08-28T01:07:00.814Z,1787879220814,16504,1,,83acd2e6,16516,grid,4,1312,1365,123,800,320,68,,0,0,0,0,0,0,0,0,0,0,0,0,0,0,2,,
2026-08-28T01:08:00.823Z,1787879280823,16564,1,,83acd2e6,16576,grid,4,1311,1365,123,800,320,68,,0,0,0,0,0,0,0,0,0,0,0,0,0,0,2,,
2026-08-28T01:09:00.842Z,1787879340842,16624,1,,83acd2e6,16636,grid,4,1312,1365,123,801,320,68,,0,0,0,0,0,0,0,0,0,0,0,0,0,0,2,,
2026-08-28T01:10:00.857Z,1787879400857,16684,1,,83acd2e6,16696,grid,4,1311,1365,123,800,320,68,,0,0,0,0,0,0,0,0,0,0,0,0,0,0,2,,
2026-08-28T01:11:00.876Z,1787879460876,16744,1,,83acd2e6,16756,grid,4,1312,1365,123,801,320,68,,0,0,0,0,0,0,0,0,0,0,0,0,0,0,2,,
2026-08-28T01:12:00.896Z,1787879520896,16804,1,,83acd2e6,16816,grid,4,1312,1365,123,801,320,68,,0,0,0,0,0,0,0,0,0,0,0,0,0,0,2,,
2026-08-28T01:13:00.910Z,1787879580910,16864,1,,83acd2e6,16876,grid,4,1311,1365,123,800,320,68,,0,0,0,0,0,0,0,0,0,0,0,0,0,0,2,,
2026-08-28T01:14:00.919Z,1787879640919,16924,1,,83acd2e6,16936,grid,4,1314,1365,123,802,320,68,,0,0,0,0,0,0,0,0,0,0,0,0,0,0,2,,
2026-08-28T01:15:00.929Z,1787879700929,16984,1,,83acd2e6,16996,grid,4,1312,1365,123,800,320,68,,0,0,0,0,0,0,0,0,0,0,0,0,0,0,2,,
2026-08-28T01:16:00.947Z,1787879760947,17044,1,,83acd2e6,17056,grid,4,1313,1365,123,801,320,68,,0,0,0,0,0,0,0,0,0,0,0,0,0,0,2,,
2026-08-28T01:17:00.960Z,1787879820960,17104,1,,83acd2e6,17116,grid,4,1311,1365,122,800,320,68,,0,0,0,0,0,0,0,0,0,0,0,0,0,0,2,,
2026-08-28T01:18:00.981Z,1787879880981,17164,1,,83acd2e6,17176,grid,4,1311,1365,122,801,320,68,,0,0,0,0,0,0,0,0,0,0,0,0,0,0,2,,
2026-08-28T01:19:00.990Z,1787879940990,17224,1,,83acd2e6,17236,grid,4,1312,1365,122,801,320,68,,0,0,0,0,0,0,0,0,0,0,0,0,0,0,2,,
2026-08-28T01:20:01.007Z,1787880001007,17284,1,,83acd2e6,17296,grid,4,1312,1365,122,801,320,68,,0,0,0,0,0,0,0,0,0,0,0,0,0,0,2,,
2026-08-28T01:21:01.027Z,1787880061027,17344,1,,83acd2e6,17356,grid,4,1317,1365,122,802,324,68,,0,0,0,0,0,0,0,0,0,0,0,0,0,0,2,,
2026-08-28T01:22:01.033Z,1787880121033,17404,1,,83acd2e6,17416,grid,4,1312,1365,123,801,320,68,,0,0,0,0,0,0,0,0,0,0,0,0,0,0,2,,
2026-08-28T01:23:01.046Z,1787880181046,17464,1,,83acd2e6,17476,grid,4,1313,1365,123,802,320,68,,0,0,0,0,0,0,0,0,0,0,0,0,0,0,2,,
2026-08-28T01:24:01.058Z,1787880241058,17524,1,,83acd2e6,17536,grid,4,1312,1365,123,801,320,68,,0,0,0,0,0,0,0,0,0,0,0,0,0,0,2,,
2026-08-28T01:25:01.073Z,1787880301073,17584,1,,83acd2e6,17597,grid,4,1312,1365,123,801,320,68,,0,0,0,0,0,0,0,0,0,0,0,0,0,0,2,,
2026-08-28T01:26:01.089Z,1787880361089,17644,1,,83acd2e6,17657,grid,4,1313,1365,123,802,320,68,,0,0,0,0,0,0,0,0,0,0,0,0,0,0,2,,
2026-08-28T01:27:01.104Z,1787880421104,17705,1,,83acd2e6,17717,grid,4,1316,1365,123,801,324,68,,0,0,0,0,0,0,0,0,0,0,0,0,0,0,2,,
2026-08-28T01:28:01.114Z,1787880481114,17765,1,,83acd2e6,17777,grid,4,1317,1365,123,801,324,68,,0,0,0,0,0,0,0,0,0,0,0,0,0,0,2,,
2026-08-28T01:29:01.126Z,1787880541126,17825,1,,83acd2e6,17837,grid,4,1317,1365,123,802,324,68,,0,0,0,0,0,0,0,0,0,0,0,0,0,0,2,,
2026-08-28T01:30:01.148Z,1787880601148,17885,1,,83acd2e6,17897,grid,4,1316,1365,123,801,324,68,,0,0,0,0,0,0,0,0,0,0,0,0,0,0,2,,
2026-08-28T01:31:01.164Z,1787880661164,17945,1,,83acd2e6,17957,grid,4,1313,1365,123,801,320,68,,0,0,0,0,0,0,0,0,0,0,0,0,0,0,2,,
2026-08-28T01:32:01.181Z,1787880721181,18005,1,,83acd2e6,18017,grid,4,1356,1367,123,842,322,68,,0,0,0,0,0,0,0,0,0,0,0,0,0,0,2,,
2026-08-28T01:33:01.199Z,1787880781199,18065,1,,83acd2e6,18077,grid,4,1317,1367,123,800,326,68,,0,0,0,0,0,0,0,0,0,0,0,0,0,0,2,,
2026-08-28T01:34:01.208Z,1787880841208,18125,1,,83acd2e6,18137,grid,4,1313,1367,123,800,322,68,,0,0,0,0,0,0,0,0,0,0,0,0,0,0,2,,
2026-08-28T01:35:01.221Z,1787880901221,18185,1,,83acd2e6,18197,grid,4,1313,1367,123,800,322,68,,0,0,0,0,0,0,0,0,0,0,0,0,0,0,2,,
2026-08-28T01:36:01.239Z,1787880961239,18245,1,,83acd2e6,18257,grid,4,1313,1367,122,801,321,68,,0,0,0,0,0,0,0,0,0,0,0,0,0,0,2,,
2026-08-28T01:37:01.251Z,1787881021251,18305,1,,83acd2e6,18317,grid,4,1312,1367,122,801,321,68,,0,0,0,0,0,0,0,0,0,0,0,0,0,0,2,,
2026-08-28T01:38:01.271Z,1787881081271,18365,1,,83acd2e6,18377,grid,4,1313,1367,122,801,321,68,,0,0,0,0,0,0,0,0,0,0,0,0,0,0,2,,
2026-08-28T01:39:01.283Z,1787881141283,18425,1,,83acd2e6,18437,grid,4,1313,1367,122,801,321,68,,0,0,0,0,0,0,0,0,0,0,0,0,0,0,2,,
2026-08-28T01:40:01.295Z,1787881201295,18485,1,,83acd2e6,18497,grid,4,1313,1367,123,801,321,68,,0,0,0,0,0,0,0,0,0,0,0,0,0,0,2,,
2026-08-28T01:41:01.307Z,1787881261307,18545,1,,83acd2e6,18557,grid,4,1313,1367,123,801,322,68,,0,0,0,0,0,0,0,0,0,0,0,0,0,0,2,,
2026-08-28T01:42:01.319Z,1787881321319,18605,1,,83acd2e6,18617,grid,4,1313,1367,123,801,321,68,,0,0,0,0,0,0,0,0,0,0,0,0,0,0,2,,
2026-08-28T01:43:01.337Z,1787881381337,18665,1,,83acd2e6,18677,grid,4,1313,1367,123,801,322,68,,0,0,0,0,0,0,0,0,0,0,0,0,0,0,2,,
2026-08-28T01:44:01.361Z,1787881441361,18725,1,,83acd2e6,18737,grid,4,1314,1367,123,802,321,68,,0,0,0,0,0,0,0,0,0,0,0,0,0,0,2,,
2026-08-28T01:45:01.379Z,1787881501379,18785,1,,83acd2e6,18797,grid,4,1313,1367,123,801,321,68,,0,0,0,0,0,0,0,0,0,0,0,0,0,0,2,,
2026-08-28T01:46:01.392Z,1787881561392,18845,1,,83acd2e6,18857,grid,4,1318,1367,123,802,325,68,,0,0,0,0,0,0,0,0,0,0,0,0,0,0,2,,
2026-08-28T01:47:01.413Z,1787881621413,18905,1,,83acd2e6,18917,grid,4,1316,1367,123,800,325,68,,0,0,0,0,0,0,0,0,0,0,0,0,0,0,2,,
2026-08-28T01:48:01.427Z,1787881681427,18965,1,,83acd2e6,18977,grid,4,1313,1367,123,801,321,68,,0,0,0,0,0,0,0,0,0,0,0,0,0,0,2,,
2026-08-28T01:49:01.446Z,1787881741446,19025,1,,83acd2e6,19037,grid,4,1313,1367,123,801,321,68,,0,0,0,0,0,0,0,0,0,0,0,0,0,0,2,,
2026-08-28T01:50:01.455Z,1787881801455,19085,1,,83acd2e6,19097,grid,4,1313,1367,123,800,321,68,,0,0,0,0,0,0,0,0,0,0,0,0,0,0,2,,
2026-08-28T01:51:01.467Z,1787881861467,19145,1,,83acd2e6,19157,grid,4,1313,1367,123,800,321,68,,0,0,0,0,0,0,0,0,0,0,0,0,0,0,2,,
2026-08-28T01:52:01.488Z,1787881921488,19205,1,,83acd2e6,19217,grid,4,1313,1367,123,801,321,68,,0,0,0,0,0,0,0,0,0,0,0,0,0,0,2,,
2026-08-28T01:53:01.508Z,1787881981508,19265,1,,83acd2e6,19277,grid,4,1312,1367,123,801,320,68,,0,0,0,0,0,0,0,0,0,0,0,0,0,0,2,,
2026-08-28T01:54:01.519Z,1787882041519,19325,1,,83acd2e6,19337,grid,4,1312,1367,123,801,320,68,,0,0,0,0,0,0,0,0,0,0,0,0,0,0,2,,
2026-08-28T01:55:01.530Z,1787882101530,19385,1,,83acd2e6,19397,grid,4,1311,1367,122,800,320,68,,0,0,0,0,0,0,0,0,0,0,0,0,0,0,2,,
2026-08-28T01:56:01.546Z,1787882161546,19445,1,,83acd2e6,19457,grid,4,1312,1367,122,801,320,68,,0,0,0,0,0,0,0,0,0,0,0,0,0,0,2,,
2026-08-28T01:57:01.553Z,1787882221553,19505,1,,83acd2e6,19517,grid,4,1312,1367,122,801,320,68,,0,0,0,0,0,0,0,0,0,0,0,0,0,0,2,,
2026-08-28T01:58:01.571Z,1787882281571,19565,1,,83acd2e6,19577,grid,4,1312,1367,123,801,320,68,,0,0,0,0,0,0,0,0,0,0,0,0,0,0,2,,
2026-08-28T01:59:01.592Z,1787882341592,19625,1,,83acd2e6,19637,grid,4,1312,1367,123,801,320,68,,0,0,0,0,0,0,0,0,0,0,0,0,0,0,2,,
2026-08-28T02:00:01.604Z,1787882401604,19685,1,,83acd2e6,19697,grid,4,1311,1367,123,800,320,68,,0,0,0,0,0,0,0,0,0,0,0,0,0,0,2,,
2026-08-28T02:01:01.620Z,1787882461620,19745,1,,83acd2e6,19757,grid,4,1312,1367,123,801,320,68,,0,0,0,0,0,0,0,0,0,0,0,0,0,0,2,,
2026-08-28T02:02:01.639Z,1787882521639,19805,1,,83acd2e6,19817,grid,4,1358,1367,123,843,324,68,,0,0,0,0,0,0,0,0,0,0,0,0,0,0,2,,
2026-08-28T02:03:01.657Z,1787882581657,19865,1,,83acd2e6,19877,grid,4,1315,1367,123,801,323,68,,0,0,0,0,0,0,0,0,0,0,0,0,0,0,2,,
2026-08-28T02:04:01.668Z,1787882641668,19925,1,,83acd2e6,19937,grid,4,1313,1367,123,801,320,68,,0,0,0,0,0,0,0,0,0,0,0,0,0,0,2,,
2026-08-28T02:05:01.678Z,1787882701678,19985,1,,83acd2e6,19997,grid,4,1312,1367,123,801,320,68,,0,0,0,0,0,0,0,0,0,0,0,0,0,0,2,,
2026-08-28T02:06:01.691Z,1787882761691,20045,1,,83acd2e6,20057,grid,4,1313,1367,123,802,320,68,,0,0,0,0,0,0,0,0,0,0,0,0,0,0,2,,
2026-08-28T02:07:01.714Z,1787882821714,20105,1,,83acd2e6,20117,grid,4,1312,1367,123,801,320,68,,0,0,0,0,0,0,0,0,0,0,0,0,0,0,2,,
2026-08-28T02:08:01.725Z,1787882881725,20165,1,,83acd2e6,20177,grid,4,1312,1367,123,801,320,68,,0,0,0,0,0,0,0,0,0,0,0,0,0,0,2,,
2026-08-28T02:09:01.736Z,1787882941736,20225,1,,83acd2e6,20237,grid,4,1313,1367,123,802,320,68,,0,0,0,0,0,0,0,0,0,0,0,0,0,0,2,,
2026-08-28T02:10:01.750Z,1787883001750,20285,1,,83acd2e6,20297,grid,4,1312,1367,123,801,320,68,,0,0,0,0,0,0,0,0,0,0,0,0,0,0,2,,
2026-08-28T02:11:01.767Z,1787883061767,20345,1,,83acd2e6,20357,grid,4,1313,1367,123,802,320,68,,0,0,0,0,0,0,0,0,0,0,0,0,0,0,2,,
2026-08-28T02:12:01.791Z,1787883121791,20405,1,,83acd2e6,20417,grid,4,1313,1367,123,801,320,68,,0,0,0,0,0,0,0,0,0,0,0,0,0,0,2,,
2026-08-28T02:13:01.807Z,1787883181807,20465,1,,83acd2e6,20477,grid,4,1313,1367,123,802,320,68,,0,0,0,0,0,0,0,0,0,0,0,0,0,0,2,,
2026-08-28T02:14:01.820Z,1787883241820,20525,1,,83acd2e6,20537,grid,4,1312,1367,122,801,321,68,,0,0,0,0,0,0,0,0,0,0,0,0,0,0,2,,
2026-08-28T02:15:01.832Z,1787883301832,20585,1,,83acd2e6,20597,grid,4,1313,1367,123,802,320,68,,0,0,0,0,0,0,0,0,0,0,0,0,0,0,2,,
2026-08-28T02:16:01.847Z,1787883361847,20645,1,,83acd2e6,20657,grid,4,1312,1367,123,801,320,68,,0,0,0,0,0,0,0,0,0,0,0,0,0,0,2,,
2026-08-28T02:17:01.860Z,1787883421860,20705,1,,83acd2e6,20717,grid,4,1311,1367,123,800,320,68,,0,0,0,0,0,0,0,0,0,0,0,0,0,0,2,,
2026-08-28T02:18:01.866Z,1787883481866,20765,1,,83acd2e6,20777,grid,4,1312,1367,123,801,320,68,,0,0,0,0,0,0,0,0,0,0,0,0,0,0,2,,
2026-08-28T02:19:01.875Z,1787883541875,20825,1,,83acd2e6,20837,grid,4,1313,1367,123,801,320,68,,0,0,0,0,0,0,0,0,0,0,0,0,0,0,2,,
2026-08-28T02:20:01.886Z,1787883601886,20885,1,,83acd2e6,20897,grid,4,1313,1367,123,802,320,68,,0,0,0,0,0,0,0,0,0,0,0,0,0,0,2,,
2026-08-28T02:21:01.899Z,1787883661899,20945,1,,83acd2e6,20957,grid,4,1314,1367,123,802,320,68,,0,0,0,0,0,0,0,0,0,0,0,0,0,0,2,,
2026-08-28T02:22:01.907Z,1787883721907,21005,1,,83acd2e6,21017,grid,4,1313,1367,123,802,320,68,,0,0,0,0,0,0,0,0,0,0,0,0,0,0,2,,
2026-08-28T02:23:01.920Z,1787883781920,21065,1,,83acd2e6,21077,grid,4,1315,1367,123,803,321,68,,0,0,0,0,0,0,0,0,0,0,0,0,0,0,2,,
2026-08-28T02:24:01.925Z,1787883841925,21125,1,,83acd2e6,21137,grid,4,1322,1367,123,802,329,68,,0,0,0,0,0,0,0,0,0,0,0,0,0,0,2,,
2026-08-28T02:25:01.939Z,1787883901939,21185,1,,83acd2e6,21197,grid,4,1314,1367,123,802,321,68,,0,0,0,0,0,0,0,0,0,0,0,0,0,0,2,,
2026-08-28T02:26:01.948Z,1787883961948,21245,1,,83acd2e6,21257,grid,4,1314,1367,123,803,321,68,,0,0,0,0,0,0,0,0,0,0,0,0,0,0,2,,
2026-08-28T02:27:01.969Z,1787884021969,21305,1,,83acd2e6,21317,grid,4,1314,1367,123,802,320,68,,0,0,0,0,0,0,0,0,0,0,0,0,0,0,2,,
2026-08-28T02:28:01.997Z,1787884081997,21365,1,,83acd2e6,21377,grid,4,1315,1367,123,803,321,68,,0,0,0,0,0,0,0,0,0,0,0,0,0,0,2,,
2026-08-28T02:29:02.010Z,1787884142010,21425,1,,83acd2e6,21437,grid,4,1314,1367,123,802,321,68,,0,0,0,0,0,0,0,0,0,0,0,0,0,0,2,,
2026-08-28T02:30:02.029Z,1787884202029,21485,1,,83acd2e6,21497,grid,4,1314,1367,123,803,321,68,,0,0,0,0,0,0,0,0,0,0,0,0,0,0,2,,
2026-08-28T02:31:02.052Z,1787884262052,21545,1,,83acd2e6,21557,grid,4,1314,1367,123,802,321,68,,0,0,0,0,0,0,0,0,0,0,0,0,0,0,2,,
2026-08-28T02:32:02.069Z,1787884322069,21605,1,,83acd2e6,21618,grid,4,1324,1367,123,810,322,68,,0,0,0,0,0,0,0,0,0,0,0,0,0,0,2,,
2026-08-28T02:33:02.093Z,1787884382093,21665,1,,83acd2e6,21678,grid,4,1322,1367,123,808,322,68,,0,0,0,0,0,0,0,0,0,0,0,0,0,0,2,,
2026-08-28T02:34:02.112Z,1787884442112,21726,1,,83acd2e6,21738,grid,4,1321,1367,123,808,322,68,,0,0,0,0,0,0,0,0,0,0,0,0,0,0,2,,
2026-08-28T02:35:02.132Z,1787884502132,21786,1,,83acd2e6,21798,grid,4,1322,1367,123,809,322,68,,0,0,0,0,0,0,0,0,0,0,0,0,0,0,2,,
2026-08-28T02:36:02.152Z,1787884562152,21846,1,,83acd2e6,21858,grid,4,1322,1367,123,809,322,68,,0,0,0,0,0,0,0,0,0,0,0,0,0,0,2,,
2026-08-28T02:37:02.182Z,1787884622182,21906,1,,83acd2e6,21918,grid,4,1322,1367,123,809,322,68,,0,0,0,0,0,0,0,0,0,0,0,0,0,0,2,,
2026-08-28T02:38:02.198Z,1787884682198,21966,1,,83acd2e6,21978,grid,4,1321,1367,123,808,322,68,,0,0,0,0,0,0,0,0,0,0,0,0,0,0,2,,
2026-08-28T02:39:02.217Z,1787884742217,22026,1,,83acd2e6,22038,grid,4,1321,1367,123,808,322,68,,0,0,0,0,0,0,0,0,0,0,0,0,0,0,2,,
2026-08-28T02:40:02.238Z,1787884802238,22086,1,,83acd2e6,22098,grid,4,1322,1367,123,809,322,68,,0,0,0,0,0,0,0,0,0,0,0,0,0,0,2,,
2026-08-28T02:41:02.263Z,1787884862263,22146,1,,83acd2e6,22158,grid,4,1322,1367,123,808,322,68,,0,0,0,0,0,0,0,0,0,0,0,0,0,0,2,,
2026-08-28T02:42:02.283Z,1787884922283,22206,1,,83acd2e6,22218,grid,4,1322,1367,123,808,322,68,,0,0,0,0,0,0,0,0,0,0,0,0,0,0,2,,
2026-08-28T02:43:02.308Z,1787884982308,22266,1,,83acd2e6,22278,grid,4,1322,1367,123,809,322,68,,0,0,0,0,0,0,0,0,0,0,0,0,0,0,2,,
2026-08-28T02:44:02.336Z,1787885042336,22326,1,,83acd2e6,22338,grid,4,1322,1367,123,808,322,68,,0,0,0,0,0,0,0,0,0,0,0,0,0,0,2,,
2026-08-28T02:45:02.355Z,1787885102355,22386,1,,83acd2e6,22398,grid,4,1323,1367,124,808,322,69,,0,0,0,0,0,0,0,0,0,0,0,0,0,0,2,,
2026-08-28T02:46:02.380Z,1787885162380,22446,1,,83acd2e6,22458,grid,4,1323,1367,124,808,322,69,,0,0,0,0,0,0,0,0,0,0,0,0,0,0,2,,
2026-08-28T02:47:02.409Z,1787885222409,22506,1,,83acd2e6,22518,grid,4,1323,1367,124,809,322,69,,0,0,0,0,0,0,0,0,0,0,0,0,0,0,2,,
2026-08-28T02:48:02.437Z,1787885282437,22566,1,,83acd2e6,22578,grid,4,1323,1367,124,808,322,69,,0,0,0,0,0,0,0,0,0,0,0,0,0,0,2,,
2026-08-28T02:49:02.455Z,1787885342455,22626,1,,83acd2e6,22638,grid,4,1323,1367,124,808,322,69,,0,0,0,0,0,0,0,0,0,0,0,0,0,0,2,,
2026-08-28T02:50:02.480Z,1787885402480,22686,1,,83acd2e6,22698,grid,4,1323,1367,124,808,322,69,,0,0,0,0,0,0,0,0,0,0,0,0,0,0,2,,
2026-08-28T02:51:02.499Z,1787885462499,22746,1,,83acd2e6,22758,grid,4,1323,1367,124,808,322,68,,0,0,0,0,0,0,0,0,0,0,0,0,0,0,2,,
2026-08-28T02:52:02.529Z,1787885522529,22806,1,,83acd2e6,22818,grid,4,1323,1367,123,809,322,68,,0,0,0,0,0,0,0,0,0,0,0,0,0,0,2,,
2026-08-28T02:53:02.558Z,1787885582558,22866,1,,83acd2e6,22878,grid,4,1319,1367,123,805,322,68,,0,0,0,0,0,0,0,0,0,0,0,0,0,0,2,,
2026-08-28T02:54:02.571Z,1787885642571,22926,1,,83acd2e6,22938,grid,4,1319,1367,123,805,322,68,,0,0,0,0,0,0,0,0,0,0,0,0,0,0,2,,
2026-08-28T02:55:02.588Z,1787885702588,22986,1,,83acd2e6,22998,grid,4,1320,1367,123,806,322,68,,0,0,0,0,0,0,0,0,0,0,0,0,0,0,2,,
2026-08-28T02:56:02.617Z,1787885762617,23046,1,,83acd2e6,23058,grid,4,1319,1367,123,805,322,68,,0,0,0,0,0,0,0,0,0,0,0,0,0,0,2,,
2026-08-28T02:57:02.642Z,1787885822642,23106,1,,83acd2e6,23118,grid,4,1320,1367,123,806,322,68,,0,0,0,0,0,0,0,0,0,0,0,0,0,0,2,,
2026-08-28T02:58:02.665Z,1787885882665,23166,1,,83acd2e6,23178,grid,4,1320,1367,123,806,322,68,,0,0,0,0,0,0,0,0,0,0,0,0,0,0,2,,
2026-08-28T02:59:02.685Z,1787885942685,23226,1,,83acd2e6,23238,grid,4,1320,1367,123,806,322,68,,0,0,0,0,0,0,0,0,0,0,0,0,0,0,2,,
2026-08-28T03:00:02.713Z,1787886002713,23286,1,,83acd2e6,23298,grid,4,1320,1367,123,806,322,68,,0,0,0,0,0,0,0,0,0,0,0,0,0,0,2,,
2026-08-28T03:01:02.729Z,1787886062729,23346,1,,83acd2e6,23358,grid,4,1320,1367,123,806,322,68,,0,0,0,0,0,0,0,0,0,0,0,0,0,0,2,,
2026-08-28T03:02:02.744Z,1787886122744,23406,1,,83acd2e6,23418,grid,4,1322,1367,124,807,323,68,,0,0,0,0,0,0,0,0,0,0,0,0,0,0,2,,
2026-08-28T03:03:02.758Z,1787886182758,23466,1,,83acd2e6,23478,grid,4,1321,1367,124,806,323,69,,0,0,0,0,0,0,0,0,0,0,0,0,0,0,2,,
2026-08-28T03:04:02.781Z,1787886242781,23526,1,,83acd2e6,23538,grid,4,1320,1367,124,805,322,68,,0,0,0,0,0,0,0,0,0,0,0,0,0,0,2,,
2026-08-28T03:05:02.806Z,1787886302806,23586,1,,83acd2e6,23598,grid,4,1321,1367,124,806,322,68,,0,0,0,0,0,0,0,0,0,0,0,0,0,0,2,,
2026-08-28T03:06:02.824Z,1787886362824,23646,1,,83acd2e6,23658,grid,4,1319,1367,124,805,322,68,,0,0,0,0,0,0,0,0,0,0,0,0,0,0,2,,
2026-08-28T03:07:02.839Z,1787886422839,23706,1,,83acd2e6,23718,grid,4,1320,1367,124,805,322,68,,0,0,0,0,0,0,0,0,0,0,0,0,0,0,2,,
2026-08-28T03:08:02.861Z,1787886482861,23766,1,,83acd2e6,23778,grid,4,1320,1367,124,806,322,68,,0,0,0,0,0,0,0,0,0,0,0,0,0,0,2,,
2026-08-28T03:09:02.881Z,1787886542881,23826,1,,83acd2e6,23838,grid,4,1317,1367,124,804,321,68,,0,0,0,0,0,0,0,0,0,0,0,0,0,0,2,,
2026-08-28T03:10:02.896Z,1787886602896,23886,1,,83acd2e6,23898,grid,4,1318,1367,124,805,321,68,,0,0,0,0,0,0,0,0,0,0,0,0,0,0,2,,
2026-08-28T03:11:02.908Z,1787886662908,23946,1,,83acd2e6,23958,grid,4,1318,1367,124,805,320,68,,0,0,0,0,0,0,0,0,0,0,0,0,0,0,2,,
2026-08-28T03:12:02.928Z,1787886722928,24006,1,,83acd2e6,24018,grid,4,1318,1367,124,805,321,69,,0,0,0,0,0,0,0,0,0,0,0,0,0,0,2,,
2026-08-28T03:13:02.942Z,1787886782942,24066,1,,83acd2e6,24078,grid,4,1318,1367,124,805,320,68,,0,0,0,0,0,0,0,0,0,0,0,0,0,0,2,,
2026-08-28T03:14:02.958Z,1787886842958,24126,1,,83acd2e6,24138,grid,4,1318,1367,124,805,320,68,,0,0,0,0,0,0,0,0,0,0,0,0,0,0,2,,
2026-08-28T03:15:02.979Z,1787886902979,24186,1,,83acd2e6,24198,grid,4,1319,1367,124,806,321,68,,0,0,0,0,0,0,0,0,0,0,0,0,0,0,2,,
2026-08-28T03:16:02.994Z,1787886962994,24246,1,,83acd2e6,24258,grid,4,1318,1367,124,805,320,68,,0,0,0,0,0,0,0,0,0,0,0,0,0,0,2,,
2026-08-28T03:17:03.013Z,1787887023013,24306,1,,83acd2e6,24318,grid,4,1318,1367,124,805,320,68,,0,0,0,0,0,0,0,0,0,0,0,0,0,0,2,,
2026-08-28T03:18:03.025Z,1787887083025,24366,1,,83acd2e6,24378,grid,4,1318,1367,124,805,320,68,,0,0,0,0,0,0,0,0,0,0,0,0,0,0,2,,
2026-08-28T03:19:03.043Z,1787887143043,24426,1,,83acd2e6,24438,grid,4,1322,1367,124,805,325,68,,0,0,0,0,0,0,0,0,0,0,0,0,0,0,2,,
2026-08-28T03:20:03.058Z,1787887203058,24486,1,,83acd2e6,24498,grid,4,1318,1367,124,805,320,68,,0,0,0,0,0,0,0,0,0,0,0,0,0,0,2,,
2026-08-28T03:21:03.083Z,1787887263083,24546,1,,83acd2e6,24559,grid,4,1318,1367,124,805,321,68,,0,0,0,0,0,0,0,0,0,0,0,0,0,0,2,,
2026-08-28T03:22:03.099Z,1787887323099,24606,1,,83acd2e6,24619,grid,4,1318,1367,124,805,320,68,,0,0,0,0,0,0,0,0,0,0,0,0,0,0,2,,
2026-08-28T03:23:03.118Z,1787887383118,24667,1,,83acd2e6,24679,grid,4,1318,1367,124,805,321,68,,0,0,0,0,0,0,0,0,0,0,0,0,0,0,2,,
2026-08-28T03:24:03.131Z,1787887443131,24727,1,,83acd2e6,24739,grid,4,1318,1367,124,805,321,68,,0,0,0,0,0,0,0,0,0,0,0,0,0,0,2,,
2026-08-28T03:25:03.148Z,1787887503148,24787,1,,83acd2e6,24799,grid,4,1318,1367,125,805,321,68,,0,0,0,0,0,0,0,0,0,0,0,0,0,0,2,,
2026-08-28T03:26:03.166Z,1787887563166,24847,1,,83acd2e6,24859,grid,4,1318,1367,125,805,321,68,,0,0,0,0,0,0,0,0,0,0,0,0,0,0,2,,
2026-08-28T03:27:03.183Z,1787887623183,24907,1,,83acd2e6,24919,grid,4,1319,1367,125,805,321,68,,0,0,0,0,0,0,0,0,0,0,0,0,0,0,2,,
2026-08-28T03:28:03.194Z,1787887683194,24967,1,,83acd2e6,24979,grid,4,1319,1367,125,806,320,68,,0,0,0,0,0,0,0,0,0,0,0,0,0,0,2,,
2026-08-28T03:29:03.214Z,1787887743214,25027,1,,83acd2e6,25039,grid,4,1319,1367,125,805,321,68,,0,0,0,0,0,0,0,0,0,0,0,0,0,0,2,,
2026-08-28T03:30:03.238Z,1787887803238,25087,1,,83acd2e6,25099,grid,4,1319,1367,125,806,320,68,,0,0,0,0,0,0,0,0,0,0,0,0,0,0,2,,
2026-08-28T03:31:03.259Z,1787887863259,25147,1,,83acd2e6,25159,grid,4,1318,1367,124,805,320,68,,0,0,0,0,0,0,0,0,0,0,0,0,0,0,2,,
2026-08-28T03:32:03.283Z,1787887923283,25207,1,,83acd2e6,25219,grid,4,1321,1367,124,808,321,69,,0,0,0,0,0,0,0,0,0,0,0,0,0,0,2,,
2026-08-28T03:33:03.305Z,1787887983305,25267,1,,83acd2e6,25279,grid,4,1319,1367,124,806,320,69,,0,0,0,0,0,0,0,0,0,0,0,0,0,0,2,,
2026-08-28T03:34:03.326Z,1787888043326,25327,1,,83acd2e6,25339,grid,4,1319,1367,124,806,320,69,,0,0,0,0,0,0,0,0,0,0,0,0,0,0,2,,
2026-08-28T03:35:03.340Z,1787888103340,25387,1,,83acd2e6,25399,grid,4,1318,1367,124,805,320,69,,0,0,0,0,0,0,0,0,0,0,0,0,0,0,2,,
2026-08-28T03:36:03.354Z,1787888163354,25447,1,,83acd2e6,25459,grid,4,1317,1367,124,805,320,69,,0,0,0,0,0,0,0,0,0,0,0,0,0,0,2,,
2026-08-28T03:37:03.376Z,1787888223376,25507,1,,83acd2e6,25519,grid,4,1317,1367,124,805,320,69,,0,0,0,0,0,0,0,0,0,0,0,0,0,0,2,,
2026-08-28T03:38:03.387Z,1787888283387,25567,1,,83acd2e6,25579,grid,4,1319,1367,124,806,321,69,,0,0,0,0,0,0,0,0,0,0,0,0,0,0,2,,
2026-08-28T03:39:03.399Z,1787888343399,25627,1,,83acd2e6,25639,grid,4,1323,1367,124,805,325,69,,0,0,0,0,0,0,0,0,0,0,0,0,0,0,2,,
2026-08-28T03:40:03.407Z,1787888403407,25687,1,,83acd2e6,25699,grid,4,1323,1367,124,806,325,69,,0,0,0,0,0,0,0,0,0,0,0,0,0,0,2,,
2026-08-28T03:41:03.423Z,1787888463423,25747,1,,83acd2e6,25759,grid,4,1323,1367,124,805,325,69,,0,0,0,0,0,0,0,0,0,0,0,0,0,0,2,,
2026-08-28T03:42:03.435Z,1787888523435,25807,1,,83acd2e6,25819,grid,4,1319,1367,124,806,320,69,,0,0,0,0,0,0,0,0,0,0,0,0,0,0,2,,
2026-08-28T03:43:03.447Z,1787888583447,25867,1,,83acd2e6,25879,grid,4,1319,1367,124,806,320,69,,0,0,0,0,0,0,0,0,0,0,0,0,0,0,2,,
2026-08-28T03:44:03.464Z,1787888643464,25927,1,,83acd2e6,25939,grid,4,1319,1367,124,806,320,69,,0,0,0,0,0,0,0,0,0,0,0,0,0,0,2,,
2026-08-28T03:45:03.482Z,1787888703482,25987,1,,83acd2e6,25999,grid,4,1319,1367,124,805,321,69,,0,0,0,0,0,0,0,0,0,0,0,0,0,0,2,,
2026-08-28T03:46:03.496Z,1787888763496,26047,1,,83acd2e6,26059,grid,4,1318,1367,124,805,321,69,,0,0,0,0,0,0,0,0,0,0,0,0,0,0,2,,
2026-08-28T03:47:03.517Z,1787888823517,26107,1,,83acd2e6,26119,grid,4,1319,1367,124,806,321,69,,0,0,0,0,0,0,0,0,0,0,0,0,0,0,2,,
2026-08-28T03:48:03.533Z,1787888883533,26167,1,,83acd2e6,26179,grid,4,1318,1367,124,805,320,69,,0,0,0,0,0,0,0,0,0,0,0,0,0,0,2,,
2026-08-28T03:49:03.542Z,1787888943542,26227,1,,83acd2e6,26239,grid,4,1318,1367,124,805,320,69,,0,0,0,0,0,0,0,0,0,0,0,0,0,0,2,,
2026-08-28T03:50:03.561Z,1787889003561,26287,1,,83acd2e6,26299,grid,4,1319,1367,123,806,320,69,,0,0,0,0,0,0,0,0,0,0,0,0,0,0,2,,
2026-08-28T03:51:03.574Z,1787889063574,26347,1,,83acd2e6,26359,grid,4,1319,1367,124,806,321,69,,0,0,0,0,0,0,0,0,0,0,0,0,0,0,2,,
2026-08-28T03:52:03.592Z,1787889123592,26407,1,,83acd2e6,26419,grid,4,1319,1367,124,806,320,69,,0,0,0,0,0,0,0,0,0,0,0,0,0,0,2,,
2026-08-28T03:53:03.615Z,1787889183615,26467,1,,83acd2e6,26479,grid,4,1322,1367,124,805,325,69,,0,0,0,0,0,0,0,0,0,0,0,0,0,0,2,,
2026-08-28T03:54:03.636Z,1787889243636,26527,1,,83acd2e6,26539,grid,4,1322,1367,124,805,325,69,,0,0,0,0,0,0,0,0,0,0,0,0,0,0,2,,
2026-08-28T03:55:03.653Z,1787889303653,26587,1,,83acd2e6,26599,grid,4,1323,1367,124,806,325,69,,0,0,0,0,0,0,0,0,0,0,0,0,0,0,2,,
2026-08-28T03:56:03.672Z,1787889363672,26647,1,,83acd2e6,26659,grid,4,1318,1367,124,805,321,69,,0,0,0,0,0,0,0,0,0,0,0,0,0,0,2,,
2026-08-28T03:57:03.686Z,1787889423686,26707,1,,83acd2e6,26719,grid,4,1319,1367,124,806,321,69,,0,0,0,0,0,0,0,0,0,0,0,0,0,0,2,,
2026-08-28T03:58:03.696Z,1787889483696,26767,1,,83acd2e6,26779,grid,4,1317,1367,124,805,320,69,,0,0,0,0,0,0,0,0,0,0,0,0,0,0,2,,
2026-08-28T03:59:03.714Z,1787889543714,26827,1,,83acd2e6,26839,grid,4,1318,1367,124,805,320,69,,0,0,0,0,0,0,0,0,0,0,0,0,0,0,2,,
2026-08-28T04:00:03.738Z,1787889603738,26887,1,,83acd2e6,26899,grid,4,1319,1367,124,806,321,69,,0,0,0,0,0,0,0,0,0,0,0,0,0,0,2,,
2026-08-28T04:01:03.751Z,1787889663751,26947,1,,83acd2e6,26959,grid,4,1319,1367,124,806,321,69,,0,0,0,0,0,0,0,0,0,0,0,0,0,0,2,,
2026-08-28T04:02:03.769Z,1787889723769,27007,1,,83acd2e6,27019,grid,4,1322,1367,124,809,321,69,,0,0,0,0,0,0,0,0,0,0,0,0,0,0,2,,
2026-08-28T04:03:03.786Z,1787889783786,27067,1,,83acd2e6,27079,grid,4,1319,1367,124,806,321,69,,0,0,0,0,0,0,0,0,0,0,0,0,0,0,2,,
2026-08-28T04:04:03.805Z,1787889843805,27127,1,,83acd2e6,27139,grid,4,1318,1367,124,805,320,69,,0,0,0,0,0,0,0,0,0,0,0,0,0,0,2,,
2026-08-28T04:05:03.820Z,1787889903820,27187,1,,83acd2e6,27199,grid,4,1318,1367,124,805,320,69,,0,0,0,0,0,0,0,0,0,0,0,0,0,0,2,,
2026-08-28T04:06:03.843Z,1787889963843,27247,1,,83acd2e6,27259,grid,4,1318,1367,124,805,320,69,,0,0,0,0,0,0,0,0,0,0,0,0,0,0,2,,
2026-08-28T04:07:03.860Z,1787890023860,27307,1,,83acd2e6,27319,grid,4,1322,1367,124,805,325,69,,0,0,0,0,0,0,0,0,0,0,0,0,0,0,2,,
2026-08-28T04:08:03.877Z,1787890083877,27367,1,,83acd2e6,27379,grid,4,1322,1367,124,805,325,69,,0,0,0,0,0,0,0,0,0,0,0,0,0,0,2,,
2026-08-28T04:09:03.884Z,1787890143884,27427,1,,83acd2e6,27439,grid,4,1322,1367,123,805,325,69,,0,0,0,0,0,0,0,0,0,0,0,0,0,0,2,,
2026-08-28T04:10:03.898Z,1787890203898,27487,1,,83acd2e6,27499,grid,4,1317,1367,124,805,320,69,,0,0,0,0,0,0,0,0,0,0,0,0,0,0,2,,
2026-08-28T04:11:03.914Z,1787890263914,27547,1,,83acd2e6,27559,grid,4,1316,1367,124,804,320,69,,0,0,0,0,0,0,0,0,0,0,0,0,0,0,2,,
2026-08-28T04:12:03.933Z,1787890323933,27607,1,,83acd2e6,27619,grid,4,1317,1367,124,805,321,69,,0,0,0,0,0,0,0,0,0,0,0,0,0,0,2,,
2026-08-28T04:13:03.957Z,1787890383957,27667,1,,83acd2e6,27679,grid,4,1317,1367,124,805,320,69,,0,0,0,0,0,0,0,0,0,0,0,0,0,0,2,,
2026-08-28T04:14:03.971Z,1787890443971,27727,1,,83acd2e6,27739,grid,4,1318,1367,124,805,321,69,,0,0,0,0,0,0,0,0,0,0,0,0,0,0,2,,
2026-08-28T04:15:03.994Z,1787890503994,27787,1,,83acd2e6,27799,grid,4,1318,1367,124,805,320,69,,0,0,0,0,0,0,0,0,0,0,0,0,0,0,2,,
2026-08-28T04:16:04.001Z,1787890564001,27847,1,,83acd2e6,27859,grid,4,1317,1367,124,805,320,69,,0,0,0,0,0,0,0,0,0,0,0,0,0,0,2,,
2026-08-28T04:17:04.010Z,1787890624010,27907,1,,83acd2e6,27919,grid,4,1318,1367,124,806,320,69,,0,0,0,0,0,0,0,0,0,0,0,0,0,0,2,,
2026-08-28T04:18:04.028Z,1787890684028,27967,1,,83acd2e6,27979,grid,4,1318,1367,124,806,320,69,,0,0,0,0,0,0,0,0,0,0,0,0,0,0,2,,
2026-08-28T04:19:04.046Z,1787890744046,28027,1,,83acd2e6,28039,grid,4,1318,1367,124,805,321,69,,0,0,0,0,0,0,0,0,0,0,0,0,0,0,2,,
2026-08-28T04:20:04.063Z,1787890804063,28087,1,,83acd2e6,28099,grid,4,1318,1367,124,805,321,69,,0,0,0,0,0,0,0,0,0,0,0,0,0,0,2,,
2026-08-28T04:21:04.082Z,1787890864082,28147,1,,83acd2e6,28160,grid,4,1317,1367,124,804,320,69,,0,0,0,0,0,0,0,0,0,0,0,0,0,0,2,,
2026-08-28T04:22:04.099Z,1787890924099,28207,1,,83acd2e6,28220,grid,4,1318,1367,124,805,320,69,,0,0,0,0,0,0,0,0,0,0,0,0,0,0,2,,
2026-08-28T04:23:04.106Z,1787890984106,28268,1,,83acd2e6,28280,grid,4,1318,1367,124,805,321,69,,0,0,0,0,0,0,0,0,0,0,0,0,0,0,2,,
2026-08-28T04:24:04.124Z,1787891044124,28328,1,,83acd2e6,28340,grid,4,1319,1367,124,806,321,69,,0,0,0,0,0,0,0,0,0,0,0,0,0,0,2,,
2026-08-28T04:25:04.139Z,1787891104139,28388,1,,83acd2e6,28400,grid,4,1315,1367,124,802,321,69,,0,0,0,0,0,0,0,0,0,0,0,0,0,0,2,,
2026-08-28T04:26:04.158Z,1787891164158,28448,1,,83acd2e6,28460,grid,4,1320,1367,124,802,325,69,,0,0,0,0,0,0,0,0,0,0,0,0,0,0,2,,
2026-08-28T04:27:04.173Z,1787891224173,28508,1,,83acd2e6,28520,grid,4,1316,1367,124,803,321,69,,0,0,0,0,0,0,0,0,0,0,0,0,0,0,2,,
2026-08-28T04:28:04.185Z,1787891284185,28568,1,,83acd2e6,28580,grid,4,1319,1367,123,802,325,69,,0,0,0,0,0,0,0,0,0,0,0,0,0,0,2,,
2026-08-28T04:29:04.206Z,1787891344206,28628,1,,83acd2e6,28640,grid,4,1315,1367,124,803,320,69,,0,0,0,0,0,0,0,0,0,0,0,0,0,0,2,,
2026-08-28T04:30:04.229Z,1787891404229,28688,1,,83acd2e6,28700,grid,4,1315,1367,124,803,320,69,,0,0,0,0,0,0,0,0,0,0,0,0,0,0,2,,
2026-08-28T04:31:04.238Z,1787891464238,28748,1,,83acd2e6,28760,grid,4,1316,1367,124,803,321,69,,0,0,0,0,0,0,0,0,0,0,0,0,0,0,2,,
2026-08-28T04:32:04.247Z,1787891524247,28808,1,,83acd2e6,28820,grid,4,1311,1369,124,794,325,69,,0,0,0,0,0,0,0,0,0,0,0,0,0,0,2,,
2026-08-28T04:33:04.256Z,1787891584256,28868,1,,83acd2e6,28880,grid,4,1316,1369,124,803,321,69,,0,0,0,0,0,0,0,0,0,0,0,0,0,0,2,,
2026-08-28T04:34:04.269Z,1787891644269,28928,1,,83acd2e6,28940,grid,4,1320,1369,124,802,325,69,,0,0,0,0,0,0,0,0,0,0,0,0,0,0,2,,
2026-08-28T04:35:04.282Z,1787891704282,28988,1,,83acd2e6,29000,grid,4,1322,1369,126,803,325,69,,0,0,0,0,0,0,0,0,0,0,0,0,0,0,2,,
2026-08-28T04:36:04.302Z,1787891764302,29048,1,,83acd2e6,29060,grid,4,1318,1369,126,803,321,69,,0,0,0,0,0,0,0,0,0,0,0,0,0,0,2,,
2026-08-28T04:37:04.310Z,1787891824310,29108,1,,83acd2e6,29120,grid,4,1318,1369,126,803,321,69,,0,0,0,0,0,0,0,0,0,0,0,0,0,0,2,,
2026-08-28T04:38:04.328Z,1787891884328,29168,1,,83acd2e6,29180,grid,4,1318,1369,126,803,320,69,,0,0,0,0,0,0,0,0,0,0,0,0,0,0,2,,
2026-08-28T04:39:04.347Z,1787891944347,29228,1,,83acd2e6,29240,grid,4,1318,1369,126,803,321,69,,0,0,0,0,0,0,0,0,0,0,0,0,0,0,2,,
2026-08-28T04:40:04.363Z,1787892004363,29288,1,,83acd2e6,29300,grid,4,1318,1369,126,803,321,69,,0,0,0,0,0,0,0,0,0,0,0,0,0,0,2,,
2026-08-28T04:41:04.374Z,1787892064374,29348,1,,83acd2e6,29360,grid,4,1317,1369,126,803,320,69,,0,0,0,0,0,0,0,0,0,0,0,0,0,0,2,,
2026-08-28T04:42:04.394Z,1787892124394,29408,1,,83acd2e6,29420,grid,4,1317,1369,126,803,320,69,,0,0,0,0,0,0,0,0,0,0,0,0,0,0,2,,
2026-08-28T04:43:04.411Z,1787892184411,29468,1,,83acd2e6,29480,grid,4,1321,1369,126,803,324,69,,0,0,0,0,0,0,0,0,0,0,0,0,0,0,2,,
2026-08-28T04:44:04.428Z,1787892244428,29528,1,,83acd2e6,29540,grid,4,1318,1369,126,803,320,69,,0,0,0,0,0,0,0,0,0,0,0,0,0,0,2,,
2026-08-28T04:45:04.443Z,1787892304443,29588,1,,83acd2e6,29600,grid,4,1318,1369,126,803,320,69,,0,0,0,0,0,0,0,0,0,0,0,0,0,0,2,,
2026-08-28T04:46:04.465Z,1787892364465,29648,1,,83acd2e6,29660,grid,4,1318,1369,126,803,320,69,,0,0,0,0,0,0,0,0,0,0,0,0,0,0,2,,
2026-08-28T04:47:04.483Z,1787892424483,29708,1,,83acd2e6,29720,grid,4,1317,1369,126,802,320,69,,0,0,0,0,0,0,0,0,0,0,0,0,0,0,2,,
2026-08-28T04:48:04.502Z,1787892484502,29768,1,,83acd2e6,29780,grid,4,1317,1369,125,803,320,69,,0,0,0,0,0,0,0,0,0,0,0,0,0,0,2,,
2026-08-28T04:49:04.514Z,1787892544514,29828,1,,83acd2e6,29840,grid,4,1317,1369,125,803,320,69,,0,0,0,0,0,0,0,0,0,0,0,0,0,0,2,,
2026-08-28T04:50:04.529Z,1787892604529,29888,1,,83acd2e6,29900,grid,4,1317,1369,125,803,320,69,,0,0,0,0,0,0,0,0,0,0,0,0,0,0,2,,
2026-08-28T04:51:04.549Z,1787892664549,29948,1,,83acd2e6,29960,grid,4,1317,1369,125,803,320,69,,0,0,0,0,0,0,0,0,0,0,0,0,0,0,2,,
2026-08-28T04:52:04.560Z,1787892724560,30008,1,,83acd2e6,30020,grid,4,1317,1369,125,803,320,69,,0,0,0,0,0,0,0,0,0,0,0,0,0,0,2,,
2026-08-28T04:53:04.582Z,1787892784582,30068,1,,83acd2e6,30080,grid,4,1317,1369,126,803,320,69,,0,0,0,0,0,0,0,0,0,0,0,0,0,0,2,,
2026-08-28T04:54:04.598Z,1787892844598,30128,1,,83acd2e6,30140,grid,4,1317,1369,126,803,320,69,,0,0,0,0,0,0,0,0,0,0,0,0,0,0,2,,
2026-08-28T04:55:04.615Z,1787892904615,30188,1,,83acd2e6,30200,grid,4,1318,1369,126,803,320,69,,0,0,0,0,0,0,0,0,0,0,0,0,0,0,2,,
2026-08-28T04:56:04.631Z,1787892964631,30248,1,,83acd2e6,30260,grid,4,1318,1369,126,803,320,69,,0,0,0,0,0,0,0,0,0,0,0,0,0,0,2,,
2026-08-28T04:57:04.640Z,1787893024640,30308,1,,83acd2e6,30320,grid,4,1318,1369,126,803,320,69,,0,0,0,0,0,0,0,0,0,0,0,0,0,0,2,,
2026-08-28T04:58:04.661Z,1787893084661,30368,1,,83acd2e6,30380,grid,4,1318,1369,126,804,320,69,,0,0,0,0,0,0,0,0,0,0,0,0,0,0,2,,
2026-08-28T04:59:04.669Z,1787893144669,30428,1,,83acd2e6,30440,grid,4,1318,1369,126,803,320,69,,0,0,0,0,0,0,0,0,0,0,0,0,0,0,2,,
2026-08-28T05:00:04.683Z,1787893204683,30488,1,,83acd2e6,30500,grid,4,1319,1369,126,804,320,69,,0,0,0,0,0,0,0,0,0,0,0,0,0,0,2,,
2026-08-28T05:01:04.705Z,1787893264705,30548,1,,83acd2e6,30560,grid,4,1319,1369,127,803,320,69,,0,0,0,0,0,0,0,0,0,0,0,0,0,0,2,,
2026-08-28T05:02:04.726Z,1787893324726,30608,1,,83acd2e6,30620,grid,4,1325,1369,126,806,325,69,,0,0,0,0,0,0,0,0,0,0,0,0,0,0,2,,
2026-08-28T05:03:04.737Z,1787893384737,30668,1,,83acd2e6,30680,grid,4,1320,1369,126,805,320,69,,0,0,0,0,0,0,0,0,0,0,0,0,0,0,2,,
2026-08-28T05:04:04.750Z,1787893444750,30728,1,,83acd2e6,30740,grid,4,1319,1369,126,804,320,69,,0,0,0,0,0,0,0,0,0,0,0,0,0,0,2,,
2026-08-28T05:05:04.775Z,1787893504775,30788,1,,83acd2e6,30800,grid,4,1319,1369,126,804,320,69,,0,0,0,0,0,0,0,0,0,0,0,0,0,0,2,,
2026-08-28T05:06:04.791Z,1787893564791,30848,1,,83acd2e6,30860,grid,4,1323,1369,126,804,324,69,,0,0,0,0,0,0,0,0,0,0,0,0,0,0,2,,
2026-08-28T05:07:04.808Z,1787893624808,30908,1,,83acd2e6,30920,grid,4,1318,1369,126,803,321,69,,0,0,0,0,0,0,0,0,0,0,0,0,0,0,2,,
2026-08-28T05:08:04.832Z,1787893684832,30968,1,,83acd2e6,30980,grid,4,1317,1369,126,802,321,69,,0,0,0,0,0,0,0,0,0,0,0,0,0,0,2,,
2026-08-28T05:09:04.855Z,1787893744855,31028,1,,83acd2e6,31040,grid,4,1317,1369,126,803,321,69,,0,0,0,0,0,0,0,0,0,0,0,0,0,0,2,,
2026-08-28T05:10:04.867Z,1787893804867,31088,1,,83acd2e6,31100,grid,4,1318,1369,126,803,321,69,,0,0,0,0,0,0,0,0,0,0,0,0,0,0,2,,
2026-08-28T05:11:04.881Z,1787893864881,31148,1,,83acd2e6,31160,grid,4,1318,1369,126,803,321,69,,0,0,0,0,0,0,0,0,0,0,0,0,0,0,2,,
2026-08-28T05:12:04.917Z,1787893924917,31208,1,,83acd2e6,31220,grid,4,1319,1369,126,804,321,69,,0,0,0,0,0,0,0,0,0,0,0,0,0,0,2,,
2026-08-28T05:13:04.925Z,1787893984925,31268,1,,83acd2e6,31280,grid,4,1319,1369,126,804,320,69,,0,0,0,0,0,0,0,0,0,0,0,0,0,0,2,,
2026-08-28T05:14:04.945Z,1787894044945,31328,1,,83acd2e6,31340,grid,4,1318,1369,126,803,320,69,,0,0,0,0,0,0,0,0,0,0,0,0,0,0,2,,
2026-08-28T05:15:04.969Z,1787894104969,31388,1,,83acd2e6,31400,grid,4,1318,1369,126,803,320,69,,0,0,0,0,0,0,0,0,0,0,0,0,0,0,2,,
2026-08-28T05:16:04.988Z,1787894164988,31448,1,,83acd2e6,31460,grid,4,1318,1369,126,803,320,69,,0,0,0,0,0,0,0,0,0,0,0,0,0,0,2,,
2026-08-28T05:17:04.997Z,1787894224997,31508,1,,83acd2e6,31520,grid,4,1322,1369,126,803,325,69,,0,0,0,0,0,0,0,0,0,0,0,0,0,0,2,,
2026-08-28T05:18:05.016Z,1787894285016,31568,1,,83acd2e6,31580,grid,4,1317,1369,126,802,320,69,,0,0,0,0,0,0,0,0,0,0,0,0,0,0,2,,
2026-08-28T05:19:05.027Z,1787894345027,31628,1,,83acd2e6,31640,grid,4,1318,1369,126,803,320,69,,0,0,0,0,0,0,0,0,0,0,0,0,0,0,2,,
2026-08-28T05:20:05.037Z,1787894405037,31688,1,,83acd2e6,31700,grid,4,1318,1369,126,803,320,69,,0,0,0,0,0,0,0,0,0,0,0,0,0,0,2,,
2026-08-28T05:21:05.047Z,1787894465047,31748,1,,83acd2e6,31760,grid,4,1318,1369,126,803,320,69,,0,0,0,0,0,0,0,0,0,0,0,0,0,0,2,,
2026-08-28T05:22:05.062Z,1787894525062,31808,1,,83acd2e6,31820,grid,4,1323,1369,126,804,325,69,,0,0,0,0,0,0,0,0,0,0,0,0,0,0,2,,
2026-08-28T05:23:05.080Z,1787894585080,31868,1,,83acd2e6,31881,grid,4,1318,1369,126,803,320,69,,0,0,0,0,0,0,0,0,0,0,0,0,0,0,2,,
2026-08-28T05:24:05.094Z,1787894645094,31928,1,,83acd2e6,31941,grid,4,1322,1369,126,803,325,69,,0,0,0,0,0,0,0,0,0,0,0,0,0,0,2,,
2026-08-28T05:25:05.115Z,1787894705115,31989,1,,83acd2e6,32001,grid,4,1319,1369,126,803,321,69,,0,0,0,0,0,0,0,0,0,0,0,0,0,0,2,,
2026-08-28T05:26:05.132Z,1787894765132,32049,1,,83acd2e6,32061,grid,4,1317,1369,126,803,321,69,,0,0,0,0,0,0,0,0,0,0,0,0,0,0,2,,
2026-08-28T05:27:05.149Z,1787894825149,32109,1,,83acd2e6,32121,grid,4,1318,1369,126,804,320,69,,0,0,0,0,0,0,0,0,0,0,0,0,0,0,2,,
2026-08-28T05:28:05.163Z,1787894885163,32169,1,,83acd2e6,32181,grid,4,1318,1369,126,803,321,69,,0,0,0,0,0,0,0,0,0,0,0,0,0,0,2,,
2026-08-28T05:29:05.183Z,1787894945183,32229,1,,83acd2e6,32241,grid,4,1319,1369,126,804,321,69,,0,0,0,0,0,0,0,0,0,0,0,0,0,0,2,,
2026-08-28T05:30:05.192Z,1787895005192,32289,1,,83acd2e6,32301,grid,4,1318,1369,126,803,320,69,,0,0,0,0,0,0,0,0,0,0,0,0,0,0,2,,
2026-08-28T05:31:05.216Z,1787895065216,32349,1,,83acd2e6,32361,grid,4,1318,1369,126,803,320,69,,0,0,0,0,0,0,0,0,0,0,0,0,0,0,2,,
2026-08-28T05:32:05.239Z,1787895125239,32409,1,,83acd2e6,32421,grid,4,1321,1369,126,806,321,69,,0,0,0,0,0,0,0,0,0,0,0,0,0,0,2,,
2026-08-28T05:33:05.260Z,1787895185260,32469,1,,83acd2e6,32481,grid,4,1319,1369,126,804,320,69,,0,0,0,0,0,0,0,0,0,0,0,0,0,0,2,,
2026-08-28T05:34:05.271Z,1787895245271,32529,1,,83acd2e6,32541,grid,4,1319,1369,126,803,321,69,,0,0,0,0,0,0,0,0,0,0,0,0,0,0,2,,
2026-08-28T05:35:05.289Z,1787895305289,32589,1,,83acd2e6,32601,grid,4,1319,1369,126,804,321,69,,0,0,0,0,0,0,0,0,0,0,0,0,0,0,2,,
2026-08-28T05:36:05.302Z,1787895365302,32649,1,,83acd2e6,32661,grid,4,1319,1369,126,804,320,69,,0,0,0,0,0,0,0,0,0,0,0,0,0,0,2,,
2026-08-28T05:37:05.309Z,1787895425309,32709,1,,83acd2e6,32721,grid,4,1319,1369,126,804,321,69,,0,0,0,0,0,0,0,0,0,0,0,0,0,0,2,,
2026-08-28T05:38:05.332Z,1787895485332,32769,1,,83acd2e6,32781,grid,4,1322,1369,126,803,325,69,,0,0,0,0,0,0,0,0,0,0,0,0,0,0,2,,
2026-08-28T05:39:05.344Z,1787895545344,32829,1,,83acd2e6,32841,grid,4,1319,1369,126,804,321,69,,0,0,0,0,0,0,0,0,0,0,0,0,0,0,2,,
2026-08-28T05:40:05.355Z,1787895605355,32889,1,,83acd2e6,32901,grid,4,1319,1369,126,804,321,69,,0,0,0,0,0,0,0,0,0,0,0,0,0,0,2,,
2026-08-28T05:41:05.363Z,1787895665363,32949,1,,83acd2e6,32961,grid,4,1318,1369,126,803,321,69,,0,0,0,0,0,0,0,0,0,0,0,0,0,0,2,,
2026-08-28T05:42:05.382Z,1787895725382,33009,1,,83acd2e6,33021,grid,4,1318,1369,126,803,320,69,,0,0,0,0,0,0,0,0,0,0,0,0,0,0,2,,
2026-08-28T05:43:05.392Z,1787895785392,33069,1,,83acd2e6,33081,grid,4,1319,1369,126,803,321,69,,0,0,0,0,0,0,0,0,0,0,0,0,0,0,2,,
2026-08-28T05:44:05.412Z,1787895845412,33129,1,,83acd2e6,33141,grid,4,1319,1369,126,804,321,69,,0,0,0,0,0,0,0,0,0,0,0,0,0,0,2,,
2026-08-28T05:45:05.424Z,1787895905424,33189,1,,83acd2e6,33201,grid,4,1319,1369,126,803,320,69,,0,0,0,0,0,0,0,0,0,0,0,0,0,0,2,,
2026-08-28T05:46:05.440Z,1787895965440,33249,1,,83acd2e6,33261,grid,4,1318,1369,126,804,320,69,,0,0,0,0,0,0,0,0,0,0,0,0,0,0,2,,
2026-08-28T05:47:05.450Z,1787896025450,33309,1,,83acd2e6,33321,grid,4,1319,1369,126,804,320,69,,0,0,0,0,0,0,0,0,0,0,0,0,0,0,2,,
2026-08-28T05:48:05.466Z,1787896085466,33369,1,,83acd2e6,33381,grid,4,1319,1369,126,804,320,69,,0,0,0,0,0,0,0,0,0,0,0,0,0,0,2,,
2026-08-28T05:49:05.485Z,1787896145485,33429,1,,83acd2e6,33441,grid,4,1319,1369,126,804,320,69,,0,0,0,0,0,0,0,0,0,0,0,0,0,0,2,,
2026-08-28T05:50:05.500Z,1787896205500,33489,1,,83acd2e6,33501,grid,4,1322,1369,126,803,324,69,,0,0,0,0,0,0,0,0,0,0,0,0,0,0,2,,
2026-08-28T05:51:05.515Z,1787896265515,33549,1,,83acd2e6,33561,grid,4,1318,1369,126,803,321,69,,0,0,0,0,0,0,0,0,0,0,0,0,0,0,2,,
2026-08-28T05:52:05.537Z,1787896325537,33609,1,,83acd2e6,33621,grid,4,1319,1369,126,804,321,69,,0,0,0,0,0,0,0,0,0,0,0,0,0,0,2,,
2026-08-28T05:53:05.553Z,1787896385553,33669,1,,83acd2e6,33681,grid,4,1318,1369,126,803,320,69,,0,0,0,0,0,0,0,0,0,0,0,0,0,0,2,,
2026-08-28T05:54:05.560Z,1787896445560,33729,1,,83acd2e6,33741,grid,4,1319,1369,126,804,320,69,,0,0,0,0,0,0,0,0,0,0,0,0,0,0,2,,
2026-08-28T05:55:05.571Z,1787896505571,33789,1,,83acd2e6,33801,grid,4,1319,1369,126,804,321,69,,0,0,0,0,0,0,0,0,0,0,0,0,0,0,2,,
2026-08-28T05:56:05.586Z,1787896565586,33849,1,,83acd2e6,33861,grid,4,1319,1369,126,804,321,69,,0,0,0,0,0,0,0,0,0,0,0,0,0,0,2,,
2026-08-28T05:57:05.600Z,1787896625600,33909,1,,83acd2e6,33921,grid,4,1319,1369,126,803,321,69,,0,0,0,0,0,0,0,0,0,0,0,0,0,0,2,,
2026-08-28T05:58:05.605Z,1787896685605,33969,1,,83acd2e6,33981,grid,4,1319,1369,126,804,320,69,,0,0,0,0,0,0,0,0,0,0,0,0,0,0,2,,
2026-08-28T05:59:05.620Z,1787896745620,34029,1,,83acd2e6,34041,grid,4,1320,1369,126,805,320,69,,0,0,0,0,0,0,0,0,0,0,0,0,0,0,2,,
2026-08-28T06:00:05.641Z,1787896805641,34089,1,,83acd2e6,34101,grid,4,1318,1369,126,803,320,69,,0,0,0,0,0,0,0,0,0,0,0,0,0,0,2,,
2026-08-28T06:01:05.659Z,1787896865659,34149,1,,83acd2e6,34161,grid,4,1319,1369,126,804,320,69,,0,0,0,0,0,0,0,0,0,0,0,0,0,0,2,,
2026-08-28T06:02:05.678Z,1787896925678,34209,1,,83acd2e6,34221,grid,4,1312,1370,126,797,321,69,,0,0,0,0,0,0,0,0,0,0,0,0,0,0,2,,
2026-08-28T06:03:05.687Z,1787896985687,34269,1,,83acd2e6,34281,grid,4,1319,1370,126,803,321,69,,0,0,0,0,0,0,0,0,0,0,0,0,0,0,2,,
2026-08-28T06:04:05.702Z,1787897045702,34329,1,,83acd2e6,34341,grid,4,1320,1370,126,804,321,69,,0,0,0,0,0,0,0,0,0,0,0,0,0,0,2,,
2026-08-28T06:05:05.726Z,1787897105726,34389,1,,83acd2e6,34401,grid,4,1324,1370,126,804,325,69,,0,0,0,0,0,0,0,0,0,0,0,0,0,0,2,,
2026-08-28T06:06:05.748Z,1787897165748,34449,1,,83acd2e6,34461,grid,4,1319,1370,126,804,321,69,,0,0,0,0,0,0,0,0,0,0,0,0,0,0,2,,
2026-08-28T06:07:05.763Z,1787897225763,34509,1,,83acd2e6,34521,grid,4,1319,1370,126,804,321,69,,0,0,0,0,0,0,0,0,0,0,0,0,0,0,2,,
2026-08-28T06:08:05.776Z,1787897285776,34569,1,,83acd2e6,34581,grid,4,1319,1370,126,804,320,69,,0,0,0,0,0,0,0,0,0,0,0,0,0,0,2,,
2026-08-28T06:09:05.787Z,1787897345787,34629,1,,83acd2e6,34641,grid,4,1319,1370,126,804,320,69,,0,0,0,0,0,0,0,0,0,0,0,0,0,0,2,,
2026-08-28T06:10:05.803Z,1787897405803,34689,1,,83acd2e6,34701,grid,4,1319,1370,126,804,320,69,,0,0,0,0,0,0,0,0,0,0,0,0,0,0,2,,
2026-08-28T06:11:05.824Z,1787897465824,34749,1,,83acd2e6,34761,grid,4,1319,1370,126,804,320,69,,0,0,0,0,0,0,0,0,0,0,0,0,0,0,2,,
2026-08-28T06:12:05.838Z,1787897525838,34809,1,,83acd2e6,34821,grid,4,1319,1370,126,804,320,69,,0,0,0,0,0,0,0,0,0,0,0,0,0,0,2,,
2026-08-28T06:13:05.852Z,1787897585852,34869,1,,83acd2e6,34881,grid,4,1324,1370,126,805,325,69,,0,0,0,0,0,0,0,0,0,0,0,0,0,0,2,,
2026-08-28T06:14:05.863Z,1787897645863,34929,1,,83acd2e6,34941,grid,4,1323,1370,126,804,325,69,,0,0,0,0,0,0,0,0,0,0,0,0,0,0,2,,
2026-08-28T06:15:05.878Z,1787897705878,34989,1,,83acd2e6,35001,grid,4,1319,1370,126,804,320,69,,0,0,0,0,0,0,0,0,0,0,0,0,0,0,2,,
2026-08-28T06:16:05.894Z,1787897765894,35049,1,,83acd2e6,35061,grid,4,1320,1370,126,804,321,69,,0,0,0,0,0,0,0,0,0,0,0,0,0,0,2,,
2026-08-28T06:17:05.906Z,1787897825906,35109,1,,83acd2e6,35121,grid,4,1319,1370,126,804,320,69,,0,0,0,0,0,0,0,0,0,0,0,0,0,0,2,,
2026-08-28T06:18:05.926Z,1787897885926,35169,1,,83acd2e6,35181,grid,4,1319,1370,126,805,320,69,,0,0,0,0,0,0,0,0,0,0,0,0,0,0,2,,
2026-08-28T06:19:05.946Z,1787897945946,35229,1,,83acd2e6,35241,grid,4,1319,1370,126,804,320,69,,0,0,0,0,0,0,0,0,0,0,0,0,0,0,2,,
2026-08-28T06:20:05.966Z,1787898005966,35289,1,,83acd2e6,35301,grid,4,1319,1370,126,804,320,69,,0,0,0,0,0,0,0,0,0,0,0,0,0,0,2,,
2026-08-28T06:21:05.979Z,1787898065979,35349,1,,83acd2e6,35361,grid,4,1320,1370,126,805,320,69,,0,0,0,0,0,0,0,0,0,0,0,0,0,0,2,,
2026-08-28T06:22:06.002Z,1787898126002,35409,1,,83acd2e6,35421,grid,4,1318,1370,126,803,320,69,,0,0,0,0,0,0,0,0,0,0,0,0,0,0,2,,
2026-08-28T06:23:06.018Z,1787898186018,35469,1,,83acd2e6,35481,grid,4,1319,1370,126,804,320,69,,0,0,0,0,0,0,0,0,0,0,0,0,0,0,2,,
2026-08-28T06:24:06.033Z,1787898246033,35529,1,,83acd2e6,35541,grid,4,1324,1370,126,804,325,69,,0,0,0,0,0,0,0,0,0,0,0,0,0,0,2,,
2026-08-28T06:25:06.049Z,1787898306049,35589,1,,83acd2e6,35601,grid,4,1325,1370,126,805,325,69,,0,0,0,0,0,0,0,0,0,0,0,0,0,0,2,,
2026-08-28T06:26:06.057Z,1787898366057,35649,1,,83acd2e6,35661,grid,4,1327,1370,126,806,326,69,,0,0,0,0,0,0,0,0,0,0,0,0,0,0,2,,
2026-08-28T06:27:06.067Z,1787898426067,35709,1,,83acd2e6,35722,grid,4,1325,1370,126,804,326,69,,0,0,0,0,0,0,0,0,0,0,0,0,0,0,2,,
2026-08-28T06:28:06.083Z,1787898486083,35769,1,,83acd2e6,35782,grid,4,1322,1370,126,805,322,69,,0,0,0,0,0,0,0,0,0,0,0,0,0,0,2,,
2026-08-28T06:29:06.095Z,1787898546095,35829,1,,83acd2e6,35842,grid,4,1321,1370,126,804,322,69,,0,0,0,0,0,0,0,0,0,0,0,0,0,0,2,,
2026-08-28T06:30:06.112Z,1787898606112,35890,1,,83acd2e6,35902,grid,4,1325,1370,126,804,326,69,,0,0,0,0,0,0,0,0,0,0,0,0,0,0,2,,
2026-08-28T06:31:06.130Z,1787898666130,35950,1,,83acd2e6,35962,grid,4,1321,1370,126,805,322,69,,0,0,0,0,0,0,0,0,0,0,0,0,0,0,2,,
2026-08-28T06:32:06.148Z,1787898726148,36010,1,,83acd2e6,36022,grid,4,1316,1371,126,795,326,69,,0,0,0,0,0,0,0,0,0,0,0,0,0,0,2,,
2026-08-28T06:33:06.166Z,1787898786166,36070,1,,83acd2e6,36082,grid,4,1320,1371,126,804,322,69,,0,0,0,0,0,0,0,0,0,0,0,0,0,0,2,,
2026-08-28T06:34:06.177Z,1787898846177,36130,1,,83acd2e6,36142,grid,4,1321,1371,126,804,322,69,,0,0,0,0,0,0,0,0,0,0,0,0,0,0,2,,
2026-08-28T06:35:06.196Z,1787898906196,36190,1,,83acd2e6,36202,grid,4,1321,1371,126,804,322,69,,0,0,0,0,0,0,0,0,0,0,0,0,0,0,2,,
2026-08-28T06:36:06.205Z,1787898966205,36250,1,,83acd2e6,36262,grid,4,1325,1371,126,805,326,69,,0,0,0,0,0,0,0,0,0,0,0,0,0,0,2,,
2026-08-28T06:37:06.223Z,1787899026223,36310,1,,83acd2e6,36322,grid,4,1325,1371,126,805,326,69,,0,0,0,0,0,0,0,0,0,0,0,0,0,0,2,,
2026-08-28T06:38:06.239Z,1787899086239,36370,1,,83acd2e6,36382,grid,4,1325,1371,126,804,326,69,,0,0,0,0,0,0,0,0,0,0,0,0,0,0,2,,
2026-08-28T06:39:06.248Z,1787899146248,36430,1,,83acd2e6,36442,grid,4,1324,1371,126,804,326,69,,0,0,0,0,0,0,0,0,0,0,0,0,0,0,2,,
2026-08-28T06:40:06.260Z,1787899206260,36490,1,,83acd2e6,36502,grid,4,1321,1371,126,804,322,69,,0,0,0,0,0,0,0,0,0,0,0,0,0,0,2,,
2026-08-28T06:41:06.272Z,1787899266272,36550,1,,83acd2e6,36562,grid,4,1321,1371,126,804,322,69,,0,0,0,0,0,0,0,0,0,0,0,0,0,0,2,,
2026-08-28T06:42:06.294Z,1787899326294,36610,1,,83acd2e6,36622,grid,4,1320,1371,126,803,322,69,,0,0,0,0,0,0,0,0,0,0,0,0,0,0,2,,
2026-08-28T06:43:06.314Z,1787899386314,36670,1,,83acd2e6,36682,grid,4,1321,1371,126,804,322,69,,0,0,0,0,0,0,0,0,0,0,0,0,0,0,2,,
2026-08-28T06:44:06.333Z,1787899446333,36730,1,,83acd2e6,36742,grid,4,1321,1371,126,804,322,69,,0,0,0,0,0,0,0,0,0,0,0,0,0,0,2,,
2026-08-28T06:45:06.349Z,1787899506349,36790,1,,83acd2e6,36802,grid,4,1321,1371,126,804,322,69,,0,0,0,0,0,0,0,0,0,0,0,0,0,0,2,,
2026-08-28T06:46:06.368Z,1787899566368,36850,1,,83acd2e6,36862,grid,4,1321,1371,126,805,322,69,,0,0,0,0,0,0,0,0,0,0,0,0,0,0,2,,
2026-08-28T06:47:06.382Z,1787899626382,36910,1,,83acd2e6,36922,grid,4,1321,1371,126,804,322,69,,0,0,0,0,0,0,0,0,0,0,0,0,0,0,2,,
2026-08-28T06:48:06.400Z,1787899686400,36970,1,,83acd2e6,36982,grid,4,1321,1371,126,805,322,69,,0,0,0,0,0,0,0,0,0,0,0,0,0,0,2,,
2026-08-28T06:49:06.421Z,1787899746421,37030,1,,83acd2e6,37042,grid,4,1321,1371,126,805,322,69,,0,0,0,0,0,0,0,0,0,0,0,0,0,0,2,,
2026-08-28T06:50:06.432Z,1787899806432,37090,1,,83acd2e6,37102,grid,4,1321,1371,126,805,322,69,,0,0,0,0,0,0,0,0,0,0,0,0,0,0,2,,
2026-08-28T06:51:06.450Z,1787899866450,37150,1,,83acd2e6,37162,grid,4,1322,1371,126,805,322,69,,0,0,0,0,0,0,0,0,0,0,0,0,0,0,2,,
2026-08-28T06:52:06.468Z,1787899926468,37210,1,,83acd2e6,37222,grid,4,1321,1371,126,805,322,69,,0,0,0,0,0,0,0,0,0,0,0,0,0,0,2,,
2026-08-28T06:53:06.488Z,1787899986488,37270,1,,83acd2e6,37282,grid,4,1322,1371,126,805,322,69,,0,0,0,0,0,0,0,0,0,0,0,0,0,0,2,,
2026-08-28T06:54:06.505Z,1787900046505,37330,1,,83acd2e6,37342,grid,4,1321,1371,126,804,322,69,,0,0,0,0,0,0,0,0,0,0,0,0,0,0,2,,
2026-08-28T06:55:06.518Z,1787900106518,37390,1,,83acd2e6,37402,grid,4,1321,1371,126,804,322,69,,0,0,0,0,0,0,0,0,0,0,0,0,0,0,2,,
2026-08-28T06:56:06.541Z,1787900166541,37450,1,,83acd2e6,37462,grid,4,1321,1371,126,805,322,69,,0,0,0,0,0,0,0,0,0,0,0,0,0,0,2,,
2026-08-28T06:57:06.554Z,1787900226554,37510,1,,83acd2e6,37522,grid,4,1321,1371,126,804,322,69,,0,0,0,0,0,0,0,0,0,0,0,0,0,0,2,,
2026-08-28T06:58:06.573Z,1787900286573,37570,1,,83acd2e6,37582,grid,4,1321,1371,126,804,322,69,,0,0,0,0,0,0,0,0,0,0,0,0,0,0,2,,
2026-08-28T06:59:06.594Z,1787900346594,37630,1,,83acd2e6,37642,grid,4,1321,1371,126,804,322,69,,0,0,0,0,0,0,0,0,0,0,0,0,0,0,2,,
2026-08-28T07:00:06.617Z,1787900406617,37690,1,,83acd2e6,37702,grid,4,1321,1371,126,804,322,69,,0,0,0,0,0,0,0,0,0,0,0,0,0,0,2,,
2026-08-28T07:01:06.636Z,1787900466636,37750,1,,83acd2e6,37762,grid,4,1322,1371,126,805,322,69,,0,0,0,0,0,0,0,0,0,0,0,0,0,0,2,,
2026-08-28T07:02:06.650Z,1787900526650,37810,1,,83acd2e6,37822,grid,4,1313,1371,126,796,322,69,,0,0,0,0,0,0,0,0,0,0,0,0,0,0,2,,
2026-08-28T07:03:06.675Z,1787900586675,37870,1,,83acd2e6,37882,grid,4,1321,1371,127,804,322,69,,0,0,0,0,0,0,0,0,0,0,0,0,0,0,2,,
2026-08-28T07:04:06.688Z,1787900646688,37930,1,,83acd2e6,37942,grid,4,1321,1371,126,805,322,69,,0,0,0,0,0,0,0,0,0,0,0,0,0,0,2,,
2026-08-28T07:05:06.704Z,1787900706704,37990,1,,83acd2e6,38002,grid,4,1322,1371,126,805,322,69,,0,0,0,0,0,0,0,0,0,0,0,0,0,0,2,,
2026-08-28T07:06:06.714Z,1787900766714,38050,1,,83acd2e6,38062,grid,4,1323,1371,126,806,323,69,,0,0,0,0,0,0,0,0,0,0,0,0,0,0,2,,
2026-08-28T07:07:06.725Z,1787900826725,38110,1,,83acd2e6,38122,grid,4,1322,1371,126,805,322,69,,0,0,0,0,0,0,0,0,0,0,0,0,0,0,2,,
2026-08-28T07:08:06.748Z,1787900886748,38170,1,,83acd2e6,38182,grid,4,1321,1371,126,805,322,69,,0,0,0,0,0,0,0,0,0,0,0,0,0,0,2,,
2026-08-28T07:09:06.766Z,1787900946766,38230,1,,83acd2e6,38242,grid,4,1321,1371,126,805,322,69,,0,0,0,0,0,0,0,0,0,0,0,0,0,0,2,,
2026-08-28T07:10:06.787Z,1787901006787,38290,1,,83acd2e6,38302,grid,4,1326,1371,126,805,326,69,,0,0,0,0,0,0,0,0,0,0,0,0,0,0,2,,
2026-08-28T07:11:06.813Z,1787901066813,38350,1,,83acd2e6,38362,grid,4,1326,1371,126,805,326,69,,0,0,0,0,0,0,0,0,0,0,0,0,0,0,2,,
2026-08-28T07:12:06.836Z,1787901126836,38410,1,,83acd2e6,38422,grid,4,1322,1371,126,805,322,69,,0,0,0,0,0,0,0,0,0,0,0,0,0,0,2,,
2026-08-28T07:13:06.850Z,1787901186850,38470,1,,83acd2e6,38482,grid,4,1323,1371,126,806,322,69,,0,0,0,0,0,0,0,0,0,0,0,0,0,0,2,,
2026-08-28T07:14:06.875Z,1787901246875,38530,1,,83acd2e6,38542,grid,4,1321,1371,126,804,322,69,,0,0,0,0,0,0,0,0,0,0,0,0,0,0,2,,
2026-08-28T07:15:06.887Z,1787901306887,38590,1,,83acd2e6,38602,grid,4,1322,1371,126,805,322,69,,0,0,0,0,0,0,0,0,0,0,0,0,0,0,2,,
2026-08-28T07:16:06.903Z,1787901366903,38650,1,,83acd2e6,38662,grid,4,1322,1371,126,805,322,69,,0,0,0,0,0,0,0,0,0,0,0,0,0,0,2,,
2026-08-28T07:17:06.923Z,1787901426923,38710,1,,83acd2e6,38722,grid,4,1322,1371,126,805,322,69,,0,0,0,0,0,0,0,0,0,0,0,0,0,0,2,,
2026-08-28T07:18:06.946Z,1787901486946,38770,1,,83acd2e6,38782,grid,4,1323,1371,126,806,322,69,,0,0,0,0,0,0,0,0,0,0,0,0,0,0,2,,
2026-08-28T07:19:06.959Z,1787901546959,38830,1,,83acd2e6,38842,grid,4,1322,1371,126,806,322,69,,0,0,0,0,0,0,0,0,0,0,0,0,0,0,2,,
2026-08-28T07:20:06.973Z,1787901606973,38890,1,,83acd2e6,38902,grid,4,1323,1371,126,806,322,69,,0,0,0,0,0,0,0,0,0,0,0,0,0,0,2,,
2026-08-28T07:21:07.007Z,1787901667007,38950,1,,83acd2e6,38962,grid,4,1320,1371,127,804,322,69,,0,0,0,0,0,0,0,0,0,0,0,0,0,0,2,,
2026-08-28T07:22:07.022Z,1787901727022,39010,1,,83acd2e6,39022,grid,4,1321,1371,127,804,322,69,,0,0,0,0,0,0,0,0,0,0,0,0,0,0,2,,
2026-08-28T07:23:07.038Z,1787901787038,39070,1,,83acd2e6,39082,grid,4,1322,1371,127,805,322,69,,0,0,0,0,0,0,0,0,0,0,0,0,0,0,2,,
2026-08-28T07:24:07.050Z,1787901847050,39130,1,,83acd2e6,39142,grid,4,1325,1371,126,805,326,69,,0,0,0,0,0,0,0,0,0,0,0,0,0,0,2,,
2026-08-28T07:25:07.064Z,1787901907064,39190,1,,83acd2e6,39203,grid,4,1325,1371,126,805,326,69,,0,0,0,0,0,0,0,0,0,0,0,0,0,0,2,,
2026-08-28T07:26:07.081Z,1787901967081,39250,1,,83acd2e6,39263,grid,4,1325,1371,126,805,326,69,,0,0,0,0,0,0,0,0,0,0,0,0,0,0,2,,
2026-08-28T07:27:07.095Z,1787902027095,39310,1,,83acd2e6,39323,grid,4,1326,1371,126,805,326,69,,0,0,0,0,0,0,0,0,0,0,0,0,0,0,2,,
2026-08-28T07:28:07.113Z,1787902087113,39371,1,,83acd2e6,39383,grid,4,1322,1371,126,806,322,69,,0,0,0,0,0,0,0,0,0,0,0,0,0,0,2,,
2026-08-28T07:29:07.137Z,1787902147137,39431,1,,83acd2e6,39443,grid,4,1322,1371,126,805,322,69,,0,0,0,0,0,0,0,0,0,0,0,0,0,0,2,,
2026-08-28T07:30:07.150Z,1787902207150,39491,1,,83acd2e6,39503,grid,4,1321,1371,126,805,322,69,,0,0,0,0,0,0,0,0,0,0,0,0,0,0,2,,
2026-08-28T07:31:07.170Z,1787902267170,39551,1,,83acd2e6,39563,grid,4,1320,1371,126,804,322,69,,0,0,0,0,0,0,0,0,0,0,0,0,0,0,2,,
2026-08-28T07:32:07.191Z,1787902327191,39611,1,,83acd2e6,39623,grid,4,1327,1371,126,806,326,69,,0,0,0,0,0,0,0,0,0,0,0,0,0,0,2,,
2026-08-28T07:33:07.215Z,1787902387215,39671,1,,83acd2e6,39683,grid,4,1321,1371,126,805,322,69,,0,0,0,0,0,0,0,0,0,0,0,0,0,0,2,,
2026-08-28T07:34:07.231Z,1787902447231,39731,1,,83acd2e6,39743,grid,4,1322,1371,126,805,322,69,,0,0,0,0,0,0,0,0,0,0,0,0,0,0,2,,
2026-08-28T07:35:07.248Z,1787902507248,39791,1,,83acd2e6,39803,grid,4,1322,1371,126,805,322,69,,0,0,0,0,0,0,0,0,0,0,0,0,0,0,2,,
2026-08-28T07:36:07.268Z,1787902567268,39851,1,,83acd2e6,39863,grid,4,1322,1371,126,805,322,69,,0,0,0,0,0,0,0,0,0,0,0,0,0,0,2,,
2026-08-28T07:37:07.274Z,1787902627274,39911,1,,83acd2e6,39923,grid,4,1322,1371,126,805,322,69,,0,0,0,0,0,0,0,0,0,0,0,0,0,0,2,,
2026-08-28T07:38:07.284Z,1787902687284,39971,1,,83acd2e6,39983,grid,4,1321,1371,126,804,322,69,,0,0,0,0,0,0,0,0,0,0,0,0,0,0,2,,
2026-08-28T07:39:07.296Z,1787902747296,40031,1,,83acd2e6,40043,grid,4,1321,1371,126,804,322,69,,0,0,0,0,0,0,0,0,0,0,0,0,0,0,2,,
2026-08-28T07:40:07.308Z,1787902807308,40091,1,,83acd2e6,40103,grid,4,1322,1371,126,805,322,69,,0,0,0,0,0,0,0,0,0,0,0,0,0,0,2,,
2026-08-28T07:41:07.330Z,1787902867330,40151,1,,83acd2e6,40163,grid,4,1321,1371,127,804,322,69,,0,0,0,0,0,0,0,0,0,0,0,0,0,0,2,,
2026-08-28T07:42:07.344Z,1787902927344,40211,1,,83acd2e6,40223,grid,4,1322,1371,127,804,322,69,,0,0,0,0,0,0,0,0,0,0,0,0,0,0,2,,
2026-08-28T07:43:07.353Z,1787902987353,40271,1,,83acd2e6,40283,grid,4,1321,1371,127,804,322,69,,0,0,0,0,0,0,0,0,0,0,0,0,0,0,2,,
2026-08-28T07:44:07.363Z,1787903047363,40331,1,,83acd2e6,40343,grid,4,1321,1371,126,805,322,69,,0,0,0,0,0,0,0,0,0,0,0,0,0,0,2,,
2026-08-28T07:45:07.378Z,1787903107378,40391,1,,83acd2e6,40403,grid,4,1326,1371,126,806,326,69,,0,0,0,0,0,0,0,0,0,0,0,0,0,0,2,,
2026-08-28T07:46:07.389Z,1787903167389,40451,1,,83acd2e6,40463,grid,4,1326,1371,126,805,326,69,,0,0,0,0,0,0,0,0,0,0,0,0,0,0,2,,
2026-08-28T07:47:07.403Z,1787903227403,40511,1,,83acd2e6,40523,grid,4,1321,1371,126,805,322,69,,0,0,0,0,0,0,0,0,0,0,0,0,0,0,2,,
2026-08-28T07:48:07.421Z,1787903287421,40571,1,,83acd2e6,40583,grid,4,1321,1371,126,805,322,69,,0,0,0,0,0,0,0,0,0,0,0,0,0,0,2,,
2026-08-28T07:49:07.440Z,1787903347440,40631,1,,83acd2e6,40643,grid,4,1322,1371,126,805,322,69,,0,0,0,0,0,0,0,0,0,0,0,0,0,0,2,,
2026-08-28T07:50:07.452Z,1787903407452,40691,1,,83acd2e6,40703,grid,4,1322,1371,126,805,322,69,,0,0,0,0,0,0,0,0,0,0,0,0,0,0,2,,
2026-08-28T07:51:07.470Z,1787903467470,40751,1,,83acd2e6,40763,grid,4,1321,1371,126,804,322,69,,0,0,0,0,0,0,0,0,0,0,0,0,0,0,2,,
2026-08-28T07:52:07.489Z,1787903527489,40811,1,,83acd2e6,40823,grid,4,1321,1371,126,804,322,69,,0,0,0,0,0,0,0,0,0,0,0,0,0,0,2,,
2026-08-28T07:53:07.512Z,1787903587512,40871,1,,83acd2e6,40883,grid,4,1321,1371,126,805,322,69,,0,0,0,0,0,0,0,0,0,0,0,0,0,0,2,,
2026-08-28T07:54:07.531Z,1787903647531,40931,1,,83acd2e6,40943,grid,4,1322,1371,126,805,322,69,,0,0,0,0,0,0,0,0,0,0,0,0,0,0,2,,
2026-08-28T07:55:07.539Z,1787903707539,40991,1,,83acd2e6,41003,grid,4,1321,1371,126,804,322,69,,0,0,0,0,0,0,0,0,0,0,0,0,0,0,2,,
2026-08-28T07:56:07.556Z,1787903767556,41051,1,,83acd2e6,41063,grid,4,1321,1371,126,804,322,69,,0,0,0,0,0,0,0,0,0,0,0,0,0,0,2,,
2026-08-28T07:57:07.575Z,1787903827575,41111,1,,83acd2e6,41123,grid,4,1321,1371,126,805,322,69,,0,0,0,0,0,0,0,0,0,0,0,0,0,0,2,,
2026-08-28T07:58:07.591Z,1787903887591,41171,1,,83acd2e6,41183,grid,4,1322,1371,126,804,322,69,,0,0,0,0,0,0,0,0,0,0,0,0,0,0,2,,
2026-08-28T07:59:07.611Z,1787903947611,41231,1,,83acd2e6,41243,grid,4,1322,1371,127,804,322,69,,0,0,0,0,0,0,0,0,0,0,0,0,0,0,2,,
2026-08-28T08:00:07.627Z,1787904007627,41291,1,,83acd2e6,41303,grid,4,1322,1371,127,805,322,69,,0,0,0,0,0,0,0,0,0,0,0,0,0,0,2,,
2026-08-28T08:01:07.646Z,1787904067646,41351,1,,83acd2e6,41363,grid,4,1323,1371,127,805,322,69,,0,0,0,0,0,0,0,0,0,0,0,0,0,0,2,,
2026-08-28T08:02:07.661Z,1787904127661,41411,1,,83acd2e6,41423,grid,4,1325,1371,127,807,322,69,,0,0,0,0,0,0,0,0,0,0,0,0,0,0,2,,
2026-08-28T08:03:07.679Z,1787904187679,41471,1,,83acd2e6,41483,grid,4,1323,1371,127,806,322,69,,0,0,0,0,0,0,0,0,0,0,0,0,0,0,2,,
2026-08-28T08:04:07.697Z,1787904247697,41531,1,,83acd2e6,41543,grid,4,1322,1371,126,806,322,69,,0,0,0,0,0,0,0,0,0,0,0,0,0,0,2,,
2026-08-28T08:05:07.718Z,1787904307718,41591,1,,83acd2e6,41603,grid,4,1326,1371,126,805,326,69,,0,0,0,0,0,0,0,0,0,0,0,0,0,0,2,,
2026-08-28T08:06:07.731Z,1787904367731,41651,1,,83acd2e6,41663,grid,4,1322,1371,126,805,322,69,,0,0,0,0,0,0,0,0,0,0,0,0,0,0,2,,
2026-08-28T08:07:07.753Z,1787904427753,41711,1,,83acd2e6,41723,grid,4,1322,1371,126,806,322,69,,0,0,0,0,0,0,0,0,0,0,0,0,0,0,2,,
2026-08-28T08:08:07.767Z,1787904487767,41771,1,,83acd2e6,41783,grid,4,1323,1371,126,806,322,69,,0,0,0,0,0,0,0,0,0,0,0,0,0,0,2,,
2026-08-28T08:09:07.781Z,1787904547781,41831,1,,83acd2e6,41843,grid,4,1322,1371,126,806,322,69,,0,0,0,0,0,0,0,0,0,0,0,0,0,0,2,,
2026-08-28T08:10:07.790Z,1787904607790,41891,1,,83acd2e6,41903,grid,4,1322,1371,126,805,322,69,,0,0,0,0,0,0,0,0,0,0,0,0,0,0,2,,
2026-08-28T08:11:07.812Z,1787904667812,41951,1,,83acd2e6,41963,grid,4,1321,1371,126,805,322,69,,0,0,0,0,0,0,0,0,0,0,0,0,0,0,2,,
2026-08-28T08:12:07.821Z,1787904727821,42011,1,,83acd2e6,42023,grid,4,1322,1371,126,805,322,69,,0,0,0,0,0,0,0,0,0,0,0,0,0,0,2,,
2026-08-28T08:13:07.836Z,1787904787836,42071,1,,83acd2e6,42083,grid,4,1322,1371,126,805,322,69,,0,0,0,0,0,0,0,0,0,0,0,0,0,0,2,,
2026-08-28T08:14:07.847Z,1787904847847,42131,1,,83acd2e6,42143,grid,4,1321,1371,126,804,322,69,,0,0,0,0,0,0,0,0,0,0,0,0,0,0,2,,
2026-08-28T08:15:07.873Z,1787904907873,42191,1,,83acd2e6,42203,grid,4,1325,1371,126,804,326,69,,0,0,0,0,0,0,0,0,0,0,0,0,0,0,2,,
2026-08-28T08:16:07.896Z,1787904967896,42251,1,,83acd2e6,42263,grid,4,1326,1371,126,805,326,69,,0,0,0,0,0,0,0,0,0,0,0,0,0,0,2,,
2026-08-28T08:17:07.911Z,1787905027911,42311,1,,83acd2e6,42323,grid,4,1321,1371,126,804,322,69,,0,0,0,0,0,0,0,0,0,0,0,0,0,0,2,,
2026-08-28T08:18:07.927Z,1787905087927,42371,1,,83acd2e6,42383,grid,4,1322,1371,126,805,322,69,,0,0,0,0,0,0,0,0,0,0,0,0,0,0,2,,
2026-08-28T08:19:07.935Z,1787905147935,42431,1,,83acd2e6,42443,grid,4,1321,1371,127,805,322,69,,0,0,0,0,0,0,0,0,0,0,0,0,0,0,2,,
2026-08-28T08:20:07.952Z,1787905207952,42491,1,,83acd2e6,42503,grid,4,1322,1371,127,805,322,69,,0,0,0,0,0,0,0,0,0,0,0,0,0,0,2,,
2026-08-28T08:21:07.973Z,1787905267973,42551,1,,83acd2e6,42563,grid,4,1322,1371,127,805,322,69,,0,0,0,0,0,0,0,0,0,0,0,0,0,0,2,,
2026-08-28T08:22:07.998Z,1787905327998,42611,1,,83acd2e6,42623,grid,4,1322,1371,127,805,322,69,,0,0,0,0,0,0,0,0,0,0,0,0,0,0,2,,
2026-08-28T08:23:08.015Z,1787905388015,42671,1,,83acd2e6,42683,grid,4,1323,1371,127,806,322,69,,0,0,0,0,0,0,0,0,0,0,0,0,0,0,2,,
2026-08-28T08:24:08.029Z,1787905448029,42731,1,,83acd2e6,42743,grid,4,1322,1371,126,805,322,69,,0,0,0,0,0,0,0,0,0,0,0,0,0,0,2,,
2026-08-28T08:25:08.049Z,1787905508049,42791,1,,83acd2e6,42803,grid,4,1322,1371,126,806,322,69,,0,0,0,0,0,0,0,0,0,0,0,0,0,0,2,,
2026-08-28T08:26:08.068Z,1787905568068,42851,1,,83acd2e6,42864,grid,4,1322,1371,126,805,322,69,,0,0,0,0,0,0,0,0,0,0,0,0,0,0,2,,
2026-08-28T08:27:08.078Z,1787905628078,42911,1,,83acd2e6,42924,grid,4,1327,1371,126,806,326,69,,0,0,0,0,0,0,0,0,0,0,0,0,0,0,2,,
2026-08-28T08:28:08.100Z,1787905688100,42971,1,,83acd2e6,42984,grid,4,1322,1371,126,805,322,69,,0,0,0,0,0,0,0,0,0,0,0,0,0,0,2,,
2026-08-28T08:29:08.117Z,1787905748117,43032,1,,83acd2e6,43044,grid,4,1322,1371,126,805,322,69,,0,0,0,0,0,0,0,0,0,0,0,0,0,0,2,,
2026-08-28T08:30:08.134Z,1787905808134,43092,1,,83acd2e6,43104,grid,4,1326,1371,126,805,326,69,,0,0,0,0,0,0,0,0,0,0,0,0,0,0,2,,
2026-08-28T08:31:08.142Z,1787905868142,43152,1,,83acd2e6,43164,grid,4,1326,1371,126,805,326,69,,0,0,0,0,0,0,0,0,0,0,0,0,0,0,2,,
2026-08-28T08:32:08.151Z,1787905928151,43212,1,,83acd2e6,43224,grid,4,1330,1371,126,813,322,69,,0,0,0,0,0,0,0,0,0,0,0,0,0,0,2,,
2026-08-28T08:33:08.164Z,1787905988164,43272,1,,83acd2e6,43284,grid,4,1327,1371,126,809,323,69,,0,0,0,0,0,0,0,0,0,0,0,0,0,0,2,,
2026-08-28T08:34:08.179Z,1787906048179,43332,1,,83acd2e6,43344,grid,4,1328,1371,126,810,323,69,,0,0,0,0,0,0,0,0,0,0,0,0,0,0,2,,
2026-08-28T08:35:08.191Z,1787906108191,43392,1,,83acd2e6,43404,grid,4,1328,1371,126,811,323,69,,0,0,0,0,0,0,0,0,0,0,0,0,0,0,2,,
2026-08-28T08:36:08.204Z,1787906168204,43452,1,,83acd2e6,43464,grid,4,1327,1371,126,809,322,69,,0,0,0,0,0,0,0,0,0,0,0,0,0,0,2,,
2026-08-28T08:37:08.225Z,1787906228225,43512,1,,83acd2e6,43524,grid,4,1328,1371,127,810,322,69,,0,0,0,0,0,0,0,0,0,0,0,0,0,0,2,,
2026-08-28T08:38:08.237Z,1787906288237,43572,1,,83acd2e6,43584,grid,4,1327,1371,127,810,322,69,,0,0,0,0,0,0,0,0,0,0,0,0,0,0,2,,
2026-08-28T08:39:08.259Z,1787906348259,43632,1,,83acd2e6,43644,grid,4,1327,1371,127,810,322,69,,0,0,0,0,0,0,0,0,0,0,0,0,0,0,2,,
2026-08-28T08:40:08.276Z,1787906408276,43692,1,,83acd2e6,43704,grid,4,1327,1371,127,810,322,69,,0,0,0,0,0,0,0,0,0,0,0,0,0,0,2,,
2026-08-28T08:41:08.288Z,1787906468288,43752,1,,83acd2e6,43764,grid,4,1327,1371,127,810,322,69,,0,0,0,0,0,0,0,0,0,0,0,0,0,0,2,,
2026-08-28T08:42:08.309Z,1787906528309,43812,1,,83acd2e6,43824,grid,4,1328,1371,127,810,322,69,,0,0,0,0,0,0,0,0,0,0,0,0,0,0,2,,
2026-08-28T08:43:08.322Z,1787906588322,43872,1,,83acd2e6,43884,grid,4,1327,1371,126,810,322,69,,0,0,0,0,0,0,0,0,0,0,0,0,0,0,2,,
2026-08-28T08:44:08.340Z,1787906648340,43932,1,,83acd2e6,43944,grid,4,1327,1371,126,810,322,69,,0,0,0,0,0,0,0,0,0,0,0,0,0,0,2,,
2026-08-28T08:45:08.356Z,1787906708356,43992,1,,83acd2e6,44004,grid,4,1328,1371,126,811,322,69,,0,0,0,0,0,0,0,0,0,0,0,0,0,0,2,,
2026-08-28T08:46:08.373Z,1787906768373,44052,1,,83acd2e6,44064,grid,4,1327,1371,126,810,322,69,,0,0,0,0,0,0,0,0,0,0,0,0,0,0,2,,
2026-08-28T08:47:08.382Z,1787906828382,44112,1,,83acd2e6,44124,grid,4,1327,1371,126,810,322,69,,0,0,0,0,0,0,0,0,0,0,0,0,0,0,2,,
2026-08-28T08:48:08.394Z,1787906888394,44172,1,,83acd2e6,44184,grid,4,1327,1371,126,810,322,69,,0,0,0,0,0,0,0,0,0,0,0,0,0,0,2,,
2026-08-28T08:49:08.412Z,1787906948412,44232,1,,83acd2e6,44244,grid,4,1331,1371,126,810,327,69,,0,0,0,0,0,0,0,0,0,0,0,0,0,0,2,,
2026-08-28T08:50:08.426Z,1787907008426,44292,1,,83acd2e6,44304,grid,4,1332,1371,126,810,327,69,,0,0,0,0,0,0,0,0,0,0,0,0,0,0,2,,
2026-08-28T08:51:08.444Z,1787907068444,44352,1,,83acd2e6,44364,grid,4,1332,1371,126,810,327,69,,0,0,0,0,0,0,0,0,0,0,0,0,0,0,2,,
2026-08-28T08:52:08.464Z,1787907128464,44412,1,,83acd2e6,44424,grid,4,1329,1371,126,808,326,69,,0,0,0,0,0,0,0,0,0,0,0,0,0,0,2,,
2026-08-28T08:53:08.473Z,1787907188473,44472,1,,83acd2e6,44484,grid,4,1329,1371,126,807,326,69,,0,0,0,0,0,0,0,0,0,0,0,0,0,0,2,,
2026-08-28T08:54:08.487Z,1787907248487,44532,1,,83acd2e6,44544,grid,4,1325,1371,126,808,322,69,,0,0,0,0,0,0,0,0,0,0,0,0,0,0,2,,
2026-08-28T08:55:08.498Z,1787907308498,44592,1,,83acd2e6,44604,grid,4,1329,1371,127,808,326,69,,0,0,0,0,0,0,0,0,0,0,0,0,0,0,2,,
2026-08-28T08:56:08.518Z,1787907368518,44652,1,,83acd2e6,44664,grid,4,1326,1371,127,808,323,69,,0,0,0,0,0,0,0,0,0,0,0,0,0,0,2,,
2026-08-28T08:57:08.534Z,1787907428534,44712,1,,83acd2e6,44724,grid,4,1327,1371,127,809,323,69,,0,0,0,0,0,0,0,0,0,0,0,0,0,0,2,,
2026-08-28T08:58:08.555Z,1787907488555,44772,1,,83acd2e6,44784,grid,4,1330,1371,127,808,327,69,,0,0,0,0,0,0,0,0,0,0,0,0,0,0,2,,
2026-08-28T08:59:08.564Z,1787907548564,44832,1,,83acd2e6,44844,grid,4,1326,1371,127,808,323,69,,0,0,0,0,0,0,0,0,0,0,0,0,0,0,2,,
2026-08-28T09:00:08.578Z,1787907608578,44892,1,,83acd2e6,44904,grid,4,1325,1371,127,808,322,69,,0,0,0,0,0,0,0,0,0,0,0,0,0,0,2,,
2026-08-28T09:01:08.591Z,1787907668591,44952,1,,83acd2e6,44964,grid,4,1325,1371,127,808,322,69,,0,0,0,0,0,0,0,0,0,0,0,0,0,0,2,,
2026-08-28T09:02:08.605Z,1787907728605,45012,1,,83acd2e6,45024,grid,4,1318,1371,127,799,323,69,,0,0,0,0,0,0,0,0,0,0,0,0,0,0,2,,
2026-08-28T09:03:08.621Z,1787907788621,45072,1,,83acd2e6,45084,grid,4,1325,1371,126,808,322,69,,0,0,0,0,0,0,0,0,0,0,0,0,0,0,2,,
2026-08-28T09:04:08.642Z,1787907848642,45132,1,,83acd2e6,45144,grid,4,1325,1371,126,808,322,69,,0,0,0,0,0,0,0,0,0,0,0,0,0,0,2,,
2026-08-28T09:05:08.654Z,1787907908654,45192,1,,83acd2e6,45204,grid,4,1324,1371,126,807,322,69,,0,0,0,0,0,0,0,0,0,0,0,0,0,0,2,,
2026-08-28T09:06:08.675Z,1787907968675,45252,1,,83acd2e6,45264,grid,4,1325,1371,126,808,322,69,,0,0,0,0,0,0,0,0,0,0,0,0,0,0,2,,
2026-08-28T09:07:08.694Z,1787908028694,45312,1,,83acd2e6,45324,grid,4,1324,1371,126,807,322,69,,0,0,0,0,0,0,0,0,0,0,0,0,0,0,2,,
2026-08-28T09:08:08.720Z,1787908088720,45372,1,,83acd2e6,45384,grid,4,1326,1371,126,809,322,69,,0,0,0,0,0,0,0,0,0,0,0,0,0,0,2,,
2026-08-28T09:09:08.736Z,1787908148736,45432,1,,83acd2e6,45444,grid,4,1325,1371,126,808,322,69,,0,0,0,0,0,0,0,0,0,0,0,0,0,0,2,,
2026-08-28T09:10:08.747Z,1787908208747,45492,1,,83acd2e6,45504,grid,4,1325,1371,126,808,322,69,,0,0,0,0,0,0,0,0,0,0,0,0,0,0,2,,
2026-08-28T09:11:08.761Z,1787908268761,45552,1,,83acd2e6,45564,grid,4,1325,1371,126,808,322,69,,0,0,0,0,0,0,0,0,0,0,0,0,0,0,2,,
2026-08-28T09:12:08.771Z,1787908328771,45612,1,,83acd2e6,45624,grid,4,1325,1371,126,807,322,69,,0,0,0,0,0,0,0,0,0,0,0,0,0,0,2,,
2026-08-28T09:13:08.785Z,1787908388785,45672,1,,83acd2e6,45684,grid,4,1329,1371,126,808,326,69,,0,0,0,0,0,0,0,0,0,0,0,0,0,0,2,,
2026-08-28T09:14:08.804Z,1787908448804,45732,1,,83acd2e6,45744,grid,4,1325,1371,126,808,322,69,,0,0,0,0,0,0,0,0,0,0,0,0,0,0,2,,
2026-08-28T09:15:08.826Z,1787908508826,45792,1,,83acd2e6,45804,grid,4,1324,1371,127,807,322,69,,0,0,0,0,0,0,0,0,0,0,0,0,0,0,2,,
2026-08-28T09:16:08.843Z,1787908568843,45852,1,,83acd2e6,45864,grid,4,1328,1371,127,807,326,69,,0,0,0,0,0,0,0,0,0,0,0,0,0,0,2,,
2026-08-28T09:17:08.860Z,1787908628860,45912,1,,83acd2e6,45924,grid,4,1324,1371,127,807,322,69,,0,0,0,0,0,0,0,0,0,0,0,0,0,0,2,,
2026-08-28T09:18:08.877Z,1787908688877,45972,1,,83acd2e6,45984,grid,4,1325,1371,127,807,322,69,,0,0,0,0,0,0,0,0,0,0,0,0,0,0,2,,
2026-08-28T09:19:08.889Z,1787908748889,46032,1,,83acd2e6,46044,grid,4,1325,1371,127,807,322,69,,0,0,0,0,0,0,0,0,0,0,0,0,0,0,2,,
2026-08-28T09:20:08.905Z,1787908808905,46092,1,,83acd2e6,46104,grid,4,1325,1371,127,807,322,69,,0,0,0,0,0,0,0,0,0,0,0,0,0,0,2,,
2026-08-28T09:21:08.915Z,1787908868915,46152,1,,83acd2e6,46164,grid,4,1325,1371,127,807,322,69,,0,0,0,0,0,0,0,0,0,0,0,0,0,0,2,,
2026-08-28T09:22:08.937Z,1787908928937,46212,1,,83acd2e6,46224,grid,4,1325,1371,126,808,322,69,,0,0,0,0,0,0,0,0,0,0,0,0,0,0,2,,
2026-08-28T09:23:08.956Z,1787908988956,46272,1,,83acd2e6,46284,grid,4,1325,1371,126,808,322,69,,0,0,0,0,0,0,0,0,0,0,0,0,0,0,2,,
2026-08-28T09:24:08.974Z,1787909048974,46332,1,,83acd2e6,46344,grid,4,1325,1371,126,808,322,69,,0,0,0,0,0,0,0,0,0,0,0,0,0,0,2,,
2026-08-28T09:25:08.991Z,1787909108991,46392,1,,83acd2e6,46404,grid,4,1325,1371,126,808,322,69,,0,0,0,0,0,0,0,0,0,0,0,0,0,0,2,,
2026-08-28T09:26:09.008Z,1787909169008,46452,1,,83acd2e6,46464,grid,4,1325,1371,126,808,322,69,,0,0,0,0,0,0,0,0,0,0,0,0,0,0,2,,
2026-08-28T09:27:09.017Z,1787909229017,46512,1,,83acd2e6,46524,grid,4,1327,1371,126,807,326,69,,0,0,0,0,0,0,0,0,0,0,0,0,0,0,2,,
2026-08-28T09:28:09.022Z,1787909289022,46572,1,,83acd2e6,46584,grid,4,1323,1371,126,806,322,69,,0,0,0,0,0,0,0,0,0,0,0,0,0,0,2,,
2026-08-28T09:29:09.034Z,1787909349034,46632,1,,83acd2e6,46644,grid,4,1323,1371,126,806,322,69,,0,0,0,0,0,0,0,0,0,0,0,0,0,0,2,,
2026-08-28T09:30:09.055Z,1787909409055,46692,1,,83acd2e6,46704,grid,4,1328,1371,126,806,326,69,,0,0,0,0,0,0,0,0,0,0,0,0,0,0,2,,
2026-08-28T09:31:09.066Z,1787909469066,46752,1,,83acd2e6,46765,grid,4,1324,1371,126,807,322,69,,0,0,0,0,0,0,0,0,0,0,0,0,0,0,2,,
2026-08-28T09:32:09.073Z,1787909529073,46812,1,,83acd2e6,46825,grid,4,1317,1376,127,799,322,69,,0,0,0,0,0,0,0,0,0,0,0,0,0,0,2,,
2026-08-28T09:33:09.080Z,1787909589080,46872,1,,83acd2e6,46885,grid,4,1325,1376,127,807,322,69,,0,0,0,0,0,0,0,0,0,0,0,0,0,0,2,,
2026-08-28T09:34:09.099Z,1787909649099,46932,1,,83acd2e6,46945,grid,4,1327,1376,127,806,326,69,,0,0,0,0,0,0,0,0,0,0,0,0,0,0,2,,
2026-08-28T09:35:09.112Z,1787909709112,46993,1,,83acd2e6,47005,grid,4,1323,1376,127,806,322,69,,0,0,0,0,0,0,0,0,0,0,0,0,0,0,2,,
2026-08-28T09:36:09.123Z,1787909769123,47053,1,,83acd2e6,47065,grid,4,1323,1376,127,806,322,69,,0,0,0,0,0,0,0,0,0,0,0,0,0,0,2,,
2026-08-28T09:37:09.133Z,1787909829133,47113,1,,83acd2e6,47125,grid,4,1324,1376,127,806,322,69,,0,0,0,0,0,0,0,0,0,0,0,0,0,0,2,,
2026-08-28T09:38:09.157Z,1787909889157,47173,1,,83acd2e6,47185,grid,4,1324,1376,127,806,322,69,,0,0,0,0,0,0,0,0,0,0,0,0,0,0,2,,
2026-08-28T09:39:09.169Z,1787909949169,47233,1,,83acd2e6,47245,grid,4,1324,1376,127,806,322,69,,0,0,0,0,0,0,0,0,0,0,0,0,0,0,2,,
2026-08-28T09:40:09.178Z,1787910009178,47293,1,,83acd2e6,47305,grid,4,1325,1376,127,807,322,69,,0,0,0,0,0,0,0,0,0,0,0,0,0,0,2,,
2026-08-28T09:41:09.197Z,1787910069197,47353,1,,83acd2e6,47365,grid,4,1323,1376,127,805,322,69,,0,0,0,0,0,0,0,0,0,0,0,0,0,0,2,,
2026-08-28T09:42:09.216Z,1787910129216,47413,1,,83acd2e6,47425,grid,4,1323,1376,126,805,322,69,,0,0,0,0,0,0,0,0,0,0,0,0,0,0,2,,
2026-08-28T09:43:09.226Z,1787910189226,47473,1,,83acd2e6,47485,grid,4,1323,1376,127,806,322,69,,0,0,0,0,0,0,0,0,0,0,0,0,0,0,2,,
2026-08-28T09:44:09.235Z,1787910249235,47533,1,,83acd2e6,47545,grid,4,1327,1376,127,805,326,69,,0,0,0,0,0,0,0,0,0,0,0,0,0,0,2,,
2026-08-28T09:45:09.252Z,1787910309252,47593,1,,83acd2e6,47605,grid,4,1323,1376,127,806,322,69,,0,0,0,0,0,0,0,0,0,0,0,0,0,0,2,,
2026-08-28T09:46:09.268Z,1787910369268,47653,1,,83acd2e6,47665,grid,4,1323,1376,127,806,322,69,,0,0,0,0,0,0,0,0,0,0,0,0,0,0,2,,
2026-08-28T09:47:09.281Z,1787910429281,47713,1,,83acd2e6,47725,grid,4,1323,1376,127,806,322,69,,0,0,0,0,0,0,0,0,0,0,0,0,0,0,2,,
2026-08-28T09:48:09.301Z,1787910489301,47773,1,,83acd2e6,47785,grid,4,1324,1376,127,806,322,69,,0,0,0,0,0,0,0,0,0,0,0,0,0,0,2,,
2026-08-28T09:49:09.326Z,1787910549326,47833,1,,83acd2e6,47845,grid,4,1324,1376,127,806,322,69,,0,0,0,0,0,0,0,0,0,0,0,0,0,0,2,,
2026-08-28T09:50:09.341Z,1787910609341,47893,1,,83acd2e6,47905,grid,4,1324,1376,127,807,322,69,,0,0,0,0,0,0,0,0,0,0,0,0,0,0,2,,
2026-08-28T09:51:09.360Z,1787910669360,47953,1,,83acd2e6,47965,grid,4,1325,1376,127,807,322,69,,0,0,0,0,0,0,0,0,0,0,0,0,0,0,2,,
2026-08-28T09:52:09.381Z,1787910729381,48013,1,,83acd2e6,48025,grid,4,1324,1376,127,807,322,69,,0,0,0,0,0,0,0,0,0,0,0,0,0,0,2,,
2026-08-28T09:53:09.393Z,1787910789393,48073,1,,83acd2e6,48085,grid,4,1325,1376,127,807,322,69,,0,0,0,0,0,0,0,0,0,0,0,0,0,0,2,,
2026-08-28T09:54:09.406Z,1787910849406,48133,1,,83acd2e6,48145,grid,4,1325,1376,127,807,322,69,,0,0,0,0,0,0,0,0,0,0,0,0,0,0,2,,
2026-08-28T09:55:09.414Z,1787910909414,48193,1,,83acd2e6,48205,grid,4,1325,1376,127,807,322,69,,0,0,0,0,0,0,0,0,0,0,0,0,0,0,2,,
2026-08-28T09:56:09.429Z,1787910969429,48253,1,,83acd2e6,48265,grid,4,1328,1376,127,807,326,69,,0,0,0,0,0,0,0,0,0,0,0,0,0,0,2,,
2026-08-28T09:57:09.440Z,1787911029440,48313,1,,83acd2e6,48325,grid,4,1325,1376,127,807,322,69,,0,0,0,0,0,0,0,0,0,0,0,0,0,0,2,,
2026-08-28T09:58:09.459Z,1787911089459,48373,1,,83acd2e6,48385,grid,4,1325,1376,127,808,322,69,,0,0,0,0,0,0,0,0,0,0,0,0,0,0,2,,
2026-08-28T09:59:09.482Z,1787911149482,48433,1,,83acd2e6,48445,grid,4,1324,1376,127,806,322,69,,0,0,0,0,0,0,0,0,0,0,0,0,0,0,2,,
2026-08-28T10:00:09.497Z,1787911209497,48493,1,,83acd2e6,48505,grid,4,1324,1376,127,807,322,69,,0,0,0,0,0,0,0,0,0,0,0,0,0,0,2,,
2026-08-28T10:01:09.508Z,1787911269508,48553,1,,83acd2e6,48565,grid,4,1328,1376,127,806,326,69,,0,0,0,0,0,0,0,0,0,0,0,0,0,0,2,,
2026-08-28T10:02:09.523Z,1787911329523,48613,1,,83acd2e6,48625,grid,4,1315,1376,127,797,322,69,,0,0,0,0,0,0,0,0,0,0,0,0,0,0,2,,
2026-08-28T10:03:09.543Z,1787911389543,48673,1,,83acd2e6,48685,grid,4,1324,1376,127,806,322,69,,0,0,0,0,0,0,0,0,0,0,0,0,0,0,2,,
2026-08-28T10:04:09.560Z,1787911449560,48733,1,,83acd2e6,48745,grid,4,1328,1376,127,807,326,69,,0,0,0,0,0,0,0,0,0,0,0,0,0,0,2,,
2026-08-28T10:05:09.567Z,1787911509567,48793,1,,83acd2e6,48805,grid,4,1325,1376,127,807,322,69,,0,0,0,0,0,0,0,0,0,0,0,0,0,0,2,,
2026-08-28T10:06:09.584Z,1787911569584,48853,1,,83acd2e6,48865,grid,4,1326,1376,127,808,322,69,,0,0,0,0,0,0,0,0,0,0,0,0,0,0,2,,
2026-08-28T10:07:09.597Z,1787911629597,48913,1,,83acd2e6,48925,grid,4,1323,1376,127,806,322,69,,0,0,0,0,0,0,0,0,0,0,0,0,0,0,2,,
2026-08-28T10:08:09.607Z,1787911689607,48973,1,,83acd2e6,48985,grid,4,1328,1376,127,807,326,69,,0,0,0,0,0,0,0,0,0,0,0,0,0,0,2,,
2026-08-28T10:09:09.624Z,1787911749624,49033,1,,83acd2e6,49045,grid,4,1324,1376,127,806,322,69,,0,0,0,0,0,0,0,0,0,0,0,0,0,0,2,,
2026-08-28T10:10:09.634Z,1787911809634,49093,1,,83acd2e6,49105,grid,4,1324,1376,127,807,322,69,,0,0,0,0,0,0,0,0,0,0,0,0,0,0,2,,
2026-08-28T10:11:09.654Z,1787911869654,49153,1,,83acd2e6,49165,grid,4,1324,1376,127,807,322,69,,0,0,0,0,0,0,0,0,0,0,0,0,0,0,2,,
2026-08-28T10:12:09.667Z,1787911929667,49213,1,,83acd2e6,49225,grid,4,1324,1376,127,807,322,69,,0,0,0,0,0,0,0,0,0,0,0,0,0,0,2,,
2026-08-28T10:13:09.677Z,1787911989677,49273,1,,83acd2e6,49285,grid,4,1325,1376,127,807,322,69,,0,0,0,0,0,0,0,0,0,0,0,0,0,0,2,,
2026-08-28T10:14:09.685Z,1787912049685,49333,1,,83acd2e6,49345,grid,4,1329,1376,127,807,326,69,,0,0,0,0,0,0,0,0,0,0,0,0,0,0,2,,
2026-08-28T10:15:09.705Z,1787912109705,49393,1,,83acd2e6,49405,grid,4,1325,1376,127,808,322,69,,0,0,0,0,0,0,0,0,0,0,0,0,0,0,2,,
2026-08-28T10:16:09.723Z,1787912169723,49453,1,,83acd2e6,49465,grid,4,1324,1376,127,806,322,69,,0,0,0,0,0,0,0,0,0,0,0,0,0,0,2,,
2026-08-28T10:17:09.742Z,1787912229742,49513,1,,83acd2e6,49525,grid,4,1324,1376,127,806,322,69,,0,0,0,0,0,0,0,0,0,0,0,0,0,0,2,,
2026-08-28T10:18:09.756Z,1787912289756,49573,1,,83acd2e6,49585,grid,4,1329,1376,127,807,326,69,,0,0,0,0,0,0,0,0,0,0,0,0,0,0,2,,
2026-08-28T10:19:09.777Z,1787912349777,49633,1,,83acd2e6,49645,grid,4,1324,1376,127,806,322,69,,0,0,0,0,0,0,0,0,0,0,0,0,0,0,2,,
2026-08-28T10:20:09.788Z,1787912409788,49693,1,,83acd2e6,49705,grid,4,1325,1376,127,807,322,69,,0,0,0,0,0,0,0,0,0,0,0,0,0,0,2,,
2026-08-28T10:21:09.803Z,1787912469803,49753,1,,83acd2e6,49765,grid,4,1324,1376,127,807,322,69,,0,0,0,0,0,0,0,0,0,0,0,0,0,0,2,,
2026-08-28T10:22:09.819Z,1787912529819,49813,1,,83acd2e6,49825,grid,4,1324,1376,127,807,322,69,,0,0,0,0,0,0,0,0,0,0,0,0,0,0,2,,
2026-08-28T10:23:09.828Z,1787912589828,49873,1,,83acd2e6,49885,grid,4,1325,1376,127,808,322,69,,0,0,0,0,0,0,0,0,0,0,0,0,0,0,2,,
2026-08-28T10:24:09.847Z,1787912649847,49933,1,,83acd2e6,49945,grid,4,1325,1376,127,807,322,69,,0,0,0,0,0,0,0,0,0,0,0,0,0,0,2,,
2026-08-28T10:25:09.868Z,1787912709868,49993,1,,83acd2e6,50005,grid,4,1325,1376,127,807,322,69,,0,0,0,0,0,0,0,0,0,0,0,0,0,0,2,,
2026-08-28T10:26:09.891Z,1787912769891,50053,1,,83acd2e6,50065,grid,4,1324,1376,127,806,322,69,,0,0,0,0,0,0,0,0,0,0,0,0,0,0,2,,
2026-08-28T10:27:09.901Z,1787912829901,50113,1,,83acd2e6,50125,grid,4,1324,1376,127,806,322,69,,0,0,0,0,0,0,0,0,0,0,0,0,0,0,2,,
2026-08-28T10:28:09.911Z,1787912889911,50173,1,,83acd2e6,50185,grid,4,1325,1376,127,806,322,69,,0,0,0,0,0,0,0,0,0,0,0,0,0,0,2,,
2026-08-28T10:29:09.919Z,1787912949919,50233,1,,83acd2e6,50245,grid,4,1324,1376,127,806,322,69,,0,0,0,0,0,0,0,0,0,0,0,0,0,0,2,,
2026-08-28T10:30:09.939Z,1787913009939,50293,1,,83acd2e6,50305,grid,4,1324,1376,127,807,322,69,,0,0,0,0,0,0,0,0,0,0,0,0,0,0,2,,
2026-08-28T10:31:09.955Z,1787913069955,50353,1,,83acd2e6,50365,grid,4,1325,1376,127,807,322,69,,0,0,0,0,0,0,0,0,0,0,0,0,0,0,2,,
2026-08-28T10:32:09.969Z,1787913129969,50413,1,,83acd2e6,50425,grid,4,1317,1376,127,799,322,69,,0,0,0,0,0,0,0,0,0,0,0,0,0,0,2,,
2026-08-28T10:33:09.980Z,1787913189980,50473,1,,83acd2e6,50485,grid,4,1325,1376,127,807,322,69,,0,0,0,0,0,0,0,0,0,0,0,0,0,0,2,,
2026-08-28T10:34:10.000Z,1787913250000,50533,1,,83acd2e6,50545,grid,4,1325,1376,127,807,322,69,,0,0,0,0,0,0,0,0,0,0,0,0,0,0,2,,
2026-08-28T10:35:10.013Z,1787913310013,50593,1,,83acd2e6,50605,grid,4,1325,1376,127,807,322,69,,0,0,0,0,0,0,0,0,0,0,0,0,0,0,2,,
2026-08-28T10:36:10.025Z,1787913370025,50653,1,,83acd2e6,50665,grid,4,1325,1376,127,807,322,69,,0,0,0,0,0,0,0,0,0,0,0,0,0,0,2,,
2026-08-28T10:37:10.050Z,1787913430050,50713,1,,83acd2e6,50725,grid,4,1325,1376,127,807,322,69,,0,0,0,0,0,0,0,0,0,0,0,0,0,0,2,,
2026-08-28T10:38:10.072Z,1787913490072,50773,1,,83acd2e6,50786,grid,4,1326,1376,127,807,322,69,,0,0,0,0,0,0,0,0,0,0,0,0,0,0,2,,
2026-08-28T10:39:10.080Z,1787913550080,50833,1,,83acd2e6,50846,grid,4,1325,1376,127,807,322,69,,0,0,0,0,0,0,0,0,0,0,0,0,0,0,2,,
2026-08-28T10:40:10.100Z,1787913610100,50893,1,,83acd2e6,50906,grid,4,1325,1376,128,807,322,69,,0,0,0,0,0,0,0,0,0,0,0,0,0,0,2,,
2026-08-28T10:41:10.109Z,1787913670109,50954,1,,83acd2e6,50966,grid,4,1324,1376,127,807,322,69,,0,0,0,0,0,0,0,0,0,0,0,0,0,0,2,,
2026-08-28T10:42:10.119Z,1787913730119,51014,1,,83acd2e6,51026,grid,4,1324,1376,127,806,322,69,,0,0,0,0,0,0,0,0,0,0,0,0,0,0,2,,
2026-08-28T10:43:10.128Z,1787913790128,51074,1,,83acd2e6,51086,grid,4,1324,1376,127,806,322,69,,0,0,0,0,0,0,0,0,0,0,0,0,0,0,2,,
2026-08-28T10:44:10.139Z,1787913850139,51134,1,,83acd2e6,51146,grid,4,1324,1376,127,806,322,69,,0,0,0,0,0,0,0,0,0,0,0,0,0,0,2,,
2026-08-28T10:45:10.153Z,1787913910153,51194,1,,83acd2e6,51206,grid,4,1324,1376,127,807,322,69,,0,0,0,0,0,0,0,0,0,0,0,0,0,0,2,,
2026-08-28T10:46:10.169Z,1787913970169,51254,1,,83acd2e6,51266,grid,4,1325,1376,127,807,322,69,,0,0,0,0,0,0,0,0,0,0,0,0,0,0,2,,
2026-08-28T10:47:10.181Z,1787914030181,51314,1,,83acd2e6,51326,grid,4,1325,1376,127,807,322,69,,0,0,0,0,0,0,0,0,0,0,0,0,0,0,2,,
2026-08-28T10:48:10.195Z,1787914090195,51374,1,,83acd2e6,51386,grid,4,1325,1376,127,808,322,69,,0,0,0,0,0,0,0,0,0,0,0,0,0,0,2,,
2026-08-28T10:49:10.215Z,1787914150215,51434,1,,83acd2e6,51446,grid,4,1325,1376,127,807,322,69,,0,0,0,0,0,0,0,0,0,0,0,0,0,0,2,,
2026-08-28T10:50:10.227Z,1787914210227,51494,1,,83acd2e6,51506,grid,4,1326,1376,127,808,322,69,,0,0,0,0,0,0,0,0,0,0,0,0,0,0,2,,
2026-08-28T10:51:10.252Z,1787914270252,51554,1,,83acd2e6,51566,grid,4,1325,1376,127,807,322,69,,0,0,0,0,0,0,0,0,0,0,0,0,0,0,2,,
2026-08-28T10:52:10.265Z,1787914330265,51614,1,,83acd2e6,51626,grid,4,1325,1376,127,807,322,69,,0,0,0,0,0,0,0,0,0,0,0,0,0,0,2,,
2026-08-28T10:53:10.273Z,1787914390273,51674,1,,83acd2e6,51686,grid,4,1324,1376,127,806,322,69,,0,0,0,0,0,0,0,0,0,0,0,0,0,0,2,,
2026-08-28T10:54:10.289Z,1787914450289,51734,1,,83acd2e6,51746,grid,4,1325,1376,127,806,323,69,,0,0,0,0,0,0,0,0,0,0,0,0,0,0,2,,
2026-08-28T10:55:10.306Z,1787914510306,51794,1,,83acd2e6,51806,grid,4,1325,1376,127,807,322,69,,0,0,0,0,0,0,0,0,0,0,0,0,0,0,2,,
2026-08-28T10:56:10.324Z,1787914570324,51854,1,,83acd2e6,51866,grid,4,1324,1376,127,806,323,69,,0,0,0,0,0,0,0,0,0,0,0,0,0,0,2,,
2026-08-28T10:57:10.333Z,1787914630333,51914,1,,83acd2e6,51926,grid,4,1328,1376,127,805,327,69,,0,0,0,0,0,0,0,0,0,0,0,0,0,0,2,,
2026-08-28T10:58:10.348Z,1787914690348,51974,1,,83acd2e6,51986,grid,4,1324,1376,127,806,322,69,,0,0,0,0,0,0,0,0,0,0,0,0,0,0,2,,
2026-08-28T10:59:10.357Z,1787914750357,52034,1,,83acd2e6,52046,grid,4,1324,1376,127,806,323,69,,0,0,0,0,0,0,0,0,0,0,0,0,0,0,2,,
2026-08-28T11:00:10.367Z,1787914810367,52094,1,,83acd2e6,52106,grid,4,1324,1376,127,806,322,69,,0,0,0,0,0,0,0,0,0,0,0,0,0,0,2,,
2026-08-28T11:01:10.379Z,1787914870379,52154,1,,83acd2e6,52166,grid,4,1324,1376,127,806,322,69,,0,0,0,0,0,0,0,0,0,0,0,0,0,0,2,,
2026-08-28T11:02:10.395Z,1787914930395,52214,1,,83acd2e6,52226,grid,4,1326,1376,127,808,322,69,,0,0,0,0,0,0,0,0,0,0,0,0,0,0,2,,
2026-08-28T11:03:10.416Z,1787914990416,52274,1,,83acd2e6,52286,grid,4,1324,1376,127,807,322,69,,0,0,0,0,0,0,0,0,0,0,0,0,0,0,2,,
2026-08-28T11:04:10.429Z,1787915050429,52334,1,,83acd2e6,52346,grid,4,1325,1376,127,807,322,69,,0,0,0,0,0,0,0,0,0,0,0,0,0,0,2,,
2026-08-28T11:05:10.437Z,1787915110437,52394,1,,83acd2e6,52406,grid,4,1325,1376,127,807,322,69,,0,0,0,0,0,0,0,0,0,0,0,0,0,0,2,,
2026-08-28T11:06:10.445Z,1787915170445,52454,1,,83acd2e6,52466,grid,4,1324,1376,127,806,322,69,,0,0,0,0,0,0,0,0,0,0,0,0,0,0,2,,
2026-08-28T11:07:10.454Z,1787915230454,52514,1,,83acd2e6,52526,grid,4,1325,1376,127,807,322,69,,0,0,0,0,0,0,0,0,0,0,0,0,0,0,2,,
2026-08-28T11:08:10.485Z,1787915290485,52574,1,,83acd2e6,52586,grid,4,1325,1376,127,807,322,69,,0,0,0,0,0,0,0,0,0,0,0,0,0,0,2,,
2026-08-28T11:09:10.504Z,1787915350504,52634,1,,83acd2e6,52646,grid,4,1324,1376,127,807,322,69,,0,0,0,0,0,0,0,0,0,0,0,0,0,0,2,,
2026-08-28T11:10:10.513Z,1787915410513,52694,1,,83acd2e6,52706,grid,4,1325,1376,127,807,322,69,,0,0,0,0,0,0,0,0,0,0,0,0,0,0,2,,
2026-08-28T11:11:10.524Z,1787915470524,52754,1,,83acd2e6,52766,grid,4,1325,1376,127,807,322,69,,0,0,0,0,0,0,0,0,0,0,0,0,0,0,2,,
2026-08-28T11:12:10.534Z,1787915530534,52814,1,,83acd2e6,52826,grid,4,1326,1376,127,808,322,69,,0,0,0,0,0,0,0,0,0,0,0,0,0,0,2,,
2026-08-28T11:13:10.553Z,1787915590553,52874,1,,83acd2e6,52886,grid,4,1329,1376,127,807,326,69,,0,0,0,0,0,0,0,0,0,0,0,0,0,0,2,,
2026-08-28T11:14:10.566Z,1787915650566,52934,1,,83acd2e6,52946,grid,4,1325,1376,127,807,322,69,,0,0,0,0,0,0,0,0,0,0,0,0,0,0,2,,
2026-08-28T11:15:10.586Z,1787915710586,52994,1,,83acd2e6,53006,grid,4,1326,1376,127,808,322,69,,0,0,0,0,0,0,0,0,0,0,0,0,0,0,2,,
2026-08-28T11:16:10.599Z,1787915770599,53054,1,,83acd2e6,53066,grid,4,1330,1376,127,807,326,69,,0,0,0,0,0,0,0,0,0,0,0,0,0,0,2,,
2026-08-28T11:17:10.612Z,1787915830612,53114,1,,83acd2e6,53126,grid,4,1326,1376,127,808,322,69,,0,0,0,0,0,0,0,0,0,0,0,0,0,0,2,,
2026-08-28T11:18:10.628Z,1787915890628,53174,1,,83acd2e6,53186,grid,4,1326,1376,127,808,322,69,,0,0,0,0,0,0,0,0,0,0,0,0,0,0,2,,
2026-08-28T11:19:10.643Z,1787915950643,53234,1,,83acd2e6,53246,grid,4,1325,1376,128,807,322,69,,0,0,0,0,0,0,0,0,0,0,0,0,0,0,2,,
2026-08-28T11:20:10.663Z,1787916010663,53294,1,,83acd2e6,53306,grid,4,1329,1376,128,807,326,69,,0,0,0,0,0,0,0,0,0,0,0,0,0,0,2,,
2026-08-28T11:21:10.676Z,1787916070676,53354,1,,83acd2e6,53366,grid,4,1325,1376,128,807,322,69,,0,0,0,0,0,0,0,0,0,0,0,0,0,0,2,,
2026-08-28T11:22:10.687Z,1787916130687,53414,1,,83acd2e6,53426,grid,4,1330,1376,128,808,326,69,,0,0,0,0,0,0,0,0,0,0,0,0,0,0,2,,
2026-08-28T11:23:10.698Z,1787916190698,53474,1,,83acd2e6,53486,grid,4,1325,1376,128,807,322,69,,0,0,0,0,0,0,0,0,0,0,0,0,0,0,2,,
2026-08-28T11:24:10.712Z,1787916250712,53534,1,,83acd2e6,53546,grid,4,1325,1376,128,807,322,69,,0,0,0,0,0,0,0,0,0,0,0,0,0,0,2,,
2026-08-28T11:25:10.720Z,1787916310720,53594,1,,83acd2e6,53606,grid,4,1325,1376,128,807,322,69,,0,0,0,0,0,0,0,0,0,0,0,0,0,0,2,,
2026-08-28T11:26:10.733Z,1787916370733,53654,1,,83acd2e6,53666,grid,4,1325,1376,128,807,322,69,,0,0,0,0,0,0,0,0,0,0,0,0,0,0,2,,
2026-08-28T11:27:10.754Z,1787916430754,53714,1,,83acd2e6,53726,grid,4,1326,1376,128,807,322,69,,0,0,0,0,0,0,0,0,0,0,0,0,0,0,2,,
2026-08-28T11:28:10.773Z,1787916490773,53774,1,,83acd2e6,53786,grid,4,1325,1376,128,807,322,69,,0,0,0,0,0,0,0,0,0,0,0,0,0,0,2,,
2026-08-28T11:29:10.787Z,1787916550787,53834,1,,83acd2e6,53846,grid,4,1326,1376,128,807,322,69,,0,0,0,0,0,0,0,0,0,0,0,0,0,0,2,,
2026-08-28T11:30:10.805Z,1787916610805,53894,1,,83acd2e6,53906,grid,4,1326,1376,128,807,322,69,,0,0,0,0,0,0,0,0,0,0,0,0,0,0,2,,
2026-08-28T11:31:10.827Z,1787916670827,53954,1,,83acd2e6,53966,grid,4,1326,1376,128,807,322,69,,0,0,0,0,0,0,0,0,0,0,0,0,0,0,2,,
2026-08-28T11:32:10.835Z,1787916730835,54014,1,,83acd2e6,54026,grid,4,1327,1376,128,808,322,69,,0,0,0,0,0,0,0,0,0,0,0,0,0,0,2,,
2026-08-28T11:33:10.848Z,1787916790848,54074,1,,83acd2e6,54086,grid,4,1325,1376,128,807,322,69,,0,0,0,0,0,0,0,0,0,0,0,0,0,0,2,,
2026-08-28T11:34:10.866Z,1787916850866,54134,1,,83acd2e6,54146,grid,4,1326,1376,128,807,322,69,,0,0,0,0,0,0,0,0,0,0,0,0,0,0,2,,
2026-08-28T11:35:10.875Z,1787916910875,54194,1,,83acd2e6,54206,grid,4,1327,1376,128,808,322,69,,0,0,0,0,0,0,0,0,0,0,0,0,0,0,2,,
2026-08-28T11:36:10.892Z,1787916970892,54254,1,,83acd2e6,54266,grid,4,1326,1376,128,807,322,69,,0,0,0,0,0,0,0,0,0,0,0,0,0,0,2,,
2026-08-28T11:37:10.913Z,1787917030913,54314,1,,83acd2e6,54326,grid,4,1327,1376,128,808,322,69,,0,0,0,0,0,0,0,0,0,0,0,0,0,0,2,,
2026-08-28T11:38:10.937Z,1787917090937,54374,1,,83acd2e6,54386,grid,4,1326,1376,128,807,322,69,,0,0,0,0,0,0,0,0,0,0,0,0,0,0,2,,
2026-08-28T11:39:10.951Z,1787917150951,54434,1,,83acd2e6,54446,grid,4,1331,1376,128,808,326,69,,0,0,0,0,0,0,0,0,0,0,0,0,0,0,2,,
2026-08-28T11:40:10.966Z,1787917210966,54494,1,,83acd2e6,54506,grid,4,1327,1376,128,808,322,69,,0,0,0,0,0,0,0,0,0,0,0,0,0,0,2,,
2026-08-28T11:41:10.988Z,1787917270988,54554,1,,83acd2e6,54566,grid,4,1325,1376,128,807,322,69,,0,0,0,0,0,0,0,0,0,0,0,0,0,0,2,,
2026-08-28T11:42:10.999Z,1787917330999,54614,1,,83acd2e6,54626,grid,4,1324,1376,128,806,322,69,,0,0,0,0,0,0,0,0,0,0,0,0,0,0,2,,
2026-08-28T11:43:11.016Z,1787917391016,54674,1,,83acd2e6,54686,grid,4,1324,1376,128,806,322,69,,0,0,0,0,0,0,0,0,0,0,0,0,0,0,2,,
2026-08-28T11:44:11.029Z,1787917451029,54734,1,,83acd2e6,54746,grid,4,1325,1376,128,807,322,69,,0,0,0,0,0,0,0,0,0,0,0,0,0,0,2,,
2026-08-28T11:45:11.043Z,1787917511043,54794,1,,83acd2e6,54806,grid,4,1325,1376,128,807,322,69,,0,0,0,0,0,0,0,0,0,0,0,0,0,0,2,,
2026-08-28T11:46:11.059Z,1787917571059,54854,1,,83acd2e6,54866,grid,4,1325,1376,128,807,322,69,,0,0,0,0,0,0,0,0,0,0,0,0,0,0,2,,
2026-08-28T11:47:11.077Z,1787917631077,54914,1,,83acd2e6,54927,grid,4,1325,1376,128,807,322,69,,0,0,0,0,0,0,0,0,0,0,0,0,0,0,2,,
2026-08-28T11:48:11.101Z,1787917691101,54974,1,,83acd2e6,54987,grid,4,1326,1376,128,807,322,69,,0,0,0,0,0,0,0,0,0,0,0,0,0,0,2,,
2026-08-28T11:49:11.117Z,1787917751117,55035,1,,83acd2e6,55047,grid,4,1326,1376,128,808,322,69,,0,0,0,0,0,0,0,0,0,0,0,0,0,0,2,,
2026-08-28T11:50:11.125Z,1787917811125,55095,1,,83acd2e6,55107,grid,4,1325,1376,128,807,322,69,,0,0,0,0,0,0,0,0,0,0,0,0,0,0,2,,
2026-08-28T11:51:11.151Z,1787917871151,55155,1,,83acd2e6,55167,grid,4,1324,1376,128,806,322,69,,0,0,0,0,0,0,0,0,0,0,0,0,0,0,2,,
2026-08-28T11:52:11.163Z,1787917931163,55215,1,,83acd2e6,55227,grid,4,1325,1376,128,807,322,69,,0,0,0,0,0,0,0,0,0,0,0,0,0,0,2,,
2026-08-28T11:53:11.177Z,1787917991177,55275,1,,83acd2e6,55287,grid,4,1324,1376,128,806,322,69,,0,0,0,0,0,0,0,0,0,0,0,0,0,0,2,,
2026-08-28T11:54:11.189Z,1787918051189,55335,1,,83acd2e6,55347,grid,4,1326,1376,128,807,322,69,,0,0,0,0,0,0,0,0,0,0,0,0,0,0,2,,
2026-08-28T11:55:11.212Z,1787918111212,55395,1,,83acd2e6,55407,grid,4,1329,1376,128,807,326,69,,0,0,0,0,0,0,0,0,0,0,0,0,0,0,2,,
2026-08-28T11:56:11.227Z,1787918171227,55455,1,,83acd2e6,55467,grid,4,1325,1376,128,807,322,69,,0,0,0,0,0,0,0,0,0,0,0,0,0,0,2,,
2026-08-28T11:57:11.239Z,1787918231239,55515,1,,83acd2e6,55527,grid,4,1326,1376,128,808,322,69,,0,0,0,0,0,0,0,0,0,0,0,0,0,0,2,,
2026-08-28T11:58:11.252Z,1787918291252,55575,1,,83acd2e6,55587,grid,4,1326,1376,128,807,322,69,,0,0,0,0,0,0,0,0,0,0,0,0,0,0,2,,
2026-08-28T11:59:11.274Z,1787918351274,55635,1,,83acd2e6,55647,grid,4,1326,1376,128,808,322,69,,0,0,0,0,0,0,0,0,0,0,0,0,0,0,2,,
2026-08-28T12:00:11.296Z,1787918411296,55695,1,,83acd2e6,55707,grid,4,1326,1376,128,808,322,69,,0,0,0,0,0,0,0,0,0,0,0,0,0,0,2,,
2026-08-28T12:01:11.311Z,1787918471311,55755,1,,83acd2e6,55767,grid,4,1329,1376,128,807,326,69,,0,0,0,0,0,0,0,0,0,0,0,0,0,0,2,,
2026-08-28T12:02:11.324Z,1787918531324,55815,1,,83acd2e6,55827,grid,4,1317,1376,127,799,322,69,,0,0,0,0,0,0,0,0,0,0,0,0,0,0,2,,
2026-08-28T12:03:11.335Z,1787918591335,55875,1,,83acd2e6,55887,grid,4,1325,1376,127,807,322,69,,0,0,0,0,0,0,0,0,0,0,0,0,0,0,2,,
2026-08-28T12:04:11.352Z,1787918651352,55935,1,,83acd2e6,55947,grid,4,1324,1376,127,807,322,69,,0,0,0,0,0,0,0,0,0,0,0,0,0,0,2,,
2026-08-28T12:05:11.367Z,1787918711367,55995,1,,83acd2e6,56007,grid,4,1324,1376,127,806,322,69,,0,0,0,0,0,0,0,0,0,0,0,0,0,0,2,,
2026-08-28T12:06:11.394Z,1787918771394,56055,1,,83acd2e6,56067,grid,4,1324,1376,127,807,322,69,,0,0,0,0,0,0,0,0,0,0,0,0,0,0,2,,
2026-08-28T12:07:11.410Z,1787918831410,56115,1,,83acd2e6,56127,grid,4,1325,1376,127,807,322,69,,0,0,0,0,0,0,0,0,0,0,0,0,0,0,2,,
2026-08-28T12:08:11.426Z,1787918891426,56175,1,,83acd2e6,56187,grid,4,1325,1376,127,808,322,69,,0,0,0,0,0,0,0,0,0,0,0,0,0,0,2,,
2026-08-28T12:09:11.436Z,1787918951436,56235,1,,83acd2e6,56247,grid,4,1329,1376,127,807,326,69,,0,0,0,0,0,0,0,0,0,0,0,0,0,0,2,,
2026-08-28T12:10:11.445Z,1787919011445,56295,1,,83acd2e6,56307,grid,4,1330,1376,127,808,326,69,,0,0,0,0,0,0,0,0,0,0,0,0,0,0,2,,
2026-08-28T12:11:11.463Z,1787919071463,56355,1,,83acd2e6,56367,grid,4,1325,1376,127,807,322,69,,0,0,0,0,0,0,0,0,0,0,0,0,0,0,2,,
2026-08-28T12:12:11.471Z,1787919131471,56415,1,,83acd2e6,56427,grid,4,1325,1376,127,807,322,69,,0,0,0,0,0,0,0,0,0,0,0,0,0,0,2,,
2026-08-28T12:13:11.492Z,1787919191492,56475,1,,83acd2e6,56487,grid,4,1324,1376,127,806,322,69,,0,0,0,0,0,0,0,0,0,0,0,0,0,0,2,,
2026-08-28T12:14:11.512Z,1787919251512,56535,1,,83acd2e6,56547,grid,4,1323,1376,127,805,322,69,,0,0,0,0,0,0,0,0,0,0,0,0,0,0,2,,
2026-08-28T12:15:11.532Z,1787919311532,56595,1,,83acd2e6,56607,grid,4,1324,1376,127,806,322,69,,0,0,0,0,0,0,0,0,0,0,0,0,0,0,2,,
2026-08-28T12:16:11.550Z,1787919371550,56655,1,,83acd2e6,56667,grid,4,1324,1376,127,806,322,69,,0,0,0,0,0,0,0,0,0,0,0,0,0,0,2,,
2026-08-28T12:17:11.568Z,1787919431568,56715,1,,83acd2e6,56727,grid,4,1324,1376,127,806,322,69,,0,0,0,0,0,0,0,0,0,0,0,0,0,0,2,,
2026-08-28T12:18:11.583Z,1787919491583,56775,1,,83acd2e6,56787,grid,4,1325,1376,127,807,322,69,,0,0,0,0,0,0,0,0,0,0,0,0,0,0,2,,
2026-08-28T12:19:11.607Z,1787919551607,56835,1,,83acd2e6,56847,grid,4,1324,1376,127,806,322,69,,0,0,0,0,0,0,0,0,0,0,0,0,0,0,2,,
2026-08-28T12:20:11.619Z,1787919611619,56895,1,,83acd2e6,56907,grid,4,1325,1376,128,807,322,69,,0,0,0,0,0,0,0,0,0,0,0,0,0,0,2,,
2026-08-28T12:21:11.635Z,1787919671635,56955,1,,83acd2e6,56967,grid,4,1325,1376,128,806,322,69,,0,0,0,0,0,0,0,0,0,0,0,0,0,0,2,,
2026-08-28T12:22:11.651Z,1787919731651,57015,1,,83acd2e6,57027,grid,4,1325,1376,128,807,322,69,,0,0,0,0,0,0,0,0,0,0,0,0,0,0,2,,
2026-08-28T12:23:11.663Z,1787919791663,57075,1,,83acd2e6,57087,grid,4,1325,1376,127,807,322,69,,0,0,0,0,0,0,0,0,0,0,0,0,0,0,2,,
2026-08-28T12:24:11.682Z,1787919851682,57135,1,,83acd2e6,57147,grid,4,1323,1376,127,806,322,69,,0,0,0,0,0,0,0,0,0,0,0,0,0,0,2,,
2026-08-28T12:25:11.696Z,1787919911696,57195,1,,83acd2e6,57207,grid,4,1324,1376,127,806,322,69,,0,0,0,0,0,0,0,0,0,0,0,0,0,0,2,,
2026-08-28T12:26:11.711Z,1787919971711,57255,1,,83acd2e6,57267,grid,4,1324,1376,127,806,322,69,,0,0,0,0,0,0,0,0,0,0,0,0,0,0,2,,
2026-08-28T12:27:11.721Z,1787920031721,57315,1,,83acd2e6,57327,grid,4,1324,1376,127,806,322,69,,0,0,0,0,0,0,0,0,0,0,0,0,0,0,2,,
2026-08-28T12:28:11.737Z,1787920091737,57375,1,,83acd2e6,57387,grid,4,1324,1376,127,806,322,69,,0,0,0,0,0,0,0,0,0,0,0,0,0,0,2,,
2026-08-28T12:29:11.756Z,1787920151756,57435,1,,83acd2e6,57447,grid,4,1324,1376,127,807,322,69,,0,0,0,0,0,0,0,0,0,0,0,0,0,0,2,,
2026-08-28T12:30:11.772Z,1787920211772,57495,1,,83acd2e6,57507,grid,4,1325,1376,127,807,322,69,,0,0,0,0,0,0,0,0,0,0,0,0,0,0,2,,
2026-08-28T12:31:11.796Z,1787920271796,57555,1,,83acd2e6,57567,grid,4,1325,1376,127,807,322,69,,0,0,0,0,0,0,0,0,0,0,0,0,0,0,2,,
2026-08-28T12:32:11.806Z,1787920331806,57615,1,,83acd2e6,57627,grid,4,1328,1376,127,809,323,69,,0,0,0,0,0,0,0,0,0,0,0,0,0,0,2,,
2026-08-28T12:33:11.824Z,1787920391824,57675,1,,83acd2e6,57687,grid,4,1326,1376,127,808,322,69,,0,0,0,0,0,0,0,0,0,0,0,0,0,0,2,,
2026-08-28T12:34:11.835Z,1787920451835,57735,1,,83acd2e6,57747,grid,4,1329,1376,127,807,326,69,,0,0,0,0,0,0,0,0,0,0,0,0,0,0,2,,
2026-08-28T12:35:11.855Z,1787920511855,57795,1,,83acd2e6,57807,grid,4,1330,1376,127,808,326,69,,0,0,0,0,0,0,0,0,0,0,0,0,0,0,2,,
2026-08-28T12:36:11.869Z,1787920571869,57855,1,,83acd2e6,57867,grid,4,1330,1376,127,807,326,69,,0,0,0,0,0,0,0,0,0,0,0,0,0,0,2,,
2026-08-28T12:37:11.880Z,1787920631880,57915,1,,83acd2e6,57927,grid,4,1326,1376,128,807,323,69,,0,0,0,0,0,0,0,0,0,0,0,0,0,0,2,,
2026-08-28T12:38:11.896Z,1787920691896,57975,1,,83acd2e6,57987,grid,4,1326,1376,128,808,322,69,,0,0,0,0,0,0,0,0,0,0,0,0,0,0,2,,
2026-08-28T12:39:11.920Z,1787920751920,58035,1,,83acd2e6,58047,grid,4,1324,1376,128,806,322,69,,0,0,0,0,0,0,0,0,0,0,0,0,0,0,2,,
2026-08-28T12:40:11.931Z,1787920811931,58095,1,,83acd2e6,58107,grid,4,1324,1376,128,806,322,69,,0,0,0,0,0,0,0,0,0,0,0,0,0,0,2,,
2026-08-28T12:41:11.944Z,1787920871944,58155,1,,83acd2e6,58167,grid,4,1323,1376,128,805,322,69,,0,0,0,0,0,0,0,0,0,0,0,0,0,0,2,,
2026-08-28T12:42:11.959Z,1787920931959,58215,1,,83acd2e6,58227,grid,4,1324,1376,128,806,322,69,,0,0,0,0,0,0,0,0,0,0,0,0,0,0,2,,
2026-08-28T12:43:11.977Z,1787920991977,58275,1,,83acd2e6,58287,grid,4,1323,1376,127,806,322,69,,0,0,0,0,0,0,0,0,0,0,0,0,0,0,2,,
2026-08-28T12:44:12.001Z,1787921052001,58335,1,,83acd2e6,58347,grid,4,1323,1376,127,805,322,69,,0,0,0,0,0,0,0,0,0,0,0,0,0,0,2,,
2026-08-28T12:45:12.020Z,1787921112020,58395,1,,83acd2e6,58407,grid,4,1324,1376,127,806,322,69,,0,0,0,0,0,0,0,0,0,0,0,0,0,0,2,,
2026-08-28T12:46:12.027Z,1787921172027,58455,1,,83acd2e6,58467,grid,4,1324,1376,127,806,322,69,,0,0,0,0,0,0,0,0,0,0,0,0,0,0,2,,
2026-08-28T12:47:12.047Z,1787921232047,58515,1,,83acd2e6,58527,grid,4,1324,1376,127,807,322,69,,0,0,0,0,0,0,0,0,0,0,0,0,0,0,2,,
2026-08-28T12:48:12.059Z,1787921292059,58575,1,,83acd2e6,58587,grid,4,1325,1376,127,807,322,69,,0,0,0,0,0,0,0,0,0,0,0,0,0,0,2,,
2026-08-28T12:49:12.070Z,1787921352070,58635,1,,83acd2e6,58648,grid,4,1324,1376,127,807,322,69,,0,0,0,0,0,0,0,0,0,0,0,0,0,0,2,,
2026-08-28T12:50:12.080Z,1787921412080,58695,1,,83acd2e6,58708,grid,4,1324,1376,127,806,322,69,,0,0,0,0,0,0,0,0,0,0,0,0,0,0,2,,
2026-08-28T12:51:12.098Z,1787921472098,58755,1,,83acd2e6,58768,grid,4,1324,1376,127,806,322,69,,0,0,0,0,0,0,0,0,0,0,0,0,0,0,2,,
2026-08-28T12:52:12.113Z,1787921532113,58816,1,,83acd2e6,58828,grid,4,1325,1376,127,807,322,69,,0,0,0,0,0,0,0,0,0,0,0,0,0,0,2,,
2026-08-28T12:53:12.125Z,1787921592125,58876,1,,83acd2e6,58888,grid,4,1325,1376,127,807,322,69,,0,0,0,0,0,0,0,0,0,0,0,0,0,0,2,,
2026-08-28T12:54:12.143Z,1787921652143,58936,1,,83acd2e6,58948,grid,4,1325,1376,128,806,322,69,,0,0,0,0,0,0,0,0,0,0,0,0,0,0,2,,
2026-08-28T12:55:12.157Z,1787921712157,58996,1,,83acd2e6,59008,grid,4,1326,1376,128,807,323,69,,0,0,0,0,0,0,0,0,0,0,0,0,0,0,2,,
2026-08-28T12:56:12.170Z,1787921772170,59056,1,,83acd2e6,59068,grid,4,1326,1376,128,807,323,69,,0,0,0,0,0,0,0,0,0,0,0,0,0,0,2,,
2026-08-28T12:57:12.190Z,1787921832190,59116,1,,83acd2e6,59128,grid,4,1325,1376,128,806,323,69,,0,0,0,0,0,0,0,0,0,0,0,0,0,0,2,,
2026-08-28T12:58:12.203Z,1787921892203,59176,1,,83acd2e6,59188,grid,4,1325,1376,128,807,322,69,,0,0,0,0,0,0,0,0,0,0,0,0,0,0,2,,
2026-08-28T12:59:12.225Z,1787921952225,59236,1,,83acd2e6,59248,grid,4,1325,1376,128,806,322,69,,0,0,0,0,0,0,0,0,0,0,0,0,0,0,2,,
2026-08-28T13:00:12.232Z,1787922012232,59296,1,,83acd2e6,59308,grid,4,1325,1376,128,806,322,69,,0,0,0,0,0,0,0,0,0,0,0,0,0,0,2,,
2026-08-28T13:01:12.249Z,1787922072249,59356,1,,83acd2e6,59368,grid,4,1325,1376,128,806,322,69,,0,0,0,0,0,0,0,0,0,0,0,0,0,0,2,,
2026-08-28T13:02:12.267Z,1787922132267,59416,1,,83acd2e6,59428,grid,4,1319,1376,128,799,323,69,,0,0,0,0,0,0,0,0,0,0,0,0,0,0,2,,
2026-08-28T13:03:12.291Z,1787922192291,59476,1,,83acd2e6,59488,grid,4,1326,1376,128,807,323,69,,0,0,0,0,0,0,0,0,0,0,0,0,0,0,2,,
2026-08-28T13:04:12.299Z,1787922252299,59536,1,,83acd2e6,59548,grid,4,1326,1376,127,807,323,69,,0,0,0,0,0,0,0,0,0,0,0,0,0,0,2,,
2026-08-28T13:05:12.316Z,1787922312316,59596,1,,83acd2e6,59608,grid,4,1326,1376,127,807,323,69,,0,0,0,0,0,0,0,0,0,0,0,0,0,0,2,,
2026-08-28T13:06:12.338Z,1787922372338,59656,1,,83acd2e6,59668,grid,4,1323,1376,127,805,322,69,,0,0,0,0,0,0,0,0,0,0,0,0,0,0,2,,
2026-08-28T13:07:12.353Z,1787922432353,59716,1,,83acd2e6,59728,grid,4,1324,1376,127,806,322,69,,0,0,0,0,0,0,0,0,0,0,0,0,0,0,2,,
2026-08-28T13:08:12.364Z,1787922492364,59776,1,,83acd2e6,59788,grid,4,1325,1376,127,807,322,69,,0,0,0,0,0,0,0,0,0,0,0,0,0,0,2,,
2026-08-28T13:09:12.376Z,1787922552376,59836,1,,83acd2e6,59848,grid,4,1325,1376,128,806,322,69,,0,0,0,0,0,0,0,0,0,0,0,0,0,0,2,,
2026-08-28T13:10:12.385Z,1787922612385,59896,1,,83acd2e6,59908,grid,4,1326,1376,128,807,322,69,,0,0,0,0,0,0,0,0,0,0,0,0,0,0,2,,
2026-08-28T13:11:12.396Z,1787922672396,59956,1,,83acd2e6,59968,grid,4,1330,1376,128,807,326,69,,0,0,0,0,0,0,0,0,0,0,0,0,0,0,2,,
2026-08-28T13:12:12.415Z,1787922732415,60016,1,,83acd2e6,60028,grid,4,1330,1376,128,807,327,69,,0,0,0,0,0,0,0,0,0,0,0,0,0,0,2,,
2026-08-28T13:13:12.436Z,1787922792436,60076,1,,83acd2e6,60088,grid,4,1325,1376,128,806,323,69,,0,0,0,0,0,0,0,0,0,0,0,0,0,0,2,,
2026-08-28T13:14:12.459Z,1787922852459,60136,1,,83acd2e6,60148,grid,4,1324,1376,128,806,322,69,,0,0,0,0,0,0,0,0,0,0,0,0,0,0,2,,
2026-08-28T13:15:12.471Z,1787922912471,60196,1,,83acd2e6,60208,grid,4,1326,1376,128,807,323,69,,0,0,0,0,0,0,0,0,0,0,0,0,0,0,2,,
2026-08-28T13:16:12.480Z,1787922972480,60256,1,,83acd2e6,60268,grid,4,1325,1376,128,806,323,69,,0,0,0,0,0,0,0,0,0,0,0,0,0,0,2,,
2026-08-28T13:17:12.501Z,1787923032501,60316,1,,83acd2e6,60328,grid,4,1326,1376,128,807,322,69,,0,0,0,0,0,0,0,0,0,0,0,0,0,0,2,,
2026-08-28T13:18:12.517Z,1787923092517,60376,1,,83acd2e6,60388,grid,4,1326,1376,128,807,322,69,,0,0,0,0,0,0,0,0,0,0,0,0,0,0,2,,
2026-08-28T13:19:12.533Z,1787923152533,60436,1,,83acd2e6,60448,grid,4,1326,1376,128,807,322,69,,0,0,0,0,0,0,0,0,0,0,0,0,0,0,2,,
2026-08-28T13:20:12.542Z,1787923212542,60496,1,,83acd2e6,60508,grid,4,1326,1376,128,807,323,69,,0,0,0,0,0,0,0,0,0,0,0,0,0,0,2,,
2026-08-28T13:21:12.552Z,1787923272552,60556,1,,83acd2e6,60568,grid,4,1325,1376,128,806,322,69,,0,0,0,0,0,0,0,0,0,0,0,0,0,0,2,,
2026-08-28T13:22:12.565Z,1787923332565,60616,1,,83acd2e6,60628,grid,4,1326,1376,128,807,322,69,,0,0,0,0,0,0,0,0,0,0,0,0,0,0,2,,
2026-08-28T13:23:12.588Z,1787923392588,60676,1,,83acd2e6,60688,grid,4,1325,1376,128,807,322,69,,0,0,0,0,0,0,0,0,0,0,0,0,0,0,2,,
2026-08-28T13:24:12.608Z,1787923452608,60736,1,,83acd2e6,60748,grid,4,1326,1376,128,807,322,69,,0,0,0,0,0,0,0,0,0,0,0,0,0,0,2,,
2026-08-28T13:25:12.624Z,1787923512624,60796,1,,83acd2e6,60808,grid,4,1326,1376,127,808,322,69,,0,0,0,0,0,0,0,0,0,0,0,0,0,0,2,,
2026-08-28T13:26:12.639Z,1787923572639,60856,1,,83acd2e6,60868,grid,4,1326,1376,127,807,322,69,,0,0,0,0,0,0,0,0,0,0,0,0,0,0,2,,
2026-08-28T13:27:12.657Z,1787923632657,60916,1,,83acd2e6,60928,grid,4,1326,1376,127,808,322,69,,0,0,0,0,0,0,0,0,0,0,0,0,0,0,2,,
2026-08-28T13:28:12.666Z,1787923692666,60976,1,,83acd2e6,60988,grid,4,1325,1376,127,807,322,69,,0,0,0,0,0,0,0,0,0,0,0,0,0,0,2,,
2026-08-28T13:29:12.676Z,1787923752676,61036,1,,83acd2e6,61048,grid,4,1325,1376,127,807,322,69,,0,0,0,0,0,0,0,0,0,0,0,0,0,0,2,,
2026-08-28T13:30:12.696Z,1787923812696,61096,1,,83acd2e6,61108,grid,4,1324,1376,128,806,322,69,,0,0,0,0,0,0,0,0,0,0,0,0,0,0,2,,
2026-08-28T13:31:12.722Z,1787923872722,61156,1,,83acd2e6,61168,grid,4,1324,1376,128,806,322,69,,0,0,0,0,0,0,0,0,0,0,0,0,0,0,2,,
2026-08-28T13:32:12.732Z,1787923932732,61216,1,,83acd2e6,61228,grid,4,1328,1376,128,808,323,69,,0,0,0,0,0,0,0,0,0,0,0,0,0,0,2,,
2026-08-28T13:33:12.750Z,1787923992750,61276,1,,83acd2e6,61288,grid,4,1325,1376,128,806,322,69,,0,0,0,0,0,0,0,0,0,0,0,0,0,0,2,,
2026-08-28T13:34:12.767Z,1787924052767,61336,1,,83acd2e6,61348,grid,4,1326,1376,128,807,323,69,,0,0,0,0,0,0,0,0,0,0,0,0,0,0,2,,
2026-08-28T13:35:12.784Z,1787924112784,61396,1,,83acd2e6,61408,grid,4,1326,1376,128,807,323,69,,0,0,0,0,0,0,0,0,0,0,0,0,0,0,2,,
2026-08-28T13:36:12.798Z,1787924172798,61456,1,,83acd2e6,61468,grid,4,1326,1376,128,807,322,69,,0,0,0,0,0,0,0,0,0,0,0,0,0,0,2,,
2026-08-28T13:37:12.820Z,1787924232820,61516,1,,83acd2e6,61528,grid,4,1326,1376,128,807,323,69,,0,0,0,0,0,0,0,0,0,0,0,0,0,0,2,,
2026-08-28T13:38:12.839Z,1787924292839,61576,1,,83acd2e6,61588,grid,4,1326,1376,128,807,322,69,,0,0,0,0,0,0,0,0,0,0,0,0,0,0,2,,
2026-08-28T13:39:12.858Z,1787924352858,61636,1,,83acd2e6,61648,grid,4,1326,1376,128,807,322,69,,0,0,0,0,0,0,0,0,0,0,0,0,0,0,2,,
2026-08-28T13:40:12.871Z,1787924412871,61696,1,,83acd2e6,61708,grid,4,1326,1376,128,807,322,69,,0,0,0,0,0,0,0,0,0,0,0,0,0,0,2,,
2026-08-28T13:41:12.894Z,1787924472894,61756,1,,83acd2e6,61768,grid,4,1326,1376,128,807,322,69,,0,0,0,0,0,0,0,0,0,0,0,0,0,0,2,,
2026-08-28T13:42:12.905Z,1787924532905,61816,1,,83acd2e6,61828,grid,4,1326,1376,128,807,322,69,,0,0,0,0,0,0,0,0,0,0,0,0,0,0,2,,
2026-08-28T13:43:12.920Z,1787924592920,61876,1,,83acd2e6,61888,grid,4,1326,1376,128,807,323,69,,0,0,0,0,0,0,0,0,0,0,0,0,0,0,2,,
2026-08-28T13:44:12.929Z,1787924652929,61936,1,,83acd2e6,61948,grid,4,1330,1376,128,807,327,69,,0,0,0,0,0,0,0,0,0,0,0,0,0,0,2,,
2026-08-28T13:45:12.939Z,1787924712939,61996,1,,83acd2e6,62008,grid,4,1330,1376,128,807,327,69,,0,0,0,0,0,0,0,0,0,0,0,0,0,0,2,,
2026-08-28T13:46:12.953Z,1787924772953,62056,1,,83acd2e6,62068,grid,4,1325,1376,127,807,322,69,,0,0,0,0,0,0,0,0,0,0,0,0,0,0,2,,
2026-08-28T13:47:12.965Z,1787924832965,62116,1,,83acd2e6,62128,grid,4,1325,1376,128,807,322,69,,0,0,0,0,0,0,0,0,0,0,0,0,0,0,2,,
2026-08-28T13:48:12.987Z,1787924892987,62176,1,,83acd2e6,62188,grid,4,1325,1376,128,806,322,69,,0,0,0,0,0,0,0,0,0,0,0,0,0,0,2,,
2026-08-28T13:49:13.007Z,1787924953007,62236,1,,83acd2e6,62248,grid,4,1325,1376,128,807,322,69,,0,0,0,0,0,0,0,0,0,0,0,0,0,0,2,,
2026-08-28T13:50:13.019Z,1787925013019,62296,1,,83acd2e6,62308,grid,4,1325,1376,128,806,322,69,,0,0,0,0,0,0,0,0,0,0,0,0,0,0,2,,
2026-08-28T13:51:13.036Z,1787925073036,62356,1,,83acd2e6,62368,grid,4,1326,1376,128,807,322,69,,0,0,0,0,0,0,0,0,0,0,0,0,0,0,2,,
2026-08-28T13:52:13.058Z,1787925133058,62416,1,,83acd2e6,62428,grid,4,1326,1376,128,807,322,69,,0,0,0,0,0,0,0,0,0,0,0,0,0,0,2,,
2026-08-28T13:53:13.079Z,1787925193079,62476,1,,83acd2e6,62489,grid,4,1325,1376,128,806,322,69,,0,0,0,0,0,0,0,0,0,0,0,0,0,0,2,,
2026-08-28T13:54:13.093Z,1787925253093,62536,1,,83acd2e6,62549,grid,4,1326,1376,128,807,323,69,,0,0,0,0,0,0,0,0,0,0,0,0,0,0,2,,
2026-08-28T13:55:13.113Z,1787925313113,62597,1,,83acd2e6,62609,grid,4,1325,1376,128,807,322,69,,0,0,0,0,0,0,0,0,0,0,0,0,0,0,2,,
2026-08-28T13:56:13.127Z,1787925373127,62657,1,,83acd2e6,62669,grid,4,1326,1376,128,807,323,69,,0,0,0,0,0,0,0,0,0,0,0,0,0,0,2,,
2026-08-28T13:57:13.137Z,1787925433137,62717,1,,83acd2e6,62729,grid,4,1326,1376,128,807,322,69,,0,0,0,0,0,0,0,0,0,0,0,0,0,0,2,,
2026-08-28T13:58:13.149Z,1787925493149,62777,1,,83acd2e6,62789,grid,4,1326,1376,128,807,323,69,,0,0,0,0,0,0,0,0,0,0,0,0,0,0,2,,
2026-08-28T13:59:13.164Z,1787925553164,62837,1,,83acd2e6,62849,grid,4,1330,1376,128,807,327,69,,0,0,0,0,0,0,0,0,0,0,0,0,0,0,2,,
2026-08-28T14:00:13.187Z,1787925613187,62897,1,,83acd2e6,62909,grid,4,1330,1376,128,806,326,69,,0,0,0,0,0,0,0,0,0,0,0,0,0,0,2,,
2026-08-28T14:01:13.196Z,1787925673196,62957,1,,83acd2e6,62969,grid,4,1326,1376,128,807,323,69,,0,0,0,0,0,0,0,0,0,0,0,0,0,0,2,,
2026-08-28T14:02:13.214Z,1787925733214,63017,1,,83acd2e6,63029,grid,4,1324,1376,128,800,327,69,,0,0,0,0,0,0,0,0,0,0,0,0,0,0,2,,
2026-08-28T14:03:13.222Z,1787925793222,63077,1,,83acd2e6,63089,grid,4,1331,1376,128,808,327,69,,0,0,0,0,0,0,0,0,0,0,0,0,0,0,2,,
2026-08-28T14:04:13.235Z,1787925853235,63137,1,,83acd2e6,63149,grid,4,1330,1376,128,807,327,69,,0,0,0,0,0,0,0,0,0,0,0,0,0,0,2,,
2026-08-28T14:05:13.258Z,1787925913258,63197,1,,83acd2e6,63209,grid,4,1327,1376,128,808,322,69,,0,0,0,0,0,0,0,0,0,0,0,0,0,0,2,,
2026-08-28T14:06:13.278Z,1787925973278,63257,1,,83acd2e6,63269,grid,4,1326,1376,128,807,323,69,,0,0,0,0,0,0,0,0,0,0,0,0,0,0,2,,
2026-08-28T14:07:13.292Z,1787926033292,63317,1,,83acd2e6,63329,grid,4,1326,1376,127,807,323,69,,0,0,0,0,0,0,0,0,0,0,0,0,0,0,2,,
2026-08-28T14:08:13.304Z,1787926093304,63377,1,,83acd2e6,63389,grid,4,1325,1376,127,807,323,69,,0,0,0,0,0,0,0,0,0,0,0,0,0,0,2,,
2026-08-28T14:09:13.327Z,1787926153327,63437,1,,83acd2e6,63449,grid,4,1325,1376,128,806,323,69,,0,0,0,0,0,0,0,0,0,0,0,0,0,0,2,,
2026-08-28T14:10:13.349Z,1787926213349,63497,1,,83acd2e6,63509,grid,4,1330,1376,128,807,327,69,,0,0,0,0,0,0,0,0,0,0,0,0,0,0,2,,
2026-08-28T14:11:13.361Z,1787926273361,63557,1,,83acd2e6,63569,grid,4,1326,1376,128,807,322,69,,0,0,0,0,0,0,0,0,0,0,0,0,0,0,2,,
2026-08-28T14:12:13.374Z,1787926333374,63617,1,,83acd2e6,63629,grid,4,1326,1376,128,807,323,69,,0,0,0,0,0,0,0,0,0,0,0,0,0,0,2,,
2026-08-28T14:13:13.386Z,1787926393386,63677,1,,83acd2e6,63689,grid,4,1325,1376,128,806,323,69,,0,0,0,0,0,0,0,0,0,0,0,0,0,0,2,,
2026-08-28T14:14:13.394Z,1787926453394,63737,1,,83acd2e6,63749,grid,4,1326,1376,128,807,322,69,,0,0,0,0,0,0,0,0,0,0,0,0,0,0,2,,
2026-08-28T14:15:13.410Z,1787926513410,63797,1,,83acd2e6,63809,grid,4,1325,1376,128,807,322,69,,0,0,0,0,0,0,0,0,0,0,0,0,0,0,2,,
2026-08-28T14:16:13.419Z,1787926573419,63857,1,,83acd2e6,63869,grid,4,1326,1376,128,807,322,69,,0,0,0,0,0,0,0,0,0,0,0,0,0,0,2,,
2026-08-28T14:17:13.443Z,1787926633443,63917,1,,83acd2e6,63929,grid,4,1326,1376,128,807,322,69,,0,0,0,0,0,0,0,0,0,0,0,0,0,0,2,,
2026-08-28T14:18:13.456Z,1787926693456,63977,1,,83acd2e6,63989,grid,4,1327,1376,128,807,323,69,,0,0,0,0,0,0,0,0,0,0,0,0,0,0,2,,
2026-08-28T14:19:13.473Z,1787926753473,64037,1,,83acd2e6,64049,grid,4,1326,1376,128,808,322,69,,0,0,0,0,0,0,0,0,0,0,0,0,0,0,2,,
2026-08-28T14:20:13.489Z,1787926813489,64097,1,,83acd2e6,64109,grid,4,1327,1376,128,808,322,69,,0,0,0,0,0,0,0,0,0,0,0,0,0,0,2,,
2026-08-28T14:21:13.501Z,1787926873501,64157,1,,83acd2e6,64169,grid,4,1325,1376,128,806,322,69,,0,0,0,0,0,0,0,0,0,0,0,0,0,0,2,,
2026-08-28T14:22:13.520Z,1787926933520,64217,1,,83acd2e6,64229,grid,4,1330,1376,128,807,327,69,,0,0,0,0,0,0,0,0,0,0,0,0,0,0,2,,
2026-08-28T14:23:13.538Z,1787926993538,64277,1,,83acd2e6,64289,grid,4,1330,1376,128,807,327,69,,0,0,0,0,0,0,0,0,0,0,0,0,0,0,2,,
2026-08-28T14:24:13.550Z,1787927053550,64337,1,,83acd2e6,64349,grid,4,1326,1376,128,807,323,69,,0,0,0,0,0,0,0,0,0,0,0,0,0,0,2,,
2026-08-28T14:25:13.565Z,1787927113565,64397,1,,83acd2e6,64409,grid,4,1327,1376,128,808,322,69,,0,0,0,0,0,0,0,0,0,0,0,0,0,0,2,,
2026-08-28T14:26:13.580Z,1787927173580,64457,1,,83acd2e6,64469,grid,4,1326,1376,128,807,322,69,,0,0,0,0,0,0,0,0,0,0,0,0,0,0,2,,
2026-08-28T14:27:13.597Z,1787927233597,64517,1,,83acd2e6,64529,grid,4,1327,1376,128,808,322,69,,0,0,0,0,0,0,0,0,0,0,0,0,0,0,2,,
2026-08-28T14:28:13.609Z,1787927293609,64577,1,,83acd2e6,64589,grid,4,1327,1376,128,808,322,69,,0,0,0,0,0,0,0,0,0,0,0,0,0,0,2,,
2026-08-28T14:29:13.615Z,1787927353615,64637,1,,83acd2e6,64649,grid,4,1327,1376,128,808,322,69,,0,0,0,0,0,0,0,0,0,0,0,0,0,0,2,,
2026-08-28T14:30:13.637Z,1787927413637,64697,1,,83acd2e6,64709,grid,4,1326,1376,128,808,322,69,,0,0,0,0,0,0,0,0,0,0,0,0,0,0,2,,
2026-08-28T14:31:13.654Z,1787927473654,64757,1,,83acd2e6,64769,grid,4,1326,1376,128,808,322,69,,0,0,0,0,0,0,0,0,0,0,0,0,0,0,2,,
2026-08-28T14:32:13.675Z,1787927533675,64817,1,,83acd2e6,64829,grid,4,1334,1376,128,815,322,69,,0,0,0,0,0,0,0,0,0,0,0,0,0,0,2,,
2026-08-28T14:33:13.689Z,1787927593689,64877,1,,83acd2e6,64889,grid,4,1332,1376,128,814,323,69,,0,0,0,0,0,0,0,0,0,0,0,0,0,0,2,,
2026-08-28T14:34:13.712Z,1787927653712,64937,1,,83acd2e6,64949,grid,4,1333,1376,128,814,323,69,,0,0,0,0,0,0,0,0,0,0,0,0,0,0,2,,
2026-08-28T14:35:13.732Z,1787927713732,64997,1,,83acd2e6,65009,grid,4,1332,1376,128,813,323,69,,0,0,0,0,0,0,0,0,0,0,0,0,0,0,2,,
2026-08-28T14:36:13.744Z,1787927773744,65057,1,,83acd2e6,65069,grid,4,1331,1376,128,813,322,69,,0,0,0,0,0,0,0,0,0,0,0,0,0,0,2,,
2026-08-28T14:37:13.760Z,1787927833760,65117,1,,83acd2e6,65129,grid,4,1336,1376,128,813,327,69,,0,0,0,0,0,0,0,0,0,0,0,0,0,0,2,,
2026-08-28T14:38:13.777Z,1787927893777,65177,1,,83acd2e6,65189,grid,4,1332,1376,128,813,323,69,,0,0,0,0,0,0,0,0,0,0,0,0,0,0,2,,
2026-08-28T14:39:13.797Z,1787927953797,65237,1,,83acd2e6,65249,grid,4,1336,1376,128,813,327,69,,0,0,0,0,0,0,0,0,0,0,0,0,0,0,2,,
2026-08-28T14:40:13.806Z,1787928013806,65297,1,,83acd2e6,65309,grid,4,1332,1376,128,813,323,69,,0,0,0,0,0,0,0,0,0,0,0,0,0,0,2,,
2026-08-28T14:41:13.818Z,1787928073818,65357,1,,83acd2e6,65369,grid,4,1332,1376,128,813,323,69,,0,0,0,0,0,0,0,0,0,0,0,0,0,0,2,,
2026-08-28T14:42:13.827Z,1787928133827,65417,1,,83acd2e6,65429,grid,4,1337,1376,128,814,327,69,,0,0,0,0,0,0,0,0,0,0,0,0,0,0,2,,
2026-08-28T14:43:13.851Z,1787928193851,65477,1,,83acd2e6,65489,grid,4,1332,1376,128,813,323,69,,0,0,0,0,0,0,0,0,0,0,0,0,0,0,2,,
2026-08-28T14:44:13.867Z,1787928253867,65537,1,,83acd2e6,65549,grid,4,1332,1376,128,814,322,69,,0,0,0,0,0,0,0,0,0,0,0,0,0,0,2,,
2026-08-28T14:45:13.883Z,1787928313883,65597,1,,83acd2e6,65609,grid,4,1331,1376,128,812,322,69,,0,0,0,0,0,0,0,0,0,0,0,0,0,0,2,,
2026-08-28T14:46:13.902Z,1787928373902,65657,1,,83acd2e6,65669,grid,4,1332,1376,128,813,322,69,,0,0,0,0,0,0,0,0,0,0,0,0,0,0,2,,
2026-08-28T14:47:13.920Z,1787928433920,65717,1,,83acd2e6,65729,grid,4,1332,1376,128,813,322,69,,0,0,0,0,0,0,0,0,0,0,0,0,0,0,2,,
2026-08-28T14:48:13.929Z,1787928493929,65777,1,,83acd2e6,65789,grid,4,1332,1376,128,813,322,69,,0,0,0,0,0,0,0,0,0,0,0,0,0,0,2,,
2026-08-28T14:49:13.950Z,1787928553950,65837,1,,83acd2e6,65849,grid,4,1333,1376,128,813,323,69,,0,0,0,0,0,0,0,0,0,0,0,0,0,0,2,,
2026-08-28T14:50:13.964Z,1787928613964,65897,1,,83acd2e6,65909,grid,4,1332,1376,128,813,322,69,,0,0,0,0,0,0,0,0,0,0,0,0,0,0,2,,
2026-08-28T14:51:13.980Z,1787928673980,65957,1,,83acd2e6,65969,grid,4,1332,1376,127,813,322,69,,0,0,0,0,0,0,0,0,0,0,0,0,0,0,2,,
2026-08-28T14:52:13.986Z,1787928733986,66017,1,,83acd2e6,66029,grid,4,1332,1376,128,813,322,69,,0,0,0,0,0,0,0,0,0,0,0,0,0,0,2,,
2026-08-28T14:53:13.997Z,1787928793997,66077,1,,83acd2e6,66089,grid,4,1329,1376,128,810,322,69,,0,0,0,0,0,0,0,0,0,0,0,0,0,0,2,,
2026-08-28T14:54:14.010Z,1787928854010,66137,1,,83acd2e6,66149,grid,4,1334,1376,128,811,327,69,,0,0,0,0,0,0,0,0,0,0,0,0,0,0,2,,
2026-08-28T14:55:14.020Z,1787928914020,66197,1,,83acd2e6,66209,grid,4,1329,1376,128,810,322,69,,0,0,0,0,0,0,0,0,0,0,0,0,0,0,2,,
2026-08-28T14:56:14.034Z,1787928974034,66257,1,,83acd2e6,66269,grid,4,1330,1376,128,811,322,69,,0,0,0,0,0,0,0,0,0,0,0,0,0,0,2,,
2026-08-28T14:57:14.057Z,1787929034057,66317,1,,83acd2e6,66329,grid,4,1334,1376,128,811,326,69,,0,0,0,0,0,0,0,0,0,0,0,0,0,0,2,,
2026-08-28T14:58:14.080Z,1787929094080,66377,1,,83acd2e6,66390,grid,4,1330,1376,128,811,322,69,,0,0,0,0,0,0,0,0,0,0,0,0,0,0,2,,
2026-08-28T14:59:14.093Z,1787929154093,66437,1,,83acd2e6,66450,grid,4,1330,1376,128,811,322,69,,0,0,0,0,0,0,0,0,0,0,0,0,0,0,2,,
2026-08-28T15:00:14.117Z,1787929214117,66498,1,,83acd2e6,66510,grid,4,1330,1376,128,811,323,69,,0,0,0,0,0,0,0,0,0,0,0,0,0,0,2,,
2026-08-28T15:01:14.136Z,1787929274136,66558,1,,83acd2e6,66570,grid,4,1330,1376,128,811,323,69,,0,0,0,0,0,0,0,0,0,0,0,0,0,0,2,,
2026-08-28T15:02:14.157Z,1787929334157,66618,1,,83acd2e6,66630,grid,4,1321,1381,128,801,323,69,,0,0,0,0,0,0,0,0,0,0,0,0,0,0,2,,
2026-08-28T15:03:14.169Z,1787929394169,66678,1,,83acd2e6,66690,grid,4,1334,1381,128,811,327,69,,0,0,0,0,0,0,0,0,0,0,0,0,0,0,2,,
2026-08-28T15:04:14.189Z,1787929454189,66738,1,,83acd2e6,66750,grid,4,1329,1381,128,810,323,69,,0,0,0,0,0,0,0,0,0,0,0,0,0,0,2,,
2026-08-28T15:05:14.207Z,1787929514207,66798,1,,83acd2e6,66810,grid,4,1329,1381,128,810,323,69,,0,0,0,0,0,0,0,0,0,0,0,0,0,0,2,,
2026-08-28T15:06:14.232Z,1787929574232,66858,1,,83acd2e6,66870,grid,4,1330,1381,128,811,323,69,,0,0,0,0,0,0,0,0,0,0,0,0,0,0,2,,
2026-08-28T15:07:14.252Z,1787929634252,66918,1,,83acd2e6,66930,grid,4,1330,1381,128,811,323,69,,0,0,0,0,0,0,0,0,0,0,0,0,0,0,2,,
2026-08-28T15:08:14.262Z,1787929694262,66978,1,,83acd2e6,66990,grid,4,1330,1381,128,811,323,69,,0,0,0,0,0,0,0,0,0,0,0,0,0,0,2,,
2026-08-28T15:09:14.271Z,1787929754271,67038,1,,83acd2e6,67050,grid,4,1328,1381,128,808,323,69,,0,0,0,0,0,0,0,0,0,0,0,0,0,0,2,,
2026-08-28T15:10:14.282Z,1787929814282,67098,1,,83acd2e6,67110,grid,4,1328,1381,128,809,323,69,,0,0,0,0,0,0,0,0,0,0,0,0,0,0,2,,
2026-08-28T15:11:14.295Z,1787929874295,67158,1,,83acd2e6,67170,grid,4,1333,1381,128,809,327,69,,0,0,0,0,0,0,0,0,0,0,0,0,0,0,2,,
2026-08-28T15:12:14.314Z,1787929934314,67218,1,,83acd2e6,67230,grid,4,1332,1381,128,809,327,69,,0,0,0,0,0,0,0,0,0,0,0,0,0,0,2,,
2026-08-28T15:13:14.332Z,1787929994332,67278,1,,83acd2e6,67290,grid,4,1328,1381,128,809,323,69,,0,0,0,0,0,0,0,0,0,0,0,0,0,0,2,,
2026-08-28T15:14:14.345Z,1787930054345,67338,1,,83acd2e6,67350,grid,4,1327,1381,128,809,322,69,,0,0,0,0,0,0,0,0,0,0,0,0,0,0,2,,
2026-08-28T15:15:14.368Z,1787930114368,67398,1,,83acd2e6,67410,grid,4,1328,1381,128,809,322,69,,0,0,0,0,0,0,0,0,0,0,0,0,0,0,2,,
2026-08-28T15:16:14.378Z,1787930174378,67458,1,,83acd2e6,67470,grid,4,1328,1381,128,810,323,69,,0,0,0,0,0,0,0,0,0,0,0,0,0,0,2,,
2026-08-28T15:17:14.387Z,1787930234387,67518,1,,83acd2e6,67530,grid,4,1327,1381,128,808,323,69,,0,0,0,0,0,0,0,0,0,0,0,0,0,0,2,,
2026-08-28T15:18:14.400Z,1787930294400,67578,1,,83acd2e6,67590,grid,4,1327,1381,128,808,323,69,,0,0,0,0,0,0,0,0,0,0,0,0,0,0,2,,
2026-08-28T15:19:14.416Z,1787930354416,67638,1,,83acd2e6,67650,grid,4,1327,1381,128,808,322,69,,0,0,0,0,0,0,0,0,0,0,0,0,0,0,2,,
2026-08-28T15:20:14.427Z,1787930414427,67698,1,,83acd2e6,67710,grid,4,1327,1381,128,808,322,69,,0,0,0,0,0,0,0,0,0,0,0,0,0,0,2,,
2026-08-28T15:21:14.446Z,1787930474446,67758,1,,83acd2e6,67770,grid,4,1327,1381,128,808,322,69,,0,0,0,0,0,0,0,0,0,0,0,0,0,0,2,,
2026-08-28T15:22:14.460Z,1787930534460,67818,1,,83acd2e6,67830,grid,4,1327,1381,128,808,322,69,,0,0,0,0,0,0,0,0,0,0,0,0,0,0,2,,
2026-08-28T15:23:14.475Z,1787930594475,67878,1,,83acd2e6,67890,grid,4,1328,1381,128,809,322,69,,0,0,0,0,0,0,0,0,0,0,0,0,0,0,2,,
2026-08-28T15:24:14.496Z,1787930654496,67938,1,,83acd2e6,67950,grid,4,1331,1381,128,808,326,69,,0,0,0,0,0,0,0,0,0,0,0,0,0,0,2,,
2026-08-28T15:25:14.509Z,1787930714509,67998,1,,83acd2e6,68010,grid,4,1328,1381,128,809,323,69,,0,0,0,0,0,0,0,0,0,0,0,0,0,0,2,,
2026-08-28T15:26:14.524Z,1787930774524,68058,1,,83acd2e6,68070,grid,4,1329,1381,128,809,323,69,,0,0,0,0,0,0,0,0,0,0,0,0,0,0,2,,
2026-08-28T15:27:14.533Z,1787930834533,68118,1,,83acd2e6,68130,grid,4,1329,1381,128,809,323,69,,0,0,0,0,0,0,0,0,0,0,0,0,0,0,2,,
2026-08-28T15:28:14.548Z,1787930894548,68178,1,,83acd2e6,68190,grid,4,1330,1381,128,810,323,69,,0,0,0,0,0,0,0,0,0,0,0,0,0,0,2,,
2026-08-28T15:29:14.570Z,1787930954570,68238,1,,83acd2e6,68250,grid,4,1329,1381,128,809,323,69,,0,0,0,0,0,0,0,0,0,0,0,0,0,0,2,,
2026-08-28T15:30:14.588Z,1787931014588,68298,1,,83acd2e6,68310,grid,4,1333,1381,128,810,327,69,,0,0,0,0,0,0,0,0,0,0,0,0,0,0,2,,
2026-08-28T15:31:14.606Z,1787931074606,68358,1,,83acd2e6,68370,grid,4,1334,1381,128,810,327,69,,0,0,0,0,0,0,0,0,0,0,0,0,0,0,2,,
2026-08-28T15:32:14.630Z,1787931134630,68418,1,,83acd2e6,68430,grid,4,1324,1381,128,800,327,69,,0,0,0,0,0,0,0,0,0,0,0,0,0,0,2,,
2026-08-28T15:33:14.648Z,1787931194648,68478,1,,83acd2e6,68490,grid,4,1330,1381,128,810,323,69,,0,0,0,0,0,0,0,0,0,0,0,0,0,0,2,,
2026-08-28T15:34:14.666Z,1787931254666,68538,1,,83acd2e6,68550,grid,4,1328,1381,128,808,323,69,,0,0,0,0,0,0,0,0,0,0,0,0,0,0,2,,
2026-08-28T15:35:14.679Z,1787931314679,68598,1,,83acd2e6,68610,grid,4,1328,1381,128,809,323,69,,0,0,0,0,0,0,0,0,0,0,0,0,0,0,2,,
2026-08-28T15:36:14.692Z,1787931374692,68658,1,,83acd2e6,68670,grid,4,1329,1381,128,810,323,69,,0,0,0,0,0,0,0,0,0,0,0,0,0,0,2,,
2026-08-28T15:37:14.698Z,1787931434698,68718,1,,83acd2e6,68730,grid,4,1332,1381,128,809,327,69,,0,0,0,0,0,0,0,0,0,0,0,0,0,0,2,,
2026-08-28T15:38:14.715Z,1787931494715,68778,1,,83acd2e6,68790,grid,4,1329,1381,128,810,323,69,,0,0,0,0,0,0,0,0,0,0,0,0,0,0,2,,
2026-08-28T15:39:14.738Z,1787931554738,68838,1,,83acd2e6,68850,grid,4,1329,1381,128,809,323,69,,0,0,0,0,0,0,0,0,0,0,0,0,0,0,2,,
2026-08-28T15:40:14.750Z,1787931614750,68898,1,,83acd2e6,68910,grid,4,1329,1381,128,810,323,69,,0,0,0,0,0,0,0,0,0,0,0,0,0,0,2,,
2026-08-28T15:41:14.765Z,1787931674765,68958,1,,83acd2e6,68970,grid,4,1333,1381,128,809,327,69,,0,0,0,0,0,0,0,0,0,0,0,0,0,0,2,,
2026-08-28T15:42:14.783Z,1787931734783,69018,1,,83acd2e6,69030,grid,4,1333,1381,128,809,327,69,,0,0,0,0,0,0,0,0,0,0,0,0,0,0,2,,
2026-08-28T15:43:14.802Z,1787931794802,69078,1,,83acd2e6,69090,grid,4,1333,1381,128,810,327,69,,0,0,0,0,0,0,0,0,0,0,0,0,0,0,2,,
2026-08-28T15:44:14.811Z,1787931854811,69138,1,,83acd2e6,69150,grid,4,1328,1381,128,809,323,69,,0,0,0,0,0,0,0,0,0,0,0,0,0,0,2,,
2026-08-28T15:45:14.824Z,1787931914824,69198,1,,83acd2e6,69210,grid,4,1329,1381,128,810,323,69,,0,0,0,0,0,0,0,0,0,0,0,0,0,0,2,,
2026-08-28T15:46:14.845Z,1787931974845,69258,1,,83acd2e6,69270,grid,4,1329,1381,128,809,323,69,,0,0,0,0,0,0,0,0,0,0,0,0,0,0,2,,
2026-08-28T15:47:14.853Z,1787932034853,69318,1,,83acd2e6,69330,grid,4,1333,1381,128,810,327,69,,0,0,0,0,0,0,0,0,0,0,0,0,0,0,2,,
2026-08-28T15:48:14.875Z,1787932094875,69378,1,,83acd2e6,69390,grid,4,1329,1381,128,809,322,69,,0,0,0,0,0,0,0,0,0,0,0,0,0,0,2,,
2026-08-28T15:49:14.892Z,1787932154892,69438,1,,83acd2e6,69450,grid,4,1329,1381,128,809,322,69,,0,0,0,0,0,0,0,0,0,0,0,0,0,0,2,,
2026-08-28T15:50:14.903Z,1787932214903,69498,1,,83acd2e6,69510,grid,4,1330,1381,128,810,323,69,,0,0,0,0,0,0,0,0,0,0,0,0,0,0,2,,
2026-08-28T15:51:14.925Z,1787932274925,69558,1,,83acd2e6,69570,grid,4,1329,1381,128,810,322,69,,0,0,0,0,0,0,0,0,0,0,0,0,0,0,2,,
2026-08-28T15:52:14.940Z,1787932334940,69618,1,,83acd2e6,69630,grid,4,1330,1381,128,810,323,69,,0,0,0,0,0,0,0,0,0,0,0,0,0,0,2,,
2026-08-28T15:53:14.957Z,1787932394957,69678,1,,83acd2e6,69690,grid,4,1328,1381,128,809,322,69,,0,0,0,0,0,0,0,0,0,0,0,0,0,0,2,,
2026-08-28T15:54:14.968Z,1787932454968,69738,1,,83acd2e6,69750,grid,4,1328,1381,128,809,322,69,,0,0,0,0,0,0,0,0,0,0,0,0,0,0,2,,
2026-08-28T15:55:14.992Z,1787932514992,69798,1,,83acd2e6,69810,grid,4,1329,1381,128,809,323,69,,0,0,0,0,0,0,0,0,0,0,0,0,0,0,2,,
2026-08-28T15:56:15.000Z,1787932575000,69858,1,,83acd2e6,69870,grid,4,1329,1381,128,809,322,69,,0,0,0,0,0,0,0,0,0,0,0,0,0,0,2,,
2026-08-28T15:57:15.011Z,1787932635011,69918,1,,83acd2e6,69930,grid,4,1328,1381,128,810,322,69,,0,0,0,0,0,0,0,0,0,0,0,0,0,0,2,,
2026-08-28T15:58:15.022Z,1787932695022,69978,1,,83acd2e6,69990,grid,4,1328,1381,128,809,323,69,,0,0,0,0,0,0,0,0,0,0,0,0,0,0,2,,
2026-08-28T15:59:15.030Z,1787932755030,70038,1,,83acd2e6,70050,grid,4,1329,1381,128,809,323,69,,0,0,0,0,0,0,0,0,0,0,0,0,0,0,2,,
2026-08-28T16:00:15.053Z,1787932815053,70098,1,,83acd2e6,70110,grid,4,1328,1381,128,809,322,69,,0,0,0,0,0,0,0,0,0,0,0,0,0,0,2,,
2026-08-28T16:01:15.074Z,1787932875074,70158,1,,83acd2e6,70171,grid,4,1328,1381,128,809,322,69,,0,0,0,0,0,0,0,0,0,0,0,0,0,0,2,,
2026-08-28T16:02:15.095Z,1787932935095,70218,1,,83acd2e6,70231,grid,4,1331,1381,128,812,322,69,,0,0,0,0,0,0,0,0,0,0,0,0,0,0,2,,
2026-08-28T16:03:15.114Z,1787932995114,70279,1,,83acd2e6,70291,grid,4,1329,1381,128,810,323,69,,0,0,0,0,0,0,0,0,0,0,0,0,0,0,2,,
2026-08-28T16:04:15.130Z,1787933055130,70339,1,,83acd2e6,70351,grid,4,1329,1381,128,810,323,69,,0,0,0,0,0,0,0,0,0,0,0,0,0,0,2,,
2026-08-28T16:05:15.148Z,1787933115148,70399,1,,83acd2e6,70411,grid,4,1330,1381,128,810,323,69,,0,0,0,0,0,0,0,0,0,0,0,0,0,0,2,,
2026-08-28T16:06:15.160Z,1787933175160,70459,1,,83acd2e6,70471,grid,4,1329,1381,128,810,323,69,,0,0,0,0,0,0,0,0,0,0,0,0,0,0,2,,
2026-08-28T16:07:15.181Z,1787933235181,70519,1,,83acd2e6,70531,grid,4,1328,1381,128,809,323,69,,0,0,0,0,0,0,0,0,0,0,0,0,0,0,2,,
2026-08-28T16:08:15.188Z,1787933295188,70579,1,,83acd2e6,70591,grid,4,1333,1381,128,809,327,69,,0,0,0,0,0,0,0,0,0,0,0,0,0,0,2,,
2026-08-28T16:09:15.209Z,1787933355209,70639,1,,83acd2e6,70651,grid,4,1333,1381,128,809,327,69,,0,0,0,0,0,0,0,0,0,0,0,0,0,0,2,,
2026-08-28T16:10:15.226Z,1787933415226,70699,1,,83acd2e6,70711,grid,4,1328,1381,128,809,322,69,,0,0,0,0,0,0,0,0,0,0,0,0,0,0,2,,
2026-08-28T16:11:15.249Z,1787933475249,70759,1,,83acd2e6,70771,grid,4,1332,1381,128,809,327,69,,0,0,0,0,0,0,0,0,0,0,0,0,0,0,2,,
2026-08-28T16:12:15.261Z,1787933535261,70819,1,,83acd2e6,70831,grid,4,1333,1381,128,809,327,69,,0,0,0,0,0,0,0,0,0,0,0,0,0,0,2,,
2026-08-28T16:13:15.274Z,1787933595274,70879,1,,83acd2e6,70891,grid,4,1328,1381,128,808,323,69,,0,0,0,0,0,0,0,0,0,0,0,0,0,0,2,,
2026-08-28T16:14:15.295Z,1787933655295,70939,1,,83acd2e6,70951,grid,4,1328,1381,128,808,323,69,,0,0,0,0,0,0,0,0,0,0,0,0,0,0,2,,
2026-08-28T16:15:15.311Z,1787933715311,70999,1,,83acd2e6,71011,grid,4,1328,1381,128,809,323,69,,0,0,0,0,0,0,0,0,0,0,0,0,0,0,2,,
2026-08-28T16:16:15.321Z,1787933775321,71059,1,,83acd2e6,71071,grid,4,1329,1381,128,809,323,69,,0,0,0,0,0,0,0,0,0,0,0,0,0,0,2,,
2026-08-28T16:17:15.332Z,1787933835332,71119,1,,83acd2e6,71131,grid,4,1329,1381,128,809,323,69,,0,0,0,0,0,0,0,0,0,0,0,0,0,0,2,,
2026-08-28T16:18:15.349Z,1787933895349,71179,1,,83acd2e6,71191,grid,4,1329,1381,128,809,323,69,,0,0,0,0,0,0,0,0,0,0,0,0,0,0,2,,
2026-08-28T16:19:15.375Z,1787933955375,71239,1,,83acd2e6,71251,grid,4,1329,1381,128,810,323,69,,0,0,0,0,0,0,0,0,0,0,0,0,0,0,2,,
2026-08-28T16:20:15.391Z,1787934015391,71299,1,,83acd2e6,71311,grid,4,1328,1381,128,809,322,69,,0,0,0,0,0,0,0,0,0,0,0,0,0,0,2,,
2026-08-28T16:21:15.404Z,1787934075404,71359,1,,83acd2e6,71371,grid,4,1328,1381,128,809,323,69,,0,0,0,0,0,0,0,0,0,0,0,0,0,0,2,,
2026-08-28T16:22:15.427Z,1787934135427,71419,1,,83acd2e6,71431,grid,4,1329,1381,128,810,323,69,,0,0,0,0,0,0,0,0,0,0,0,0,0,0,2,,
2026-08-28T16:23:15.441Z,1787934195441,71479,1,,83acd2e6,71491,grid,4,1329,1381,128,810,323,69,,0,0,0,0,0,0,0,0,0,0,0,0,0,0,2,,
2026-08-28T16:24:15.456Z,1787934255456,71539,1,,83acd2e6,71551,grid,4,1329,1381,128,810,323,69,,0,0,0,0,0,0,0,0,0,0,0,0,0,0,2,,
2026-08-28T16:25:15.479Z,1787934315479,71599,1,,83acd2e6,71611,grid,4,1327,1381,128,807,323,69,,0,0,0,0,0,0,0,0,0,0,0,0,0,0,2,,
2026-08-28T16:26:15.494Z,1787934375494,71659,1,,83acd2e6,71671,grid,4,1327,1381,128,807,323,69,,0,0,0,0,0,0,0,0,0,0,0,0,0,0,2,,
2026-08-28T16:27:15.507Z,1787934435507,71719,1,,83acd2e6,71731,grid,4,1327,1381,128,808,323,69,,0,0,0,0,0,0,0,0,0,0,0,0,0,0,2,,
2026-08-28T16:28:15.526Z,1787934495526,71779,1,,83acd2e6,71791,grid,4,1327,1381,128,807,323,69,,0,0,0,0,0,0,0,0,0,0,0,0,0,0,2,,
2026-08-28T16:29:15.539Z,1787934555539,71839,1,,83acd2e6,71851,grid,4,1327,1381,128,808,323,69,,0,0,0,0,0,0,0,0,0,0,0,0,0,0,2,,
2026-08-28T16:30:15.557Z,1787934615557,71899,1,,83acd2e6,71911,grid,4,1327,1381,128,808,323,69,,0,0,0,0,0,0,0,0,0,0,0,0,0,0,2,,
2026-08-28T16:31:15.578Z,1787934675578,71959,1,,83acd2e6,71971,grid,4,1332,1381,128,808,327,69,,0,0,0,0,0,0,0,0,0,0,0,0,0,0,2,,
2026-08-28T16:32:15.590Z,1787934735590,72019,1,,83acd2e6,72031,grid,4,1321,1381,128,801,323,69,,0,0,0,0,0,0,0,0,0,0,0,0,0,0,2,,
2026-08-28T16:33:15.609Z,1787934795609,72079,1,,83acd2e6,72091,grid,4,1328,1381,128,809,323,69,,0,0,0,0,0,0,0,0,0,0,0,0,0,0,2,,
2026-08-28T16:34:15.633Z,1787934855633,72139,1,,83acd2e6,72151,grid,4,1328,1381,128,808,323,69,,0,0,0,0,0,0,0,0,0,0,0,0,0,0,2,,
2026-08-28T16:35:15.646Z,1787934915646,72199,1,,83acd2e6,72211,grid,4,1328,1381,128,809,323,69,,0,0,0,0,0,0,0,0,0,0,0,0,0,0,2,,
2026-08-28T16:36:15.657Z,1787934975657,72259,1,,83acd2e6,72271,grid,4,1328,1381,128,808,323,69,,0,0,0,0,0,0,0,0,0,0,0,0,0,0,2,,
2026-08-28T16:37:15.674Z,1787935035674,72319,1,,83acd2e6,72331,grid,4,1327,1381,128,808,323,69,,0,0,0,0,0,0,0,0,0,0,0,0,0,0,2,,
2026-08-28T16:38:15.693Z,1787935095693,72379,1,,83acd2e6,72391,grid,4,1328,1381,128,808,323,69,,0,0,0,0,0,0,0,0,0,0,0,0,0,0,2,,
2026-08-28T16:39:15.717Z,1787935155717,72439,1,,83acd2e6,72451,grid,4,1328,1381,128,808,323,69,,0,0,0,0,0,0,0,0,0,0,0,0,0,0,2,,
2026-08-28T16:40:15.734Z,1787935215734,72499,1,,83acd2e6,72511,grid,4,1329,1381,128,809,323,69,,0,0,0,0,0,0,0,0,0,0,0,0,0,0,2,,
2026-08-28T16:41:15.745Z,1787935275745,72559,1,,83acd2e6,72571,grid,4,1327,1381,128,808,323,69,,0,0,0,0,0,0,0,0,0,0,0,0,0,0,2,,
2026-08-28T16:42:15.764Z,1787935335764,72619,1,,83acd2e6,72631,grid,4,1328,1381,128,809,323,69,,0,0,0,0,0,0,0,0,0,0,0,0,0,0,2,,
2026-08-28T16:43:15.784Z,1787935395784,72679,1,,83acd2e6,72691,grid,4,1327,1381,128,808,323,69,,0,0,0,0,0,0,0,0,0,0,0,0,0,0,2,,
2026-08-28T16:44:15.804Z,1787935455804,72739,1,,83acd2e6,72751,grid,4,1327,1381,128,808,323,69,,0,0,0,0,0,0,0,0,0,0,0,0,0,0,2,,
2026-08-28T16:45:15.824Z,1787935515824,72799,1,,83acd2e6,72811,grid,4,1328,1381,128,809,323,69,,0,0,0,0,0,0,0,0,0,0,0,0,0,0,2,,
2026-08-28T16:46:15.831Z,1787935575831,72859,1,,83acd2e6,72871,grid,4,1331,1381,128,807,327,69,,0,0,0,0,0,0,0,0,0,0,0,0,0,0,2,,
2026-08-28T16:47:15.846Z,1787935635846,72919,1,,83acd2e6,72931,grid,4,1327,1381,128,808,323,69,,0,0,0,0,0,0,0,0,0,0,0,0,0,0,2,,
2026-08-28T16:48:15.857Z,1787935695857,72979,1,,83acd2e6,72991,grid,4,1332,1381,128,808,327,69,,0,0,0,0,0,0,0,0,0,0,0,0,0,0,2,,
2026-08-28T16:49:15.880Z,1787935755880,73039,1,,83acd2e6,73051,grid,4,1327,1381,128,807,323,69,,0,0,0,0,0,0,0,0,0,0,0,0,0,0,2,,
2026-08-28T16:50:15.894Z,1787935815894,73099,1,,83acd2e6,73111,grid,4,1332,1381,128,808,327,69,,0,0,0,0,0,0,0,0,0,0,0,0,0,0,2,,
2026-08-28T16:51:15.904Z,1787935875904,73159,1,,83acd2e6,73171,grid,4,1328,1381,128,808,323,69,,0,0,0,0,0,0,0,0,0,0,0,0,0,0,2,,
2026-08-28T16:52:15.922Z,1787935935922,73219,1,,83acd2e6,73231,grid,4,1327,1381,128,808,323,69,,0,0,0,0,0,0,0,0,0,0,0,0,0,0,2,,
2026-08-28T16:53:15.936Z,1787935995936,73279,1,,83acd2e6,73291,grid,4,1328,1381,128,808,323,69,,0,0,0,0,0,0,0,0,0,0,0,0,0,0,2,,
2026-08-28T16:54:15.952Z,1787936055952,73339,1,,83acd2e6,73351,grid,4,1328,1381,128,808,323,69,,0,0,0,0,0,0,0,0,0,0,0,0,0,0,2,,
2026-08-28T16:55:15.975Z,1787936115975,73399,1,,83acd2e6,73411,grid,4,1328,1381,128,808,323,69,,0,0,0,0,0,0,0,0,0,0,0,0,0,0,2,,
2026-08-28T16:56:15.984Z,1787936175984,73459,1,,83acd2e6,73471,grid,4,1328,1381,128,808,323,69,,0,0,0,0,0,0,0,0,0,0,0,0,0,0,2,,
2026-08-28T16:57:16.002Z,1787936236002,73519,1,,83acd2e6,73531,grid,4,1328,1381,128,809,323,69,,0,0,0,0,0,0,0,0,0,0,0,0,0,0,2,,
2026-08-28T16:58:16.020Z,1787936296020,73579,1,,83acd2e6,73591,grid,4,1328,1381,128,808,323,69,,0,0,0,0,0,0,0,0,0,0,0,0,0,0,2,,
2026-08-28T16:59:16.031Z,1787936356031,73639,1,,83acd2e6,73651,grid,4,1327,1381,128,807,323,69,,0,0,0,0,0,0,0,0,0,0,0,0,0,0,2,,
2026-08-28T17:00:16.056Z,1787936416056,73699,1,,83acd2e6,73711,grid,4,1328,1381,128,808,323,69,,0,0,0,0,0,0,0,0,0,0,0,0,0,0,2,,
2026-08-28T17:01:16.078Z,1787936476078,73759,1,,83acd2e6,73772,grid,4,1327,1381,128,807,323,69,,0,0,0,0,0,0,0,0,0,0,0,0,0,0,2,,
2026-08-28T17:02:16.089Z,1787936536089,73819,1,,83acd2e6,73832,grid,4,1330,1381,128,809,323,69,,0,0,0,0,0,0,0,0,0,0,0,0,0,0,2,,
2026-08-28T17:03:16.108Z,1787936596108,73880,1,,83acd2e6,73892,grid,4,1327,1381,128,808,323,69,,0,0,0,0,0,0,0,0,0,0,0,0,0,0,2,,
2026-08-28T17:04:16.126Z,1787936656126,73940,1,,83acd2e6,73952,grid,4,1327,1381,128,808,323,69,,0,0,0,0,0,0,0,0,0,0,0,0,0,0,2,,
2026-08-28T17:05:16.140Z,1787936716140,74000,1,,83acd2e6,74012,grid,4,1328,1381,128,809,323,69,,0,0,0,0,0,0,0,0,0,0,0,0,0,0,2,,
2026-08-28T17:06:16.163Z,1787936776163,74060,1,,83acd2e6,74072,grid,4,1328,1381,128,808,323,69,,0,0,0,0,0,0,0,0,0,0,0,0,0,0,2,,
2026-08-28T17:07:16.172Z,1787936836172,74120,1,,83acd2e6,74132,grid,4,1328,1381,128,809,323,69,,0,0,0,0,0,0,0,0,0,0,0,0,0,0,2,,
2026-08-28T17:08:16.183Z,1787936896183,74180,1,,83acd2e6,74192,grid,4,1328,1381,128,808,323,69,,0,0,0,0,0,0,0,0,0,0,0,0,0,0,2,,
2026-08-28T17:09:16.194Z,1787936956194,74240,1,,83acd2e6,74252,grid,4,1327,1381,128,807,323,69,,0,0,0,0,0,0,0,0,0,0,0,0,0,0,2,,
2026-08-28T17:10:16.214Z,1787937016214,74300,1,,83acd2e6,74312,grid,4,1327,1381,128,807,323,69,,0,0,0,0,0,0,0,0,0,0,0,0,0,0,2,,
2026-08-28T17:11:16.229Z,1787937076229,74360,1,,83acd2e6,74372,grid,4,1327,1381,128,807,323,69,,0,0,0,0,0,0,0,0,0,0,0,0,0,0,2,,
2026-08-28T17:12:16.243Z,1787937136243,74420,1,,83acd2e6,74432,grid,4,1328,1381,128,808,323,69,,0,0,0,0,0,0,0,0,0,0,0,0,0,0,2,,
2026-08-28T17:13:16.263Z,1787937196263,74480,1,,83acd2e6,74492,grid,4,1328,1381,128,808,323,69,,0,0,0,0,0,0,0,0,0,0,0,0,0,0,2,,
2026-08-28T17:14:16.281Z,1787937256281,74540,1,,83acd2e6,74552,grid,4,1328,1381,128,808,323,69,,0,0,0,0,0,0,0,0,0,0,0,0,0,0,2,,
2026-08-28T17:15:16.297Z,1787937316297,74600,1,,83acd2e6,74612,grid,4,1329,1381,128,809,323,69,,0,0,0,0,0,0,0,0,0,0,0,0,0,0,2,,
2026-08-28T17:16:16.309Z,1787937376309,74660,1,,83acd2e6,74672,grid,4,1328,1381,128,808,323,69,,0,0,0,0,0,0,0,0,0,0,0,0,0,0,2,,
2026-08-28T17:17:16.330Z,1787937436330,74720,1,,83acd2e6,74732,grid,4,1329,1381,128,809,323,69,,0,0,0,0,0,0,0,0,0,0,0,0,0,0,2,,
2026-08-28T17:18:16.350Z,1787937496350,74780,1,,83acd2e6,74792,grid,4,1329,1381,128,809,323,69,,0,0,0,0,0,0,0,0,0,0,0,0,0,0,2,,
2026-08-28T17:19:16.368Z,1787937556368,74840,1,,83acd2e6,74852,grid,4,1329,1381,128,809,323,69,,0,0,0,0,0,0,0,0,0,0,0,0,0,0,2,,
2026-08-28T17:20:16.383Z,1787937616383,74900,1,,83acd2e6,74912,grid,4,1329,1381,128,809,323,69,,0,0,0,0,0,0,0,0,0,0,0,0,0,0,2,,
2026-08-28T17:21:16.405Z,1787937676405,74960,1,,83acd2e6,74972,grid,4,1329,1381,128,809,323,69,,0,0,0,0,0,0,0,0,0,0,0,0,0,0,2,,
2026-08-28T17:22:16.430Z,1787937736430,75020,1,,83acd2e6,75032,grid,4,1328,1381,128,808,323,69,,0,0,0,0,0,0,0,0,0,0,0,0,0,0,2,,
2026-08-28T17:23:16.438Z,1787937796438,75080,1,,83acd2e6,75092,grid,4,1328,1381,128,808,323,69,,0,0,0,0,0,0,0,0,0,0,0,0,0,0,2,,
2026-08-28T17:24:16.452Z,1787937856452,75140,1,,83acd2e6,75152,grid,4,1328,1381,128,808,323,69,,0,0,0,0,0,0,0,0,0,0,0,0,0,0,2,,
2026-08-28T17:25:16.464Z,1787937916464,75200,1,,83acd2e6,75212,grid,4,1328,1381,128,808,323,69,,0,0,0,0,0,0,0,0,0,0,0,0,0,0,2,,
2026-08-28T17:26:16.471Z,1787937976471,75260,1,,83acd2e6,75272,grid,4,1328,1381,128,808,323,69,,0,0,0,0,0,0,0,0,0,0,0,0,0,0,2,,
2026-08-28T17:27:16.486Z,1787938036486,75320,1,,83acd2e6,75332,grid,4,1327,1381,128,808,323,69,,0,0,0,0,0,0,0,0,0,0,0,0,0,0,2,,
2026-08-28T17:28:16.503Z,1787938096503,75380,1,,83acd2e6,75392,grid,4,1327,1381,128,808,323,69,,0,0,0,0,0,0,0,0,0,0,0,0,0,0,2,,
2026-08-28T17:29:16.523Z,1787938156523,75440,1,,83acd2e6,75452,grid,4,1327,1381,128,807,323,69,,0,0,0,0,0,0,0,0,0,0,0,0,0,0,2,,
2026-08-28T17:30:16.538Z,1787938216538,75500,1,,83acd2e6,75512,grid,4,1327,1381,128,807,323,69,,0,0,0,0,0,0,0,0,0,0,0,0,0,0,2,,
2026-08-28T17:31:16.562Z,1787938276562,75560,1,,83acd2e6,75572,grid,4,1328,1381,128,808,323,69,,0,0,0,0,0,0,0,0,0,0,0,0,0,0,2,,
2026-08-28T17:32:16.582Z,1787938336582,75620,1,,83acd2e6,75632,grid,4,1330,1381,128,810,323,69,,0,0,0,0,0,0,0,0,0,0,0,0,0,0,2,,
2026-08-28T17:33:16.596Z,1787938396596,75680,1,,83acd2e6,75692,grid,4,1327,1381,128,808,323,69,,0,0,0,0,0,0,0,0,0,0,0,0,0,0,2,,
2026-08-28T17:34:16.615Z,1787938456615,75740,1,,83acd2e6,75752,grid,4,1328,1381,128,808,323,69,,0,0,0,0,0,0,0,0,0,0,0,0,0,0,2,,
2026-08-28T17:35:16.627Z,1787938516627,75800,1,,83acd2e6,75812,grid,4,1329,1381,128,809,323,69,,0,0,0,0,0,0,0,0,0,0,0,0,0,0,2,,
2026-08-28T17:36:16.647Z,1787938576647,75860,1,,83acd2e6,75872,grid,4,1328,1381,128,808,323,69,,0,0,0,0,0,0,0,0,0,0,0,0,0,0,2,,
2026-08-28T17:37:16.663Z,1787938636663,75920,1,,83acd2e6,75932,grid,4,1329,1381,128,809,323,69,,0,0,0,0,0,0,0,0,0,0,0,0,0,0,2,,
2026-08-28T17:38:16.675Z,1787938696675,75980,1,,83acd2e6,75992,grid,4,1328,1381,128,808,323,69,,0,0,0,0,0,0,0,0,0,0,0,0,0,0,2,,
2026-08-28T17:39:16.695Z,1787938756695,76040,1,,83acd2e6,76052,grid,4,1329,1381,128,809,323,69,,0,0,0,0,0,0,0,0,0,0,0,0,0,0,2,,
2026-08-28T17:40:16.712Z,1787938816712,76100,1,,83acd2e6,76112,grid,4,1329,1381,128,809,323,69,,0,0,0,0,0,0,0,0,0,0,0,0,0,0,2,,
2026-08-28T17:41:16.737Z,1787938876737,76160,1,,83acd2e6,76172,grid,4,1328,1381,128,807,323,69,,0,0,0,0,0,0,0,0,0,0,0,0,0,0,2,,
2026-08-28T17:42:16.754Z,1787938936754,76220,1,,83acd2e6,76232,grid,4,1328,1381,128,808,323,69,,0,0,0,0,0,0,0,0,0,0,0,0,0,0,2,,
2026-08-28T17:43:16.764Z,1787938996764,76280,1,,83acd2e6,76292,grid,4,1328,1381,129,808,323,69,,0,0,0,0,0,0,0,0,0,0,0,0,0,0,2,,
2026-08-28T17:44:16.771Z,1787939056771,76340,1,,83acd2e6,76352,grid,4,1329,1381,128,808,323,69,,0,0,0,0,0,0,0,0,0,0,0,0,0,0,2,,
2026-08-28T17:45:16.778Z,1787939116778,76400,1,,83acd2e6,76412,grid,4,1328,1381,129,808,323,69,,0,0,0,0,0,0,0,0,0,0,0,0,0,0,2,,
2026-08-28T17:46:16.798Z,1787939176798,76460,1,,83acd2e6,76472,grid,4,1328,1381,129,807,323,69,,0,0,0,0,0,0,0,0,0,0,0,0,0,0,2,,
2026-08-28T17:47:16.811Z,1787939236811,76520,1,,83acd2e6,76532,grid,4,1328,1381,128,808,323,69,,0,0,0,0,0,0,0,0,0,0,0,0,0,0,2,,
2026-08-28T17:48:16.818Z,1787939296818,76580,1,,83acd2e6,76592,grid,4,1327,1381,128,808,323,69,,0,0,0,0,0,0,0,0,0,0,0,0,0,0,2,,
2026-08-28T17:49:16.829Z,1787939356829,76640,1,,83acd2e6,76652,grid,4,1327,1381,128,808,323,69,,0,0,0,0,0,0,0,0,0,0,0,0,0,0,2,,
2026-08-28T17:50:16.841Z,1787939416841,76700,1,,83acd2e6,76712,grid,4,1328,1381,128,808,323,69,,0,0,0,0,0,0,0,0,0,0,0,0,0,0,2,,
2026-08-28T17:51:16.856Z,1787939476856,76760,1,,83acd2e6,76772,grid,4,1328,1381,128,808,323,69,,0,0,0,0,0,0,0,0,0,0,0,0,0,0,2,,
2026-08-28T17:52:16.872Z,1787939536872,76820,1,,83acd2e6,76832,grid,4,1328,1381,128,808,323,69,,0,0,0,0,0,0,0,0,0,0,0,0,0,0,2,,
2026-08-28T17:53:16.891Z,1787939596891,76880,1,,83acd2e6,76892,grid,4,1328,1381,128,808,323,69,,0,0,0,0,0,0,0,0,0,0,0,0,0,0,2,,
2026-08-28T17:54:16.901Z,1787939656901,76940,1,,83acd2e6,76952,grid,4,1328,1381,128,808,323,69,,0,0,0,0,0,0,0,0,0,0,0,0,0,0,2,,
2026-08-28T17:55:16.917Z,1787939716917,77000,1,,83acd2e6,77012,grid,4,1328,1381,128,808,323,69,,0,0,0,0,0,0,0,0,0,0,0,0,0,0,2,,
2026-08-28T17:56:16.927Z,1787939776927,77060,1,,83acd2e6,77072,grid,4,1328,1381,128,808,323,69,,0,0,0,0,0,0,0,0,0,0,0,0,0,0,2,,
2026-08-28T17:57:16.946Z,1787939836946,77120,1,,83acd2e6,77132,grid,4,1328,1381,128,808,323,69,,0,0,0,0,0,0,0,0,0,0,0,0,0,0,2,,
2026-08-28T17:58:16.956Z,1787939896956,77180,1,,83acd2e6,77192,grid,4,1328,1381,128,808,323,69,,0,0,0,0,0,0,0,0,0,0,0,0,0,0,2,,
2026-08-28T17:59:16.974Z,1787939956974,77240,1,,83acd2e6,77252,grid,4,1329,1381,128,809,323,69,,0,0,0,0,0,0,0,0,0,0,0,0,0,0,2,,
2026-08-28T18:00:16.991Z,1787940016991,77300,1,,83acd2e6,77312,grid,4,1328,1381,128,808,323,69,,0,0,0,0,0,0,0,0,0,0,0,0,0,0,2,,
2026-08-28T18:01:17.003Z,1787940077003,77360,1,,83acd2e6,77372,grid,4,1329,1381,128,809,323,69,,0,0,0,0,0,0,0,0,0,0,0,0,0,0,2,,
2026-08-28T18:02:17.014Z,1787940137014,77420,1,,83acd2e6,77432,grid,4,1324,1381,128,800,327,69,,0,0,0,0,0,0,0,0,0,0,0,0,0,0,2,,
2026-08-28T18:03:17.023Z,1787940197023,77480,1,,83acd2e6,77492,grid,4,1333,1381,128,809,327,69,,0,0,0,0,0,0,0,0,0,0,0,0,0,0,2,,
2026-08-28T18:04:17.036Z,1787940257036,77540,1,,83acd2e6,77552,grid,4,1334,1381,128,809,327,69,,0,0,0,0,0,0,0,0,0,0,0,0,0,0,2,,
2026-08-28T18:05:17.045Z,1787940317045,77600,1,,83acd2e6,77612,grid,4,1333,1381,128,809,327,69,,0,0,0,0,0,0,0,0,0,0,0,0,0,0,2,,
2026-08-28T18:06:17.063Z,1787940377063,77660,1,,83acd2e6,77672,grid,4,1333,1381,128,809,327,69,,0,0,0,0,0,0,0,0,0,0,0,0,0,0,2,,
2026-08-28T18:07:17.088Z,1787940437088,77720,1,,83acd2e6,77733,grid,4,1332,1381,128,807,327,69,,0,0,0,0,0,0,0,0,0,0,0,0,0,0,2,,
2026-08-28T18:08:17.099Z,1787940497099,77780,1,,83acd2e6,77793,grid,4,1332,1381,128,808,327,69,,0,0,0,0,0,0,0,0,0,0,0,0,0,0,2,,
2026-08-28T18:09:17.123Z,1787940557123,77841,1,,83acd2e6,77853,grid,4,1330,1381,128,807,327,69,,0,0,0,0,0,0,0,0,0,0,0,0,0,0,2,,
2026-08-28T18:10:17.141Z,1787940617141,77901,1,,83acd2e6,77913,grid,4,1327,1381,128,807,323,69,,0,0,0,0,0,0,0,0,0,0,0,0,0,0,2,,
2026-08-28T18:11:17.160Z,1787940677160,77961,1,,83acd2e6,77973,grid,4,1328,1381,128,808,323,69,,0,0,0,0,0,0,0,0,0,0,0,0,0,0,2,,
2026-08-28T18:12:17.180Z,1787940737180,78021,1,,83acd2e6,78033,grid,4,1327,1381,128,807,323,69,,0,0,0,0,0,0,0,0,0,0,0,0,0,0,2,,
2026-08-28T18:13:17.200Z,1787940797200,78081,1,,83acd2e6,78093,grid,4,1328,1381,128,808,323,69,,0,0,0,0,0,0,0,0,0,0,0,0,0,0,2,,
2026-08-28T18:14:17.216Z,1787940857216,78141,1,,83acd2e6,78153,grid,4,1328,1381,128,808,323,69,,0,0,0,0,0,0,0,0,0,0,0,0,0,0,2,,
2026-08-28T18:15:17.226Z,1787940917226,78201,1,,83acd2e6,78213,grid,4,1327,1381,128,807,323,69,,0,0,0,0,0,0,0,0,0,0,0,0,0,0,2,,
2026-08-28T18:16:17.243Z,1787940977243,78261,1,,83acd2e6,78273,grid,4,1328,1381,128,808,323,69,,0,0,0,0,0,0,0,0,0,0,0,0,0,0,2,,
2026-08-28T18:17:17.263Z,1787941037263,78321,1,,83acd2e6,78333,grid,4,1328,1381,128,808,323,69,,0,0,0,0,0,0,0,0,0,0,0,0,0,0,2,,
2026-08-28T18:18:17.276Z,1787941097276,78381,1,,83acd2e6,78393,grid,4,1328,1381,128,808,323,69,,0,0,0,0,0,0,0,0,0,0,0,0,0,0,2,,
2026-08-28T18:19:17.298Z,1787941157298,78441,1,,83acd2e6,78453,grid,4,1328,1381,128,808,323,69,,0,0,0,0,0,0,0,0,0,0,0,0,0,0,2,,
2026-08-28T18:20:17.315Z,1787941217315,78501,1,,83acd2e6,78513,grid,4,1328,1381,128,808,323,69,,0,0,0,0,0,0,0,0,0,0,0,0,0,0,2,,
2026-08-28T18:21:17.340Z,1787941277340,78561,1,,83acd2e6,78573,grid,4,1329,1381,128,808,323,69,,0,0,0,0,0,0,0,0,0,0,0,0,0,0,2,,
2026-08-28T18:22:17.359Z,1787941337359,78621,1,,83acd2e6,78633,grid,4,1328,1381,128,808,323,69,,0,0,0,0,0,0,0,0,0,0,0,0,0,0,2,,
2026-08-28T18:23:17.381Z,1787941397381,78681,1,,83acd2e6,78693,grid,4,1329,1381,128,809,323,69,,0,0,0,0,0,0,0,0,0,0,0,0,0,0,2,,
2026-08-28T18:24:17.390Z,1787941457390,78741,1,,83acd2e6,78753,grid,4,1328,1381,128,808,323,69,,0,0,0,0,0,0,0,0,0,0,0,0,0,0,2,,
2026-08-28T18:25:17.414Z,1787941517414,78801,1,,83acd2e6,78813,grid,4,1327,1381,128,807,323,69,,0,0,0,0,0,0,0,0,0,0,0,0,0,0,2,,
2026-08-28T18:26:17.425Z,1787941577425,78861,1,,83acd2e6,78873,grid,4,1328,1381,128,807,323,69,,0,0,0,0,0,0,0,0,0,0,0,0,0,0,2,,
2026-08-28T18:27:17.437Z,1787941637437,78921,1,,83acd2e6,78933,grid,4,1327,1381,128,807,323,69,,0,0,0,0,0,0,0,0,0,0,0,0,0,0,2,,
2026-08-28T18:28:17.454Z,1787941697454,78981,1,,83acd2e6,78993,grid,4,1328,1381,128,808,323,69,,0,0,0,0,0,0,0,0,0,0,0,0,0,0,2,,
2026-08-28T18:29:17.465Z,1787941757465,79041,1,,83acd2e6,79053,grid,4,1327,1381,129,807,323,69,,0,0,0,0,0,0,0,0,0,0,0,0,0,0,2,,
2026-08-28T18:30:17.480Z,1787941817480,79101,1,,83acd2e6,79113,grid,4,1328,1381,129,808,323,69,,0,0,0,0,0,0,0,0,0,0,0,0,0,0,2,,
2026-08-28T18:31:17.504Z,1787941877504,79161,1,,83acd2e6,79173,grid,4,1328,1381,128,808,323,69,,0,0,0,0,0,0,0,0,0,0,0,0,0,0,2,,
2026-08-28T18:32:17.517Z,1787941937517,79221,1,,83acd2e6,79233,grid,4,1319,1381,128,799,323,69,,0,0,0,0,0,0,0,0,0,0,0,0,0,0,2,,
2026-08-28T18:33:17.536Z,1787941997536,79281,1,,83acd2e6,79293,grid,4,1327,1381,128,807,323,69,,0,0,0,0,0,0,0,0,0,0,0,0,0,0,2,,
2026-08-28T18:34:17.552Z,1787942057552,79341,1,,83acd2e6,79353,grid,4,1326,1381,128,807,323,69,,0,0,0,0,0,0,0,0,0,0,0,0,0,0,2,,
2026-08-28T18:35:17.564Z,1787942117564,79401,1,,83acd2e6,79413,grid,4,1327,1381,128,807,323,69,,0,0,0,0,0,0,0,0,0,0,0,0,0,0,2,,
2026-08-28T18:36:17.583Z,1787942177583,79461,1,,83acd2e6,79473,grid,4,1327,1381,128,807,323,69,,0,0,0,0,0,0,0,0,0,0,0,0,0,0,2,,
2026-08-28T18:37:17.595Z,1787942237595,79521,1,,83acd2e6,79533,grid,4,1327,1381,128,807,323,69,,0,0,0,0,0,0,0,0,0,0,0,0,0,0,2,,
2026-08-28T18:38:17.616Z,1787942297616,79581,1,,83acd2e6,79593,grid,4,1328,1381,128,808,323,69,,0,0,0,0,0,0,0,0,0,0,0,0,0,0,2,,
2026-08-28T18:39:17.637Z,1787942357637,79641,1,,83acd2e6,79653,grid,4,1328,1381,128,808,323,69,,0,0,0,0,0,0,0,0,0,0,0,0,0,0,2,,
2026-08-28T18:40:17.657Z,1787942417657,79701,1,,83acd2e6,79713,grid,4,1328,1381,128,808,323,69,,0,0,0,0,0,0,0,0,0,0,0,0,0,0,2,,
2026-08-28T18:41:17.686Z,1787942477686,79761,1,,83acd2e6,79773,grid,4,1328,1381,128,809,323,69,,0,0,0,0,0,0,0,0,0,0,0,0,0,0,2,,
2026-08-28T18:42:17.698Z,1787942537698,79821,1,,83acd2e6,79833,grid,4,1326,1381,128,807,323,69,,0,0,0,0,0,0,0,0,0,0,0,0,0,0,2,,
2026-08-28T18:43:17.717Z,1787942597717,79881,1,,83acd2e6,79893,grid,4,1327,1381,128,807,323,69,,0,0,0,0,0,0,0,0,0,0,0,0,0,0,2,,
2026-08-28T18:44:17.734Z,1787942657734,79941,1,,83acd2e6,79953,grid,4,1327,1381,128,807,323,69,,0,0,0,0,0,0,0,0,0,0,0,0,0,0,2,,
2026-08-28T18:45:17.756Z,1787942717756,80001,1,,83acd2e6,80013,grid,4,1327,1381,128,807,323,69,,0,0,0,0,0,0,0,0,0,0,0,0,0,0,2,,
2026-08-28T18:46:17.766Z,1787942777766,80061,1,,83acd2e6,80073,grid,4,1328,1381,128,808,323,69,,0,0,0,0,0,0,0,0,0,0,0,0,0,0,2,,
2026-08-28T18:47:17.784Z,1787942837784,80121,1,,83acd2e6,80133,grid,4,1327,1381,128,808,323,69,,0,0,0,0,0,0,0,0,0,0,0,0,0,0,2,,
2026-08-28T18:48:17.792Z,1787942897792,80181,1,,83acd2e6,80193,grid,4,1328,1381,128,808,323,69,,0,0,0,0,0,0,0,0,0,0,0,0,0,0,2,,
2026-08-28T18:49:17.803Z,1787942957803,80241,1,,83acd2e6,80253,grid,4,1328,1381,128,807,323,69,,0,0,0,0,0,0,0,0,0,0,0,0,0,0,2,,
2026-08-28T18:50:17.815Z,1787943017815,80301,1,,83acd2e6,80313,grid,4,1328,1381,128,808,323,69,,0,0,0,0,0,0,0,0,0,0,0,0,0,0,2,,
2026-08-28T18:51:17.838Z,1787943077838,80361,1,,83acd2e6,80373,grid,4,1328,1381,129,808,323,69,,0,0,0,0,0,0,0,0,0,0,0,0,0,0,2,,
2026-08-28T18:52:17.853Z,1787943137853,80421,1,,83acd2e6,80433,grid,4,1328,1381,129,808,323,69,,0,0,0,0,0,0,0,0,0,0,0,0,0,0,2,,
2026-08-28T18:53:17.868Z,1787943197868,80481,1,,83acd2e6,80493,grid,4,1328,1381,128,808,323,69,,0,0,0,0,0,0,0,0,0,0,0,0,0,0,2,,
2026-08-28T18:54:17.883Z,1787943257883,80541,1,,83acd2e6,80553,grid,4,1328,1381,128,808,323,69,,0,0,0,0,0,0,0,0,0,0,0,0,0,0,2,,
2026-08-28T18:55:17.900Z,1787943317900,80601,1,,83acd2e6,80613,grid,4,1327,1381,128,807,323,69,,0,0,0,0,0,0,0,0,0,0,0,0,0,0,2,,
2026-08-28T18:56:17.910Z,1787943377910,80661,1,,83acd2e6,80673,grid,4,1328,1381,128,808,323,69,,0,0,0,0,0,0,0,0,0,0,0,0,0,0,2,,
2026-08-28T18:57:17.933Z,1787943437933,80721,1,,83acd2e6,80733,grid,4,1327,1381,128,807,323,69,,0,0,0,0,0,0,0,0,0,0,0,0,0,0,2,,
2026-08-28T18:58:17.944Z,1787943497944,80781,1,,83acd2e6,80793,grid,4,1327,1381,128,808,323,69,,0,0,0,0,0,0,0,0,0,0,0,0,0,0,2,,
2026-08-28T18:59:17.958Z,1787943557958,80841,1,,83acd2e6,80853,grid,4,1327,1381,128,807,323,69,,0,0,0,0,0,0,0,0,0,0,0,0,0,0,2,,
2026-08-28T19:00:17.979Z,1787943617979,80901,1,,83acd2e6,80913,grid,4,1327,1381,128,807,323,69,,0,0,0,0,0,0,0,0,0,0,0,0,0,0,2,,
2026-08-28T19:01:18.000Z,1787943678000,80961,1,,83acd2e6,80973,grid,4,1327,1381,128,807,323,69,,0,0,0,0,0,0,0,0,0,0,0,0,0,0,2,,
2026-08-28T19:02:18.008Z,1787943738008,81021,1,,83acd2e6,81033,grid,4,1319,1381,128,799,323,69,,0,0,0,0,0,0,0,0,0,0,0,0,0,0,2,,
2026-08-28T19:03:18.022Z,1787943798022,81081,1,,83acd2e6,81093,grid,4,1328,1381,128,808,323,69,,0,0,0,0,0,0,0,0,0,0,0,0,0,0,2,,
2026-08-28T19:04:18.030Z,1787943858030,81141,1,,83acd2e6,81153,grid,4,1328,1381,128,808,323,69,,0,0,0,0,0,0,0,0,0,0,0,0,0,0,2,,
2026-08-28T19:05:18.049Z,1787943918049,81201,1,,83acd2e6,81213,grid,4,1328,1381,128,808,323,69,,0,0,0,0,0,0,0,0,0,0,0,0,0,0,2,,
2026-08-28T19:06:18.061Z,1787943978061,81261,1,,83acd2e6,81273,grid,4,1328,1381,128,808,323,69,,0,0,0,0,0,0,0,0,0,0,0,0,0,0,2,,
2026-08-28T19:07:18.083Z,1787944038083,81321,1,,83acd2e6,81334,grid,4,1328,1381,128,808,323,69,,0,0,0,0,0,0,0,0,0,0,0,0,0,0,2,,
2026-08-28T19:08:18.093Z,1787944098093,81381,1,,83acd2e6,81394,grid,4,1328,1381,128,808,323,69,,0,0,0,0,0,0,0,0,0,0,0,0,0,0,2,,
2026-08-28T19:09:18.117Z,1787944158117,81442,1,,83acd2e6,81454,grid,4,1328,1381,128,808,323,69,,0,0,0,0,0,0,0,0,0,0,0,0,0,0,2,,
2026-08-28T19:10:18.126Z,1787944218126,81502,1,,83acd2e6,81514,grid,4,1329,1381,128,808,323,69,,0,0,0,0,0,0,0,0,0,0,0,0,0,0,2,,
2026-08-28T19:11:18.149Z,1787944278149,81562,1,,83acd2e6,81574,grid,4,1329,1381,129,809,323,69,,0,0,0,0,0,0,0,0,0,0,0,0,0,0,2,,
2026-08-28T19:12:18.172Z,1787944338172,81622,1,,83acd2e6,81634,grid,4,1328,1381,129,807,323,69,,0,0,0,0,0,0,0,0,0,0,0,0,0,0,2,,
2026-08-28T19:13:18.193Z,1787944398193,81682,1,,83acd2e6,81694,grid,4,1328,1381,129,808,323,69,,0,0,0,0,0,0,0,0,0,0,0,0,0,0,2,,
2026-08-28T19:14:18.213Z,1787944458213,81742,1,,83acd2e6,81754,grid,4,1328,1381,129,808,323,69,,0,0,0,0,0,0,0,0,0,0,0,0,0,0,2,,
2026-08-28T19:15:18.224Z,1787944518224,81802,1,,83acd2e6,81814,grid,4,1327,1381,128,808,323,69,,0,0,0,0,0,0,0,0,0,0,0,0,0,0,2,,
2026-08-28T19:16:18.248Z,1787944578248,81862,1,,83acd2e6,81874,grid,4,1327,1381,128,807,323,69,,0,0,0,0,0,0,0,0,0,0,0,0,0,0,2,,
2026-08-28T19:17:18.260Z,1787944638260,81922,1,,83acd2e6,81934,grid,4,1327,1381,128,807,323,69,,0,0,0,0,0,0,0,0,0,0,0,0,0,0,2,,
2026-08-28T19:18:18.278Z,1787944698278,81982,1,,83acd2e6,81994,grid,4,1328,1381,128,808,323,69,,0,0,0,0,0,0,0,0,0,0,0,0,0,0,2,,
2026-08-28T19:19:18.302Z,1787944758302,82042,1,,83acd2e6,82054,grid,4,1328,1381,128,808,323,69,,0,0,0,0,0,0,0,0,0,0,0,0,0,0,2,,
2026-08-28T19:20:18.321Z,1787944818321,82102,1,,83acd2e6,82114,grid,4,1328,1381,128,808,323,69,,0,0,0,0,0,0,0,0,0,0,0,0,0,0,2,,
2026-08-28T19:21:18.343Z,1787944878343,82162,1,,83acd2e6,82174,grid,4,1328,1381,128,809,323,69,,0,0,0,0,0,0,0,0,0,0,0,0,0,0,2,,
2026-08-28T19:22:18.367Z,1787944938367,82222,1,,83acd2e6,82234,grid,4,1328,1381,128,808,323,69,,0,0,0,0,0,0,0,0,0,0,0,0,0,0,2,,
2026-08-28T19:23:18.376Z,1787944998376,82282,1,,83acd2e6,82294,grid,4,1329,1381,128,809,323,69,,0,0,0,0,0,0,0,0,0,0,0,0,0,0,2,,
2026-08-28T19:24:18.388Z,1787945058388,82342,1,,83acd2e6,82354,grid,4,1329,1381,128,809,323,69,,0,0,0,0,0,0,0,0,0,0,0,0,0,0,2,,
2026-08-28T19:25:18.412Z,1787945118412,82402,1,,83acd2e6,82414,grid,4,1328,1381,128,808,323,69,,0,0,0,0,0,0,0,0,0,0,0,0,0,0,2,,
2026-08-28T19:26:18.421Z,1787945178421,82462,1,,83acd2e6,82474,grid,4,1333,1381,128,808,328,69,,0,0,0,0,0,0,0,0,0,0,0,0,0,0,2,,
2026-08-28T19:27:18.430Z,1787945238430,82522,1,,83acd2e6,82534,grid,4,1333,1381,128,808,327,69,,0,0,0,0,0,0,0,0,0,0,0,0,0,0,2,,
2026-08-28T19:28:18.442Z,1787945298442,82582,1,,83acd2e6,82594,grid,4,1329,1381,128,809,323,69,,0,0,0,0,0,0,0,0,0,0,0,0,0,0,2,,
2026-08-28T19:29:18.454Z,1787945358454,82642,1,,83acd2e6,82654,grid,4,1329,1381,128,809,323,69,,0,0,0,0,0,0,0,0,0,0,0,0,0,0,2,,
2026-08-28T19:30:18.464Z,1787945418464,82702,1,,83acd2e6,82714,grid,4,1330,1381,128,809,324,69,,0,0,0,0,0,0,0,0,0,0,0,0,0,0,2,,
2026-08-28T19:31:18.479Z,1787945478479,82762,1,,83acd2e6,82774,grid,4,1329,1381,128,809,323,69,,0,0,0,0,0,0,0,0,0,0,0,0,0,0,2,,
2026-08-28T19:32:18.493Z,1787945538493,82822,1,,83acd2e6,82834,grid,4,1323,1381,129,802,324,69,,0,0,0,0,0,0,0,0,0,0,0,0,0,0,2,,
2026-08-28T19:33:18.513Z,1787945598513,82882,1,,83acd2e6,82894,grid,4,1333,1381,129,808,328,69,,0,0,0,0,0,0,0,0,0,0,0,0,0,0,2,,
2026-08-28T19:34:18.524Z,1787945658524,82942,1,,83acd2e6,82954,grid,4,1328,1381,129,808,323,69,,0,0,0,0,0,0,0,0,0,0,0,0,0,0,2,,
2026-08-28T19:35:18.532Z,1787945718532,83002,1,,83acd2e6,83014,grid,4,1329,1381,129,808,323,69,,0,0,0,0,0,0,0,0,0,0,0,0,0,0,2,,
2026-08-28T19:36:18.545Z,1787945778545,83062,1,,83acd2e6,83074,grid,4,1328,1381,129,808,323,69,,0,0,0,0,0,0,0,0,0,0,0,0,0,0,2,,
2026-08-28T19:37:18.568Z,1787945838568,83122,1,,83acd2e6,83134,grid,4,1328,1381,128,808,323,69,,0,0,0,0,0,0,0,0,0,0,0,0,0,0,2,,
2026-08-28T19:38:18.587Z,1787945898587,83182,1,,83acd2e6,83194,grid,4,1328,1381,128,809,323,69,,0,0,0,0,0,0,0,0,0,0,0,0,0,0,2,,
2026-08-28T19:39:18.598Z,1787945958598,83242,1,,83acd2e6,83254,grid,4,1327,1381,128,807,323,69,,0,0,0,0,0,0,0,0,0,0,0,0,0,0,2,,
2026-08-28T19:40:18.614Z,1787946018614,83302,1,,83acd2e6,83314,grid,4,1327,1381,128,808,323,69,,0,0,0,0,0,0,0,0,0,0,0,0,0,0,2,,
2026-08-28T19:41:18.632Z,1787946078632,83362,1,,83acd2e6,83374,grid,4,1327,1381,128,807,323,69,,0,0,0,0,0,0,0,0,0,0,0,0,0,0,2,,
2026-08-28T19:42:18.652Z,1787946138652,83422,1,,83acd2e6,83434,grid,4,1327,1381,128,808,323,69,,0,0,0,0,0,0,0,0,0,0,0,0,0,0,2,,
2026-08-28T19:43:18.673Z,1787946198673,83482,1,,83acd2e6,83494,grid,4,1328,1381,128,808,323,69,,0,0,0,0,0,0,0,0,0,0,0,0,0,0,2,,
2026-08-28T19:44:18.688Z,1787946258688,83542,1,,83acd2e6,83554,grid,4,1327,1381,128,808,323,69,,0,0,0,0,0,0,0,0,0,0,0,0,0,0,2,,
2026-08-28T19:45:18.702Z,1787946318702,83602,1,,83acd2e6,83614,grid,4,1328,1381,128,808,323,69,,0,0,0,0,0,0,0,0,0,0,0,0,0,0,2,,
2026-08-28T19:46:18.723Z,1787946378723,83662,1,,83acd2e6,83674,grid,4,1328,1381,128,808,323,69,,0,0,0,0,0,0,0,0,0,0,0,0,0,0,2,,
2026-08-28T19:47:18.737Z,1787946438737,83722,1,,83acd2e6,83734,grid,4,1328,1381,128,809,323,69,,0,0,0,0,0,0,0,0,0,0,0,0,0,0,2,,
2026-08-28T19:48:18.760Z,1787946498760,83782,1,,83acd2e6,83794,grid,4,1329,1381,128,809,323,69,,0,0,0,0,0,0,0,0,0,0,0,0,0,0,2,,
2026-08-28T19:49:18.768Z,1787946558768,83842,1,,83acd2e6,83854,grid,4,1328,1381,128,808,323,69,,0,0,0,0,0,0,0,0,0,0,0,0,0,0,2,,
2026-08-28T19:50:18.783Z,1787946618783,83902,1,,83acd2e6,83914,grid,4,1328,1381,128,808,323,69,,0,0,0,0,0,0,0,0,0,0,0,0,0,0,2,,
2026-08-28T19:51:18.793Z,1787946678793,83962,1,,83acd2e6,83974,grid,4,1329,1381,128,808,323,69,,0,0,0,0,0,0,0,0,0,0,0,0,0,0,2,,
2026-08-28T19:52:18.816Z,1787946738816,84022,1,,83acd2e6,84034,grid,4,1333,1381,129,809,327,69,,0,0,0,0,0,0,0,0,0,0,0,0,0,0,2,,
2026-08-28T19:53:18.833Z,1787946798833,84082,1,,83acd2e6,84094,grid,4,1328,1381,129,808,323,69,,0,0,0,0,0,0,0,0,0,0,0,0,0,0,2,,
2026-08-28T19:54:18.845Z,1787946858845,84142,1,,83acd2e6,84154,grid,4,1329,1381,129,809,323,69,,0,0,0,0,0,0,0,0,0,0,0,0,0,0,2,,
2026-08-28T19:55:18.861Z,1787946918861,84202,1,,83acd2e6,84214,grid,4,1329,1381,129,809,323,69,,0,0,0,0,0,0,0,0,0,0,0,0,0,0,2,,
2026-08-28T19:56:18.875Z,1787946978875,84262,1,,83acd2e6,84274,grid,4,1328,1381,129,808,323,69,,0,0,0,0,0,0,0,0,0,0,0,0,0,0,2,,
2026-08-28T19:57:18.886Z,1787947038886,84322,1,,83acd2e6,84334,grid,4,1329,1381,129,808,323,69,,0,0,0,0,0,0,0,0,0,0,0,0,0,0,2,,
2026-08-28T19:58:18.900Z,1787947098900,84382,1,,83acd2e6,84394,grid,4,1333,1381,129,808,327,69,,0,0,0,0,0,0,0,0,0,0,0,0,0,0,2,,
2026-08-28T19:59:18.907Z,1787947158907,84442,1,,83acd2e6,84454,grid,4,1333,1381,129,808,327,69,,0,0,0,0,0,0,0,0,0,0,0,0,0,0,2,,
2026-08-28T20:00:18.920Z,1787947218920,84502,1,,83acd2e6,84514,grid,4,1333,1381,129,809,327,69,,0,0,0,0,0,0,0,0,0,0,0,0,0,0,2,,
2026-08-28T20:01:18.944Z,1787947278944,84562,1,,83acd2e6,84574,grid,4,1329,1381,129,808,323,69,,0,0,0,0,0,0,0,0,0,0,0,0,0,0,2,,
2026-08-28T20:02:18.954Z,1787947338954,84622,1,,83acd2e6,84634,grid,4,1331,1381,129,811,323,69,,0,0,0,0,0,0,0,0,0,0,0,0,0,0,2,,
2026-08-28T20:03:18.968Z,1787947398968,84682,1,,83acd2e6,84694,grid,4,1330,1381,129,809,323,69,,0,0,0,0,0,0,0,0,0,0,0,0,0,0,2,,
2026-08-28T20:04:18.983Z,1787947458983,84742,1,,83acd2e6,84754,grid,4,1329,1381,129,809,323,69,,0,0,0,0,0,0,0,0,0,0,0,0,0,0,2,,
2026-08-28T20:05:19.002Z,1787947519002,84802,1,,83acd2e6,84814,grid,4,1329,1381,129,809,323,69,,0,0,0,0,0,0,0,0,0,0,0,0,0,0,2,,
2026-08-28T20:06:19.011Z,1787947579011,84862,1,,83acd2e6,84874,grid,4,1329,1381,129,808,323,69,,0,0,0,0,0,0,0,0,0,0,0,0,0,0,2,,
2026-08-28T20:07:19.034Z,1787947639034,84922,1,,83acd2e6,84934,grid,4,1330,1381,129,809,323,69,,0,0,0,0,0,0,0,0,0,0,0,0,0,0,2,,
2026-08-28T20:08:19.057Z,1787947699057,84982,1,,83acd2e6,84994,grid,4,1330,1381,129,809,323,69,,0,0,0,0,0,0,0,0,0,0,0,0,0,0,2,,
2026-08-28T20:09:19.072Z,1787947759072,85042,1,,83acd2e6,85055,grid,4,1330,1381,129,810,323,69,,0,0,0,0,0,0,0,0,0,0,0,0,0,0,2,,
2026-08-28T20:10:19.091Z,1787947819091,85102,1,,83acd2e6,85115,grid,4,1330,1381,129,809,323,69,,0,0,0,0,0,0,0,0,0,0,0,0,0,0,2,,
2026-08-28T20:11:19.101Z,1787947879101,85162,1,,83acd2e6,85175,grid,4,1330,1381,129,809,323,69,,0,0,0,0,0,0,0,0,0,0,0,0,0,0,2,,
2026-08-28T20:12:19.113Z,1787947939113,85223,1,,83acd2e6,85235,grid,4,1329,1381,129,809,323,69,,0,0,0,0,0,0,0,0,0,0,0,0,0,0,2,,
2026-08-28T20:13:19.134Z,1787947999134,85283,1,,83acd2e6,85295,grid,4,1332,1381,129,807,327,69,,0,0,0,0,0,0,0,0,0,0,0,0,0,0,2,,
2026-08-28T20:14:19.156Z,1787948059156,85343,1,,83acd2e6,85355,grid,4,1333,1381,129,808,327,69,,0,0,0,0,0,0,0,0,0,0,0,0,0,0,2,,
2026-08-28T20:15:19.166Z,1787948119166,85403,1,,83acd2e6,85415,grid,4,1329,1381,129,808,323,69,,0,0,0,0,0,0,0,0,0,0,0,0,0,0,2,,
2026-08-28T20:16:19.184Z,1787948179184,85463,1,,83acd2e6,85475,grid,4,1329,1381,129,808,323,69,,0,0,0,0,0,0,0,0,0,0,0,0,0,0,2,,
2026-08-28T20:17:19.204Z,1787948239204,85523,1,,83acd2e6,85535,grid,4,1329,1381,130,808,323,69,,0,0,0,0,0,0,0,0,0,0,0,0,0,0,2,,
2026-08-28T20:18:19.223Z,1787948299223,85583,1,,83acd2e6,85595,grid,4,1329,1381,130,808,323,69,,0,0,0,0,0,0,0,0,0,0,0,0,0,0,2,,
2026-08-28T20:19:19.249Z,1787948359249,85643,1,,83acd2e6,85655,grid,4,1330,1381,130,809,323,69,,0,0,0,0,0,0,0,0,0,0,0,0,0,0,2,,
2026-08-28T20:20:19.261Z,1787948419261,85703,1,,83acd2e6,85715,grid,4,1329,1381,130,808,323,69,,0,0,0,0,0,0,0,0,0,0,0,0,0,0,2,,
2026-08-28T20:21:19.280Z,1787948479280,85763,1,,83acd2e6,85775,grid,4,1333,1381,129,809,327,69,,0,0,0,0,0,0,0,0,0,0,0,0,0,0,2,,
2026-08-28T20:22:19.295Z,1787948539295,85823,1,,83acd2e6,85835,grid,4,1328,1381,129,808,323,69,,0,0,0,0,0,0,0,0,0,0,0,0,0,0,2,,
2026-08-28T20:23:19.311Z,1787948599311,85883,1,,83acd2e6,85895,grid,4,1328,1381,129,808,323,69,,0,0,0,0,0,0,0,0,0,0,0,0,0,0,2,,
2026-08-28T20:24:19.326Z,1787948659326,85943,1,,83acd2e6,85955,grid,4,1329,1381,129,808,323,69,,0,0,0,0,0,0,0,0,0,0,0,0,0,0,2,,
2026-08-28T20:25:19.341Z,1787948719341,86003,1,,83acd2e6,86015,grid,4,1328,1381,129,808,323,69,,0,0,0,0,0,0,0,0,0,0,0,0,0,0,2,,
2026-08-28T20:26:19.362Z,1787948779362,86063,1,,83acd2e6,86075,grid,4,1328,1381,129,808,323,69,,0,0,0,0,0,0,0,0,0,0,0,0,0,0,2,,
2026-08-28T20:27:19.371Z,1787948839371,86123,1,,83acd2e6,86135,grid,4,1328,1381,129,808,323,69,,0,0,0,0,0,0,0,0,0,0,0,0,0,0,2,,
2026-08-28T20:28:19.391Z,1787948899391,86183,1,,83acd2e6,86195,grid,4,1328,1381,129,808,322,69,,0,0,0,0,0,0,0,0,0,0,0,0,0,0,2,,
2026-08-28T20:29:19.408Z,1787948959408,86243,1,,83acd2e6,86255,grid,4,1329,1381,129,809,323,69,,0,0,0,0,0,0,0,0,0,0,0,0,0,0,2,,
2026-08-28T20:30:19.433Z,1787949019433,86303,1,,83acd2e6,86315,grid,4,1328,1381,129,808,322,69,,0,0,0,0,0,0,0,0,0,0,0,0,0,0,2,,
2026-08-28T20:31:19.451Z,1787949079451,86363,1,,83acd2e6,86375,grid,4,1328,1381,129,808,322,69,,0,0,0,0,0,0,0,0,0,0,0,0,0,0,2,,
2026-08-28T20:32:19.467Z,1787949139467,86423,1,,83acd2e6,86435,grid,4,1326,1381,129,806,323,69,,0,0,0,0,0,0,0,0,0,0,0,0,0,0,2,,
2026-08-28T20:33:19.480Z,1787949199480,86483,1,,83acd2e6,86495,grid,4,1334,1381,129,813,323,69,,0,0,0,0,0,0,0,0,0,0,0,0,0,0,2,,
2026-08-28T20:34:19.497Z,1787949259497,86543,1,,83acd2e6,86555,grid,4,1334,1381,129,813,323,69,,0,0,0,0,0,0,0,0,0,0,0,0,0,0,2,,
2026-08-28T20:35:19.518Z,1787949319518,86603,1,,83acd2e6,86615,grid,4,1334,1381,129,813,323,69,,0,0,0,0,0,0,0,0,0,0,0,0,0,0,2,,
2026-08-28T20:36:19.528Z,1787949379528,86663,1,,83acd2e6,86675,grid,4,1332,1381,129,812,323,69,,0,0,0,0,0,0,0,0,0,0,0,0,0,0,2,,
2026-08-28T20:37:19.541Z,1787949439541,86723,1,,83acd2e6,86735,grid,4,1333,1381,129,813,323,69,,0,0,0,0,0,0,0,0,0,0,0,0,0,0,2,,
2026-08-28T20:38:19.557Z,1787949499557,86783,1,,83acd2e6,86795,grid,4,1333,1381,129,813,323,69,,0,0,0,0,0,0,0,0,0,0,0,0,0,0,2,,
2026-08-28T20:39:19.570Z,1787949559570,86843,1,,83acd2e6,86855,grid,4,1333,1381,129,813,323,69,,0,0,0,0,0,0,0,0,0,0,0,0,0,0,2,,
2026-08-28T20:40:19.595Z,1787949619595,86903,1,,83acd2e6,86915,grid,4,1334,1381,129,813,323,69,,0,0,0,0,0,0,0,0,0,0,0,0,0,0,2,,
2026-08-28T20:41:19.619Z,1787949679619,86963,1,,83acd2e6,86975,grid,4,1334,1381,129,813,323,69,,0,0,0,0,0,0,0,0,0,0,0,0,0,0,2,,
2026-08-28T20:42:19.629Z,1787949739629,87023,1,,83acd2e6,87035,grid,4,1333,1381,129,812,323,69,,0,0,0,0,0,0,0,0,0,0,0,0,0,0,2,,
2026-08-28T20:43:19.648Z,1787949799648,87083,1,,83acd2e6,87095,grid,4,1333,1381,128,813,323,69,,0,0,0,0,0,0,0,0,0,0,0,0,0,0,2,,
2026-08-28T20:44:19.663Z,1787949859663,87143,1,,83acd2e6,87155,grid,4,1332,1381,128,812,323,69,,0,0,0,0,0,0,0,0,0,0,0,0,0,0,2,,
2026-08-28T20:45:19.677Z,1787949919677,87203,1,,83acd2e6,87215,grid,4,1333,1381,128,813,323,69,,0,0,0,0,0,0,0,0,0,0,0,0,0,0,2,,
2026-08-28T20:46:19.693Z,1787949979693,87263,1,,83acd2e6,87275,grid,4,1332,1381,128,812,323,69,,0,0,0,0,0,0,0,0,0,0,0,0,0,0,2,,
2026-08-28T20:47:19.719Z,1787950039719,87323,1,,83acd2e6,87335,grid,4,1332,1381,128,812,323,69,,0,0,0,0,0,0,0,0,0,0,0,0,0,0,2,,
2026-08-28T20:48:19.739Z,1787950099739,87383,1,,83acd2e6,87395,grid,4,1338,1381,128,813,328,69,,0,0,0,0,0,0,0,0,0,0,0,0,0,0,2,,
2026-08-28T20:49:19.751Z,1787950159751,87443,1,,83acd2e6,87455,grid,4,1336,1381,128,813,326,69,,0,0,0,0,0,0,0,0,0,0,0,0,0,0,2,,
2026-08-28T20:50:19.770Z,1787950219770,87503,1,,83acd2e6,87515,grid,4,1331,1381,128,811,323,69,,0,0,0,0,0,0,0,0,0,0,0,0,0,0,2,,
2026-08-28T20:51:19.782Z,1787950279782,87563,1,,83acd2e6,87575,grid,4,1331,1381,128,810,323,69,,0,0,0,0,0,0,0,0,0,0,0,0,0,0,2,,
2026-08-28T20:52:19.800Z,1787950339800,87623,1,,83acd2e6,87635,grid,4,1335,1381,128,811,328,69,,0,0,0,0,0,0,0,0,0,0,0,0,0,0,2,,
2026-08-28T20:53:19.821Z,1787950399821,87683,1,,83acd2e6,87695,grid,4,1331,1381,128,810,323,69,,0,0,0,0,0,0,0,0,0,0,0,0,0,0,2,,
2026-08-28T20:54:19.845Z,1787950459845,87743,1,,83acd2e6,87755,grid,4,1330,1381,128,810,323,69,,0,0,0,0,0,0,0,0,0,0,0,0,0,0,2,,
2026-08-28T20:55:19.862Z,1787950519862,87803,1,,83acd2e6,87815,grid,4,1331,1381,128,811,323,69,,0,0,0,0,0,0,0,0,0,0,0,0,0,0,2,,
2026-08-28T20:56:19.887Z,1787950579887,87863,1,,83acd2e6,87875,grid,4,1331,1381,128,810,324,69,,0,0,0,0,0,0,0,0,0,0,0,0,0,0,2,,
2026-08-28T20:57:19.899Z,1787950639899,87923,1,,83acd2e6,87935,grid,4,1331,1381,128,810,323,69,,0,0,0,0,0,0,0,0,0,0,0,0,0,0,2,,
2026-08-28T20:58:19.923Z,1787950699923,87983,1,,83acd2e6,87995,grid,4,1330,1381,129,809,323,69,,0,0,0,0,0,0,0,0,0,0,0,0,0,0,2,,
2026-08-28T20:59:19.934Z,1787950759934,88043,1,,83acd2e6,88055,grid,4,1329,1381,129,809,323,69,,0,0,0,0,0,0,0,0,0,0,0,0,0,0,2,,
2026-08-28T21:00:19.955Z,1787950819955,88103,1,,83acd2e6,88115,grid,4,1330,1381,129,810,323,69,,0,0,0,0,0,0,0,0,0,0,0,0,0,0,2,,
2026-08-28T21:01:19.971Z,1787950879971,88163,1,,83acd2e6,88175,grid,4,1330,1381,129,809,323,69,,0,0,0,0,0,0,0,0,0,0,0,0,0,0,2,,
2026-08-28T21:02:19.985Z,1787950939985,88223,1,,83acd2e6,88235,grid,4,1324,1381,129,804,323,69,,0,0,0,0,0,0,0,0,0,0,0,0,0,0,2,,
2026-08-28T21:03:19.996Z,1787950999996,88283,1,,83acd2e6,88295,grid,4,1331,1381,129,810,323,69,,0,0,0,0,0,0,0,0,0,0,0,0,0,0,2,,
2026-08-28T21:04:20.011Z,1787951060011,88343,1,,83acd2e6,88355,grid,4,1330,1381,129,810,323,69,,0,0,0,0,0,0,0,0,0,0,0,0,0,0,2,,
2026-08-28T21:05:20.029Z,1787951120029,88403,1,,83acd2e6,88415,grid,4,1330,1381,128,810,323,69,,0,0,0,0,0,0,0,0,0,0,0,0,0,0,2,,
2026-08-28T21:06:20.051Z,1787951180051,88463,1,,83acd2e6,88475,grid,4,1334,1381,128,810,327,69,,0,0,0,0,0,0,0,0,0,0,0,0,0,0,2,,
2026-08-28T21:07:20.076Z,1787951240076,88523,1,,83acd2e6,88536,grid,4,1330,1381,128,810,323,69,,0,0,0,0,0,0,0,0,0,0,0,0,0,0,2,,
2026-08-28T21:08:20.098Z,1787951300098,88583,1,,83acd2e6,88596,grid,4,1331,1381,128,811,323,69,,0,0,0,0,0,0,0,0,0,0,0,0,0,0,2,,
2026-08-28T21:09:20.117Z,1787951360117,88644,1,,83acd2e6,88656,grid,4,1329,1381,128,809,323,69,,0,0,0,0,0,0,0,0,0,0,0,0,0,0,2,,
2026-08-28T21:10:20.141Z,1787951420141,88704,1,,83acd2e6,88716,grid,4,1330,1381,128,810,323,69,,0,0,0,0,0,0,0,0,0,0,0,0,0,0,2,,
2026-08-28T21:11:20.153Z,1787951480153,88764,1,,83acd2e6,88776,grid,4,1330,1381,128,810,323,69,,0,0,0,0,0,0,0,0,0,0,0,0,0,0,2,,
2026-08-28T21:12:20.174Z,1787951540174,88824,1,,83acd2e6,88836,grid,4,1330,1381,128,810,323,69,,0,0,0,0,0,0,0,0,0,0,0,0,0,0,2,,
2026-08-28T21:13:20.184Z,1787951600184,88884,1,,83acd2e6,88896,grid,4,1331,1381,128,811,323,69,,0,0,0,0,0,0,0,0,0,0,0,0,0,0,2,,
2026-08-28T21:14:20.199Z,1787951660199,88944,1,,83acd2e6,88956,grid,4,1330,1381,128,810,323,69,,0,0,0,0,0,0,0,0,0,0,0,0,0,0,2,,
2026-08-28T21:15:20.208Z,1787951720208,89004,1,,83acd2e6,89016,grid,4,1330,1381,128,810,323,69,,0,0,0,0,0,0,0,0,0,0,0,0,0,0,2,,
2026-08-28T21:16:20.218Z,1787951780218,89064,1,,83acd2e6,89076,grid,4,1328,1381,129,808,323,69,,0,0,0,0,0,0,0,0,0,0,0,0,0,0,2,,
2026-08-28T21:17:20.241Z,1787951840241,89124,1,,83acd2e6,89136,grid,4,1329,1381,129,809,323,69,,0,0,0,0,0,0,0,0,0,0,0,0,0,0,2,,
2026-08-28T21:18:20.257Z,1787951900257,89184,1,,83acd2e6,89196,grid,4,1329,1381,129,809,323,69,,0,0,0,0,0,0,0,0,0,0,0,0,0,0,2,,
2026-08-28T21:19:20.279Z,1787951960279,89244,1,,83acd2e6,89256,grid,4,1329,1381,129,809,323,69,,0,0,0,0,0,0,0,0,0,0,0,0,0,0,2,,
2026-08-28T21:20:20.293Z,1787952020293,89304,1,,83acd2e6,89316,grid,4,1330,1381,129,810,323,69,,0,0,0,0,0,0,0,0,0,0,0,0,0,0,2,,
2026-08-28T21:21:20.310Z,1787952080310,89364,1,,83acd2e6,89376,grid,4,1330,1381,129,810,323,69,,0,0,0,0,0,0,0,0,0,0,0,0,0,0,2,,
2026-08-28T21:22:20.328Z,1787952140328,89424,1,,83acd2e6,89436,grid,4,1334,1381,129,810,327,69,,0,0,0,0,0,0,0,0,0,0,0,0,0,0,2,,
2026-08-28T21:23:20.340Z,1787952200340,89484,1,,83acd2e6,89496,grid,4,1330,1381,129,810,323,69,,0,0,0,0,0,0,0,0,0,0,0,0,0,0,2,,
2026-08-28T21:24:20.352Z,1787952260352,89544,1,,83acd2e6,89556,grid,4,1330,1381,129,810,323,69,,0,0,0,0,0,0,0,0,0,0,0,0,0,0,2,,
2026-08-28T21:25:20.365Z,1787952320365,89604,1,,83acd2e6,89616,grid,4,1331,1381,129,811,323,69,,0,0,0,0,0,0,0,0,0,0,0,0,0,0,2,,
2026-08-28T21:26:20.389Z,1787952380389,89664,1,,83acd2e6,89676,grid,4,1330,1381,129,810,323,69,,0,0,0,0,0,0,0,0,0,0,0,0,0,0,2,,
2026-08-28T21:27:20.408Z,1787952440408,89724,1,,83acd2e6,89736,grid,4,1329,1381,128,809,323,69,,0,0,0,0,0,0,0,0,0,0,0,0,0,0,2,,
2026-08-28T21:28:20.432Z,1787952500432,89784,1,,83acd2e6,89796,grid,4,1330,1381,128,810,323,69,,0,0,0,0,0,0,0,0,0,0,0,0,0,0,2,,
2026-08-28T21:29:20.453Z,1787952560453,89844,1,,83acd2e6,89856,grid,4,1329,1381,128,810,323,69,,0,0,0,0,0,0,0,0,0,0,0,0,0,0,2,,
2026-08-28T21:30:20.472Z,1787952620472,89904,1,,83acd2e6,89916,grid,4,1329,1381,128,810,323,69,,0,0,0,0,0,0,0,0,0,0,0,0,0,0,2,,
2026-08-28T21:31:20.490Z,1787952680490,89964,1,,83acd2e6,89976,grid,4,1329,1381,128,810,323,69,,0,0,0,0,0,0,0,0,0,0,0,0,0,0,2,,
2026-08-28T21:32:20.507Z,1787952740507,90024,1,,83acd2e6,90036,grid,4,1322,1381,128,802,323,69,,0,0,0,0,0,0,0,0,0,0,0,0,0,0,2,,
2026-08-28T21:33:20.526Z,1787952800526,90084,1,,83acd2e6,90096,grid,4,1328,1381,128,809,323,69,,0,0,0,0,0,0,0,0,0,0,0,0,0,0,2,,
2026-08-28T21:34:20.541Z,1787952860541,90144,1,,83acd2e6,90156,grid,4,1329,1381,128,809,323,69,,0,0,0,0,0,0,0,0,0,0,0,0,0,0,2,,
2026-08-28T21:35:20.552Z,1787952920552,90204,1,,83acd2e6,90216,grid,4,1334,1381,128,809,327,69,,0,0,0,0,0,0,0,0,0,0,0,0,0,0,2,,
2026-08-28T21:36:20.566Z,1787952980566,90264,1,,83acd2e6,90276,grid,4,1329,1381,128,809,323,69,,0,0,0,0,0,0,0,0,0,0,0,0,0,0,2,,
2026-08-28T21:37:20.580Z,1787953040580,90324,1,,83acd2e6,90336,grid,4,1330,1381,128,810,323,69,,0,0,0,0,0,0,0,0,0,0,0,0,0,0,2,,
2026-08-28T21:38:20.604Z,1787953100604,90384,1,,83acd2e6,90396,grid,4,1330,1381,129,810,323,69,,0,0,0,0,0,0,0,0,0,0,0,0,0,0,2,,
2026-08-28T21:39:20.612Z,1787953160612,90444,1,,83acd2e6,90456,grid,4,1330,1381,129,810,323,69,,0,0,0,0,0,0,0,0,0,0,0,0,0,0,2,,
2026-08-28T21:40:20.637Z,1787953220637,90504,1,,83acd2e6,90516,grid,4,1331,1381,129,810,323,69,,0,0,0,0,0,0,0,0,0,0,0,0,0,0,2,,
2026-08-28T21:41:20.647Z,1787953280647,90564,1,,83acd2e6,90576,grid,4,1331,1381,129,811,323,69,,0,0,0,0,0,0,0,0,0,0,0,0,0,0,2,,
2026-08-28T21:42:20.657Z,1787953340657,90624,1,,83acd2e6,90636,grid,4,1331,1381,129,811,323,69,,0,0,0,0,0,0,0,0,0,0,0,0,0,0,2,,
2026-08-28T21:43:20.673Z,1787953400673,90684,1,,83acd2e6,90696,grid,4,1330,1381,129,810,323,69,,0,0,0,0,0,0,0,0,0,0,0,0,0,0,2,,
2026-08-28T21:44:20.682Z,1787953460682,90744,1,,83acd2e6,90756,grid,4,1330,1381,129,810,323,69,,0,0,0,0,0,0,0,0,0,0,0,0,0,0,2,,
2026-08-28T21:45:20.694Z,1787953520694,90804,1,,83acd2e6,90816,grid,4,1328,1381,129,808,322,69,,0,0,0,0,0,0,0,0,0,0,0,0,0,0,2,,
2026-08-28T21:46:20.709Z,1787953580709,90864,1,,83acd2e6,90876,grid,4,1329,1381,129,809,322,69,,0,0,0,0,0,0,0,0,0,0,0,0,0,0,2,,
2026-08-28T21:47:20.721Z,1787953640721,90924,1,,83acd2e6,90936,grid,4,1328,1381,129,808,323,69,,0,0,0,0,0,0,0,0,0,0,0,0,0,0,2,,
2026-08-28T21:48:20.739Z,1787953700739,90984,1,,83acd2e6,90996,grid,4,1329,1381,129,809,323,69,,0,0,0,0,0,0,0,0,0,0,0,0,0,0,2,,
2026-08-28T21:49:20.761Z,1787953760761,91044,1,,83acd2e6,91056,grid,4,1329,1381,128,809,323,69,,0,0,0,0,0,0,0,0,0,0,0,0,0,0,2,,
2026-08-28T21:50:20.782Z,1787953820782,91104,1,,83acd2e6,91116,grid,4,1328,1381,128,808,323,69,,0,0,0,0,0,0,0,0,0,0,0,0,0,0,2,,
2026-08-28T21:51:20.796Z,1787953880796,91164,1,,83acd2e6,91176,grid,4,1328,1381,128,808,323,69,,0,0,0,0,0,0,0,0,0,0,0,0,0,0,2,,
2026-08-28T21:52:20.807Z,1787953940807,91224,1,,83acd2e6,91236,grid,4,1329,1381,128,809,323,69,,0,0,0,0,0,0,0,0,0,0,0,0,0,0,2,,
2026-08-28T21:53:20.824Z,1787954000824,91284,1,,83acd2e6,91296,grid,4,1330,1381,128,810,323,69,,0,0,0,0,0,0,0,0,0,0,0,0,0,0,2,,
2026-08-28T21:54:20.847Z,1787954060847,91344,1,,83acd2e6,91356,grid,4,1329,1381,128,809,323,69,,0,0,0,0,0,0,0,0,0,0,0,0,0,0,2,,
2026-08-28T21:55:20.858Z,1787954120858,91404,1,,83acd2e6,91416,grid,4,1330,1381,128,810,323,69,,0,0,0,0,0,0,0,0,0,0,0,0,0,0,2,,
2026-08-28T21:56:20.873Z,1787954180873,91464,1,,83acd2e6,91476,grid,4,1330,1381,128,810,323,69,,0,0,0,0,0,0,0,0,0,0,0,0,0,0,2,,
2026-08-28T21:57:20.888Z,1787954240888,91524,1,,83acd2e6,91536,grid,4,1330,1381,128,809,323,69,,0,0,0,0,0,0,0,0,0,0,0,0,0,0,2,,
2026-08-28T21:58:20.905Z,1787954300905,91584,1,,83acd2e6,91596,grid,4,1330,1381,128,810,324,69,,0,0,0,0,0,0,0,0,0,0,0,0,0,0,2,,
2026-08-28T21:59:20.928Z,1787954360928,91644,1,,83acd2e6,91656,grid,4,1334,1381,128,810,328,69,,0,0,0,0,0,0,0,0,0,0,0,0,0,0,2,,
2026-08-28T22:00:20.937Z,1787954420937,91704,1,,83acd2e6,91716,grid,4,1334,1381,129,810,327,69,,0,0,0,0,0,0,0,0,0,0,0,0,0,0,2,,
2026-08-28T22:01:20.952Z,1787954480952,91764,1,,83acd2e6,91776,grid,4,1331,1381,129,810,324,69,,0,0,0,0,0,0,0,0,0,0,0,0,0,0,2,,
2026-08-28T22:02:20.968Z,1787954540968,91824,1,,83acd2e6,91836,grid,4,1323,1381,129,802,323,69,,0,0,0,0,0,0,0,0,0,0,0,0,0,0,2,,
2026-08-28T22:03:20.979Z,1787954600979,91884,1,,83acd2e6,91896,grid,4,1330,1381,129,809,323,69,,0,0,0,0,0,0,0,0,0,0,0,0,0,0,2,,
2026-08-28T22:04:21.001Z,1787954661001,91944,1,,83acd2e6,91956,grid,4,1330,1381,129,809,323,69,,0,0,0,0,0,0,0,0,0,0,0,0,0,0,2,,
2026-08-28T22:05:21.022Z,1787954721022,92004,1,,83acd2e6,92016,grid,4,1331,1381,129,809,324,69,,0,0,0,0,0,0,0,0,0,0,0,0,0,0,2,,
2026-08-28T22:06:21.033Z,1787954781033,92064,1,,83acd2e6,92076,grid,4,1330,1381,129,810,323,69,,0,0,0,0,0,0,0,0,0,0,0,0,0,0,2,,
2026-08-28T22:07:21.054Z,1787954841054,92124,1,,83acd2e6,92136,grid,4,1330,1381,129,809,323,69,,0,0,0,0,0,0,0,0,0,0,0,0,0,0,2,,
2026-08-28T22:08:21.074Z,1787954901074,92184,1,,83acd2e6,92197,grid,4,1331,1381,129,810,323,69,,0,0,0,0,0,0,0,0,0,0,0,0,0,0,2,,
2026-08-28T22:09:21.089Z,1787954961089,92244,1,,83acd2e6,92257,grid,4,1330,1381,129,810,323,69,,0,0,0,0,0,0,0,0,0,0,0,0,0,0,2,,
2026-08-28T22:10:21.097Z,1787955021097,92304,1,,83acd2e6,92317,grid,4,1329,1381,128,809,323,69,,0,0,0,0,0,0,0,0,0,0,0,0,0,0,2,,
2026-08-28T22:11:21.119Z,1787955081119,92365,1,,83acd2e6,92377,grid,4,1328,1381,128,808,323,69,,0,0,0,0,0,0,0,0,0,0,0,0,0,0,2,,
2026-08-28T22:12:21.142Z,1787955141142,92425,1,,83acd2e6,92437,grid,4,1332,1381,128,808,327,69,,0,0,0,0,0,0,0,0,0,0,0,0,0,0,2,,
2026-08-28T22:13:21.159Z,1787955201159,92485,1,,83acd2e6,92497,grid,4,1333,1381,128,809,327,69,,0,0,0,0,0,0,0,0,0,0,0,0,0,0,2,,
2026-08-28T22:14:21.171Z,1787955261171,92545,1,,83acd2e6,92557,grid,4,1328,1381,128,808,323,69,,0,0,0,0,0,0,0,0,0,0,0,0,0,0,2,,
2026-08-28T22:15:21.185Z,1787955321185,92605,1,,83acd2e6,92617,grid,4,1329,1381,128,809,323,69,,0,0,0,0,0,0,0,0,0,0,0,0,0,0,2,,
2026-08-28T22:16:21.201Z,1787955381201,92665,1,,83acd2e6,92677,grid,4,1329,1381,128,809,323,69,,0,0,0,0,0,0,0,0,0,0,0,0,0,0,2,,
2026-08-28T22:17:21.223Z,1787955441223,92725,1,,83acd2e6,92737,grid,4,1330,1381,128,809,323,69,,0,0,0,0,0,0,0,0,0,0,0,0,0,0,2,,
2026-08-28T22:18:21.239Z,1787955501239,92785,1,,83acd2e6,92797,grid,4,1330,1381,128,810,323,69,,0,0,0,0,0,0,0,0,0,0,0,0,0,0,2,,
2026-08-28T22:19:21.248Z,1787955561248,92845,1,,83acd2e6,92857,grid,4,1330,1381,128,810,323,69,,0,0,0,0,0,0,0,0,0,0,0,0,0,0,2,,
2026-08-28T22:20:21.259Z,1787955621259,92905,1,,83acd2e6,92917,grid,4,1331,1381,128,811,323,69,,0,0,0,0,0,0,0,0,0,0,0,0,0,0,2,,
2026-08-28T22:21:21.282Z,1787955681282,92965,1,,83acd2e6,92977,grid,4,1329,1381,129,809,323,69,,0,0,0,0,0,0,0,0,0,0,0,0,0,0,2,,
2026-08-28T22:22:21.297Z,1787955741297,93025,1,,83acd2e6,93037,grid,4,1330,1381,129,810,323,69,,0,0,0,0,0,0,0,0,0,0,0,0,0,0,2,,
2026-08-28T22:23:21.312Z,1787955801312,93085,1,,83acd2e6,93097,grid,4,1335,1381,129,810,327,69,,0,0,0,0,0,0,0,0,0,0,0,0,0,0,2,,
2026-08-28T22:24:21.336Z,1787955861336,93145,1,,83acd2e6,93157,grid,4,1333,1381,129,809,327,69,,0,0,0,0,0,0,0,0,0,0,0,0,0,0,2,,
2026-08-28T22:25:21.352Z,1787955921352,93205,1,,83acd2e6,93217,grid,4,1334,1381,129,809,327,69,,0,0,0,0,0,0,0,0,0,0,0,0,0,0,2,,
2026-08-28T22:26:21.369Z,1787955981369,93265,1,,83acd2e6,93277,grid,4,1333,1381,129,809,326,69,,0,0,0,0,0,0,0,0,0,0,0,0,0,0,2,,
2026-08-28T22:27:21.377Z,1787956041377,93325,1,,83acd2e6,93337,grid,4,1333,1381,129,810,326,69,,0,0,0,0,0,0,0,0,0,0,0,0,0,0,2,,
2026-08-28T22:28:21.391Z,1787956101391,93385,1,,83acd2e6,93397,grid,4,1330,1381,129,809,323,69,,0,0,0,0,0,0,0,0,0,0,0,0,0,0,2,,
2026-08-28T22:29:21.407Z,1787956161407,93445,1,,83acd2e6,93457,grid,4,1329,1381,129,809,323,69,,0,0,0,0,0,0,0,0,0,0,0,0,0,0,2,,
2026-08-28T22:30:21.427Z,1787956221427,93505,1,,83acd2e6,93517,grid,4,1330,1381,129,809,323,69,,0,0,0,0,0,0,0,0,0,0,0,0,0,0,2,,
2026-08-28T22:31:21.445Z,1787956281445,93565,1,,83acd2e6,93577,grid,4,1330,1381,129,809,323,69,,0,0,0,0,0,0,0,0,0,0,0,0,0,0,2,,
2026-08-28T22:32:21.457Z,1787956341457,93625,1,,83acd2e6,93637,grid,4,1322,1381,128,802,323,69,,0,0,0,0,0,0,0,0,0,0,0,0,0,0,2,,
2026-08-28T22:33:21.478Z,1787956401478,93685,1,,83acd2e6,93697,grid,4,1334,1381,128,810,327,69,,0,0,0,0,0,0,0,0,0,0,0,0,0,0,2,,
2026-08-28T22:34:21.491Z,1787956461491,93745,1,,83acd2e6,93757,grid,4,1330,1381,128,810,323,69,,0,0,0,0,0,0,0,0,0,0,0,0,0,0,2,,
2026-08-28T22:35:21.504Z,1787956521504,93805,1,,83acd2e6,93817,grid,4,1330,1381,128,810,323,69,,0,0,0,0,0,0,0,0,0,0,0,0,0,0,2,,
2026-08-28T22:36:21.520Z,1787956581520,93865,1,,83acd2e6,93877,grid,4,1330,1381,128,810,323,69,,0,0,0,0,0,0,0,0,0,0,0,0,0,0,2,,
2026-08-28T22:37:21.542Z,1787956641542,93925,1,,83acd2e6,93937,grid,4,1330,1381,128,810,323,69,,0,0,0,0,0,0,0,0,0,0,0,0,0,0,2,,
2026-08-28T22:38:21.549Z,1787956701549,93985,1,,83acd2e6,93997,grid,4,1330,1381,128,810,323,69,,0,0,0,0,0,0,0,0,0,0,0,0,0,0,2,,
2026-08-28T22:39:21.567Z,1787956761567,94045,1,,83acd2e6,94057,grid,4,1329,1381,128,809,323,69,,0,0,0,0,0,0,0,0,0,0,0,0,0,0,2,,
2026-08-28T22:40:21.575Z,1787956821575,94105,1,,83acd2e6,94117,grid,4,1330,1381,128,809,323,69,,0,0,0,0,0,0,0,0,0,0,0,0,0,0,2,,
2026-08-28T22:41:21.589Z,1787956881589,94165,1,,83acd2e6,94177,grid,4,1330,1381,129,809,323,69,,0,0,0,0,0,0,0,0,0,0,0,0,0,0,2,,
2026-08-28T22:42:21.605Z,1787956941605,94225,1,,83acd2e6,94237,grid,4,1329,1381,129,809,323,69,,0,0,0,0,0,0,0,0,0,0,0,0,0,0,2,,
2026-08-28T22:43:21.621Z,1787957001621,94285,1,,83acd2e6,94297,grid,4,1330,1381,129,810,323,69,,0,0,0,0,0,0,0,0,0,0,0,0,0,0,2,,
2026-08-28T22:44:21.634Z,1787957061634,94345,1,,83acd2e6,94357,grid,4,1330,1381,129,809,323,69,,0,0,0,0,0,0,0,0,0,0,0,0,0,0,2,,
2026-08-28T22:45:21.654Z,1787957121654,94405,1,,83acd2e6,94417,grid,4,1330,1381,129,809,323,69,,0,0,0,0,0,0,0,0,0,0,0,0,0,0,2,,
2026-08-28T22:46:21.665Z,1787957181665,94465,1,,83acd2e6,94477,grid,4,1329,1381,129,808,323,69,,0,0,0,0,0,0,0,0,0,0,0,0,0,0,2,,
2026-08-28T22:47:21.677Z,1787957241677,94525,1,,83acd2e6,94537,grid,4,1329,1381,129,809,323,69,,0,0,0,0,0,0,0,0,0,0,0,0,0,0,2,,
2026-08-28T22:48:21.690Z,1787957301690,94585,1,,83acd2e6,94597,grid,4,1330,1381,129,809,323,69,,0,0,0,0,0,0,0,0,0,0,0,0,0,0,2,,
2026-08-28T22:49:21.712Z,1787957361712,94645,1,,83acd2e6,94657,grid,4,1329,1381,129,809,323,69,,0,0,0,0,0,0,0,0,0,0,0,0,0,0,2,,
2026-08-28T22:50:21.735Z,1787957421735,94705,1,,83acd2e6,94717,grid,4,1330,1381,129,809,323,69,,0,0,0,0,0,0,0,0,0,0,0,0,0,0,2,,
2026-08-28T22:51:21.741Z,1787957481741,94765,1,,83acd2e6,94777,grid,4,1330,1381,129,809,323,69,,0,0,0,0,0,0,0,0,0,0,0,0,0,0,2,,
2026-08-28T22:52:21.757Z,1787957541757,94825,1,,83acd2e6,94837,grid,4,1330,1381,129,809,323,69,,0,0,0,0,0,0,0,0,0,0,0,0,0,0,2,,
2026-08-28T22:53:21.777Z,1787957601777,94885,1,,83acd2e6,94897,grid,4,1330,1381,129,810,323,69,,0,0,0,0,0,0,0,0,0,0,0,0,0,0,2,,
2026-08-28T22:54:21.801Z,1787957661801,94945,1,,83acd2e6,94957,grid,4,1329,1381,128,809,323,69,,0,0,0,0,0,0,0,0,0,0,0,0,0,0,2,,
2026-08-28T22:55:21.813Z,1787957721813,95005,1,,83acd2e6,95017,grid,4,1330,1381,128,810,323,69,,0,0,0,0,0,0,0,0,0,0,0,0,0,0,2,,
2026-08-28T22:56:21.825Z,1787957781825,95065,1,,83acd2e6,95077,grid,4,1334,1381,128,810,327,69,,0,0,0,0,0,0,0,0,0,0,0,0,0,0,2,,
2026-08-28T22:57:21.836Z,1787957841836,95125,1,,83acd2e6,95137,grid,4,1330,1381,128,810,323,69,,0,0,0,0,0,0,0,0,0,0,0,0,0,0,2,,
2026-08-28T22:58:21.859Z,1787957901859,95185,1,,83acd2e6,95197,grid,4,1331,1381,128,811,323,69,,0,0,0,0,0,0,0,0,0,0,0,0,0,0,2,,
2026-08-28T22:59:21.879Z,1787957961879,95245,1,,83acd2e6,95257,grid,4,1330,1381,128,810,323,69,,0,0,0,0,0,0,0,0,0,0,0,0,0,0,2,,
2026-08-28T23:00:21.896Z,1787958021896,95305,1,,83acd2e6,95317,grid,4,1331,1381,128,811,323,69,,0,0,0,0,0,0,0,0,0,0,0,0,0,0,2,,
2026-08-28T23:01:21.916Z,1787958081916,95365,1,,83acd2e6,95377,grid,4,1330,1381,129,809,323,69,,0,0,0,0,0,0,0,0,0,0,0,0,0,0,2,,
2026-08-28T23:02:21.935Z,1787958141935,95425,1,,83acd2e6,95437,grid,4,1322,1381,129,802,323,69,,0,0,0,0,0,0,0,0,0,0,0,0,0,0,2,,
2026-08-28T23:03:21.942Z,1787958201942,95485,1,,83acd2e6,95497,grid,4,1329,1381,129,809,323,69,,0,0,0,0,0,0,0,0,0,0,0,0,0,0,2,,
2026-08-28T23:04:21.953Z,1787958261953,95545,1,,83acd2e6,95557,grid,4,1329,1381,129,809,323,69,,0,0,0,0,0,0,0,0,0,0,0,0,0,0,2,,
2026-08-28T23:05:21.976Z,1787958321976,95605,1,,83acd2e6,95617,grid,4,1329,1381,129,809,323,69,,0,0,0,0,0,0,0,0,0,0,0,0,0,0,2,,
2026-08-28T23:06:21.996Z,1787958381996,95665,1,,83acd2e6,95677,grid,4,1329,1381,129,808,323,69,,0,0,0,0,0,0,0,0,0,0,0,0,0,0,2,,
2026-08-28T23:07:22.006Z,1787958442006,95725,1,,83acd2e6,95737,grid,4,1330,1381,129,809,323,69,,0,0,0,0,0,0,0,0,0,0,0,0,0,0,2,,
2026-08-28T23:08:22.028Z,1787958502028,95785,1,,83acd2e6,95797,grid,4,1330,1381,129,810,323,69,,0,0,0,0,0,0,0,0,0,0,0,0,0,0,2,,
2026-08-28T23:09:22.041Z,1787958562041,95845,1,,83acd2e6,95857,grid,4,1330,1381,129,810,323,69,,0,0,0,0,0,0,0,0,0,0,0,0,0,0,2,,
2026-08-28T23:10:22.064Z,1787958622064,95905,1,,83acd2e6,95917,grid,4,1330,1381,129,809,323,69,,0,0,0,0,0,0,0,0,0,0,0,0,0,0,2,,
2026-08-28T23:11:22.075Z,1787958682075,95965,1,,83acd2e6,95978,grid,4,1329,1381,129,809,323,69,,0,0,0,0,0,0,0,0,0,0,0,0,0,0,2,,
2026-08-28T23:12:22.097Z,1787958742097,96025,1,,83acd2e6,96038,grid,4,1330,1381,129,809,323,69,,0,0,0,0,0,0,0,0,0,0,0,0,0,0,2,,
2026-08-28T23:13:22.107Z,1787958802107,96086,1,,83acd2e6,96098,grid,4,1331,1381,129,810,323,69,,0,0,0,0,0,0,0,0,0,0,0,0,0,0,2,,
2026-08-28T23:14:22.125Z,1787958862125,96146,1,,83acd2e6,96158,grid,4,1330,1381,129,809,323,69,,0,0,0,0,0,0,0,0,0,0,0,0,0,0,2,,
2026-08-28T23:15:22.148Z,1787958922148,96206,1,,83acd2e6,96218,grid,4,1330,1381,128,810,323,69,,0,0,0,0,0,0,0,0,0,0,0,0,0,0,2,,
2026-08-28T23:16:22.158Z,1787958982158,96266,1,,83acd2e6,96278,grid,4,1330,1381,128,809,323,69,,0,0,0,0,0,0,0,0,0,0,0,0,0,0,2,,
2026-08-28T23:17:22.169Z,1787959042169,96326,1,,83acd2e6,96338,grid,4,1330,1381,128,810,323,69,,0,0,0,0,0,0,0,0,0,0,0,0,0,0,2,,
2026-08-28T23:18:22.175Z,1787959102175,96386,1,,83acd2e6,96398,grid,4,1331,1381,128,810,323,69,,0,0,0,0,0,0,0,0,0,0,0,0,0,0,2,,
2026-08-28T23:19:22.197Z,1787959162197,96446,1,,83acd2e6,96458,grid,4,1329,1381,128,809,323,69,,0,0,0,0,0,0,0,0,0,0,0,0,0,0,2,,
2026-08-28T23:20:22.216Z,1787959222216,96506,1,,83acd2e6,96518,grid,4,1330,1381,128,810,323,69,,0,0,0,0,0,0,0,0,0,0,0,0,0,0,2,,
2026-08-28T23:21:22.233Z,1787959282233,96566,1,,83acd2e6,96578,grid,4,1334,1381,128,810,327,69,,0,0,0,0,0,0,0,0,0,0,0,0,0,0,2,,
2026-08-28T23:22:22.254Z,1787959342254,96626,1,,83acd2e6,96638,grid,4,1330,1381,128,809,323,69,,0,0,0,0,0,0,0,0,0,0,0,0,0,0,2,,
2026-08-28T23:23:22.271Z,1787959402271,96686,1,,83acd2e6,96698,grid,4,1331,1381,129,811,323,69,,0,0,0,0,0,0,0,0,0,0,0,0,0,0,2,,
2026-08-28T23:24:22.290Z,1787959462290,96746,1,,83acd2e6,96758,grid,4,1330,1381,129,809,323,69,,0,0,0,0,0,0,0,0,0,0,0,0,0,0,2,,
2026-08-28T23:25:22.310Z,1787959522310,96806,1,,83acd2e6,96818,grid,4,1331,1381,129,810,323,69,,0,0,0,0,0,0,0,0,0,0,0,0,0,0,2,,
2026-08-28T23:26:22.323Z,1787959582323,96866,1,,83acd2e6,96878,grid,4,1330,1381,129,809,323,69,,0,0,0,0,0,0,0,0,0,0,0,0,0,0,2,,
2026-08-28T23:27:22.341Z,1787959642341,96926,1,,83acd2e6,96938,grid,4,1335,1381,129,810,328,69,,0,0,0,0,0,0,0,0,0,0,0,0,0,0,2,,
2026-08-28T23:28:22.362Z,1787959702362,96986,1,,83acd2e6,96998,grid,4,1334,1381,129,809,328,69,,0,0,0,0,0,0,0,0,0,0,0,0,0,0,2,,
2026-08-28T23:29:22.382Z,1787959762382,97046,1,,83acd2e6,97058,grid,4,1329,1381,129,808,324,69,,0,0,0,0,0,0,0,0,0,0,0,0,0,0,2,,
2026-08-28T23:30:22.406Z,1787959822406,97106,1,,83acd2e6,97118,grid,4,1330,1381,129,809,324,69,,0,0,0,0,0,0,0,0,0,0,0,0,0,0,2,,
2026-08-28T23:31:22.416Z,1787959882416,97166,1,,83acd2e6,97178,grid,4,1330,1381,129,809,323,69,,0,0,0,0,0,0,0,0,0,0,0,0,0,0,2,,
2026-08-28T23:32:22.432Z,1787959942432,97226,1,,83acd2e6,97238,grid,4,1333,1381,129,812,324,69,,0,0,0,0,0,0,0,0,0,0,0,0,0,0,2,,
2026-08-28T23:33:22.455Z,1787960002455,97286,1,,83acd2e6,97298,grid,4,1335,1381,129,809,328,69,,0,0,0,0,0,0,0,0,0,0,0,0,0,0,2,,
2026-08-28T23:34:22.469Z,1787960062469,97346,1,,83acd2e6,97358,grid,4,1331,1381,129,809,323,69,,0,0,0,0,0,0,0,0,0,0,0,0,0,0,2,,
2026-08-28T23:35:22.484Z,1787960122484,97406,1,,83acd2e6,97418,grid,4,1331,1381,129,810,324,69,,0,0,0,0,0,0,0,0,0,0,0,0,0,0,2,,
2026-08-28T23:36:22.508Z,1787960182508,97466,1,,83acd2e6,97478,grid,4,1331,1381,129,810,324,69,,0,0,0,0,0,0,0,0,0,0,0,0,0,0,2,,
2026-08-28T23:37:22.518Z,1787960242518,97526,1,,83acd2e6,97538,grid,4,1334,1381,128,809,327,69,,0,0,0,0,0,0,0,0,0,0,0,0,0,0,2,,
2026-08-28T23:38:22.535Z,1787960302535,97586,1,,83acd2e6,97598,grid,4,1335,1381,128,810,328,69,,0,0,0,0,0,0,0,0,0,0,0,0,0,0,2,,
2026-08-28T23:39:22.554Z,1787960362554,97646,1,,83acd2e6,97658,grid,4,1330,1381,128,810,323,69,,0,0,0,0,0,0,0,0,0,0,0,0,0,0,2,,
2026-08-28T23:40:22.564Z,1787960422564,97706,1,,83acd2e6,97718,grid,4,1331,1381,128,810,324,69,,0,0,0,0,0,0,0,0,0,0,0,0,0,0,2,,
2026-08-28T23:41:22.586Z,1787960482586,97766,1,,83acd2e6,97778,grid,4,1336,1381,128,811,328,69,,0,0,0,0,0,0,0,0,0,0,0,0,0,0,2,,
2026-08-28T23:42:22.602Z,1787960542602,97826,1,,83acd2e6,97838,grid,4,1331,1381,129,810,324,69,,0,0,0,0,0,0,0,0,0,0,0,0,0,0,2,,
2026-08-28T23:43:22.619Z,1787960602619,97886,1,,83acd2e6,97898,grid,4,1335,1381,129,810,327,69,,0,0,0,0,0,0,0,0,0,0,0,0,0,0,2,,
2026-08-28T23:44:22.636Z,1787960662636,97946,1,,83acd2e6,97958,grid,4,1331,1381,129,810,324,69,,0,0,0,0,0,0,0,0,0,0,0,0,0,0,2,,
2026-08-28T23:45:22.648Z,1787960722648,98006,1,,83acd2e6,98018,grid,4,1335,1381,129,810,328,69,,0,0,0,0,0,0,0,0,0,0,0,0,0,0,2,,
2026-08-28T23:46:22.657Z,1787960782657,98066,1,,83acd2e6,98078,grid,4,1335,1381,129,810,328,69,,0,0,0,0,0,0,0,0,0,0,0,0,0,0,2,,
2026-08-28T23:47:22.670Z,1787960842670,98126,1,,83acd2e6,98138,grid,4,1330,1381,129,809,323,69,,0,0,0,0,0,0,0,0,0,0,0,0,0,0,2,,
2026-08-28T23:48:22.678Z,1787960902678,98186,1,,83acd2e6,98198,grid,4,1335,1381,129,810,328,69,,0,0,0,0,0,0,0,0,0,0,0,0,0,0,2,,
2026-08-28T23:49:22.699Z,1787960962699,98246,1,,83acd2e6,98258,grid,4,1330,1381,129,809,323,69,,0,0,0,0,0,0,0,0,0,0,0,0,0,0,2,,
2026-08-28T23:50:22.718Z,1787961022718,98306,1,,83acd2e6,98318,grid,4,1330,1381,129,810,323,69,,0,0,0,0,0,0,0,0,0,0,0,0,0,0,2,,
2026-08-28T23:51:22.730Z,1787961082730,98366,1,,83acd2e6,98378,grid,4,1335,1381,129,810,327,69,,0,0,0,0,0,0,0,0,0,0,0,0,0,0,2,,
2026-08-28T23:52:22.743Z,1787961142743,98426,1,,83acd2e6,98438,grid,4,1331,1381,129,810,323,69,,0,0,0,0,0,0,0,0,0,0,0,0,0,0,2,,
2026-08-28T23:53:22.756Z,1787961202756,98486,1,,83acd2e6,98498,grid,4,1335,1381,129,810,327,69,,0,0,0,0,0,0,0,0,0,0,0,0,0,0,2,,
2026-08-28T23:54:22.779Z,1787961262779,98546,1,,83acd2e6,98558,grid,4,1332,1381,129,810,323,69,,0,0,0,0,0,0,0,0,0,0,0,0,0,0,2,,
2026-08-28T23:55:22.795Z,1787961322795,98606,1,,83acd2e6,98618,grid,4,1332,1381,129,811,323,69,,0,0,0,0,0,0,0,0,0,0,0,0,0,0,2,,
2026-08-28T23:56:22.811Z,1787961382811,98666,1,,83acd2e6,98678,grid,4,1331,1381,129,810,323,69,,0,0,0,0,0,0,0,0,0,0,0,0,0,0,2,,
2026-08-28T23:57:22.831Z,1787961442831,98726,1,,83acd2e6,98738,grid,4,1336,1381,129,810,328,69,,0,0,0,0,0,0,0,0,0,0,0,0,0,0,2,,
2026-08-28T23:58:22.846Z,1787961502846,98786,1,,83acd2e6,98798,grid,4,1332,1381,129,811,323,69,,0,0,0,0,0,0,0,0,0,0,0,0,0,0,2,,
2026-08-28T23:59:22.867Z,1787961562867,98846,1,,83acd2e6,98858,grid,4,1330,1381,128,810,323,69,,0,0,0,0,0,0,0,0,0,0,0,0,0,0,2,,
2026-08-29T00:00:22.888Z,1787961622888,98906,1,,83acd2e6,98918,grid,4,1331,1381,128,810,323,69,,0,0,0,0,0,0,0,0,0,0,0,0,0,0,2,,
2026-08-29T00:01:22.901Z,1787961682901,98966,1,,83acd2e6,98978,grid,4,1331,1381,128,811,323,69,,0,0,0,0,0,0,0,0,0,0,0,0,0,0,2,,
2026-08-29T00:02:22.920Z,1787961742920,99026,1,,83acd2e6,99038,grid,4,1323,1381,129,803,323,69,,0,0,0,0,0,0,0,0,0,0,0,0,0,0,2,,
2026-08-29T00:03:22.942Z,1787961802942,99086,1,,83acd2e6,99098,grid,4,1331,1381,129,810,323,69,,0,0,0,0,0,0,0,0,0,0,0,0,0,0,2,,
2026-08-29T00:04:22.962Z,1787961862962,99146,1,,83acd2e6,99158,grid,4,1331,1381,129,810,323,69,,0,0,0,0,0,0,0,0,0,0,0,0,0,0,2,,
2026-08-29T00:05:22.977Z,1787961922977,99206,1,,83acd2e6,99218,grid,4,1331,1381,129,811,323,69,,0,0,0,0,0,0,0,0,0,0,0,0,0,0,2,,
2026-08-29T00:06:22.986Z,1787961982986,99266,1,,83acd2e6,99278,grid,4,1330,1381,129,810,323,69,,0,0,0,0,0,0,0,0,0,0,0,0,0,0,2,,
2026-08-29T00:07:23.003Z,1787962043003,99326,1,,83acd2e6,99338,grid,4,1330,1381,129,810,323,69,,0,0,0,0,0,0,0,0,0,0,0,0,0,0,2,,
2026-08-29T00:08:23.024Z,1787962103024,99386,1,,83acd2e6,99398,grid,4,1335,1381,129,811,327,69,,0,0,0,0,0,0,0,0,0,0,0,0,0,0,2,,
2026-08-29T00:09:23.033Z,1787962163033,99446,1,,83acd2e6,99458,grid,4,1335,1381,129,810,327,69,,0,0,0,0,0,0,0,0,0,0,0,0,0,0,2,,
2026-08-29T00:10:23.052Z,1787962223052,99506,1,,83acd2e6,99518,grid,4,1335,1381,129,810,327,69,,0,0,0,0,0,0,0,0,0,0,0,0,0,0,2,,
2026-08-29T00:11:23.070Z,1787962283070,99566,1,,83acd2e6,99579,grid,4,1334,1381,129,809,327,69,,0,0,0,0,0,0,0,0,0,0,0,0,0,0,2,,
2026-08-29T00:12:23.088Z,1787962343088,99626,1,,83acd2e6,99639,grid,4,1334,1381,129,809,327,69,,0,0,0,0,0,0,0,0,0,0,0,0,0,0,2,,
2026-08-29T00:13:23.097Z,1787962403097,99686,1,,83acd2e6,99699,grid,4,1335,1381,129,810,327,69,,0,0,0,0,0,0,0,0,0,0,0,0,0,0,2,,
2026-08-29T00:14:23.119Z,1787962463119,99747,1,,83acd2e6,99759,grid,4,1334,1381,129,810,327,69,,0,0,0,0,0,0,0,0,0,0,0,0,0,0,2,,
2026-08-29T00:15:23.139Z,1787962523139,99807,1,,83acd2e6,99819,grid,4,1335,1381,129,810,327,69,,0,0,0,0,0,0,0,0,0,0,0,0,0,0,2,,
2026-08-29T00:16:23.153Z,1787962583153,99867,1,,83acd2e6,99879,grid,4,1334,1381,129,810,327,69,,0,0,0,0,0,0,0,0,0,0,0,0,0,0,2,,
2026-08-29T00:17:23.174Z,1787962643174,99927,1,,83acd2e6,99939,grid,4,1331,1381,129,811,323,69,,0,0,0,0,0,0,0,0,0,0,0,0,0,0,2,,
2026-08-29T00:18:23.187Z,1787962703187,99987,1,,83acd2e6,99999,grid,4,1330,1381,129,809,323,69,,0,0,0,0,0,0,0,0,0,0,0,0,0,0,2,,
2026-08-29T00:19:23.210Z,1787962763210,100047,1,,83acd2e6,100059,grid,4,1331,1381,129,810,323,69,,0,0,0,0,0,0,0,0,0,0,0,0,0,0,2,,
2026-08-29T00:20:23.220Z,1787962823220,100107,1,,83acd2e6,100119,grid,4,1330,1381,128,810,323,69,,0,0,0,0,0,0,0,0,0,0,0,0,0,0,2,,
2026-08-29T00:21:23.231Z,1787962883231,100167,1,,83acd2e6,100179,grid,4,1329,1381,128,809,323,69,,0,0,0,0,0,0,0,0,0,0,0,0,0,0,2,,
2026-08-29T00:22:23.254Z,1787962943254,100227,1,,83acd2e6,100239,grid,4,1330,1381,129,809,323,69,,0,0,0,0,0,0,0,0,0,0,0,0,0,0,2,,
2026-08-29T00:23:23.261Z,1787963003261,100287,1,,83acd2e6,100299,grid,4,1330,1381,129,809,323,69,,0,0,0,0,0,0,0,0,0,0,0,0,0,0,2,,
2026-08-29T00:24:23.278Z,1787963063278,100347,1,,83acd2e6,100359,grid,4,1330,1381,129,810,323,69,,0,0,0,0,0,0,0,0,0,0,0,0,0,0,2,,
2026-08-29T00:25:23.296Z,1787963123296,100407,1,,83acd2e6,100419,grid,4,1331,1381,129,810,323,69,,0,0,0,0,0,0,0,0,0,0,0,0,0,0,2,,
2026-08-29T00:26:23.313Z,1787963183313,100467,1,,83acd2e6,100479,grid,4,1331,1381,129,810,323,69,,0,0,0,0,0,0,0,0,0,0,0,0,0,0,2,,
2026-08-29T00:27:23.330Z,1787963243330,100527,1,,83acd2e6,100539,grid,4,1331,1381,129,810,323,69,,0,0,0,0,0,0,0,0,0,0,0,0,0,0,2,,
2026-08-29T00:28:23.344Z,1787963303344,100587,1,,83acd2e6,100599,grid,4,1334,1381,129,809,327,69,,0,0,0,0,0,0,0,0,0,0,0,0,0,0,2,,
2026-08-29T00:29:23.368Z,1787963363368,100647,1,,83acd2e6,100659,grid,4,1335,1381,129,810,328,69,,0,0,0,0,0,0,0,0,0,0,0,0,0,0,2,,
2026-08-29T00:30:23.378Z,1787963423378,100707,1,,83acd2e6,100719,grid,4,1331,1381,129,810,323,69,,0,0,0,0,0,0,0,0,0,0,0,0,0,0,2,,
2026-08-29T00:31:23.392Z,1787963483392,100767,1,,83acd2e6,100779,grid,4,1331,1381,129,810,324,69,,0,0,0,0,0,0,0,0,0,0,0,0,0,0,2,,
2026-08-29T00:32:23.406Z,1787963543406,100827,1,,83acd2e6,100839,grid,4,1334,1381,129,812,324,69,,0,0,0,0,0,0,0,0,0,0,0,0,0,0,2,,
2026-08-29T00:33:23.419Z,1787963603419,100887,1,,83acd2e6,100899,grid,4,1332,1381,129,810,324,69,,0,0,0,0,0,0,0,0,0,0,0,0,0,0,2,,
2026-08-29T00:34:23.436Z,1787963663436,100947,1,,83acd2e6,100959,grid,4,1331,1381,129,810,324,69,,0,0,0,0,0,0,0,0,0,0,0,0,0,0,2,,
2026-08-29T00:35:23.450Z,1787963723450,101007,1,,83acd2e6,101019,grid,4,1334,1381,129,809,328,69,,0,0,0,0,0,0,0,0,0,0,0,0,0,0,2,,
2026-08-29T00:36:23.458Z,1787963783458,101067,1,,83acd2e6,101079,grid,4,1330,1381,129,809,323,69,,0,0,0,0,0,0,0,0,0,0,0,0,0,0,2,,
2026-08-29T00:37:23.468Z,1787963843468,101127,1,,83acd2e6,101139,grid,4,1331,1381,129,810,323,69,,0,0,0,0,0,0,0,0,0,0,0,0,0,0,2,,
2026-08-29T00:38:23.488Z,1787963903488,101187,1,,83acd2e6,101199,grid,4,1330,1381,129,809,324,69,,0,0,0,0,0,0,0,0,0,0,0,0,0,0,2,,
2026-08-29T00:39:23.507Z,1787963963507,101247,1,,83acd2e6,101259,grid,4,1331,1381,129,810,323,69,,0,0,0,0,0,0,0,0,0,0,0,0,0,0,2,,
2026-08-29T00:40:23.524Z,1787964023524,101307,1,,83acd2e6,101319,grid,4,1330,1381,129,809,323,69,,0,0,0,0,0,0,0,0,0,0,0,0,0,0,2,,
2026-08-29T00:41:23.544Z,1787964083544,101367,1,,83acd2e6,101379,grid,4,1331,1381,129,810,323,69,,0,0,0,0,0,0,0,0,0,0,0,0,0,0,2,,
2026-08-29T00:42:23.555Z,1787964143555,101427,1,,83acd2e6,101439,grid,4,1330,1381,128,810,323,69,,0,0,0,0,0,0,0,0,0,0,0,0,0,0,2,,
2026-08-29T00:43:23.568Z,1787964203568,101487,1,,83acd2e6,101499,grid,4,1330,1381,128,810,323,69,,0,0,0,0,0,0,0,0,0,0,0,0,0,0,2,,
2026-08-29T00:44:23.586Z,1787964263586,101547,1,,83acd2e6,101559,grid,4,1328,1381,128,810,321,69,,0,0,0,0,0,0,0,0,0,0,0,0,0,0,2,,
2026-08-29T00:45:23.610Z,1787964323610,101607,1,,83acd2e6,101619,grid,4,1327,1381,128,810,320,69,,0,0,0,0,0,0,0,0,0,0,0,0,0,0,2,,
2026-08-29T00:46:23.625Z,1787964383625,101667,1,,83acd2e6,101679,grid,4,1327,1381,129,810,319,69,,0,0,0,0,0,0,0,0,0,0,0,0,0,0,2,,
2026-08-29T00:47:23.641Z,1787964443641,101727,1,,83acd2e6,101739,grid,4,1327,1381,129,810,319,69,,0,0,0,0,0,0,0,0,0,0,0,0,0,0,2,,
2026-08-29T00:48:23.651Z,1787964503651,101787,1,,83acd2e6,101799,grid,4,1322,1381,129,805,319,69,,0,0,0,0,0,0,0,0,0,0,0,0,0,0,2,,
2026-08-29T00:49:23.673Z,1787964563673,101847,1,,83acd2e6,101859,grid,4,1317,1381,129,800,319,69,,0,0,0,0,0,0,0,0,0,0,0,0,0,0,2,,
2026-08-29T00:50:23.684Z,1787964623684,101907,1,,83acd2e6,101919,grid,4,1315,1381,129,800,317,69,,0,0,0,0,0,0,0,0,0,0,0,0,0,0,2,,
2026-08-29T00:51:23.700Z,1787964683700,101967,1,,83acd2e6,101979,grid,4,1311,1381,129,800,313,69,,0,0,0,0,0,0,0,0,0,0,0,0,0,0,2,,
2026-08-29T00:52:23.711Z,1787964743711,102027,1,,83acd2e6,102039,grid,4,1311,1381,129,800,313,69,,0,0,0,0,0,0,0,0,0,0,0,0,0,0,2,,
2026-08-29T00:53:23.725Z,1787964803725,102087,1,,83acd2e6,102099,grid,4,1309,1381,129,798,313,69,,0,0,0,0,0,0,0,0,0,0,0,0,0,0,2,,
2026-08-29T00:54:23.737Z,1787964863737,102147,1,,83acd2e6,102159,grid,4,1310,1381,129,799,313,69,,0,0,0,0,0,0,0,0,0,0,0,0,0,0,2,,
2026-08-29T00:55:23.749Z,1787964923749,102207,1,,83acd2e6,102219,grid,4,1309,1381,129,799,313,69,,0,0,0,0,0,0,0,0,0,0,0,0,0,0,2,,
2026-08-29T00:56:23.767Z,1787964983767,102267,1,,83acd2e6,102279,grid,4,1310,1381,129,799,313,69,,0,0,0,0,0,0,0,0,0,0,0,0,0,0,2,,
2026-08-29T00:57:23.775Z,1787965043775,102327,1,,83acd2e6,102339,grid,4,1310,1381,129,799,313,69,,0,0,0,0,0,0,0,0,0,0,0,0,0,0,2,,
2026-08-29T00:58:23.783Z,1787965103783,102387,1,,83acd2e6,102399,grid,4,1350,1381,130,828,323,69,,0,0,0,0,0,0,0,0,0,0,0,0,0,0,2,,
2026-08-29T00:59:23.796Z,1787965163796,102447,1,,83acd2e6,102459,grid,4,1325,1381,130,803,323,69,,0,0,0,0,0,0,0,0,0,0,0,0,0,0,2,,
2026-08-29T01:00:23.811Z,1787965223811,102507,1,,83acd2e6,102519,grid,4,1327,1381,129,808,321,69,,0,0,0,0,0,0,0,0,0,0,0,0,0,0,2,,
2026-08-29T01:01:23.832Z,1787965283832,102567,1,,83acd2e6,102579,grid,4,1323,1381,129,805,320,69,,0,0,0,0,0,0,0,0,0,0,0,0,0,0,2,,
2026-08-29T01:02:23.850Z,1787965343850,102627,1,,83acd2e6,102639,grid,4,1318,1381,129,800,320,69,,0,0,0,0,0,0,0,0,0,0,0,0,0,0,2,,
2026-08-29T01:03:23.868Z,1787965403868,102687,1,,83acd2e6,102699,grid,4,1336,1381,129,817,322,69,,0,0,0,0,0,0,0,0,0,0,0,0,0,0,2,,
2026-08-29T01:04:23.888Z,1787965463888,102747,1,,83acd2e6,102759,grid,4,1327,1381,129,808,321,69,,0,0,0,0,0,0,0,0,0,0,0,0,0,0,2,,
2026-08-29T01:05:23.903Z,1787965523903,102807,1,,83acd2e6,102819,grid,4,1331,1381,129,807,325,69,,0,0,0,0,0,0,0,0,0,0,0,0,0,0,2,,
2026-08-29T01:06:23.917Z,1787965583917,102867,1,,83acd2e6,102879,grid,4,1331,1381,129,807,325,69,,0,0,0,0,0,0,0,0,0,0,0,0,0,0,2,,
2026-08-29T01:07:23.940Z,1787965643940,102927,1,,83acd2e6,102939,grid,4,1327,1381,129,808,321,69,,0,0,0,0,0,0,0,0,0,0,0,0,0,0,2,,
2026-08-29T01:08:23.949Z,1787965703949,102987,1,,83acd2e6,102999,grid,4,1327,1381,129,803,325,69,,0,0,0,0,0,0,0,0,0,0,0,0,0,0,2,,
2026-08-29T01:09:23.968Z,1787965763968,103047,1,,83acd2e6,103059,grid,4,1326,1381,129,803,325,69,,0,0,0,0,0,0,0,0,0,0,0,0,0,0,2,,
2026-08-29T01:10:23.980Z,1787965823980,103107,1,,83acd2e6,103119,grid,4,1321,1381,130,802,321,69,,0,0,0,0,0,0,0,0,0,0,0,0,0,0,2,,
2026-08-29T01:11:23.989Z,1787965883989,103167,1,,83acd2e6,103179,grid,4,1321,1381,130,802,321,69,,0,0,0,0,0,0,0,0,0,0,0,0,0,0,2,,
2026-08-29T01:12:24.008Z,1787965944008,103227,1,,83acd2e6,103239,grid,4,1325,1381,130,802,325,69,,0,0,0,0,0,0,0,0,0,0,0,0,0,0,2,,
2026-08-29T01:13:24.021Z,1787966004021,103287,1,,83acd2e6,103299,grid,4,1318,1381,130,799,320,69,,0,0,0,0,0,0,0,0,0,0,0,0,0,0,2,,
2026-08-29T01:14:24.033Z,1787966064033,103347,1,,83acd2e6,103359,grid,4,1318,1381,130,800,320,69,,0,0,0,0,0,0,0,0,0,0,0,0,0,0,2,,
2026-08-29T01:15:24.056Z,1787966124056,103407,1,,83acd2e6,103419,grid,4,1318,1381,130,799,320,69,,0,0,0,0,0,0,0,0,0,0,0,0,0,0,2,,
2026-08-29T01:16:24.079Z,1787966184079,103467,1,,83acd2e6,103480,grid,4,1318,1381,130,799,320,69,,0,0,0,0,0,0,0,0,0,0,0,0,0,0,2,,
2026-08-29T01:17:24.097Z,1787966244097,103527,1,,83acd2e6,103540,grid,4,1319,1381,130,800,320,69,,0,0,0,0,0,0,0,0,0,0,0,0,0,0,2,,
2026-08-29T01:18:24.104Z,1787966304104,103588,1,,83acd2e6,103600,grid,4,1318,1381,130,799,320,69,,0,0,0,0,0,0,0,0,0,0,0,0,0,0,2,,
2026-08-29T01:19:24.128Z,1787966364128,103648,1,,83acd2e6,103660,grid,4,1318,1381,129,800,320,69,,0,0,0,0,0,0,0,0,0,0,0,0,0,0,2,,
2026-08-29T01:20:24.136Z,1787966424136,103708,1,,83acd2e6,103720,grid,4,1317,1381,129,799,320,69,,0,0,0,0,0,0,0,0,0,0,0,0,0,0,2,,
2026-08-29T01:21:24.159Z,1787966484159,103768,1,,83acd2e6,103780,grid,4,1317,1381,129,799,320,69,,0,0,0,0,0,0,0,0,0,0,0,0,0,0,2,,
2026-08-29T01:22:24.184Z,1787966544184,103828,1,,83acd2e6,103840,grid,4,1318,1381,129,800,320,69,,0,0,0,0,0,0,0,0,0,0,0,0,0,0,2,,
2026-08-29T01:23:24.206Z,1787966604206,103888,1,,83acd2e6,103900,grid,4,1318,1381,129,799,320,69,,0,0,0,0,0,0,0,0,0,0,0,0,0,0,2,,
2026-08-29T01:24:24.223Z,1787966664223,103948,1,,83acd2e6,103960,grid,4,1318,1381,129,800,320,69,,0,0,0,0,0,0,0,0,0,0,0,0,0,0,2,,
2026-08-29T01:25:24.239Z,1787966724239,104008,1,,83acd2e6,104020,grid,4,1318,1381,129,799,320,69,,0,0,0,0,0,0,0,0,0,0,0,0,0,0,2,,
2026-08-29T01:26:24.252Z,1787966784252,104068,1,,83acd2e6,104080,grid,4,1318,1381,129,800,320,69,,0,0,0,0,0,0,0,0,0,0,0,0,0,0,2,,
2026-08-29T01:27:24.266Z,1787966844266,104128,1,,83acd2e6,104140,grid,4,1319,1381,129,800,320,69,,0,0,0,0,0,0,0,0,0,0,0,0,0,0,2,,
2026-08-29T01:28:24.286Z,1787966904286,104188,1,,83acd2e6,104200,grid,4,1318,1381,129,800,320,69,,0,0,0,0,0,0,0,0,0,0,0,0,0,0,2,,
2026-08-29T01:29:24.313Z,1787966964313,104248,1,,83acd2e6,104260,grid,4,1319,1381,129,800,320,69,,0,0,0,0,0,0,0,0,0,0,0,0,0,0,2,,
2026-08-29T01:30:24.325Z,1787967024325,104308,1,,83acd2e6,104320,grid,4,1318,1381,129,800,320,69,,0,0,0,0,0,0,0,0,0,0,0,0,0,0,2,,
2026-08-29T01:31:24.337Z,1787967084337,104368,1,,83acd2e6,104380,grid,4,1319,1381,130,800,321,69,,0,0,0,0,0,0,0,0,0,0,0,0,0,0,2,,
2026-08-29T01:32:24.347Z,1787967144347,104428,1,,83acd2e6,104440,grid,4,1321,1381,130,802,321,69,,0,0,0,0,0,0,0,0,0,0,0,0,0,0,2,,
2026-08-29T01:33:24.367Z,1787967204367,104488,1,,83acd2e6,104500,grid,4,1332,1381,130,811,322,69,,0,0,0,0,0,0,0,0,0,0,0,0,0,0,2,,
2026-08-29T01:34:24.391Z,1787967264391,104548,1,,83acd2e6,104560,grid,4,1328,1381,130,807,322,69,,0,0,0,0,0,0,0,0,0,0,0,0,0,0,2,,
2026-08-29T01:35:24.410Z,1787967324410,104608,1,,83acd2e6,104620,grid,4,1328,1381,130,808,322,69,,0,0,0,0,0,0,0,0,0,0,0,0,0,0,2,,
2026-08-29T01:36:24.427Z,1787967384427,104668,1,,83acd2e6,104680,grid,4,1328,1381,130,807,322,69,,0,0,0,0,0,0,0,0,0,0,0,0,0,0,2,,
2026-08-29T01:37:24.452Z,1787967444452,104728,1,,83acd2e6,104740,grid,4,1329,1381,130,808,322,69,,0,0,0,0,0,0,0,0,0,0,0,0,0,0,2,,
2026-08-29T01:38:24.466Z,1787967504466,104788,1,,83acd2e6,104800,grid,4,1325,1381,130,805,322,69,,0,0,0,0,0,0,0,0,0,0,0,0,0,0,2,,
2026-08-29T01:39:24.482Z,1787967564482,104848,1,,83acd2e6,104860,grid,4,1326,1381,130,805,322,69,,0,0,0,0,0,0,0,0,0,0,0,0,0,0,2,,
2026-08-29T01:40:24.499Z,1787967624499,104908,1,,83acd2e6,104920,grid,4,1323,1381,129,803,322,69,,0,0,0,0,0,0,0,0,0,0,0,0,0,0,2,,
2026-08-29T01:41:24.510Z,1787967684510,104968,1,,83acd2e6,104980,grid,4,1322,1381,129,802,322,69,,0,0,0,0,0,0,0,0,0,0,0,0,0,0,2,,
2026-08-29T01:42:24.525Z,1787967744525,105028,1,,83acd2e6,105040,grid,4,1323,1381,129,803,322,69,,0,0,0,0,0,0,0,0,0,0,0,0,0,0,2,,
2026-08-29T01:43:24.534Z,1787967804534,105088,1,,83acd2e6,105100,grid,4,1323,1381,129,802,322,69,,0,0,0,0,0,0,0,0,0,0,0,0,0,0,2,,
2026-08-29T01:44:24.551Z,1787967864551,105148,1,,83acd2e6,105160,grid,4,1323,1381,129,803,322,69,,0,0,0,0,0,0,0,0,0,0,0,0,0,0,2,,
2026-08-29T01:45:24.570Z,1787967924570,105208,1,,83acd2e6,105220,grid,4,1323,1381,129,802,322,69,,0,0,0,0,0,0,0,0,0,0,0,0,0,0,2,,
2026-08-29T01:46:24.583Z,1787967984583,105268,1,,83acd2e6,105280,grid,4,1323,1381,129,803,322,69,,0,0,0,0,0,0,0,0,0,0,0,0,0,0,2,,
2026-08-29T01:47:24.597Z,1787968044597,105328,1,,83acd2e6,105340,grid,4,1322,1381,129,802,322,69,,0,0,0,0,0,0,0,0,0,0,0,0,0,0,2,,
2026-08-29T01:48:24.620Z,1787968104620,105388,1,,83acd2e6,105400,grid,4,1322,1381,129,802,322,69,,0,0,0,0,0,0,0,0,0,0,0,0,0,0,2,,
2026-08-29T01:49:24.639Z,1787968164639,105448,1,,83acd2e6,105460,grid,4,1327,1381,129,802,326,69,,0,0,0,0,0,0,0,0,0,0,0,0,0,0,2,,
2026-08-29T01:50:24.664Z,1787968224664,105508,1,,83acd2e6,105520,grid,4,1327,1381,130,802,326,69,,0,0,0,0,0,0,0,0,0,0,0,0,0,0,2,,
2026-08-29T01:51:24.679Z,1787968284679,105568,1,,83acd2e6,105580,grid,4,1326,1381,130,801,326,69,,0,0,0,0,0,0,0,0,0,0,0,0,0,0,2,,
2026-08-29T01:52:24.693Z,1787968344693,105628,1,,83acd2e6,105640,grid,4,1322,1381,130,802,322,69,,0,0,0,0,0,0,0,0,0,0,0,0,0,0,2,,
2026-08-29T01:53:24.716Z,1787968404716,105688,1,,83acd2e6,105700,grid,4,1321,1381,130,801,322,69,,0,0,0,0,0,0,0,0,0,0,0,0,0,0,2,,
2026-08-29T01:54:24.734Z,1787968464734,105748,1,,83acd2e6,105760,grid,4,1322,1381,130,802,322,69,,0,0,0,0,0,0,0,0,0,0,0,0,0,0,2,,
2026-08-29T01:55:24.754Z,1787968524754,105808,1,,83acd2e6,105820,grid,4,1322,1381,130,802,322,69,,0,0,0,0,0,0,0,0,0,0,0,0,0,0,2,,
2026-08-29T01:56:24.768Z,1787968584768,105868,1,,83acd2e6,105880,grid,4,1322,1381,130,802,322,69,,0,0,0,0,0,0,0,0,0,0,0,0,0,0,2,,
2026-08-29T01:57:24.783Z,1787968644783,105928,1,,83acd2e6,105940,grid,4,1322,1381,130,801,322,69,,0,0,0,0,0,0,0,0,0,0,0,0,0,0,2,,
2026-08-29T01:58:24.804Z,1787968704804,105988,1,,83acd2e6,106000,grid,4,1322,1381,130,801,322,69,,0,0,0,0,0,0,0,0,0,0,0,0,0,0,2,,
2026-08-29T01:59:24.819Z,1787968764819,106048,1,,83acd2e6,106060,grid,4,1322,1381,130,802,322,69,,0,0,0,0,0,0,0,0,0,0,0,0,0,0,2,,
2026-08-29T02:00:24.833Z,1787968824833,106108,1,,83acd2e6,106120,grid,4,1321,1381,130,801,322,69,,0,0,0,0,0,0,0,0,0,0,0,0,0,0,2,,
2026-08-29T02:01:24.842Z,1787968884842,106168,1,,83acd2e6,106180,grid,4,1322,1381,129,802,322,69,,0,0,0,0,0,0,0,0,0,0,0,0,0,0,2,,
2026-08-29T02:02:24.857Z,1787968944857,106228,1,,83acd2e6,106240,grid,4,1324,1381,129,804,322,69,,0,0,0,0,0,0,0,0,0,0,0,0,0,0,2,,
2026-08-29T02:03:24.877Z,1787969004877,106288,1,,83acd2e6,106300,grid,4,1331,1381,129,809,323,69,,0,0,0,0,0,0,0,0,0,0,0,0,0,0,2,,
2026-08-29T02:04:24.887Z,1787969064887,106348,1,,83acd2e6,106360,grid,4,1330,1381,129,809,323,69,,0,0,0,0,0,0,0,0,0,0,0,0,0,0,2,,
2026-08-29T02:05:24.899Z,1787969124899,106408,1,,83acd2e6,106420,grid,4,1330,1381,129,809,323,69,,0,0,0,0,0,0,0,0,0,0,0,0,0,0,2,,
2026-08-29T02:06:24.918Z,1787969184918,106468,1,,83acd2e6,106480,grid,4,1330,1381,129,809,323,69,,0,0,0,0,0,0,0,0,0,0,0,0,0,0,2,,
2026-08-29T02:07:24.930Z,1787969244930,106528,1,,83acd2e6,106540,grid,4,1334,1381,129,809,327,69,,0,0,0,0,0,0,0,0,0,0,0,0,0,0,2,,
2026-08-29T02:08:24.949Z,1787969304949,106588,1,,83acd2e6,106600,grid,4,1330,1381,130,805,327,69,,0,0,0,0,0,0,0,0,0,0,0,0,0,0,2,,
2026-08-29T02:09:24.970Z,1787969364970,106648,1,,83acd2e6,106660,grid,4,1326,1381,130,805,323,69,,0,0,0,0,0,0,0,0,0,0,0,0,0,0,2,,
2026-08-29T02:10:24.987Z,1787969424987,106708,1,,83acd2e6,106720,grid,4,1323,1381,130,802,323,69,,0,0,0,0,0,0,0,0,0,0,0,0,0,0,2,,
2026-08-29T02:11:25.011Z,1787969485011,106768,1,,83acd2e6,106780,grid,4,1323,1381,130,802,323,69,,0,0,0,0,0,0,0,0,0,0,0,0,0,0,2,,
2026-08-29T02:12:25.037Z,1787969545037,106828,1,,83acd2e6,106840,grid,4,1324,1381,130,803,323,69,,0,0,0,0,0,0,0,0,0,0,0,0,0,0,2,,
2026-08-29T02:13:25.047Z,1787969605047,106888,1,,83acd2e6,106900,grid,4,1323,1381,130,802,323,69,,0,0,0,0,0,0,0,0,0,0,0,0,0,0,2,,
2026-08-29T02:14:25.057Z,1787969665057,106948,1,,83acd2e6,106960,grid,4,1324,1381,130,803,323,69,,0,0,0,0,0,0,0,0,0,0,0,0,0,0,2,,
2026-08-29T02:15:25.075Z,1787969725075,107008,1,,83acd2e6,107021,grid,4,1325,1381,130,803,323,69,,0,0,0,0,0,0,0,0,0,0,0,0,0,0,2,,
2026-08-29T02:16:25.094Z,1787969785094,107068,1,,83acd2e6,107081,grid,4,1324,1381,130,803,323,69,,0,0,0,0,0,0,0,0,0,0,0,0,0,0,2,,
2026-08-29T02:17:25.105Z,1787969845105,107129,1,,83acd2e6,107141,grid,4,1329,1381,130,803,327,69,,0,0,0,0,0,0,0,0,0,0,0,0,0,0,2,,
2026-08-29T02:18:25.121Z,1787969905121,107189,1,,83acd2e6,107201,grid,4,1324,1381,130,803,323,69,,0,0,0,0,0,0,0,0,0,0,0,0,0,0,2,,
2026-08-29T02:19:25.132Z,1787969965132,107249,1,,83acd2e6,107261,grid,4,1328,1381,130,802,327,69,,0,0,0,0,0,0,0,0,0,0,0,0,0,0,2,,
2026-08-29T02:20:25.153Z,1787970025153,107309,1,,83acd2e6,107321,grid,4,1322,1381,130,801,323,69,,0,0,0,0,0,0,0,0,0,0,0,0,0,0,2,,
2026-08-29T02:21:25.166Z,1787970085166,107369,1,,83acd2e6,107381,grid,4,1323,1381,130,801,323,69,,0,0,0,0,0,0,0,0,0,0,0,0,0,0,2,,
2026-08-29T02:22:25.179Z,1787970145179,107429,1,,83acd2e6,107441,grid,4,1322,1381,129,802,322,69,,0,0,0,0,0,0,0,0,0,0,0,0,0,0,2,,
2026-08-29T02:23:25.194Z,1787970205194,107489,1,,83acd2e6,107501,grid,4,1322,1381,129,802,322,69,,0,0,0,0,0,0,0,0,0,0,0,0,0,0,2,,
2026-08-29T02:24:25.212Z,1787970265212,107549,1,,83acd2e6,107561,grid,4,1322,1381,129,802,322,69,,0,0,0,0,0,0,0,0,0,0,0,0,0,0,2,,
2026-08-29T02:25:25.229Z,1787970325229,107609,1,,83acd2e6,107621,grid,4,1322,1381,129,802,322,69,,0,0,0,0,0,0,0,0,0,0,0,0,0,0,2,,
2026-08-29T02:26:25.244Z,1787970385244,107669,1,,83acd2e6,107681,grid,4,1323,1381,129,802,322,69,,0,0,0,0,0,0,0,0,0,0,0,0,0,0,2,,
2026-08-29T02:27:25.256Z,1787970445256,107729,1,,83acd2e6,107741,grid,4,1322,1381,129,802,322,69,,0,0,0,0,0,0,0,0,0,0,0,0,0,0,2,,
2026-08-29T02:28:25.280Z,1787970505280,107789,1,,83acd2e6,107801,grid,4,1322,1381,129,801,322,69,,0,0,0,0,0,0,0,0,0,0,0,0,0,0,2,,
2026-08-29T02:29:25.303Z,1787970565303,107849,1,,83acd2e6,107861,grid,4,1322,1381,130,802,322,69,,0,0,0,0,0,0,0,0,0,0,0,0,0,0,2,,
2026-08-29T02:30:25.313Z,1787970625313,107909,1,,83acd2e6,107921,grid,4,1322,1381,130,802,322,69,,0,0,0,0,0,0,0,0,0,0,0,0,0,0,2,,
2026-08-29T02:31:25.338Z,1787970685338,107969,1,,83acd2e6,107981,grid,4,1322,1381,130,801,322,69,,0,0,0,0,0,0,0,0,0,0,0,0,0,0,2,,
2026-08-29T02:32:25.355Z,1787970745355,108029,1,,83acd2e6,108041,grid,4,1330,1381,130,809,322,69,,0,0,0,0,0,0,0,0,0,0,0,0,0,0,2,,
2026-08-29T02:33:25.379Z,1787970805379,108089,1,,83acd2e6,108101,grid,4,1339,1381,130,816,324,69,,0,0,0,0,0,0,0,0,0,0,0,0,0,0,2,,
2026-08-29T02:34:25.388Z,1787970865388,108149,1,,83acd2e6,108161,grid,4,1335,1381,130,812,324,69,,0,0,0,0,0,0,0,0,0,0,0,0,0,0,2,,
2026-08-29T02:35:25.407Z,1787970925407,108209,1,,83acd2e6,108221,grid,4,1335,1381,130,812,324,69,,0,0,0,0,0,0,0,0,0,0,0,0,0,0,2,,
2026-08-29T02:36:25.422Z,1787970985422,108269,1,,83acd2e6,108281,grid,4,1339,1381,130,812,328,69,,0,0,0,0,0,0,0,0,0,0,0,0,0,0,2,,
2026-08-29T02:37:25.434Z,1787971045434,108329,1,,83acd2e6,108341,grid,4,1340,1381,130,813,328,69,,0,0,0,0,0,0,0,0,0,0,0,0,0,0,2,,
2026-08-29T02:38:25.451Z,1787971105451,108389,1,,83acd2e6,108401,grid,4,1337,1381,130,810,328,69,,0,0,0,0,0,0,0,0,0,0,0,0,0,0,2,,
2026-08-29T02:39:25.471Z,1787971165471,108449,1,,83acd2e6,108461,grid,4,1333,1381,130,810,324,69,,0,0,0,0,0,0,0,0,0,0,0,0,0,0,2,,
2026-08-29T02:40:25.482Z,1787971225482,108509,1,,83acd2e6,108521,grid,4,1332,1381,130,809,323,69,,0,0,0,0,0,0,0,0,0,0,0,0,0,0,2,,
2026-08-29T02:41:25.498Z,1787971285498,108569,1,,83acd2e6,108581,grid,4,1332,1381,130,810,323,69,,0,0,0,0,0,0,0,0,0,0,0,0,0,0,2,,
2026-08-29T02:42:25.518Z,1787971345518,108629,1,,83acd2e6,108641,grid,4,1330,1381,130,808,323,69,,0,0,0,0,0,0,0,0,0,0,0,0,0,0,2,,
2026-08-29T02:43:25.532Z,1787971405532,108689,1,,83acd2e6,108701,grid,4,1329,1381,129,808,323,69,,0,0,0,0,0,0,0,0,0,0,0,0,0,0,2,,
2026-08-29T02:44:25.542Z,1787971465542,108749,1,,83acd2e6,108761,grid,4,1330,1381,129,808,323,69,,0,0,0,0,0,0,0,0,0,0,0,0,0,0,2,,
2026-08-29T02:45:25.565Z,1787971525565,108809,1,,83acd2e6,108821,grid,4,1329,1381,129,808,323,69,,0,0,0,0,0,0,0,0,0,0,0,0,0,0,2,,
2026-08-29T02:46:25.588Z,1787971585588,108869,1,,83acd2e6,108881,grid,4,1329,1381,130,808,323,69,,0,0,0,0,0,0,0,0,0,0,0,0,0,0,2,,
2026-08-29T02:47:25.606Z,1787971645606,108929,1,,83acd2e6,108941,grid,4,1330,1381,130,808,323,69,,0,0,0,0,0,0,0,0,0,0,0,0,0,0,2,,
2026-08-29T02:48:25.611Z,1787971705611,108989,1,,83acd2e6,109001,grid,4,1329,1381,130,808,323,69,,0,0,0,0,0,0,0,0,0,0,0,0,0,0,2,,
2026-08-29T02:49:25.633Z,1787971765633,109049,1,,83acd2e6,109061,grid,4,1330,1381,130,808,323,69,,0,0,0,0,0,0,0,0,0,0,0,0,0,0,2,,
2026-08-29T02:50:25.648Z,1787971825648,109109,1,,83acd2e6,109121,grid,4,1327,1381,130,805,323,69,,0,0,0,0,0,0,0,0,0,0,0,0,0,0,2,,
2026-08-29T02:51:25.671Z,1787971885671,109169,1,,83acd2e6,109181,grid,4,1327,1381,130,805,323,69,,0,0,0,0,0,0,0,0,0,0,0,0,0,0,2,,
2026-08-29T02:52:25.680Z,1787971945680,109229,1,,83acd2e6,109241,grid,4,1327,1381,130,805,323,69,,0,0,0,0,0,0,0,0,0,0,0,0,0,0,2,,
2026-08-29T02:53:25.691Z,1787972005691,109289,1,,83acd2e6,109301,grid,4,1327,1381,130,805,323,69,,0,0,0,0,0,0,0,0,0,0,0,0,0,0,2,,
2026-08-29T02:54:25.705Z,1787972065705,109349,1,,83acd2e6,109361,grid,4,1327,1381,130,806,323,69,,0,0,0,0,0,0,0,0,0,0,0,0,0,0,2,,
2026-08-29T02:55:25.726Z,1787972125726,109409,1,,83acd2e6,109421,grid,4,1326,1381,130,804,323,69,,0,0,0,0,0,0,0,0,0,0,0,0,0,0,2,,
2026-08-29T02:56:25.748Z,1787972185748,109469,1,,83acd2e6,109481,grid,4,1327,1381,130,805,323,69,,0,0,0,0,0,0,0,0,0,0,0,0,0,0,2,,
2026-08-29T02:57:25.756Z,1787972245756,109529,1,,83acd2e6,109541,grid,4,1327,1381,130,805,323,69,,0,0,0,0,0,0,0,0,0,0,0,0,0,0,2,,
2026-08-29T02:58:25.777Z,1787972305777,109589,1,,83acd2e6,109601,grid,4,1327,1381,130,805,323,69,,0,0,0,0,0,0,0,0,0,0,0,0,0,0,2,,
2026-08-29T02:59:25.790Z,1787972365790,109649,1,,83acd2e6,109661,grid,4,1327,1381,130,805,324,69,,0,0,0,0,0,0,0,0,0,0,0,0,0,0,2,,
2026-08-29T03:00:25.804Z,1787972425804,109709,1,,83acd2e6,109721,grid,4,1327,1381,130,805,324,69,,0,0,0,0,0,0,0,0,0,0,0,0,0,0,2,,
2026-08-29T03:01:25.812Z,1787972485812,109769,1,,83acd2e6,109781,grid,4,1327,1381,130,805,323,69,,0,0,0,0,0,0,0,0,0,0,0,0,0,0,2,,
2026-08-29T03:02:25.826Z,1787972545826,109829,1,,83acd2e6,109841,grid,4,1329,1381,130,806,324,69,,0,0,0,0,0,0,0,0,0,0,0,0,0,0,2,,
2026-08-29T03:03:25.842Z,1787972605842,109889,1,,83acd2e6,109901,grid,4,1337,1381,130,813,325,69,,0,0,0,0,0,0,0,0,0,0,0,0,0,0,2,,
2026-08-29T03:04:25.853Z,1787972665853,109949,1,,83acd2e6,109961,grid,4,1333,1381,129,811,324,69,,0,0,0,0,0,0,0,0,0,0,0,0,0,0,2,,
2026-08-29T03:05:25.868Z,1787972725868,110009,1,,83acd2e6,110021,grid,4,1333,1381,130,810,325,69,,0,0,0,0,0,0,0,0,0,0,0,0,0,0,2,,
2026-08-29T03:06:25.876Z,1787972785876,110069,1,,83acd2e6,110081,grid,4,1333,1381,129,810,324,69,,0,0,0,0,0,0,0,0,0,0,0,0,0,0,2,,
2026-08-29T03:07:25.886Z,1787972845886,110129,1,,83acd2e6,110141,grid,4,1331,1381,130,808,324,69,,0,0,0,0,0,0,0,0,0,0,0,0,0,0,2,,
2026-08-29T03:08:25.907Z,1787972905907,110189,1,,83acd2e6,110201,grid,4,1332,1381,130,805,329,69,,0,0,0,0,0,0,0,0,0,0,0,0,0,0,2,,
2026-08-29T03:09:25.928Z,1787972965928,110249,1,,83acd2e6,110261,grid,4,1333,1381,130,806,329,69,,0,0,0,0,0,0,0,0,0,0,0,0,0,0,2,,
2026-08-29T03:10:25.939Z,1787973025939,110309,1,,83acd2e6,110321,grid,4,1328,1381,130,805,324,69,,0,0,0,0,0,0,0,0,0,0,0,0,0,0,2,,
2026-08-29T03:11:25.951Z,1787973085951,110369,1,,83acd2e6,110381,grid,4,1328,1381,130,805,324,69,,0,0,0,0,0,0,0,0,0,0,0,0,0,0,2,,
2026-08-29T03:12:25.962Z,1787973145962,110429,1,,83acd2e6,110441,grid,4,1328,1381,130,806,324,69,,0,0,0,0,0,0,0,0,0,0,0,0,0,0,2,,
2026-08-29T03:13:25.983Z,1787973205983,110489,1,,83acd2e6,110501,grid,4,1327,1381,130,805,324,69,,0,0,0,0,0,0,0,0,0,0,0,0,0,0,2,,
2026-08-29T03:14:25.996Z,1787973265996,110549,1,,83acd2e6,110561,grid,4,1328,1381,130,805,324,69,,0,0,0,0,0,0,0,0,0,0,0,0,0,0,2,,
2026-08-29T03:15:26.016Z,1787973326016,110609,1,,83acd2e6,110621,grid,4,1327,1381,130,805,324,69,,0,0,0,0,0,0,0,0,0,0,0,0,0,0,2,,
2026-08-29T03:16:26.035Z,1787973386035,110669,1,,83acd2e6,110681,grid,4,1326,1381,130,804,324,69,,0,0,0,0,0,0,0,0,0,0,0,0,0,0,2,,
2026-08-29T03:17:26.052Z,1787973446052,110729,1,,83acd2e6,110741,grid,4,1326,1381,130,803,324,69,,0,0,0,0,0,0,0,0,0,0,0,0,0,0,2,,
2026-08-29T03:18:26.074Z,1787973506074,110789,1,,83acd2e6,110802,grid,4,1325,1381,130,803,324,69,,0,0,0,0,0,0,0,0,0,0,0,0,0,0,2,,
2026-08-29T03:19:26.098Z,1787973566098,110849,1,,83acd2e6,110862,grid,4,1326,1381,130,804,324,69,,0,0,0,0,0,0,0,0,0,0,0,0,0,0,2,,
2026-08-29T03:20:26.120Z,1787973626120,110910,1,,83acd2e6,110922,grid,4,1327,1381,130,804,324,69,,0,0,0,0,0,0,0,0,0,0,0,0,0,0,2,,
2026-08-29T03:21:26.141Z,1787973686141,110970,1,,83acd2e6,110982,grid,4,1327,1381,130,804,324,69,,0,0,0,0,0,0,0,0,0,0,0,0,0,0,2,,
2026-08-29T03:22:26.150Z,1787973746150,111030,1,,83acd2e6,111042,grid,4,1327,1381,130,804,324,69,,0,0,0,0,0,0,0,0,0,0,0,0,0,0,2,,
2026-08-29T03:23:26.167Z,1787973806167,111090,1,,83acd2e6,111102,grid,4,1327,1381,130,804,324,69,,0,0,0,0,0,0,0,0,0,0,0,0,0,0,2,,
2026-08-29T03:24:26.182Z,1787973866182,111150,1,,83acd2e6,111162,grid,4,1327,1381,130,805,324,69,,0,0,0,0,0,0,0,0,0,0,0,0,0,0,2,,
2026-08-29T03:25:26.194Z,1787973926194,111210,1,,83acd2e6,111222,grid,4,1327,1381,130,804,324,69,,0,0,0,0,0,0,0,0,0,0,0,0,0,0,2,,
2026-08-29T03:26:26.202Z,1787973986202,111270,1,,83acd2e6,111282,grid,4,1326,1381,129,804,324,69,,0,0,0,0,0,0,0,0,0,0,0,0,0,0,2,,
2026-08-29T03:27:26.218Z,1787974046218,111330,1,,83acd2e6,111342,grid,4,1325,1381,129,803,324,69,,0,0,0,0,0,0,0,0,0,0,0,0,0,0,2,,
2026-08-29T03:28:26.239Z,1787974106239,111390,1,,83acd2e6,111402,grid,4,1326,1381,130,803,324,69,,0,0,0,0,0,0,0,0,0,0,0,0,0,0,2,,
2026-08-29T03:29:26.251Z,1787974166251,111450,1,,83acd2e6,111462,grid,4,1326,1381,130,804,324,69,,0,0,0,0,0,0,0,0,0,0,0,0,0,0,2,,
2026-08-29T03:30:26.274Z,1787974226274,111510,1,,83acd2e6,111522,grid,4,1326,1381,130,804,324,69,,0,0,0,0,0,0,0,0,0,0,0,0,0,0,2,,
2026-08-29T03:31:26.297Z,1787974286297,111570,1,,83acd2e6,111582,grid,4,1326,1381,130,804,324,69,,0,0,0,0,0,0,0,0,0,0,0,0,0,0,2,,
2026-08-29T03:32:26.318Z,1787974346318,111630,1,,83acd2e6,111642,grid,4,1328,1381,130,806,324,69,,0,0,0,0,0,0,0,0,0,0,0,0,0,0,2,,
2026-08-29T03:33:26.344Z,1787974406344,111690,1,,83acd2e6,111702,grid,4,1337,1381,130,810,328,69,,0,0,0,0,0,0,0,0,0,0,0,0,0,0,2,,
2026-08-29T03:34:26.360Z,1787974466360,111750,1,,83acd2e6,111762,grid,4,1338,1381,130,811,328,69,,0,0,0,0,0,0,0,0,0,0,0,0,0,0,2,,
2026-08-29T03:35:26.368Z,1787974526368,111810,1,,83acd2e6,111822,grid,4,1335,1381,130,812,324,69,,0,0,0,0,0,0,0,0,0,0,0,0,0,0,2,,
2026-08-29T03:36:26.383Z,1787974586383,111870,1,,83acd2e6,111882,grid,4,1334,1381,130,811,324,69,,0,0,0,0,0,0,0,0,0,0,0,0,0,0,2,,
2026-08-29T03:37:26.397Z,1787974646397,111930,1,,83acd2e6,111942,grid,4,1332,1381,130,809,324,69,,0,0,0,0,0,0,0,0,0,0,0,0,0,0,2,,
2026-08-29T03:38:26.413Z,1787974706413,111990,1,,83acd2e6,112002,grid,4,1328,1381,130,806,324,69,,0,0,0,0,0,0,0,0,0,0,0,0,0,0,2,,
2026-08-29T03:39:26.437Z,1787974766437,112050,1,,83acd2e6,112062,grid,4,1328,1381,130,805,324,69,,0,0,0,0,0,0,0,0,0,0,0,0,0,0,2,,
2026-08-29T03:40:26.453Z,1787974826453,112110,1,,83acd2e6,112122,grid,4,1328,1381,130,805,324,69,,0,0,0,0,0,0,0,0,0,0,0,0,0,0,2,,
2026-08-29T03:41:26.474Z,1787974886474,112170,1,,83acd2e6,112182,grid,4,1327,1381,130,805,324,69,,0,0,0,0,0,0,0,0,0,0,0,0,0,0,2,,
2026-08-29T03:42:26.488Z,1787974946488,112230,1,,83acd2e6,112242,grid,4,1328,1381,130,805,324,69,,0,0,0,0,0,0,0,0,0,0,0,0,0,0,2,,
2026-08-29T03:43:26.505Z,1787975006505,112290,1,,83acd2e6,112302,grid,4,1328,1381,130,805,324,69,,0,0,0,0,0,0,0,0,0,0,0,0,0,0,2,,
2026-08-29T03:44:26.525Z,1787975066525,112350,1,,83acd2e6,112362,grid,4,1328,1381,130,805,324,69,,0,0,0,0,0,0,0,0,0,0,0,0,0,0,2,,
2026-08-29T03:45:26.541Z,1787975126541,112410,1,,83acd2e6,112422,grid,4,1328,1381,130,806,324,69,,0,0,0,0,0,0,0,0,0,0,0,0,0,0,2,,
2026-08-29T03:46:26.556Z,1787975186556,112470,1,,83acd2e6,112482,grid,4,1328,1381,130,805,324,69,,0,0,0,0,0,0,0,0,0,0,0,0,0,0,2,,
2026-08-29T03:47:26.575Z,1787975246575,112530,1,,83acd2e6,112542,grid,4,1328,1381,130,805,324,69,,0,0,0,0,0,0,0,0,0,0,0,0,0,0,2,,
2026-08-29T03:48:26.598Z,1787975306598,112590,1,,83acd2e6,112602,grid,4,1328,1381,130,805,324,69,,0,0,0,0,0,0,0,0,0,0,0,0,0,0,2,,
2026-08-29T03:49:26.614Z,1787975366614,112650,1,,83acd2e6,112662,grid,4,1328,1381,130,805,324,69,,0,0,0,0,0,0,0,0,0,0,0,0,0,0,2,,
2026-08-29T03:50:26.637Z,1787975426637,112710,1,,83acd2e6,112722,grid,4,1328,1381,130,805,324,69,,0,0,0,0,0,0,0,0,0,0,0,0,0,0,2,,
2026-08-29T03:51:26.653Z,1787975486653,112770,1,,83acd2e6,112782,grid,4,1328,1381,130,805,324,69,,0,0,0,0,0,0,0,0,0,0,0,0,0,0,2,,
2026-08-29T03:52:26.664Z,1787975546664,112830,1,,83acd2e6,112842,grid,4,1329,1381,131,806,324,69,,0,0,0,0,0,0,0,0,0,0,0,0,0,0,2,,
2026-08-29T03:53:26.680Z,1787975606680,112890,1,,83acd2e6,112902,grid,4,1328,1381,131,805,324,69,,0,0,0,0,0,0,0,0,0,0,0,0,0,0,2,,
2026-08-29T03:54:26.689Z,1787975666689,112950,1,,83acd2e6,112962,grid,4,1329,1381,131,806,324,69,,0,0,0,0,0,0,0,0,0,0,0,0,0,0,2,,
2026-08-29T03:55:26.703Z,1787975726703,113010,1,,83acd2e6,113022,grid,4,1329,1381,131,806,324,69,,0,0,0,0,0,0,0,0,0,0,0,0,0,0,2,,
2026-08-29T03:56:26.717Z,1787975786717,113070,1,,83acd2e6,113082,grid,4,1328,1381,131,805,324,69,,0,0,0,0,0,0,0,0,0,0,0,0,0,0,2,,
2026-08-29T03:57:26.736Z,1787975846736,113130,1,,83acd2e6,113142,grid,4,1329,1381,131,806,324,69,,0,0,0,0,0,0,0,0,0,0,0,0,0,0,2,,
2026-08-29T03:58:26.757Z,1787975906757,113190,1,,83acd2e6,113202,grid,4,1333,1381,131,805,328,69,,0,0,0,0,0,0,0,0,0,0,0,0,0,0,2,,
2026-08-29T03:59:26.765Z,1787975966765,113250,1,,83acd2e6,113262,grid,4,1329,1381,131,806,324,69,,0,0,0,0,0,0,0,0,0,0,0,0,0,0,2,,
2026-08-29T04:00:26.777Z,1787976026777,113310,1,,83acd2e6,113322,grid,4,1329,1381,131,805,324,69,,0,0,0,0,0,0,0,0,0,0,0,0,0,0,2,,
2026-08-29T04:01:26.795Z,1787976086795,113370,1,,83acd2e6,113382,grid,4,1329,1381,131,806,324,69,,0,0,0,0,0,0,0,0,0,0,0,0,0,0,2,,
2026-08-29T04:02:26.808Z,1787976146808,113430,1,,83acd2e6,113442,grid,4,1331,1381,131,807,324,69,,0,0,0,0,0,0,0,0,0,0,0,0,0,0,2,,
2026-08-29T04:03:26.819Z,1787976206819,113490,1,,83acd2e6,113502,grid,4,1339,1381,131,815,325,69,,0,0,0,0,0,0,0,0,0,0,0,0,0,0,2,,
2026-08-29T04:04:26.842Z,1787976266842,113550,1,,83acd2e6,113562,grid,4,1340,1381,131,812,328,69,,0,0,0,0,0,0,0,0,0,0,0,0,0,0,2,,
2026-08-29T04:05:26.867Z,1787976326867,113610,1,,83acd2e6,113622,grid,4,1340,1381,131,812,328,69,,0,0,0,0,0,0,0,0,0,0,0,0,0,0,2,,
2026-08-29T04:06:26.882Z,1787976386882,113670,1,,83acd2e6,113682,grid,4,1340,1381,131,811,329,69,,0,0,0,0,0,0,0,0,0,0,0,0,0,0,2,,
2026-08-29T04:07:26.903Z,1787976446903,113730,1,,83acd2e6,113742,grid,4,1336,1381,131,812,324,69,,0,0,0,0,0,0,0,0,0,0,0,0,0,0,2,,
2026-08-29T04:08:26.916Z,1787976506916,113790,1,,83acd2e6,113802,grid,4,1332,1381,131,808,324,69,,0,0,0,0,0,0,0,0,0,0,0,0,0,0,2,,
2026-08-29T04:09:26.942Z,1787976566942,113850,1,,83acd2e6,113862,grid,4,1332,1381,130,809,324,69,,0,0,0,0,0,0,0,0,0,0,0,0,0,0,2,,
2026-08-29T04:10:26.962Z,1787976626962,113910,1,,83acd2e6,113922,grid,4,1332,1381,130,809,324,69,,0,0,0,0,0,0,0,0,0,0,0,0,0,0,2,,
2026-08-29T04:11:26.980Z,1787976686980,113970,1,,83acd2e6,113982,grid,4,1329,1381,130,806,324,69,,0,0,0,0,0,0,0,0,0,0,0,0,0,0,2,,
2026-08-29T04:12:26.997Z,1787976746997,114030,1,,83acd2e6,114042,grid,4,1330,1381,130,807,324,69,,0,0,0,0,0,0,0,0,0,0,0,0,0,0,2,,
2026-08-29T04:13:27.017Z,1787976807017,114090,1,,83acd2e6,114102,grid,4,1329,1381,130,806,324,69,,0,0,0,0,0,0,0,0,0,0,0,0,0,0,2,,
2026-08-29T04:14:27.029Z,1787976867029,114150,1,,83acd2e6,114162,grid,4,1330,1381,130,807,324,69,,0,0,0,0,0,0,0,0,0,0,0,0,0,0,2,,
2026-08-29T04:15:27.054Z,1787976927054,114210,1,,83acd2e6,114222,grid,4,1330,1381,130,807,324,69,,0,0,0,0,0,0,0,0,0,0,0,0,0,0,2,,
2026-08-29T04:16:27.077Z,1787976987077,114270,1,,83acd2e6,114283,grid,4,1330,1381,130,807,324,69,,0,0,0,0,0,0,0,0,0,0,0,0,0,0,2,,
2026-08-29T04:17:27.097Z,1787977047097,114330,1,,83acd2e6,114343,grid,4,1330,1381,130,807,324,69,,0,0,0,0,0,0,0,0,0,0,0,0,0,0,2,,
2026-08-29T04:18:27.114Z,1787977107114,114391,1,,83acd2e6,114403,grid,4,1328,1381,130,805,324,69,,0,0,0,0,0,0,0,0,0,0,0,0,0,0,2,,
2026-08-29T04:19:27.132Z,1787977167132,114451,1,,83acd2e6,114463,grid,4,1329,1381,130,806,324,69,,0,0,0,0,0,0,0,0,0,0,0,0,0,0,2,,
2026-08-29T04:20:27.156Z,1787977227156,114511,1,,83acd2e6,114523,grid,4,1328,1381,130,805,324,69,,0,0,0,0,0,0,0,0,0,0,0,0,0,0,2,,
2026-08-29T04:21:27.166Z,1787977287166,114571,1,,83acd2e6,114583,grid,4,1329,1381,131,806,324,69,,0,0,0,0,0,0,0,0,0,0,0,0,0,0,2,,
2026-08-29T04:22:27.179Z,1787977347179,114631,1,,83acd2e6,114643,grid,4,1328,1381,131,806,324,69,,0,0,0,0,0,0,0,0,0,0,0,0,0,0,2,,
2026-08-29T04:23:27.190Z,1787977407190,114691,1,,83acd2e6,114703,grid,4,1328,1381,131,805,324,69,,0,0,0,0,0,0,0,0,0,0,0,0,0,0,2,,
2026-08-29T04:24:27.209Z,1787977467209,114751,1,,83acd2e6,114763,grid,4,1329,1381,131,806,324,69,,0,0,0,0,0,0,0,0,0,0,0,0,0,0,2,,
2026-08-29T04:25:27.224Z,1787977527224,114811,1,,83acd2e6,114823,grid,4,1329,1381,131,806,324,69,,0,0,0,0,0,0,0,0,0,0,0,0,0,0,2,,
2026-08-29T04:26:27.242Z,1787977587242,114871,1,,83acd2e6,114883,grid,4,1329,1381,131,806,323,69,,0,0,0,0,0,0,0,0,0,0,0,0,0,0,2,,
2026-08-29T04:27:27.264Z,1787977647264,114931,1,,83acd2e6,114943,grid,4,1330,1381,131,807,324,69,,0,0,0,0,0,0,0,0,0,0,0,0,0,0,2,,
2026-08-29T04:28:27.280Z,1787977707280,114991,1,,83acd2e6,115003,grid,4,1328,1381,131,805,324,69,,0,0,0,0,0,0,0,0,0,0,0,0,0,0,2,,
2026-08-29T04:29:27.290Z,1787977767290,115051,1,,83acd2e6,115063,grid,4,1329,1381,131,806,324,69,,0,0,0,0,0,0,0,0,0,0,0,0,0,0,2,,
2026-08-29T04:30:27.303Z,1787977827303,115111,1,,83acd2e6,115123,grid,4,1328,1381,131,804,324,69,,0,0,0,0,0,0,0,0,0,0,0,0,0,0,2,,
2026-08-29T04:31:27.319Z,1787977887319,115171,1,,83acd2e6,115183,grid,4,1327,1381,130,805,324,69,,0,0,0,0,0,0,0,0,0,0,0,0,0,0,2,,
2026-08-29T04:32:27.336Z,1787977947336,115231,1,,83acd2e6,115243,grid,4,1329,1381,130,807,324,69,,0,0,0,0,0,0,0,0,0,0,0,0,0,0,2,,
2026-08-29T04:33:27.347Z,1787978007347,115291,1,,83acd2e6,115303,grid,4,1339,1381,130,815,325,69,,0,0,0,0,0,0,0,0,0,0,0,0,0,0,2,,
2026-08-29T04:34:27.358Z,1787978067358,115351,1,,83acd2e6,115363,grid,4,1336,1381,130,812,325,69,,0,0,0,0,0,0,0,0,0,0,0,0,0,0,2,,
2026-08-29T04:35:27.371Z,1787978127371,115411,1,,83acd2e6,115423,grid,4,1336,1381,130,813,325,69,,0,0,0,0,0,0,0,0,0,0,0,0,0,0,2,,
2026-08-29T04:36:27.383Z,1787978187383,115471,1,,83acd2e6,115483,grid,4,1336,1381,130,812,325,69,,0,0,0,0,0,0,0,0,0,0,0,0,0,0,2,,
2026-08-29T04:37:27.399Z,1787978247399,115531,1,,83acd2e6,115543,grid,4,1336,1381,130,812,325,69,,0,0,0,0,0,0,0,0,0,0,0,0,0,0,2,,
2026-08-29T04:38:27.407Z,1787978307407,115591,1,,83acd2e6,115603,grid,4,1332,1381,130,809,324,69,,0,0,0,0,0,0,0,0,0,0,0,0,0,0,2,,
2026-08-29T04:39:27.418Z,1787978367418,115651,1,,83acd2e6,115663,grid,4,1332,1381,130,809,324,69,,0,0,0,0,0,0,0,0,0,0,0,0,0,0,2,,
2026-08-29T04:40:27.428Z,1787978427428,115711,1,,83acd2e6,115723,grid,4,1333,1381,130,810,324,69,,0,0,0,0,0,0,0,0,0,0,0,0,0,0,2,,
2026-08-29T04:41:27.449Z,1787978487449,115771,1,,83acd2e6,115783,grid,4,1329,1381,130,805,324,69,,0,0,0,0,0,0,0,0,0,0,0,0,0,0,2,,
2026-08-29T04:42:27.464Z,1787978547464,115831,1,,83acd2e6,115843,grid,4,1329,1381,130,805,324,69,,0,0,0,0,0,0,0,0,0,0,0,0,0,0,2,,
2026-08-29T04:43:27.476Z,1787978607476,115891,1,,83acd2e6,115903,grid,4,1329,1381,130,805,324,69,,0,0,0,0,0,0,0,0,0,0,0,0,0,0,2,,
2026-08-29T04:44:27.486Z,1787978667486,115951,1,,83acd2e6,115963,grid,4,1329,1381,130,806,324,69,,0,0,0,0,0,0,0,0,0,0,0,0,0,0,2,,
2026-08-29T04:45:27.499Z,1787978727499,116011,1,,83acd2e6,116023,grid,4,1329,1381,130,805,324,69,,0,0,0,0,0,0,0,0,0,0,0,0,0,0,2,,
2026-08-29T04:46:27.523Z,1787978787523,116071,1,,83acd2e6,116083,grid,4,1329,1381,130,805,324,69,,0,0,0,0,0,0,0,0,0,0,0,0,0,0,2,,
2026-08-29T04:47:27.542Z,1787978847542,116131,1,,83acd2e6,116143,grid,4,1330,1381,130,806,324,69,,0,0,0,0,0,0,0,0,0,0,0,0,0,0,2,,
2026-08-29T04:48:27.554Z,1787978907554,116191,1,,83acd2e6,116203,grid,4,1330,1381,130,806,325,69,,0,0,0,0,0,0,0,0,0,0,0,0,0,0,2,,
2026-08-29T04:49:27.568Z,1787978967568,116251,1,,83acd2e6,116263,grid,4,1330,1381,130,806,325,69,,0,0,0,0,0,0,0,0,0,0,0,0,0,0,2,,
2026-08-29T04:50:27.581Z,1787979027581,116311,1,,83acd2e6,116323,grid,4,1330,1381,130,806,325,69,,0,0,0,0,0,0,0,0,0,0,0,0,0,0,2,,
2026-08-29T04:51:27.599Z,1787979087599,116371,1,,83acd2e6,116383,grid,4,1329,1381,130,805,325,69,,0,0,0,0,0,0,0,0,0,0,0,0,0,0,2,,
2026-08-29T04:52:27.614Z,1787979147614,116431,1,,83acd2e6,116443,grid,4,1330,1381,130,806,325,69,,0,0,0,0,0,0,0,0,0,0,0,0,0,0,2,,
2026-08-29T04:53:27.624Z,1787979207624,116491,1,,83acd2e6,116503,grid,4,1329,1381,130,806,325,69,,0,0,0,0,0,0,0,0,0,0,0,0,0,0,2,,
2026-08-29T04:54:27.641Z,1787979267641,116551,1,,83acd2e6,116563,grid,4,1330,1381,130,806,325,69,,0,0,0,0,0,0,0,0,0,0,0,0,0,0,2,,
2026-08-29T04:55:27.662Z,1787979327662,116611,1,,83acd2e6,116623,grid,4,1329,1381,130,806,325,69,,0,0,0,0,0,0,0,0,0,0,0,0,0,0,2,,
2026-08-29T04:56:27.685Z,1787979387685,116671,1,,83acd2e6,116683,grid,4,1329,1381,130,806,325,69,,0,0,0,0,0,0,0,0,0,0,0,0,0,0,2,,
2026-08-29T04:57:27.702Z,1787979447702,116731,1,,83acd2e6,116743,grid,4,1329,1381,130,806,325,69,,0,0,0,0,0,0,0,0,0,0,0,0,0,0,2,,
2026-08-29T04:58:27.714Z,1787979507714,116791,1,,83acd2e6,116803,grid,4,1329,1381,130,806,325,69,,0,0,0,0,0,0,0,0,0,0,0,0,0,0,2,,
2026-08-29T04:59:27.736Z,1787979567736,116851,1,,83acd2e6,116863,grid,4,1329,1381,130,806,325,69,,0,0,0,0,0,0,0,0,0,0,0,0,0,0,2,,
2026-08-29T05:00:27.752Z,1787979627752,116911,1,,83acd2e6,116923,grid,4,1330,1381,130,807,325,69,,0,0,0,0,0,0,0,0,0,0,0,0,0,0,2,,
2026-08-29T05:01:27.762Z,1787979687762,116971,1,,83acd2e6,116983,grid,4,1330,1381,130,806,325,69,,0,0,0,0,0,0,0,0,0,0,0,0,0,0,2,,
2026-08-29T05:02:27.771Z,1787979747771,117031,1,,83acd2e6,117043,grid,4,1332,1381,130,809,325,69,,0,0,0,0,0,0,0,0,0,0,0,0,0,0,2,,
2026-08-29T05:03:27.796Z,1787979807796,117091,1,,83acd2e6,117103,grid,4,1340,1381,130,816,326,69,,0,0,0,0,0,0,0,0,0,0,0,0,0,0,2,,
2026-08-29T05:04:27.815Z,1787979867815,117151,1,,83acd2e6,117163,grid,4,1336,1381,130,812,325,69,,0,0,0,0,0,0,0,0,0,0,0,0,0,0,2,,
2026-08-29T05:05:27.832Z,1787979927832,117211,1,,83acd2e6,117223,grid,4,1341,1381,130,813,329,69,,0,0,0,0,0,0,0,0,0,0,0,0,0,0,2,,
2026-08-29T05:06:27.841Z,1787979987841,117271,1,,83acd2e6,117283,grid,4,1336,1381,130,812,325,69,,0,0,0,0,0,0,0,0,0,0,0,0,0,0,2,,
2026-08-29T05:07:27.861Z,1787980047861,117331,1,,83acd2e6,117343,grid,4,1337,1381,130,812,325,69,,0,0,0,0,0,0,0,0,0,0,0,0,0,0,2,,
2026-08-29T05:08:27.871Z,1787980107871,117391,1,,83acd2e6,117403,grid,4,1338,1381,130,809,330,69,,0,0,0,0,0,0,0,0,0,0,0,0,0,0,2,,
2026-08-29T05:09:27.892Z,1787980167892,117451,1,,83acd2e6,117463,grid,4,1340,1381,130,808,333,69,,0,0,0,0,0,0,0,0,0,0,0,0,0,0,2,,
2026-08-29T05:10:27.917Z,1787980227917,117511,1,,83acd2e6,117523,grid,4,1337,1381,130,808,329,69,,0,0,0,0,0,0,0,0,0,0,0,0,0,0,2,,
2026-08-29T05:11:27.931Z,1787980287931,117571,1,,83acd2e6,117583,grid,4,1331,1381,130,808,325,69,,0,0,0,0,0,0,0,0,0,0,0,0,0,0,2,,
2026-08-29T05:12:27.949Z,1787980347949,117631,1,,83acd2e6,117643,grid,4,1332,1381,130,808,325,69,,0,0,0,0,0,0,0,0,0,0,0,0,0,0,2,,
2026-08-29T05:13:27.973Z,1787980407973,117691,1,,83acd2e6,117703,grid,4,1332,1381,130,808,325,69,,0,0,0,0,0,0,0,0,0,0,0,0,0,0,2,,
2026-08-29T05:14:27.994Z,1787980467994,117751,1,,83acd2e6,117763,grid,4,1332,1381,130,808,325,69,,0,0,0,0,0,0,0,0,0,0,0,0,0,0,2,,
2026-08-29T05:15:28.007Z,1787980528007,117811,1,,83acd2e6,117823,grid,4,1331,1381,130,808,325,69,,0,0,0,0,0,0,0,0,0,0,0,0,0,0,2,,
2026-08-29T05:16:28.027Z,1787980588027,117871,1,,83acd2e6,117883,grid,4,1330,1381,130,807,325,69,,0,0,0,0,0,0,0,0,0,0,0,0,0,0,2,,
2026-08-29T05:17:28.039Z,1787980648039,117931,1,,83acd2e6,117943,grid,4,1331,1381,130,808,325,69,,0,0,0,0,0,0,0,0,0,0,0,0,0,0,2,,
2026-08-29T05:18:28.046Z,1787980708046,117991,1,,83acd2e6,118003,grid,4,1330,1381,130,807,325,69,,0,0,0,0,0,0,0,0,0,0,0,0,0,0,2,,
2026-08-29T05:19:28.057Z,1787980768057,118051,1,,83acd2e6,118063,grid,4,1331,1381,130,808,325,69,,0,0,0,0,0,0,0,0,0,0,0,0,0,0,2,,
2026-08-29T05:20:28.072Z,1787980828072,118111,1,,83acd2e6,118124,grid,4,1332,1381,130,808,325,69,,0,0,0,0,0,0,0,0,0,0,0,0,0,0,2,,
2026-08-29T05:21:28.086Z,1787980888086,118171,1,,83acd2e6,118184,grid,4,1332,1381,130,808,325,69,,0,0,0,0,0,0,0,0,0,0,0,0,0,0,2,,
2026-08-29T05:22:28.100Z,1787980948100,118231,1,,83acd2e6,118244,grid,4,1332,1381,130,808,325,69,,0,0,0,0,0,0,0,0,0,0,0,0,0,0,2,,
2026-08-29T05:23:28.122Z,1787981008122,118292,1,,83acd2e6,118304,grid,4,1332,1381,130,808,325,69,,0,0,0,0,0,0,0,0,0,0,0,0,0,0,2,,
2026-08-29T05:24:28.136Z,1787981068136,118352,1,,83acd2e6,118364,grid,4,1332,1381,130,808,325,69,,0,0,0,0,0,0,0,0,0,0,0,0,0,0,2,,
2026-08-29T05:25:28.148Z,1787981128148,118412,1,,83acd2e6,118424,grid,4,1332,1381,130,808,325,69,,0,0,0,0,0,0,0,0,0,0,0,0,0,0,2,,
2026-08-29T05:26:28.166Z,1787981188166,118472,1,,83acd2e6,118484,grid,4,1332,1381,130,808,325,69,,0,0,0,0,0,0,0,0,0,0,0,0,0,0,2,,
2026-08-29T05:27:28.174Z,1787981248174,118532,1,,83acd2e6,118544,grid,4,1333,1381,130,808,325,69,,0,0,0,0,0,0,0,0,0,0,0,0,0,0,2,,
2026-08-29T05:28:28.194Z,1787981308194,118592,1,,83acd2e6,118604,grid,4,1333,1381,130,808,325,69,,0,0,0,0,0,0,0,0,0,0,0,0,0,0,2,,
2026-08-29T05:29:28.212Z,1787981368212,118652,1,,83acd2e6,118664,grid,4,1332,1381,130,807,325,69,,0,0,0,0,0,0,0,0,0,0,0,0,0,0,2,,
2026-08-29T05:30:28.226Z,1787981428226,118712,1,,83acd2e6,118724,grid,4,1332,1381,130,807,325,69,,0,0,0,0,0,0,0,0,0,0,0,0,0,0,2,,
2026-08-29T05:31:28.241Z,1787981488241,118772,1,,83acd2e6,118784,grid,4,1332,1381,130,807,325,69,,0,0,0,0,0,0,0,0,0,0,0,0,0,0,2,,
2026-08-29T05:32:28.254Z,1787981548254,118832,1,,83acd2e6,118844,grid,4,1334,1381,131,809,325,69,,0,0,0,0,0,0,0,0,0,0,0,0,0,0,2,,
2026-08-29T05:33:28.260Z,1787981608260,118892,1,,83acd2e6,118904,grid,4,1339,1381,131,814,325,69,,0,0,0,0,0,0,0,0,0,0,0,0,0,0,2,,
2026-08-29T05:34:28.280Z,1787981668280,118952,1,,83acd2e6,118964,grid,4,1337,1381,131,813,325,69,,0,0,0,0,0,0,0,0,0,0,0,0,0,0,2,,
2026-08-29T05:35:28.296Z,1787981728296,119012,1,,83acd2e6,119024,grid,4,1337,1381,131,812,325,69,,0,0,0,0,0,0,0,0,0,0,0,0,0,0,2,,
2026-08-29T05:36:28.321Z,1787981788321,119072,1,,83acd2e6,119084,grid,4,1336,1381,130,813,324,69,,0,0,0,0,0,0,0,0,0,0,0,0,0,0,2,,
2026-08-29T05:37:28.341Z,1787981848341,119132,1,,83acd2e6,119144,grid,4,1336,1381,130,813,324,69,,0,0,0,0,0,0,0,0,0,0,0,0,0,0,2,,
2026-08-29T05:38:28.354Z,1787981908354,119192,1,,83acd2e6,119204,grid,4,1333,1381,130,810,324,69,,0,0,0,0,0,0,0,0,0,0,0,0,0,0,2,,
2026-08-29T05:39:28.368Z,1787981968368,119252,1,,83acd2e6,119264,grid,4,1334,1381,130,810,324,69,,0,0,0,0,0,0,0,0,0,0,0,0,0,0,2,,
2026-08-29T05:40:28.389Z,1787982028389,119312,1,,83acd2e6,119324,grid,4,1331,1381,130,807,324,69,,0,0,0,0,0,0,0,0,0,0,0,0,0,0,2,,
2026-08-29T05:41:28.403Z,1787982088403,119372,1,,83acd2e6,119384,grid,4,1331,1381,130,807,324,69,,0,0,0,0,0,0,0,0,0,0,0,0,0,0,2,,
2026-08-29T05:42:28.414Z,1787982148414,119432,1,,83acd2e6,119444,grid,4,1331,1381,130,808,324,69,,0,0,0,0,0,0,0,0,0,0,0,0,0,0,2,,
2026-08-29T05:43:28.430Z,1787982208430,119492,1,,83acd2e6,119504,grid,4,1331,1381,130,807,324,69,,0,0,0,0,0,0,0,0,0,0,0,0,0,0,2,,
2026-08-29T05:44:28.453Z,1787982268453,119552,1,,83acd2e6,119564,grid,4,1332,1381,130,808,324,69,,0,0,0,0,0,0,0,0,0,0,0,0,0,0,2,,
2026-08-29T05:45:28.464Z,1787982328464,119612,1,,83acd2e6,119624,grid,4,1332,1381,130,808,324,69,,0,0,0,0,0,0,0,0,0,0,0,0,0,0,2,,
2026-08-29T05:46:28.476Z,1787982388476,119672,1,,83acd2e6,119684,grid,4,1332,1381,130,808,324,69,,0,0,0,0,0,0,0,0,0,0,0,0,0,0,2,,
2026-08-29T05:47:28.496Z,1787982448496,119732,1,,83acd2e6,119744,grid,4,1331,1381,130,807,324,69,,0,0,0,0,0,0,0,0,0,0,0,0,0,0,2,,
2026-08-29T05:48:28.509Z,1787982508509,119792,1,,83acd2e6,119804,grid,4,1331,1381,130,807,324,69,,0,0,0,0,0,0,0,0,0,0,0,0,0,0,2,,
2026-08-29T05:49:28.530Z,1787982568530,119852,1,,83acd2e6,119864,grid,4,1332,1381,130,808,324,69,,0,0,0,0,0,0,0,0,0,0,0,0,0,0,2,,
2026-08-29T05:50:28.548Z,1787982628548,119912,1,,83acd2e6,119924,grid,4,1331,1381,130,807,324,69,,0,0,0,0,0,0,0,0,0,0,0,0,0,0,2,,
2026-08-29T05:51:28.567Z,1787982688567,119972,1,,83acd2e6,119984,grid,4,1332,1381,131,808,324,69,,0,0,0,0,0,0,0,0,0,0,0,0,0,0,2,,
2026-08-29T05:52:28.591Z,1787982748591,120032,1,,83acd2e6,120044,grid,4,1332,1381,131,808,324,69,,0,0,0,0,0,0,0,0,0,0,0,0,0,0,2,,
2026-08-29T05:53:28.604Z,1787982808604,120092,1,,83acd2e6,120104,grid,4,1331,1381,131,807,324,69,,0,0,0,0,0,0,0,0,0,0,0,0,0,0,2,,
2026-08-29T05:54:28.627Z,1787982868627,120152,1,,83acd2e6,120164,grid,4,1332,1381,131,808,324,69,,0,0,0,0,0,0,0,0,0,0,0,0,0,0,2,,
2026-08-29T05:55:28.652Z,1787982928652,120212,1,,83acd2e6,120224,grid,4,1331,1381,131,807,324,69,,0,0,0,0,0,0,0,0,0,0,0,0,0,0,2,,
2026-08-29T05:56:28.667Z,1787982988667,120272,1,,83acd2e6,120284,grid,4,1332,1381,131,808,324,69,,0,0,0,0,0,0,0,0,0,0,0,0,0,0,2,,
2026-08-29T05:57:28.682Z,1787983048682,120332,1,,83acd2e6,120344,grid,4,1332,1381,131,808,324,69,,0,0,0,0,0,0,0,0,0,0,0,0,0,0,2,,
2026-08-29T05:58:28.693Z,1787983108693,120392,1,,83acd2e6,120404,grid,4,1332,1381,131,808,324,69,,0,0,0,0,0,0,0,0,0,0,0,0,0,0,2,,
2026-08-29T05:59:28.706Z,1787983168706,120452,1,,83acd2e6,120464,grid,4,1332,1381,130,808,324,69,,0,0,0,0,0,0,0,0,0,0,0,0,0,0,2,,
2026-08-29T06:00:28.722Z,1787983228722,120512,1,,83acd2e6,120524,grid,4,1332,1381,130,808,324,69,,0,0,0,0,0,0,0,0,0,0,0,0,0,0,2,,
2026-08-29T06:01:28.734Z,1787983288734,120572,1,,83acd2e6,120584,grid,4,1332,1381,130,809,324,69,,0,0,0,0,0,0,0,0,0,0,0,0,0,0,2,,
2026-08-29T06:02:28.748Z,1787983348748,120632,1,,83acd2e6,120644,grid,4,1334,1381,130,810,325,69,,0,0,0,0,0,0,0,0,0,0,0,0,0,0,2,,
2026-08-29T06:03:28.770Z,1787983408770,120692,1,,83acd2e6,120704,grid,4,1341,1381,130,816,326,69,,0,0,0,0,0,0,0,0,0,0,0,0,0,0,2,,
2026-08-29T06:04:28.784Z,1787983468784,120752,1,,83acd2e6,120764,grid,4,1341,1381,130,816,326,69,,0,0,0,0,0,0,0,0,0,0,0,0,0,0,2,,
2026-08-29T06:05:28.805Z,1787983528805,120812,1,,83acd2e6,120824,grid,4,1341,1381,130,815,326,69,,0,0,0,0,0,0,0,0,0,0,0,0,0,0,2,,
2026-08-29T06:06:28.823Z,1787983588823,120872,1,,83acd2e6,120884,grid,4,1341,1381,130,815,326,69,,0,0,0,0,0,0,0,0,0,0,0,0,0,0,2,,
2026-08-29T06:07:28.849Z,1787983648849,120932,1,,83acd2e6,120944,grid,4,1341,1381,130,816,326,69,,0,0,0,0,0,0,0,0,0,0,0,0,0,0,2,,
2026-08-29T06:08:28.866Z,1787983708866,120992,1,,83acd2e6,121004,grid,4,1338,1381,130,813,326,69,,0,0,0,0,0,0,0,0,0,0,0,0,0,0,2,,
2026-08-29T06:09:28.883Z,1787983768883,121052,1,,83acd2e6,121064,grid,4,1338,1381,130,813,326,69,,0,0,0,0,0,0,0,0,0,0,0,0,0,0,2,,
2026-08-29T06:10:28.896Z,1787983828896,121112,1,,83acd2e6,121124,grid,4,1337,1381,130,812,326,69,,0,0,0,0,0,0,0,0,0,0,0,0,0,0,2,,
2026-08-29T06:11:28.914Z,1787983888914,121172,1,,83acd2e6,121184,grid,4,1338,1381,130,812,326,69,,0,0,0,0,0,0,0,0,0,0,0,0,0,0,2,,
2026-08-29T06:12:28.935Z,1787983948935,121232,1,,83acd2e6,121244,grid,4,1335,1381,130,810,326,69,,0,0,0,0,0,0,0,0,0,0,0,0,0,0,2,,
2026-08-29T06:13:28.950Z,1787984008950,121292,1,,83acd2e6,121304,grid,4,1335,1381,130,810,326,69,,0,0,0,0,0,0,0,0,0,0,0,0,0,0,2,,
2026-08-29T06:14:28.971Z,1787984068971,121352,1,,83acd2e6,121364,grid,4,1336,1381,130,811,326,69,,0,0,0,0,0,0,0,0,0,0,0,0,0,0,2,,
2026-08-29T06:15:28.993Z,1787984128993,121412,1,,83acd2e6,121424,grid,4,1335,1381,131,810,326,69,,0,0,0,0,0,0,0,0,0,0,0,0,0,0,2,,
2026-08-29T06:16:29.007Z,1787984189007,121472,1,,83acd2e6,121484,grid,4,1334,1381,131,808,326,69,,0,0,0,0,0,0,0,0,0,0,0,0,0,0,2,,
2026-08-29T06:17:29.028Z,1787984249028,121532,1,,83acd2e6,121544,grid,4,1334,1381,131,809,326,69,,0,0,0,0,0,0,0,0,0,0,0,0,0,0,2,,
2026-08-29T06:18:29.039Z,1787984309039,121592,1,,83acd2e6,121604,grid,4,1334,1381,131,809,326,69,,0,0,0,0,0,0,0,0,0,0,0,0,0,0,2,,
2026-08-29T06:19:29.050Z,1787984369050,121652,1,,83acd2e6,121664,grid,4,1335,1381,131,809,325,69,,0,0,0,0,0,0,0,0,0,0,0,0,0,0,2,,
2026-08-29T06:20:29.068Z,1787984429068,121712,1,,83acd2e6,121725,grid,4,1334,1381,131,809,326,69,,0,0,0,0,0,0,0,0,0,0,0,0,0,0,2,,
2026-08-29T06:21:29.094Z,1787984489094,121772,1,,83acd2e6,121785,grid,4,1334,1381,130,809,326,69,,0,0,0,0,0,0,0,0,0,0,0,0,0,0,2,,
2026-08-29T06:22:29.118Z,1787984549118,121833,1,,83acd2e6,121845,grid,4,1333,1381,130,809,326,69,,0,0,0,0,0,0,0,0,0,0,0,0,0,0,2,,
2026-08-29T06:23:29.130Z,1787984609130,121893,1,,83acd2e6,121905,grid,4,1333,1381,130,809,326,69,,0,0,0,0,0,0,0,0,0,0,0,0,0,0,2,,
2026-08-29T06:24:29.145Z,1787984669145,121953,1,,83acd2e6,121965,grid,4,1337,1381,130,808,329,69,,0,0,0,0,0,0,0,0,0,0,0,0,0,0,2,,
2026-08-29T06:25:29.166Z,1787984729166,122013,1,,83acd2e6,122025,grid,4,1333,1381,130,808,325,69,,0,0,0,0,0,0,0,0,0,0,0,0,0,0,2,,
2026-08-29T06:26:29.186Z,1787984789186,122073,1,,83acd2e6,122085,grid,4,1333,1381,130,809,325,69,,0,0,0,0,0,0,0,0,0,0,0,0,0,0,2,,
2026-08-29T06:27:29.199Z,1787984849199,122133,1,,83acd2e6,122145,grid,4,1334,1381,130,809,325,69,,0,0,0,0,0,0,0,0,0,0,0,0,0,0,2,,
2026-08-29T06:28:29.224Z,1787984909224,122193,1,,83acd2e6,122205,grid,4,1333,1381,130,809,325,69,,0,0,0,0,0,0,0,0,0,0,0,0,0,0,2,,
2026-08-29T06:29:29.236Z,1787984969236,122253,1,,83acd2e6,122265,grid,4,1334,1381,130,810,325,69,,0,0,0,0,0,0,0,0,0,0,0,0,0,0,2,,
2026-08-29T06:30:29.256Z,1787985029256,122313,1,,83acd2e6,122325,grid,4,1333,1381,130,809,325,69,,0,0,0,0,0,0,0,0,0,0,0,0,0,0,2,,
2026-08-29T06:31:29.280Z,1787985089280,122373,1,,83acd2e6,122385,grid,4,1333,1381,130,809,325,69,,0,0,0,0,0,0,0,0,0,0,0,0,0,0,2,,
2026-08-29T06:32:29.298Z,1787985149298,122433,1,,83acd2e6,122445,grid,4,1326,1381,130,802,325,69,,0,0,0,0,0,0,0,0,0,0,0,0,0,0,2,,
2026-08-29T06:33:29.316Z,1787985209316,122493,1,,83acd2e6,122505,grid,4,1339,1381,131,814,326,69,,0,0,0,0,0,0,0,0,0,0,0,0,0,0,2,,
2026-08-29T06:34:29.333Z,1787985269333,122553,1,,83acd2e6,122565,grid,4,1339,1381,131,814,325,69,,0,0,0,0,0,0,0,0,0,0,0,0,0,0,2,,
2026-08-29T06:35:29.347Z,1787985329347,122613,1,,83acd2e6,122625,grid,4,1342,1381,131,813,329,69,,0,0,0,0,0,0,0,0,0,0,0,0,0,0,2,,
2026-08-29T06:36:29.356Z,1787985389356,122673,1,,83acd2e6,122685,grid,4,1341,1381,131,813,329,69,,0,0,0,0,0,0,0,0,0,0,0,0,0,0,2,,
2026-08-29T06:37:29.372Z,1787985449372,122733,1,,83acd2e6,122745,grid,4,1338,1381,131,813,325,69,,0,0,0,0,0,0,0,0,0,0,0,0,0,0,2,,
2026-08-29T06:38:29.391Z,1787985509391,122793,1,,83acd2e6,122805,grid,4,1338,1381,131,810,329,69,,0,0,0,0,0,0,0,0,0,0,0,0,0,0,2,,
2026-08-29T06:39:29.412Z,1787985569412,122853,1,,83acd2e6,122865,grid,4,1336,1381,131,810,326,69,,0,0,0,0,0,0,0,0,0,0,0,0,0,0,2,,
2026-08-29T06:40:29.437Z,1787985629437,122913,1,,83acd2e6,122925,grid,4,1336,1381,131,811,325,69,,0,0,0,0,0,0,0,0,0,0,0,0,0,0,2,,
2026-08-29T06:41:29.452Z,1787985689452,122973,1,,83acd2e6,122985,grid,4,1340,1381,131,810,330,69,,0,0,0,0,0,0,0,0,0,0,0,0,0,0,2,,
2026-08-29T06:42:29.478Z,1787985749478,123033,1,,83acd2e6,123045,grid,4,1332,1381,130,808,326,69,,0,0,0,0,0,0,0,0,0,0,0,0,0,0,2,,
2026-08-29T06:43:29.491Z,1787985809491,123093,1,,83acd2e6,123105,grid,4,1332,1381,130,808,325,69,,0,0,0,0,0,0,0,0,0,0,0,0,0,0,2,,
2026-08-29T06:44:29.512Z,1787985869512,123153,1,,83acd2e6,123165,grid,4,1332,1381,130,807,326,69,,0,0,0,0,0,0,0,0,0,0,0,0,0,0,2,,
2026-08-29T06:45:29.532Z,1787985929532,123213,1,,83acd2e6,123225,grid,4,1336,1381,130,808,329,69,,0,0,0,0,0,0,0,0,0,0,0,0,0,0,2,,
2026-08-29T06:46:29.544Z,1787985989544,123273,1,,83acd2e6,123285,grid,4,1332,1381,130,808,326,69,,0,0,0,0,0,0,0,0,0,0,0,0,0,0,2,,
2026-08-29T06:47:29.559Z,1787986049559,123333,1,,83acd2e6,123345,grid,4,1333,1381,130,808,326,69,,0,0,0,0,0,0,0,0,0,0,0,0,0,0,2,,
2026-08-29T06:48:29.579Z,1787986109579,123393,1,,83acd2e6,123405,grid,4,1332,1381,130,808,325,69,,0,0,0,0,0,0,0,0,0,0,0,0,0,0,2,,
2026-08-29T06:49:29.589Z,1787986169589,123453,1,,83acd2e6,123465,grid,4,1331,1381,130,807,325,69,,0,0,0,0,0,0,0,0,0,0,0,0,0,0,2,,
2026-08-29T06:50:29.598Z,1787986229598,123513,1,,83acd2e6,123525,grid,4,1332,1381,130,808,325,69,,0,0,0,0,0,0,0,0,0,0,0,0,0,0,2,,
2026-08-29T06:51:29.607Z,1787986289607,123573,1,,83acd2e6,123585,grid,4,1332,1381,130,808,325,69,,0,0,0,0,0,0,0,0,0,0,0,0,0,0,2,,
2026-08-29T06:52:29.617Z,1787986349617,123633,1,,83acd2e6,123645,grid,4,1332,1381,130,808,325,69,,0,0,0,0,0,0,0,0,0,0,0,0,0,0,2,,
2026-08-29T06:53:29.638Z,1787986409638,123693,1,,83acd2e6,123705,grid,4,1332,1381,131,808,325,69,,0,0,0,0,0,0,0,0,0,0,0,0,0,0,2,,
2026-08-29T06:54:29.658Z,1787986469658,123753,1,,83acd2e6,123765,grid,4,1332,1381,131,808,325,69,,0,0,0,0,0,0,0,0,0,0,0,0,0,0,2,,
2026-08-29T06:55:29.677Z,1787986529677,123813,1,,83acd2e6,123825,grid,4,1333,1381,131,809,325,69,,0,0,0,0,0,0,0,0,0,0,0,0,0,0,2,,
2026-08-29T06:56:29.701Z,1787986589701,123873,1,,83acd2e6,123885,grid,4,1333,1381,131,808,325,69,,0,0,0,0,0,0,0,0,0,0,0,0,0,0,2,,
2026-08-29T06:57:29.719Z,1787986649719,123933,1,,83acd2e6,123945,grid,4,1333,1381,131,809,325,69,,0,0,0,0,0,0,0,0,0,0,0,0,0,0,2,,
2026-08-29T06:58:29.739Z,1787986709739,123993,1,,83acd2e6,124005,grid,4,1333,1381,131,809,325,69,,0,0,0,0,0,0,0,0,0,0,0,0,0,0,2,,
2026-08-29T06:59:29.759Z,1787986769759,124053,1,,83acd2e6,124065,grid,4,1332,1381,131,808,325,69,,0,0,0,0,0,0,0,0,0,0,0,0,0,0,2,,
2026-08-29T07:00:29.769Z,1787986829769,124113,1,,83acd2e6,124125,grid,4,1333,1381,131,809,325,69,,0,0,0,0,0,0,0,0,0,0,0,0,0,0,2,,
2026-08-29T07:01:29.780Z,1787986889780,124173,1,,83acd2e6,124185,grid,4,1333,1381,131,808,325,69,,0,0,0,0,0,0,0,0,0,0,0,0,0,0,2,,
2026-08-29T07:02:29.794Z,1787986949794,124233,1,,83acd2e6,124245,grid,4,1327,1381,131,802,325,69,,0,0,0,0,0,0,0,0,0,0,0,0,0,0,2,,
2026-08-29T07:03:29.812Z,1787987009812,124293,1,,83acd2e6,124305,grid,4,1342,1381,131,816,326,69,,0,0,0,0,0,0,0,0,0,0,0,0,0,0,2,,
2026-08-29T07:04:29.828Z,1787987069828,124353,1,,83acd2e6,124365,grid,4,1340,1381,130,815,326,69,,0,0,0,0,0,0,0,0,0,0,0,0,0,0,2,,
2026-08-29T07:05:29.844Z,1787987129844,124413,1,,83acd2e6,124425,grid,4,1341,1381,130,815,326,69,,0,0,0,0,0,0,0,0,0,0,0,0,0,0,2,,
2026-08-29T07:06:29.859Z,1787987189859,124473,1,,83acd2e6,124485,grid,4,1340,1381,130,815,326,69,,0,0,0,0,0,0,0,0,0,0,0,0,0,0,2,,
2026-08-29T07:07:29.878Z,1787987249878,124533,1,,83acd2e6,124545,grid,4,1338,1381,130,813,326,69,,0,0,0,0,0,0,0,0,0,0,0,0,0,0,2,,
2026-08-29T07:08:29.900Z,1787987309900,124593,1,,83acd2e6,124605,grid,4,1335,1381,130,809,326,69,,0,0,0,0,0,0,0,0,0,0,0,0,0,0,2,,
2026-08-29T07:09:29.920Z,1787987369920,124653,1,,83acd2e6,124665,grid,4,1335,1381,130,809,326,69,,0,0,0,0,0,0,0,0,0,0,0,0,0,0,2,,
2026-08-29T07:10:29.937Z,1787987429937,124713,1,,83acd2e6,124725,grid,4,1332,1381,130,807,326,69,,0,0,0,0,0,0,0,0,0,0,0,0,0,0,2,,
2026-08-29T07:11:29.955Z,1787987489955,124773,1,,83acd2e6,124785,grid,4,1332,1381,130,807,326,69,,0,0,0,0,0,0,0,0,0,0,0,0,0,0,2,,
2026-08-29T07:12:29.975Z,1787987549975,124833,1,,83acd2e6,124845,grid,4,1333,1381,130,808,325,69,,0,0,0,0,0,0,0,0,0,0,0,0,0,0,2,,
2026-08-29T07:13:29.985Z,1787987609985,124893,1,,83acd2e6,124905,grid,4,1333,1381,131,808,325,69,,0,0,0,0,0,0,0,0,0,0,0,0,0,0,2,,
2026-08-29T07:14:30.005Z,1787987670005,124953,1,,83acd2e6,124965,grid,4,1333,1381,131,808,325,69,,0,0,0,0,0,0,0,0,0,0,0,0,0,0,2,,
2026-08-29T07:15:30.020Z,1787987730020,125013,1,,83acd2e6,125025,grid,4,1333,1381,131,808,325,69,,0,0,0,0,0,0,0,0,0,0,0,0,0,0,2,,
2026-08-29T07:16:30.036Z,1787987790036,125073,1,,83acd2e6,125085,grid,4,1333,1381,131,808,325,69,,0,0,0,0,0,0,0,0,0,0,0,0,0,0,2,,
2026-08-29T07:17:30.057Z,1787987850057,125133,1,,83acd2e6,125145,grid,4,1334,1381,131,809,325,69,,0,0,0,0,0,0,0,0,0,0,0,0,0,0,2,,
2026-08-29T07:18:30.071Z,1787987910071,125193,1,,83acd2e6,125206,grid,4,1334,1381,131,809,325,69,,0,0,0,0,0,0,0,0,0,0,0,0,0,0,2,,
2026-08-29T07:19:30.095Z,1787987970095,125253,1,,83acd2e6,125266,grid,4,1334,1381,131,809,325,69,,0,0,0,0,0,0,0,0,0,0,0,0,0,0,2,,
2026-08-29T07:20:30.103Z,1787988030103,125314,1,,83acd2e6,125326,grid,4,1334,1381,131,809,325,69,,0,0,0,0,0,0,0,0,0,0,0,0,0,0,2,,
2026-08-29T07:21:30.119Z,1787988090119,125374,1,,83acd2e6,125386,grid,4,1334,1381,131,809,325,69,,0,0,0,0,0,0,0,0,0,0,0,0,0,0,2,,
2026-08-29T07:22:30.132Z,1787988150132,125434,1,,83acd2e6,125446,grid,4,1335,1381,131,809,325,69,,0,0,0,0,0,0,0,0,0,0,0,0,0,0,2,,
2026-08-29T07:23:30.151Z,1787988210151,125494,1,,83acd2e6,125506,grid,4,1334,1381,131,809,325,69,,0,0,0,0,0,0,0,0,0,0,0,0,0,0,2,,
2026-08-29T07:24:30.162Z,1787988270162,125554,1,,83acd2e6,125566,grid,4,1335,1381,131,809,325,69,,0,0,0,0,0,0,0,0,0,0,0,0,0,0,2,,
2026-08-29T07:25:30.177Z,1787988330177,125614,1,,83acd2e6,125626,grid,4,1334,1381,131,809,325,69,,0,0,0,0,0,0,0,0,0,0,0,0,0,0,2,,
2026-08-29T07:26:30.192Z,1787988390192,125674,1,,83acd2e6,125686,grid,4,1334,1381,131,809,325,69,,0,0,0,0,0,0,0,0,0,0,0,0,0,0,2,,
2026-08-29T07:27:30.208Z,1787988450208,125734,1,,83acd2e6,125746,grid,4,1333,1381,130,809,325,69,,0,0,0,0,0,0,0,0,0,0,0,0,0,0,2,,
2026-08-29T07:28:30.231Z,1787988510231,125794,1,,83acd2e6,125806,grid,4,1333,1381,130,808,325,69,,0,0,0,0,0,0,0,0,0,0,0,0,0,0,2,,
2026-08-29T07:29:30.245Z,1787988570245,125854,1,,83acd2e6,125866,grid,4,1334,1381,130,809,325,69,,0,0,0,0,0,0,0,0,0,0,0,0,0,0,2,,
2026-08-29T07:30:30.256Z,1787988630256,125914,1,,83acd2e6,125926,grid,4,1332,1381,130,807,325,69,,0,0,0,0,0,0,0,0,0,0,0,0,0,0,2,,
2026-08-29T07:31:30.273Z,1787988690273,125974,1,,83acd2e6,125986,grid,4,1332,1381,130,808,325,69,,0,0,0,0,0,0,0,0,0,0,0,0,0,0,2,,
2026-08-29T07:32:30.284Z,1787988750284,126034,1,,83acd2e6,126046,grid,4,1338,1381,130,812,326,69,,0,0,0,0,0,0,0,0,0,0,0,0,0,0,2,,
2026-08-29T07:33:30.301Z,1787988810301,126094,1,,83acd2e6,126106,grid,4,1342,1381,131,816,327,69,,0,0,0,0,0,0,0,0,0,0,0,0,0,0,2,,
2026-08-29T07:34:30.310Z,1787988870310,126154,1,,83acd2e6,126166,grid,4,1341,1381,131,815,326,69,,0,0,0,0,0,0,0,0,0,0,0,0,0,0,2,,
2026-08-29T07:35:30.321Z,1787988930321,126214,1,,83acd2e6,126226,grid,4,1342,1381,131,816,326,69,,0,0,0,0,0,0,0,0,0,0,0,0,0,0,2,,
2026-08-29T07:36:30.339Z,1787988990339,126274,1,,83acd2e6,126286,grid,4,1341,1381,131,815,326,69,,0,0,0,0,0,0,0,0,0,0,0,0,0,0,2,,
2026-08-29T07:37:30.354Z,1787989050354,126334,1,,83acd2e6,126346,grid,4,1344,1381,131,814,331,69,,0,0,0,0,0,0,0,0,0,0,0,0,0,0,2,,
2026-08-29T07:38:30.375Z,1787989110375,126394,1,,83acd2e6,126406,grid,4,1334,1381,131,808,326,69,,0,0,0,0,0,0,0,0,0,0,0,0,0,0,2,,
2026-08-29T07:39:30.389Z,1787989170389,126454,1,,83acd2e6,126466,grid,4,1338,1381,131,808,330,69,,0,0,0,0,0,0,0,0,0,0,0,0,0,0,2,,
2026-08-29T07:40:30.410Z,1787989230410,126514,1,,83acd2e6,126526,grid,4,1339,1381,131,809,331,69,,0,0,0,0,0,0,0,0,0,0,0,0,0,0,2,,
2026-08-29T07:41:30.429Z,1787989290429,126574,1,,83acd2e6,126586,grid,4,1338,1381,131,808,330,69,,0,0,0,0,0,0,0,0,0,0,0,0,0,0,2,,
2026-08-29T07:42:30.448Z,1787989350448,126634,1,,83acd2e6,126646,grid,4,1339,1381,131,809,330,69,,0,0,0,0,0,0,0,0,0,0,0,0,0,0,2,,
2026-08-29T07:43:30.462Z,1787989410462,126694,1,,83acd2e6,126706,grid,4,1335,1381,131,808,326,69,,0,0,0,0,0,0,0,0,0,0,0,0,0,0,2,,
2026-08-29T07:44:30.476Z,1787989470476,126754,1,,83acd2e6,126766,grid,4,1339,1381,131,809,330,69,,0,0,0,0,0,0,0,0,0,0,0,0,0,0,2,,
2026-08-29T07:45:30.492Z,1787989530492,126814,1,,83acd2e6,126826,grid,4,1335,1381,131,809,326,69,,0,0,0,0,0,0,0,0,0,0,0,0,0,0,2,,
2026-08-29T07:46:30.513Z,1787989590513,126874,1,,83acd2e6,126886,grid,4,1339,1381,131,809,330,69,,0,0,0,0,0,0,0,0,0,0,0,0,0,0,2,,
2026-08-29T07:47:30.533Z,1787989650533,126934,1,,83acd2e6,126946,grid,4,1338,1381,131,808,330,69,,0,0,0,0,0,0,0,0,0,0,0,0,0,0,2,,
2026-08-29T07:48:30.550Z,1787989710550,126994,1,,83acd2e6,127006,grid,4,1338,1381,130,808,330,69,,0,0,0,0,0,0,0,0,0,0,0,0,0,0,2,,
2026-08-29T07:49:30.562Z,1787989770562,127054,1,,83acd2e6,127066,grid,4,1338,1381,130,809,330,69,,0,0,0,0,0,0,0,0,0,0,0,0,0,0,2,,
2026-08-29T07:50:30.580Z,1787989830580,127114,1,,83acd2e6,127126,grid,4,1339,1381,130,809,330,69,,0,0,0,0,0,0,0,0,0,0,0,0,0,0,2,,
2026-08-29T07:51:30.595Z,1787989890595,127174,1,,83acd2e6,127186,grid,4,1338,1381,130,809,330,69,,0,0,0,0,0,0,0,0,0,0,0,0,0,0,2,,
2026-08-29T07:52:30.617Z,1787989950617,127234,1,,83acd2e6,127246,grid,4,1335,1381,130,809,326,69,,0,0,0,0,0,0,0,0,0,0,0,0,0,0,2,,
2026-08-29T07:53:30.634Z,1787990010634,127294,1,,83acd2e6,127306,grid,4,1334,1381,130,809,326,69,,0,0,0,0,0,0,0,0,0,0,0,0,0,0,2,,
2026-08-29T07:54:30.654Z,1787990070654,127354,1,,83acd2e6,127366,grid,4,1334,1381,130,809,326,69,,0,0,0,0,0,0,0,0,0,0,0,0,0,0,2,,
2026-08-29T07:55:30.677Z,1787990130677,127414,1,,83acd2e6,127426,grid,4,1334,1381,131,809,325,69,,0,0,0,0,0,0,0,0,0,0,0,0,0,0,2,,
2026-08-29T07:56:30.701Z,1787990190701,127474,1,,83acd2e6,127486,grid,4,1334,1381,131,809,325,69,,0,0,0,0,0,0,0,0,0,0,0,0,0,0,2,,
2026-08-29T07:57:30.727Z,1787990250727,127534,1,,83acd2e6,127546,grid,4,1334,1381,131,809,325,69,,0,0,0,0,0,0,0,0,0,0,0,0,0,0,2,,
2026-08-29T07:58:30.744Z,1787990310744,127594,1,,83acd2e6,127606,grid,4,1334,1381,131,808,325,69,,0,0,0,0,0,0,0,0,0,0,0,0,0,0,2,,
2026-08-29T07:59:30.758Z,1787990370758,127654,1,,83acd2e6,127666,grid,4,1334,1381,131,809,326,69,,0,0,0,0,0,0,0,0,0,0,0,0,0,0,2,,
2026-08-29T08:00:30.778Z,1787990430778,127714,1,,83acd2e6,127726,grid,4,1334,1381,131,809,325,69,,0,0,0,0,0,0,0,0,0,0,0,0,0,0,2,,
2026-08-29T08:01:30.789Z,1787990490789,127774,1,,83acd2e6,127786,grid,4,1335,1381,131,809,325,69,,0,0,0,0,0,0,0,0,0,0,0,0,0,0,2,,
2026-08-29T08:02:30.809Z,1787990550809,127834,1,,83acd2e6,127846,grid,4,1337,1381,131,811,326,69,,0,0,0,0,0,0,0,0,0,0,0,0,0,0,2,,
2026-08-29T08:03:30.824Z,1787990610824,127894,1,,83acd2e6,127906,grid,4,1344,1381,131,818,327,69,,0,0,0,0,0,0,0,0,0,0,0,0,0,0,2,,
2026-08-29T08:04:30.849Z,1787990670849,127954,1,,83acd2e6,127966,grid,4,1344,1381,131,817,326,69,,0,0,0,0,0,0,0,0,0,0,0,0,0,0,2,,
2026-08-29T08:05:30.860Z,1787990730860,128014,1,,83acd2e6,128026,grid,4,1344,1381,131,817,326,69,,0,0,0,0,0,0,0,0,0,0,0,0,0,0,2,,
2026-08-29T08:06:30.868Z,1787990790868,128074,1,,83acd2e6,128086,grid,4,1344,1381,131,817,327,69,,0,0,0,0,0,0,0,0,0,0,0,0,0,0,2,,
2026-08-29T08:07:30.893Z,1787990850893,128134,1,,83acd2e6,128146,grid,4,1341,1381,131,815,326,69,,0,0,0,0,0,0,0,0,0,0,0,0,0,0,2,,
2026-08-29T08:08:30.909Z,1787990910909,128194,1,,83acd2e6,128206,grid,4,1337,1381,131,811,326,69,,0,0,0,0,0,0,0,0,0,0,0,0,0,0,2,,
2026-08-29T08:09:30.932Z,1787990970932,128254,1,,83acd2e6,128266,grid,4,1338,1381,131,811,326,69,,0,0,0,0,0,0,0,0,0,0,0,0,0,0,2,,
2026-08-29T08:10:30.938Z,1787991030938,128314,1,,83acd2e6,128326,grid,4,1337,1381,130,811,326,69,,0,0,0,0,0,0,0,0,0,0,0,0,0,0,2,,
2026-08-29T08:11:30.951Z,1787991090951,128374,1,,83acd2e6,128386,grid,4,1337,1381,130,811,327,69,,0,0,0,0,0,0,0,0,0,0,0,0,0,0,2,,
2026-08-29T08:12:30.963Z,1787991150963,128434,1,,83acd2e6,128446,grid,4,1337,1381,130,811,326,69,,0,0,0,0,0,0,0,0,0,0,0,0,0,0,2,,
2026-08-29T08:13:30.977Z,1787991210977,128494,1,,83acd2e6,128506,grid,4,1341,1381,130,810,331,69,,0,0,0,0,0,0,0,0,0,0,0,0,0,0,2,,
2026-08-29T08:14:31.001Z,1787991271001,128554,1,,83acd2e6,128566,grid,4,1337,1381,130,811,327,69,,0,0,0,0,0,0,0,0,0,0,0,0,0,0,2,,
2026-08-29T08:15:31.017Z,1787991331017,128614,1,,83acd2e6,128626,grid,4,1336,1381,130,810,326,69,,0,0,0,0,0,0,0,0,0,0,0,0,0,0,2,,
2026-08-29T08:16:31.029Z,1787991391029,128674,1,,83acd2e6,128686,grid,4,1341,1381,131,811,331,69,,0,0,0,0,0,0,0,0,0,0,0,0,0,0,2,,
2026-08-29T08:17:31.044Z,1787991451044,128734,1,,83acd2e6,128746,grid,4,1340,1381,131,810,330,69,,0,0,0,0,0,0,0,0,0,0,0,0,0,0,2,,
2026-08-29T08:18:31.056Z,1787991511056,128794,1,,83acd2e6,128806,grid,4,1341,1381,131,810,330,69,,0,0,0,0,0,0,0,0,0,0,0,0,0,0,2,,
2026-08-29T08:19:31.071Z,1787991571071,128854,1,,83acd2e6,128867,grid,4,1336,1381,131,811,326,69,,0,0,0,0,0,0,0,0,0,0,0,0,0,0,2,,
2026-08-29T08:20:31.086Z,1787991631086,128914,1,,83acd2e6,128927,grid,4,1335,1381,131,809,326,69,,0,0,0,0,0,0,0,0,0,0,0,0,0,0,2,,
2026-08-29T08:21:31.102Z,1787991691102,128975,1,,83acd2e6,128987,grid,4,1335,1381,131,810,326,69,,0,0,0,0,0,0,0,0,0,0,0,0,0,0,2,,
2026-08-29T08:22:31.117Z,1787991751117,129035,1,,83acd2e6,129047,grid,4,1335,1381,131,810,326,69,,0,0,0,0,0,0,0,0,0,0,0,0,0,0,2,,
2026-08-29T08:23:31.130Z,1787991811130,129095,1,,83acd2e6,129107,grid,4,1336,1381,131,810,326,69,,0,0,0,0,0,0,0,0,0,0,0,0,0,0,2,,
2026-08-29T08:24:31.150Z,1787991871150,129155,1,,83acd2e6,129167,grid,4,1336,1381,131,811,326,69,,0,0,0,0,0,0,0,0,0,0,0,0,0,0,2,,
2026-08-29T08:25:31.168Z,1787991931168,129215,1,,83acd2e6,129227,grid,4,1336,1381,131,810,326,69,,0,0,0,0,0,0,0,0,0,0,0,0,0,0,2,,
2026-08-29T08:26:31.180Z,1787991991180,129275,1,,83acd2e6,129287,grid,4,1336,1381,131,811,326,69,,0,0,0,0,0,0,0,0,0,0,0,0,0,0,2,,
2026-08-29T08:27:31.203Z,1787992051203,129335,1,,83acd2e6,129347,grid,4,1336,1381,131,811,326,69,,0,0,0,0,0,0,0,0,0,0,0,0,0,0,2,,
2026-08-29T08:28:31.214Z,1787992111214,129395,1,,83acd2e6,129407,grid,4,1336,1381,131,811,326,69,,0,0,0,0,0,0,0,0,0,0,0,0,0,0,2,,
2026-08-29T08:29:31.232Z,1787992171232,129455,1,,83acd2e6,129467,grid,4,1337,1381,131,811,326,69,,0,0,0,0,0,0,0,0,0,0,0,0,0,0,2,,
2026-08-29T08:30:31.247Z,1787992231247,129515,1,,83acd2e6,129527,grid,4,1336,1381,131,810,326,69,,0,0,0,0,0,0,0,0,0,0,0,0,0,0,2,,
2026-08-29T08:31:31.260Z,1787992291260,129575,1,,83acd2e6,129587,grid,4,1335,1381,131,810,326,69,,0,0,0,0,0,0,0,0,0,0,0,0,0,0,2,,
2026-08-29T08:32:31.276Z,1787992351276,129635,1,,83acd2e6,129647,grid,4,1343,1381,130,818,326,69,,0,0,0,0,0,0,0,0,0,0,0,0,0,0,2,,
2026-08-29T08:33:31.288Z,1787992411288,129695,1,,83acd2e6,129707,grid,4,1348,1381,131,822,326,69,,0,0,0,0,0,0,0,0,0,0,0,0,0,0,2,,
2026-08-29T08:34:31.301Z,1787992471301,129755,1,,83acd2e6,129767,grid,4,1347,1381,131,821,326,69,,0,0,0,0,0,0,0,0,0,0,0,0,0,0,2,,
2026-08-29T08:35:31.323Z,1787992531323,129815,1,,83acd2e6,129827,grid,4,1347,1381,131,821,326,69,,0,0,0,0,0,0,0,0,0,0,0,0,0,0,2,,
2026-08-29T08:36:31.339Z,1787992591339,129875,1,,83acd2e6,129887,grid,4,1351,1381,131,821,330,69,,0,0,0,0,0,0,0,0,0,0,0,0,0,0,2,,
2026-08-29T08:37:31.359Z,1787992651359,129935,1,,83acd2e6,129947,grid,4,1345,1381,131,819,327,69,,0,0,0,0,0,0,0,0,0,0,0,0,0,0,2,,
2026-08-29T08:38:31.380Z,1787992711380,129995,1,,83acd2e6,130007,grid,4,1342,1381,131,816,327,69,,0,0,0,0,0,0,0,0,0,0,0,0,0,0,2,,
2026-08-29T08:39:31.402Z,1787992771402,130055,1,,83acd2e6,130067,grid,4,1346,1381,131,816,331,69,,0,0,0,0,0,0,0,0,0,0,0,0,0,0,2,,
2026-08-29T08:40:31.415Z,1787992831415,130115,1,,83acd2e6,130127,grid,4,1340,1381,131,815,326,69,,0,0,0,0,0,0,0,0,0,0,0,0,0,0,2,,
2026-08-29T08:41:31.433Z,1787992891433,130175,1,,83acd2e6,130187,grid,4,1341,1381,131,815,326,69,,0,0,0,0,0,0,0,0,0,0,0,0,0,0,2,,
2026-08-29T08:42:31.453Z,1787992951453,130235,1,,83acd2e6,130247,grid,4,1346,1381,131,816,330,69,,0,0,0,0,0,0,0,0,0,0,0,0,0,0,2,,
2026-08-29T08:43:31.476Z,1787993011476,130295,1,,83acd2e6,130307,grid,4,1341,1381,131,815,327,69,,0,0,0,0,0,0,0,0,0,0,0,0,0,0,2,,
2026-08-29T08:44:31.496Z,1787993071496,130355,1,,83acd2e6,130367,grid,4,1341,1381,131,815,326,69,,0,0,0,0,0,0,0,0,0,0,0,0,0,0,2,,
2026-08-29T08:45:31.506Z,1787993131506,130415,1,,83acd2e6,130427,grid,4,1339,1381,131,812,326,69,,0,0,0,0,0,0,0,0,0,0,0,0,0,0,2,,
2026-08-29T08:46:31.521Z,1787993191521,130475,1,,83acd2e6,130487,grid,4,1339,1381,131,813,327,69,,0,0,0,0,0,0,0,0,0,0,0,0,0,0,2,,
2026-08-29T08:47:31.533Z,1787993251533,130535,1,,83acd2e6,130547,grid,4,1340,1381,131,813,327,69,,0,0,0,0,0,0,0,0,0,0,0,0,0,0,2,,
2026-08-29T08:48:31.548Z,1787993311548,130595,1,,83acd2e6,130607,grid,4,1339,1381,131,813,326,69,,0,0,0,0,0,0,0,0,0,0,0,0,0,0,2,,
2026-08-29T08:49:31.555Z,1787993371555,130655,1,,83acd2e6,130667,grid,4,1344,1381,131,813,331,69,,0,0,0,0,0,0,0,0,0,0,0,0,0,0,2,,
2026-08-29T08:50:31.567Z,1787993431567,130715,1,,83acd2e6,130727,grid,4,1340,1381,131,813,326,69,,0,0,0,0,0,0,0,0,0,0,0,0,0,0,2,,
2026-08-29T08:51:31.586Z,1787993491586,130775,1,,83acd2e6,130787,grid,4,1340,1381,131,813,326,69,,0,0,0,0,0,0,0,0,0,0,0,0,0,0,2,,
2026-08-29T08:52:31.602Z,1787993551602,130835,1,,83acd2e6,130847,grid,4,1345,1381,131,814,331,69,,0,0,0,0,0,0,0,0,0,0,0,0,0,0,2,,
2026-08-29T08:53:31.615Z,1787993611615,130895,1,,83acd2e6,130907,grid,4,1339,1381,131,812,326,69,,0,0,0,0,0,0,0,0,0,0,0,0,0,0,2,,
2026-08-29T08:54:31.624Z,1787993671624,130955,1,,83acd2e6,130967,grid,4,1339,1381,130,813,327,69,,0,0,0,0,0,0,0,0,0,0,0,0,0,0,2,,
2026-08-29T08:55:31.636Z,1787993731636,131015,1,,83acd2e6,131027,grid,4,1339,1381,130,813,326,69,,0,0,0,0,0,0,0,0,0,0,0,0,0,0,2,,
2026-08-29T08:56:31.649Z,1787993791649,131075,1,,83acd2e6,131087,grid,4,1340,1381,131,814,326,69,,0,0,0,0,0,0,0,0,0,0,0,0,0,0,2,,
2026-08-29T08:57:31.665Z,1787993851665,131135,1,,83acd2e6,131147,grid,4,1344,1381,131,814,330,69,,0,0,0,0,0,0,0,0,0,0,0,0,0,0,2,,
2026-08-29T08:58:31.688Z,1787993911688,131195,1,,83acd2e6,131207,grid,4,1339,1381,131,813,326,69,,0,0,0,0,0,0,0,0,0,0,0,0,0,0,2,,
2026-08-29T08:59:31.697Z,1787993971697,131255,1,,83acd2e6,131267,grid,4,1340,1381,131,814,326,69,,0,0,0,0,0,0,0,0,0,0,0,0,0,0,2,,
2026-08-29T09:00:31.710Z,1787994031710,131315,1,,83acd2e6,131327,grid,4,1339,1381,131,814,326,69,,0,0,0,0,0,0,0,0,0,0,0,0,0,0,2,,
2026-08-29T09:01:31.732Z,1787994091732,131375,1,,83acd2e6,131387,grid,4,1340,1381,131,814,326,69,,0,0,0,0,0,0,0,0,0,0,0,0,0,0,2,,
2026-08-29T09:02:31.757Z,1787994151757,131435,1,,83acd2e6,131447,grid,4,1339,1381,131,814,326,69,,0,0,0,0,0,0,0,0,0,0,0,0,0,0,2,,
2026-08-29T09:03:31.772Z,1787994211772,131495,1,,83acd2e6,131507,grid,4,1346,1381,131,820,327,69,,0,0,0,0,0,0,0,0,0,0,0,0,0,0,2,,
2026-08-29T09:04:31.781Z,1787994271781,131555,1,,83acd2e6,131567,grid,4,1344,1381,131,818,326,69,,0,0,0,0,0,0,0,0,0,0,0,0,0,0,2,,
2026-08-29T09:05:31.803Z,1787994331803,131615,1,,83acd2e6,131627,grid,4,1344,1381,131,817,326,69,,0,0,0,0,0,0,0,0,0,0,0,0,0,0,2,,
2026-08-29T09:06:31.817Z,1787994391817,131675,1,,83acd2e6,131687,grid,4,1344,1381,131,818,326,69,,0,0,0,0,0,0,0,0,0,0,0,0,0,0,2,,
2026-08-29T09:07:31.830Z,1787994451830,131735,1,,83acd2e6,131747,grid,4,1345,1381,131,818,327,69,,0,0,0,0,0,0,0,0,0,0,0,0,0,0,2,,
2026-08-29T09:08:31.849Z,1787994511849,131795,1,,83acd2e6,131807,grid,4,1345,1381,131,814,330,69,,0,0,0,0,0,0,0,0,0,0,0,0,0,0,2,,
2026-08-29T09:09:31.866Z,1787994571866,131855,1,,83acd2e6,131867,grid,4,1349,1381,131,815,334,69,,0,0,0,0,0,0,0,0,0,0,0,0,0,0,2,,
2026-08-29T09:10:31.891Z,1787994631891,131915,1,,83acd2e6,131927,grid,4,1346,1381,131,815,331,69,,0,0,0,0,0,0,0,0,0,0,0,0,0,0,2,,
2026-08-29T09:11:31.915Z,1787994691915,131975,1,,83acd2e6,131987,grid,4,1339,1381,131,812,327,69,,0,0,0,0,0,0,0,0,0,0,0,0,0,0,2,,
2026-08-29T09:12:31.935Z,1787994751935,132035,1,,83acd2e6,132047,grid,4,1339,1381,131,812,327,69,,0,0,0,0,0,0,0,0,0,0,0,0,0,0,2,,
2026-08-29T09:13:31.954Z,1787994811954,132095,1,,83acd2e6,132107,grid,4,1338,1381,131,811,326,69,,0,0,0,0,0,0,0,0,0,0,0,0,0,0,2,,
2026-08-29T09:14:31.965Z,1787994871965,132155,1,,83acd2e6,132167,grid,4,1338,1381,131,811,326,69,,0,0,0,0,0,0,0,0,0,0,0,0,0,0,2,,
2026-08-29T09:15:31.981Z,1787994931981,132215,1,,83acd2e6,132227,grid,4,1337,1381,131,811,326,69,,0,0,0,0,0,0,0,0,0,0,0,0,0,0,2,,
2026-08-29T09:16:31.993Z,1787994991993,132275,1,,83acd2e6,132287,grid,4,1337,1381,131,812,326,69,,0,0,0,0,0,0,0,0,0,0,0,0,0,0,2,,
2026-08-29T09:17:32.014Z,1787995052014,132335,1,,83acd2e6,132347,grid,4,1338,1381,131,812,326,69,,0,0,0,0,0,0,0,0,0,0,0,0,0,0,2,,
2026-08-29T09:18:32.030Z,1787995112030,132395,1,,83acd2e6,132407,grid,4,1337,1381,131,812,326,69,,0,0,0,0,0,0,0,0,0,0,0,0,0,0,2,,
2026-08-29T09:19:32.050Z,1787995172050,132455,1,,83acd2e6,132467,grid,4,1338,1381,131,813,326,69,,0,0,0,0,0,0,0,0,0,0,0,0,0,0,2,,
2026-08-29T09:20:32.064Z,1787995232064,132515,1,,83acd2e6,132527,grid,4,1337,1381,131,812,326,69,,0,0,0,0,0,0,0,0,0,0,0,0,0,0,2,,
2026-08-29T09:21:32.086Z,1787995292086,132575,1,,83acd2e6,132588,grid,4,1337,1381,131,812,326,69,,0,0,0,0,0,0,0,0,0,0,0,0,0,0,2,,
2026-08-29T09:22:32.103Z,1787995352103,132636,1,,83acd2e6,132648,grid,4,1338,1381,131,812,326,69,,0,0,0,0,0,0,0,0,0,0,0,0,0,0,2,,
2026-08-29T09:23:32.122Z,1787995412122,132696,1,,83acd2e6,132708,grid,4,1337,1381,131,812,326,69,,0,0,0,0,0,0,0,0,0,0,0,0,0,0,2,,
2026-08-29T09:24:32.132Z,1787995472132,132756,1,,83acd2e6,132768,grid,4,1338,1381,131,812,326,69,,0,0,0,0,0,0,0,0,0,0,0,0,0,0,2,,
2026-08-29T09:25:32.150Z,1787995532150,132816,1,,83acd2e6,132828,grid,4,1338,1381,131,812,326,69,,0,0,0,0,0,0,0,0,0,0,0,0,0,0,2,,
2026-08-29T09:26:32.170Z,1787995592170,132876,1,,83acd2e6,132888,grid,4,1338,1381,131,812,326,69,,0,0,0,0,0,0,0,0,0,0,0,0,0,0,2,,
2026-08-29T09:27:32.182Z,1787995652182,132936,1,,83acd2e6,132948,grid,4,1338,1381,131,812,326,69,,0,0,0,0,0,0,0,0,0,0,0,0,0,0,2,,
2026-08-29T09:28:32.196Z,1787995712196,132996,1,,83acd2e6,133008,grid,4,1338,1381,131,812,326,69,,0,0,0,0,0,0,0,0,0,0,0,0,0,0,2,,
2026-08-29T09:29:32.215Z,1787995772215,133056,1,,83acd2e6,133068,grid,4,1339,1381,131,813,326,69,,0,0,0,0,0,0,0,0,0,0,0,0,0,0,2,,
2026-08-29T09:30:32.227Z,1787995832227,133116,1,,83acd2e6,133128,grid,4,1339,1381,131,813,326,69,,0,0,0,0,0,0,0,0,0,0,0,0,0,0,2,,
2026-08-29T09:31:32.245Z,1787995892245,133176,1,,83acd2e6,133188,grid,4,1338,1381,131,812,326,69,,0,0,0,0,0,0,0,0,0,0,0,0,0,0,2,,
2026-08-29T09:32:32.265Z,1787995952265,133236,1,,83acd2e6,133248,grid,4,1340,1381,131,814,327,69,,0,0,0,0,0,0,0,0,0,0,0,0,0,0,2,,
2026-08-29T09:33:32.285Z,1787996012285,133296,1,,83acd2e6,133308,grid,4,1348,1381,131,821,327,69,,0,0,0,0,0,0,0,0,0,0,0,0,0,0,2,,
2026-08-29T09:34:32.298Z,1787996072298,133356,1,,83acd2e6,133368,grid,4,1345,1381,131,817,327,69,,0,0,0,0,0,0,0,0,0,0,0,0,0,0,2,,
2026-08-29T09:35:32.316Z,1787996132316,133416,1,,83acd2e6,133428,grid,4,1344,1381,131,817,327,69,,0,0,0,0,0,0,0,0,0,0,0,0,0,0,2,,
2026-08-29T09:36:32.341Z,1787996192341,133476,1,,83acd2e6,133488,grid,4,1344,1381,131,817,327,69,,0,0,0,0,0,0,0,0,0,0,0,0,0,0,2,,
2026-08-29T09:37:32.367Z,1787996252367,133536,1,,83acd2e6,133548,grid,4,1349,1381,131,818,331,69,,0,0,0,0,0,0,0,0,0,0,0,0,0,0,2,,
2026-08-29T09:38:32.379Z,1787996312379,133596,1,,83acd2e6,133608,grid,4,1345,1381,131,814,331,69,,0,0,0,0,0,0,0,0,0,0,0,0,0,0,2,,
2026-08-29T09:39:32.396Z,1787996372396,133656,1,,83acd2e6,133668,grid,4,1341,1381,131,815,327,69,,0,0,0,0,0,0,0,0,0,0,0,0,0,0,2,,
2026-08-29T09:40:32.405Z,1787996432405,133716,1,,83acd2e6,133728,grid,4,1341,1381,131,815,327,69,,0,0,0,0,0,0,0,0,0,0,0,0,0,0,2,,
2026-08-29T09:41:32.421Z,1787996492421,133776,1,,83acd2e6,133788,grid,4,1342,1381,131,812,331,69,,0,0,0,0,0,0,0,0,0,0,0,0,0,0,2,,
2026-08-29T09:42:32.437Z,1787996552437,133836,1,,83acd2e6,133848,grid,4,1342,1381,131,812,330,69,,0,0,0,0,0,0,0,0,0,0,0,0,0,0,2,,
2026-08-29T09:43:32.448Z,1787996612448,133896,1,,83acd2e6,133908,grid,4,1338,1381,131,812,327,69,,0,0,0,0,0,0,0,0,0,0,0,0,0,0,2,,
2026-08-29T09:44:32.460Z,1787996672460,133956,1,,83acd2e6,133968,grid,4,1343,1381,131,812,331,69,,0,0,0,0,0,0,0,0,0,0,0,0,0,0,2,,
2026-08-29T09:45:32.474Z,1787996732474,134016,1,,83acd2e6,134028,grid,4,1342,1381,131,811,331,69,,0,0,0,0,0,0,0,0,0,0,0,0,0,0,2,,
2026-08-29T09:46:32.486Z,1787996792486,134076,1,,83acd2e6,134088,grid,4,1336,1381,131,810,326,69,,0,0,0,0,0,0,0,0,0,0,0,0,0,0,2,,
2026-08-29T09:47:32.501Z,1787996852501,134136,1,,83acd2e6,134148,grid,4,1337,1381,131,811,326,69,,0,0,0,0,0,0,0,0,0,0,0,0,0,0,2,,
2026-08-29T09:48:32.524Z,1787996912524,134196,1,,83acd2e6,134208,grid,4,1337,1381,131,811,326,69,,0,0,0,0,0,0,0,0,0,0,0,0,0,0,2,,
2026-08-29T09:49:32.542Z,1787996972542,134256,1,,83acd2e6,134268,grid,4,1337,1381,131,811,326,69,,0,0,0,0,0,0,0,0,0,0,0,0,0,0,2,,
2026-08-29T09:50:32.559Z,1787997032559,134316,1,,83acd2e6,134328,grid,4,1337,1381,131,811,326,69,,0,0,0,0,0,0,0,0,0,0,0,0,0,0,2,,
2026-08-29T09:51:32.577Z,1787997092577,134376,1,,83acd2e6,134388,grid,4,1337,1381,131,811,326,69,,0,0,0,0,0,0,0,0,0,0,0,0,0,0,2,,
2026-08-29T09:52:32.594Z,1787997152594,134436,1,,83acd2e6,134448,grid,4,1338,1381,131,812,326,69,,0,0,0,0,0,0,0,0,0,0,0,0,0,0,2,,
2026-08-29T09:53:32.608Z,1787997212608,134496,1,,83acd2e6,134508,grid,4,1338,1381,131,811,326,69,,0,0,0,0,0,0,0,0,0,0,0,0,0,0,2,,
2026-08-29T09:54:32.620Z,1787997272620,134556,1,,83acd2e6,134568,grid,4,1336,1381,131,810,326,69,,0,0,0,0,0,0,0,0,0,0,0,0,0,0,2,,
2026-08-29T09:55:32.640Z,1787997332640,134616,1,,83acd2e6,134628,grid,4,1336,1381,131,810,326,69,,0,0,0,0,0,0,0,0,0,0,0,0,0,0,2,,
2026-08-29T09:56:32.651Z,1787997392651,134676,1,,83acd2e6,134688,grid,4,1337,1381,131,810,326,69,,0,0,0,0,0,0,0,0,0,0,0,0,0,0,2,,
2026-08-29T09:57:32.662Z,1787997452662,134736,1,,83acd2e6,134748,grid,4,1337,1381,131,811,326,69,,0,0,0,0,0,0,0,0,0,0,0,0,0,0,2,,
2026-08-29T09:58:32.683Z,1787997512683,134796,1,,83acd2e6,134808,grid,4,1337,1381,131,811,326,69,,0,0,0,0,0,0,0,0,0,0,0,0,0,0,2,,
2026-08-29T09:59:32.699Z,1787997572699,134856,1,,83acd2e6,134868,grid,4,1338,1381,131,811,326,69,,0,0,0,0,0,0,0,0,0,0,0,0,0,0,2,,
2026-08-29T10:00:32.710Z,1787997632710,134916,1,,83acd2e6,134928,grid,4,1338,1381,131,811,326,69,,0,0,0,0,0,0,0,0,0,0,0,0,0,0,2,,
2026-08-29T10:01:32.724Z,1787997692724,134976,1,,83acd2e6,134988,grid,4,1337,1381,131,812,326,69,,0,0,0,0,0,0,0,0,0,0,0,0,0,0,2,,
2026-08-29T10:02:32.739Z,1787997752739,135036,1,,83acd2e6,135048,grid,4,1339,1381,131,813,326,69,,0,0,0,0,0,0,0,0,0,0,0,0,0,0,2,,
2026-08-29T10:03:32.763Z,1787997812763,135096,1,,83acd2e6,135108,grid,4,1345,1381,131,818,327,69,,0,0,0,0,0,0,0,0,0,0,0,0,0,0,2,,
2026-08-29T10:04:32.779Z,1787997872779,135156,1,,83acd2e6,135168,grid,4,1345,1381,131,818,327,69,,0,0,0,0,0,0,0,0,0,0,0,0,0,0,2,,
2026-08-29T10:05:32.802Z,1787997932802,135216,1,,83acd2e6,135228,grid,4,1344,1381,131,818,327,69,,0,0,0,0,0,0,0,0,0,0,0,0,0,0,2,,
2026-08-29T10:06:32.813Z,1787997992813,135276,1,,83acd2e6,135288,grid,4,1344,1381,131,818,327,69,,0,0,0,0,0,0,0,0,0,0,0,0,0,0,2,,
2026-08-29T10:07:32.833Z,1787998052833,135336,1,,83acd2e6,135348,grid,4,1345,1381,131,818,327,69,,0,0,0,0,0,0,0,0,0,0,0,0,0,0,2,,
2026-08-29T10:08:32.849Z,1787998112849,135396,1,,83acd2e6,135408,grid,4,1341,1381,131,814,327,69,,0,0,0,0,0,0,0,0,0,0,0,0,0,0,2,,
2026-08-29T10:09:32.866Z,1787998172866,135456,1,,83acd2e6,135468,grid,4,1345,1381,131,814,331,69,,0,0,0,0,0,0,0,0,0,0,0,0,0,0,2,,
2026-08-29T10:10:32.876Z,1787998232876,135516,1,,83acd2e6,135528,grid,4,1341,1381,131,814,327,69,,0,0,0,0,0,0,0,0,0,0,0,0,0,0,2,,
2026-08-29T10:11:32.886Z,1787998292886,135576,1,,83acd2e6,135588,grid,4,1345,1381,131,814,331,69,,0,0,0,0,0,0,0,0,0,0,0,0,0,0,2,,
2026-08-29T10:12:32.908Z,1787998352908,135636,1,,83acd2e6,135648,grid,4,1338,1381,131,812,326,69,,0,0,0,0,0,0,0,0,0,0,0,0,0,0,2,,
2026-08-29T10:13:32.927Z,1787998412927,135696,1,,83acd2e6,135708,grid,4,1338,1381,131,812,326,69,,0,0,0,0,0,0,0,0,0,0,0,0,0,0,2,,
2026-08-29T10:14:32.944Z,1787998472944,135756,1,,83acd2e6,135768,grid,4,1338,1381,131,812,326,69,,0,0,0,0,0,0,0,0,0,0,0,0,0,0,2,,
2026-08-29T10:15:32.968Z,1787998532968,135816,1,,83acd2e6,135828,grid,4,1338,1381,131,812,326,69,,0,0,0,0,0,0,0,0,0,0,0,0,0,0,2,,
2026-08-29T10:16:32.980Z,1787998592980,135876,1,,83acd2e6,135888,grid,4,1338,1381,131,812,326,69,,0,0,0,0,0,0,0,0,0,0,0,0,0,0,2,,
2026-08-29T10:17:32.996Z,1787998652996,135936,1,,83acd2e6,135948,grid,4,1338,1381,131,812,326,69,,0,0,0,0,0,0,0,0,0,0,0,0,0,0,2,,
2026-08-29T10:18:33.018Z,1787998713018,135996,1,,83acd2e6,136008,grid,4,1338,1381,131,811,326,69,,0,0,0,0,0,0,0,0,0,0,0,0,0,0,2,,
2026-08-29T10:19:33.039Z,1787998773039,136056,1,,83acd2e6,136068,grid,4,1338,1381,131,811,326,69,,0,0,0,0,0,0,0,0,0,0,0,0,0,0,2,,
2026-08-29T10:20:33.057Z,1787998833057,136116,1,,83acd2e6,136128,grid,4,1336,1381,131,810,326,69,,0,0,0,0,0,0,0,0,0,0,0,0,0,0,2,,
2026-08-29T10:21:33.073Z,1787998893073,136176,1,,83acd2e6,136189,grid,4,1337,1381,131,810,326,69,,0,0,0,0,0,0,0,0,0,0,0,0,0,0,2,,
2026-08-29T10:22:33.093Z,1787998953093,136236,1,,83acd2e6,136249,grid,4,1337,1381,131,811,326,69,,0,0,0,0,0,0,0,0,0,0,0,0,0,0,2,,
2026-08-29T10:23:33.109Z,1787999013109,136297,1,,83acd2e6,136309,grid,4,1336,1381,131,810,326,69,,0,0,0,0,0,0,0,0,0,0,0,0,0,0,2,,
2026-08-29T10:24:33.128Z,1787999073128,136357,1,,83acd2e6,136369,grid,4,1337,1381,131,811,326,69,,0,0,0,0,0,0,0,0,0,0,0,0,0,0,2,,
2026-08-29T10:25:33.150Z,1787999133150,136417,1,,83acd2e6,136429,grid,4,1337,1381,131,811,326,69,,0,0,0,0,0,0,0,0,0,0,0,0,0,0,2,,
2026-08-29T10:26:33.173Z,1787999193173,136477,1,,83acd2e6,136489,grid,4,1337,1381,131,811,326,69,,0,0,0,0,0,0,0,0,0,0,0,0,0,0,2,,
2026-08-29T10:27:33.197Z,1787999253197,136537,1,,83acd2e6,136549,grid,4,1337,1381,131,811,326,69,,0,0,0,0,0,0,0,0,0,0,0,0,0,0,2,,
2026-08-29T10:28:33.210Z,1787999313210,136597,1,,83acd2e6,136609,grid,4,1337,1381,131,811,326,69,,0,0,0,0,0,0,0,0,0,0,0,0,0,0,2,,
2026-08-29T10:29:33.236Z,1787999373236,136657,1,,83acd2e6,136669,grid,4,1338,1381,131,811,327,69,,0,0,0,0,0,0,0,0,0,0,0,0,0,0,2,,
2026-08-29T10:30:33.251Z,1787999433251,136717,1,,83acd2e6,136729,grid,4,1337,1381,131,811,327,69,,0,0,0,0,0,0,0,0,0,0,0,0,0,0,2,,
2026-08-29T10:31:33.268Z,1787999493268,136777,1,,83acd2e6,136789,grid,4,1338,1381,131,811,327,69,,0,0,0,0,0,0,0,0,0,0,0,0,0,0,2,,
2026-08-29T10:32:33.277Z,1787999553277,136837,1,,83acd2e6,136849,grid,4,1340,1381,131,813,327,69,,0,0,0,0,0,0,0,0,0,0,0,0,0,0,2,,
2026-08-29T10:33:33.302Z,1787999613302,136897,1,,83acd2e6,136909,grid,4,1347,1381,131,820,327,69,,0,0,0,0,0,0,0,0,0,0,0,0,0,0,2,,
2026-08-29T10:34:33.313Z,1787999673313,136957,1,,83acd2e6,136969,grid,4,1343,1381,131,816,327,69,,0,0,0,0,0,0,0,0,0,0,0,0,0,0,2,,
2026-08-29T10:35:33.326Z,1787999733326,137017,1,,83acd2e6,137029,grid,4,1342,1381,131,815,327,69,,0,0,0,0,0,0,0,0,0,0,0,0,0,0,2,,
2026-08-29T10:36:33.343Z,1787999793343,137077,1,,83acd2e6,137089,grid,4,1342,1381,131,815,327,69,,0,0,0,0,0,0,0,0,0,0,0,0,0,0,2,,
2026-08-29T10:37:33.355Z,1787999853355,137137,1,,83acd2e6,137149,grid,4,1342,1381,131,815,327,69,,0,0,0,0,0,0,0,0,0,0,0,0,0,0,2,,
2026-08-29T10:38:33.381Z,1787999913381,137197,1,,83acd2e6,137209,grid,4,1338,1381,131,811,327,69,,0,0,0,0,0,0,0,0,0,0,0,0,0,0,2,,
2026-08-29T10:39:33.405Z,1787999973405,137257,1,,83acd2e6,137269,grid,4,1339,1381,131,811,327,69,,0,0,0,0,0,0,0,0,0,0,0,0,0,0,2,,
2026-08-29T10:40:33.422Z,1788000033422,137317,1,,83acd2e6,137329,grid,4,1343,1381,131,811,331,69,,0,0,0,0,0,0,0,0,0,0,0,0,0,0,2,,
2026-08-29T10:41:33.440Z,1788000093440,137377,1,,83acd2e6,137389,grid,4,1342,1381,131,812,331,69,,0,0,0,0,0,0,0,0,0,0,0,0,0,0,2,,
2026-08-29T10:42:33.457Z,1788000153457,137437,1,,83acd2e6,137449,grid,4,1342,1381,131,812,330,69,,0,0,0,0,0,0,0,0,0,0,0,0,0,0,2,,
2026-08-29T10:43:33.471Z,1788000213471,137497,1,,83acd2e6,137509,grid,4,1338,1381,131,811,327,69,,0,0,0,0,0,0,0,0,0,0,0,0,0,0,2,,
2026-08-29T10:44:33.497Z,1788000273497,137557,1,,83acd2e6,137569,grid,4,1338,1381,131,812,327,69,,0,0,0,0,0,0,0,0,0,0,0,0,0,0,2,,
2026-08-29T10:45:33.519Z,1788000333519,137617,1,,83acd2e6,137629,grid,4,1338,1381,131,812,327,69,,0,0,0,0,0,0,0,0,0,0,0,0,0,0,2,,
2026-08-29T10:46:33.539Z,1788000393539,137677,1,,83acd2e6,137689,grid,4,1343,1381,131,812,331,69,,0,0,0,0,0,0,0,0,0,0,0,0,0,0,2,,
2026-08-29T10:47:33.559Z,1788000453559,137737,1,,83acd2e6,137749,grid,4,1340,1381,131,813,327,69,,0,0,0,0,0,0,0,0,0,0,0,0,0,0,2,,
2026-08-29T10:48:33.573Z,1788000513573,137797,1,,83acd2e6,137809,grid,4,1339,1381,131,812,327,69,,0,0,0,0,0,0,0,0,0,0,0,0,0,0,2,,
2026-08-29T10:49:33.583Z,1788000573583,137857,1,,83acd2e6,137869,grid,4,1343,1381,131,812,331,69,,0,0,0,0,0,0,0,0,0,0,0,0,0,0,2,,
2026-08-29T10:50:33.599Z,1788000633599,137917,1,,83acd2e6,137929,grid,4,1343,1381,131,812,331,69,,0,0,0,0,0,0,0,0,0,0,0,0,0,0,2,,
2026-08-29T10:51:33.618Z,1788000693618,137977,1,,83acd2e6,137989,grid,4,1338,1381,131,812,327,69,,0,0,0,0,0,0,0,0,0,0,0,0,0,0,2,,
2026-08-29T10:52:33.639Z,1788000753639,138037,1,,83acd2e6,138049,grid,4,1338,1381,131,812,326,69,,0,0,0,0,0,0,0,0,0,0,0,0,0,0,2,,
2026-08-29T10:53:33.653Z,1788000813653,138097,1,,83acd2e6,138109,grid,4,1338,1381,131,811,326,69,,0,0,0,0,0,0,0,0,0,0,0,0,0,0,2,,
2026-08-29T10:54:33.668Z,1788000873668,138157,1,,83acd2e6,138169,grid,4,1339,1381,131,812,326,69,,0,0,0,0,0,0,0,0,0,0,0,0,0,0,2,,
2026-08-29T10:55:33.694Z,1788000933694,138217,1,,83acd2e6,138229,grid,4,1338,1381,131,812,326,69,,0,0,0,0,0,0,0,0,0,0,0,0,0,0,2,,
2026-08-29T10:56:33.709Z,1788000993709,138277,1,,83acd2e6,138289,grid,4,1339,1381,131,813,326,69,,0,0,0,0,0,0,0,0,0,0,0,0,0,0,2,,
2026-08-29T10:57:33.735Z,1788001053735,138337,1,,83acd2e6,138349,grid,4,1338,1381,131,812,326,69,,0,0,0,0,0,0,0,0,0,0,0,0,0,0,2,,
2026-08-29T10:58:33.748Z,1788001113748,138397,1,,83acd2e6,138409,grid,4,1339,1381,131,812,326,69,,0,0,0,0,0,0,0,0,0,0,0,0,0,0,2,,
2026-08-29T10:59:33.765Z,1788001173765,138457,1,,83acd2e6,138469,grid,4,1339,1381,131,813,326,69,,0,0,0,0,0,0,0,0,0,0,0,0,0,0,2,,
2026-08-29T11:00:33.782Z,1788001233782,138517,1,,83acd2e6,138529,grid,4,1339,1381,131,812,326,69,,0,0,0,0,0,0,0,0,0,0,0,0,0,0,2,,
2026-08-29T11:01:33.797Z,1788001293797,138577,1,,83acd2e6,138589,grid,4,1339,1381,131,813,326,69,,0,0,0,0,0,0,0,0,0,0,0,0,0,0,2,,
2026-08-29T11:02:33.811Z,1788001353811,138637,1,,83acd2e6,138649,grid,4,1342,1381,131,815,327,69,,0,0,0,0,0,0,0,0,0,0,0,0,0,0,2,,
2026-08-29T11:03:33.825Z,1788001413825,138697,1,,83acd2e6,138709,grid,4,1347,1381,131,820,327,69,,0,0,0,0,0,0,0,0,0,0,0,0,0,0,2,,
2026-08-29T11:04:33.846Z,1788001473846,138757,1,,83acd2e6,138769,grid,4,1346,1381,131,819,327,69,,0,0,0,0,0,0,0,0,0,0,0,0,0,0,2,,
2026-08-29T11:05:33.863Z,1788001533863,138817,1,,83acd2e6,138829,grid,4,1346,1381,131,819,327,69,,0,0,0,0,0,0,0,0,0,0,0,0,0,0,2,,
2026-08-29T11:06:33.880Z,1788001593880,138877,1,,83acd2e6,138889,grid,4,1345,1381,131,819,327,69,,0,0,0,0,0,0,0,0,0,0,0,0,0,0,2,,
2026-08-29T11:07:33.898Z,1788001653898,138937,1,,83acd2e6,138949,grid,4,1346,1381,131,819,327,69,,0,0,0,0,0,0,0,0,0,0,0,0,0,0,2,,
2026-08-29T11:08:33.913Z,1788001713913,138997,1,,83acd2e6,139009,grid,4,1342,1381,131,815,327,69,,0,0,0,0,0,0,0,0,0,0,0,0,0,0,2,,
2026-08-29T11:09:33.932Z,1788001773932,139057,1,,83acd2e6,139069,grid,4,1342,1381,131,815,327,69,,0,0,0,0,0,0,0,0,0,0,0,0,0,0,2,,
2026-08-29T11:10:33.942Z,1788001833942,139117,1,,83acd2e6,139129,grid,4,1342,1381,131,815,327,69,,0,0,0,0,0,0,0,0,0,0,0,0,0,0,2,,
2026-08-29T11:11:33.962Z,1788001893962,139177,1,,83acd2e6,139189,grid,4,1342,1381,131,816,327,69,,0,0,0,0,0,0,0,0,0,0,0,0,0,0,2,,
2026-08-29T11:12:33.977Z,1788001953977,139237,1,,83acd2e6,139249,grid,4,1342,1381,131,815,327,69,,0,0,0,0,0,0,0,0,0,0,0,0,0,0,2,,
2026-08-29T11:13:33.986Z,1788002013986,139297,1,,83acd2e6,139309,grid,4,1339,1381,131,812,327,69,,0,0,0,0,0,0,0,0,0,0,0,0,0,0,2,,
2026-08-29T11:14:33.997Z,1788002073997,139357,1,,83acd2e6,139369,grid,4,1339,1381,131,813,327,69,,0,0,0,0,0,0,0,0,0,0,0,0,0,0,2,,
2026-08-29T11:15:34.014Z,1788002134014,139417,1,,83acd2e6,139429,grid,4,1339,1381,131,813,327,69,,0,0,0,0,0,0,0,0,0,0,0,0,0,0,2,,
2026-08-29T11:16:34.026Z,1788002194026,139477,1,,83acd2e6,139489,grid,4,1340,1381,131,813,327,69,,0,0,0,0,0,0,0,0,0,0,0,0,0,0,2,,
2026-08-29T11:17:34.044Z,1788002254044,139537,1,,83acd2e6,139549,grid,4,1340,1381,131,813,327,69,,0,0,0,0,0,0,0,0,0,0,0,0,0,0,2,,
2026-08-29T11:18:34.066Z,1788002314066,139597,1,,83acd2e6,139610,grid,4,1340,1381,131,813,326,69,,0,0,0,0,0,0,0,0,0,0,0,0,0,0,2,,
2026-08-29T11:19:34.083Z,1788002374083,139657,1,,83acd2e6,139670,grid,4,1340,1381,131,814,327,69,,0,0,0,0,0,0,0,0,0,0,0,0,0,0,2,,
2026-08-29T11:20:34.093Z,1788002434093,139717,1,,83acd2e6,139730,grid,4,1339,1381,131,813,327,69,,0,0,0,0,0,0,0,0,0,0,0,0,0,0,2,,
2026-08-29T11:21:34.110Z,1788002494110,139778,1,,83acd2e6,139790,grid,4,1340,1381,131,813,326,69,,0,0,0,0,0,0,0,0,0,0,0,0,0,0,2,,
2026-08-29T11:22:34.122Z,1788002554122,139838,1,,83acd2e6,139850,grid,4,1340,1381,131,814,326,69,,0,0,0,0,0,0,0,0,0,0,0,0,0,0,2,,
2026-08-29T11:23:34.140Z,1788002614140,139898,1,,83acd2e6,139910,grid,4,1340,1381,131,813,327,69,,0,0,0,0,0,0,0,0,0,0,0,0,0,0,2,,
2026-08-29T11:24:34.164Z,1788002674164,139958,1,,83acd2e6,139970,grid,4,1340,1381,131,813,327,69,,0,0,0,0,0,0,0,0,0,0,0,0,0,0,2,,
2026-08-29T11:25:34.179Z,1788002734179,140018,1,,83acd2e6,140030,grid,4,1340,1381,131,813,327,69,,0,0,0,0,0,0,0,0,0,0,0,0,0,0,2,,
2026-08-29T11:26:34.195Z,1788002794195,140078,1,,83acd2e6,140090,grid,4,1340,1381,131,813,327,69,,0,0,0,0,0,0,0,0,0,0,0,0,0,0,2,,
2026-08-29T11:27:34.210Z,1788002854210,140138,1,,83acd2e6,140150,grid,4,1339,1381,131,812,327,69,,0,0,0,0,0,0,0,0,0,0,0,0,0,0,2,,
2026-08-29T11:28:34.228Z,1788002914228,140198,1,,83acd2e6,140210,grid,4,1339,1381,131,812,326,69,,0,0,0,0,0,0,0,0,0,0,0,0,0,0,2,,
2026-08-29T11:29:34.243Z,1788002974243,140258,1,,83acd2e6,140270,grid,4,1339,1381,131,812,327,69,,0,0,0,0,0,0,0,0,0,0,0,0,0,0,2,,
2026-08-29T11:30:34.260Z,1788003034260,140318,1,,83acd2e6,140330,grid,4,1338,1381,131,811,327,69,,0,0,0,0,0,0,0,0,0,0,0,0,0,0,2,,
2026-08-29T11:31:34.278Z,1788003094278,140378,1,,83acd2e6,140390,grid,4,1338,1381,131,812,327,69,,0,0,0,0,0,0,0,0,0,0,0,0,0,0,2,,
2026-08-29T11:32:34.298Z,1788003154298,140438,1,,83acd2e6,140450,grid,4,1342,1381,131,816,327,69,,0,0,0,0,0,0,0,0,0,0,0,0,0,0,2,,
2026-08-29T11:33:34.311Z,1788003214311,140498,1,,83acd2e6,140510,grid,4,1346,1381,131,819,327,69,,0,0,0,0,0,0,0,0,0,0,0,0,0,0,2,,
2026-08-29T11:34:34.324Z,1788003274324,140558,1,,83acd2e6,140570,grid,4,1345,1381,131,819,327,69,,0,0,0,0,0,0,0,0,0,0,0,0,0,0,2,,
2026-08-29T11:35:34.343Z,1788003334343,140618,1,,83acd2e6,140630,grid,4,1349,1381,131,818,331,69,,0,0,0,0,0,0,0,0,0,0,0,0,0,0,2,,
2026-08-29T11:36:34.363Z,1788003394363,140678,1,,83acd2e6,140690,grid,4,1345,1381,131,818,326,69,,0,0,0,0,0,0,0,0,0,0,0,0,0,0,2,,
2026-08-29T11:37:34.374Z,1788003454374,140738,1,,83acd2e6,140750,grid,4,1345,1381,131,818,327,69,,0,0,0,0,0,0,0,0,0,0,0,0,0,0,2,,
2026-08-29T11:38:34.392Z,1788003514392,140798,1,,83acd2e6,140810,grid,4,1350,1381,131,815,335,69,,0,0,0,0,0,0,0,0,0,0,0,0,0,0,2,,
2026-08-29T11:39:34.401Z,1788003574401,140858,1,,83acd2e6,140870,grid,4,1342,1381,131,816,326,69,,0,0,0,0,0,0,0,0,0,0,0,0,0,0,2,,
2026-08-29T11:40:34.421Z,1788003634421,140918,1,,83acd2e6,140930,grid,4,1341,1381,131,815,326,69,,0,0,0,0,0,0,0,0,0,0,0,0,0,0,2,,
2026-08-29T11:41:34.434Z,1788003694434,140978,1,,83acd2e6,140990,grid,4,1342,1381,131,815,326,69,,0,0,0,0,0,0,0,0,0,0,0,0,0,0,2,,
2026-08-29T11:42:34.451Z,1788003754451,141038,1,,83acd2e6,141050,grid,4,1340,1381,131,814,326,69,,0,0,0,0,0,0,0,0,0,0,0,0,0,0,2,,
2026-08-29T11:43:34.473Z,1788003814473,141098,1,,83acd2e6,141110,grid,4,1340,1381,131,813,326,69,,0,0,0,0,0,0,0,0,0,0,0,0,0,0,2,,
2026-08-29T11:44:34.491Z,1788003874491,141158,1,,83acd2e6,141170,grid,4,1340,1381,131,814,326,69,,0,0,0,0,0,0,0,0,0,0,0,0,0,0,2,,
2026-08-29T11:45:34.507Z,1788003934507,141218,1,,83acd2e6,141230,grid,4,1340,1381,131,814,326,69,,0,0,0,0,0,0,0,0,0,0,0,0,0,0,2,,
2026-08-29T11:46:34.528Z,1788003994528,141278,1,,83acd2e6,141290,grid,4,1339,1381,131,812,326,69,,0,0,0,0,0,0,0,0,0,0,0,0,0,0,2,,
2026-08-29T11:47:34.541Z,1788004054541,141338,1,,83acd2e6,141350,grid,4,1339,1381,131,812,326,69,,0,0,0,0,0,0,0,0,0,0,0,0,0,0,2,,
2026-08-29T11:48:34.561Z,1788004114561,141398,1,,83acd2e6,141410,grid,4,1339,1381,131,813,326,69,,0,0,0,0,0,0,0,0,0,0,0,0,0,0,2,,
2026-08-29T11:49:34.572Z,1788004174572,141458,1,,83acd2e6,141470,grid,4,1340,1381,131,814,326,69,,0,0,0,0,0,0,0,0,0,0,0,0,0,0,2,,
2026-08-29T11:50:34.597Z,1788004234597,141518,1,,83acd2e6,141530,grid,4,1340,1381,132,813,326,69,,0,0,0,0,0,0,0,0,0,0,0,0,0,0,2,,
2026-08-29T11:51:34.609Z,1788004294609,141578,1,,83acd2e6,141590,grid,4,1341,1381,132,814,326,69,,0,0,0,0,0,0,0,0,0,0,0,0,0,0,2,,
2026-08-29T11:52:34.633Z,1788004354633,141638,1,,83acd2e6,141650,grid,4,1340,1381,132,813,326,69,,0,0,0,0,0,0,0,0,0,0,0,0,0,0,2,,
2026-08-29T11:53:34.646Z,1788004414646,141698,1,,83acd2e6,141710,grid,4,1341,1381,132,814,326,69,,0,0,0,0,0,0,0,0,0,0,0,0,0,0,2,,
2026-08-29T11:54:34.668Z,1788004474668,141758,1,,83acd2e6,141770,grid,4,1341,1381,132,814,326,69,,0,0,0,0,0,0,0,0,0,0,0,0,0,0,2,,
2026-08-29T11:55:34.682Z,1788004534682,141818,1,,83acd2e6,141830,grid,4,1341,1381,132,814,326,69,,0,0,0,0,0,0,0,0,0,0,0,0,0,0,2,,
2026-08-29T11:56:34.689Z,1788004594689,141878,1,,83acd2e6,141890,grid,4,1341,1381,132,814,326,69,,0,0,0,0,0,0,0,0,0,0,0,0,0,0,2,,
2026-08-29T11:57:34.706Z,1788004654706,141938,1,,83acd2e6,141950,grid,4,1341,1381,132,814,326,69,,0,0,0,0,0,0,0,0,0,0,0,0,0,0,2,,
2026-08-29T11:58:34.720Z,1788004714720,141998,1,,83acd2e6,142010,grid,4,1341,1381,132,814,326,69,,0,0,0,0,0,0,0,0,0,0,0,0,0,0,2,,
2026-08-29T11:59:34.730Z,1788004774730,142058,1,,83acd2e6,142070,grid,4,1342,1381,132,814,326,69,,0,0,0,0,0,0,0,0,0,0,0,0,0,0,2,,
2026-08-29T12:00:34.742Z,1788004834742,142118,1,,83acd2e6,142130,grid,4,1341,1381,132,814,326,69,,0,0,0,0,0,0,0,0,0,0,0,0,0,0,2,,
2026-08-29T12:01:34.758Z,1788004894758,142178,1,,83acd2e6,142190,grid,4,1342,1381,132,815,326,69,,0,0,0,0,0,0,0,0,0,0,0,0,0,0,2,,
2026-08-29T12:02:34.777Z,1788004954777,142238,1,,83acd2e6,142250,grid,4,1343,1381,132,816,326,69,,0,0,0,0,0,0,0,0,0,0,0,0,0,0,2,,
2026-08-29T12:03:34.792Z,1788005014792,142298,1,,83acd2e6,142310,grid,4,1347,1381,132,818,327,69,,0,0,0,0,0,0,0,0,0,0,0,0,0,0,2,,
2026-08-29T12:04:34.810Z,1788005074810,142358,1,,83acd2e6,142370,grid,4,1345,1381,132,817,327,69,,0,0,0,0,0,0,0,0,0,0,0,0,0,0,2,,
2026-08-29T12:05:34.821Z,1788005134821,142418,1,,83acd2e6,142430,grid,4,1344,1381,132,816,326,69,,0,0,0,0,0,0,0,0,0,0,0,0,0,0,2,,
2026-08-29T12:06:34.835Z,1788005194835,142478,1,,83acd2e6,142490,grid,4,1345,1381,132,817,326,69,,0,0,0,0,0,0,0,0,0,0,0,0,0,0,2,,
2026-08-29T12:07:34.851Z,1788005254851,142538,1,,83acd2e6,142550,grid,4,1342,1381,132,814,326,69,,0,0,0,0,0,0,0,0,0,0,0,0,0,0,2,,
2026-08-29T12:08:34.862Z,1788005314862,142598,1,,83acd2e6,142610,grid,4,1339,1381,132,812,326,69,,0,0,0,0,0,0,0,0,0,0,0,0,0,0,2,,
2026-08-29T12:09:34.872Z,1788005374872,142658,1,,83acd2e6,142670,grid,4,1340,1381,132,812,326,69,,0,0,0,0,0,0,0,0,0,0,0,0,0,0,2,,
2026-08-29T12:10:34.888Z,1788005434888,142718,1,,83acd2e6,142730,grid,4,1339,1381,132,811,326,69,,0,0,0,0,0,0,0,0,0,0,0,0,0,0,2,,
2026-08-29T12:11:34.903Z,1788005494903,142778,1,,83acd2e6,142790,grid,4,1339,1381,132,812,326,69,,0,0,0,0,0,0,0,0,0,0,0,0,0,0,2,,
2026-08-29T12:12:34.920Z,1788005554920,142838,1,,83acd2e6,142850,grid,4,1338,1381,132,811,326,69,,0,0,0,0,0,0,0,0,0,0,0,0,0,0,2,,
2026-08-29T12:13:34.933Z,1788005614933,142898,1,,83acd2e6,142910,grid,4,1338,1381,132,811,326,69,,0,0,0,0,0,0,0,0,0,0,0,0,0,0,2,,
2026-08-29T12:14:34.953Z,1788005674953,142958,1,,83acd2e6,142970,grid,4,1339,1381,132,812,326,69,,0,0,0,0,0,0,0,0,0,0,0,0,0,0,2,,
2026-08-29T12:15:34.967Z,1788005734967,143018,1,,83acd2e6,143030,grid,4,1339,1381,132,812,326,69,,0,0,0,0,0,0,0,0,0,0,0,0,0,0,2,,
2026-08-29T12:16:34.989Z,1788005794989,143078,1,,83acd2e6,143090,grid,4,1339,1381,132,812,326,69,,0,0,0,0,0,0,0,0,0,0,0,0,0,0,2,,
2026-08-29T12:17:35.005Z,1788005855005,143138,1,,83acd2e6,143150,grid,4,1339,1381,132,812,326,69,,0,0,0,0,0,0,0,0,0,0,0,0,0,0,2,,
2026-08-29T12:18:35.028Z,1788005915028,143198,1,,83acd2e6,143210,grid,4,1339,1381,132,812,326,69,,0,0,0,0,0,0,0,0,0,0,0,0,0,0,2,,
2026-08-29T12:19:35.044Z,1788005975044,143258,1,,83acd2e6,143270,grid,4,1339,1381,132,812,326,69,,0,0,0,0,0,0,0,0,0,0,0,0,0,0,2,,
2026-08-29T12:20:35.065Z,1788006035065,143318,1,,83acd2e6,143331,grid,4,1339,1381,132,812,326,69,,0,0,0,0,0,0,0,0,0,0,0,0,0,0,2,,
2026-08-29T12:21:35.082Z,1788006095082,143378,1,,83acd2e6,143391,grid,4,1339,1381,132,812,326,69,,0,0,0,0,0,0,0,0,0,0,0,0,0,0,2,,
2026-08-29T12:22:35.091Z,1788006155091,143438,1,,83acd2e6,143451,grid,4,1338,1381,132,811,326,69,,0,0,0,0,0,0,0,0,0,0,0,0,0,0,2,,
2026-08-29T12:23:35.112Z,1788006215112,143499,1,,83acd2e6,143511,grid,4,1338,1381,132,811,326,69,,0,0,0,0,0,0,0,0,0,0,0,0,0,0,2,,
2026-08-29T12:24:35.122Z,1788006275122,143559,1,,83acd2e6,143571,grid,4,1338,1381,132,811,326,69,,0,0,0,0,0,0,0,0,0,0,0,0,0,0,2,,
2026-08-29T12:25:35.138Z,1788006335138,143619,1,,83acd2e6,143631,grid,4,1337,1381,132,810,326,69,,0,0,0,0,0,0,0,0,0,0,0,0,0,0,2,,
2026-08-29T12:26:35.148Z,1788006395148,143679,1,,83acd2e6,143691,grid,4,1338,1381,132,811,326,69,,0,0,0,0,0,0,0,0,0,0,0,0,0,0,2,,
2026-08-29T12:27:35.160Z,1788006455160,143739,1,,83acd2e6,143751,grid,4,1338,1381,132,811,326,69,,0,0,0,0,0,0,0,0,0,0,0,0,0,0,2,,
2026-08-29T12:28:35.181Z,1788006515181,143799,1,,83acd2e6,143811,grid,4,1339,1381,132,812,326,69,,0,0,0,0,0,0,0,0,0,0,0,0,0,0,2,,
2026-08-29T12:29:35.199Z,1788006575199,143859,1,,83acd2e6,143871,grid,4,1338,1381,132,811,326,69,,0,0,0,0,0,0,0,0,0,0,0,0,0,0,2,,
2026-08-29T12:30:35.221Z,1788006635221,143919,1,,83acd2e6,143931,grid,4,1339,1381,132,812,327,69,,0,0,0,0,0,0,0,0,0,0,0,0,0,0,2,,
2026-08-29T12:31:35.240Z,1788006695240,143979,1,,83acd2e6,143991,grid,4,1343,1381,132,812,331,69,,0,0,0,0,0,0,0,0,0,0,0,0,0,0,2,,
2026-08-29T12:32:35.259Z,1788006755259,144039,1,,83acd2e6,144051,grid,4,1340,1381,132,813,326,69,,0,0,0,0,0,0,0,0,0,0,0,0,0,0,2,,
2026-08-29T12:33:35.280Z,1788006815280,144099,1,,83acd2e6,144111,grid,4,1348,1381,131,821,328,69,,0,0,0,0,0,0,0,0,0,0,0,0,0,0,2,,
2026-08-29T12:34:35.295Z,1788006875295,144159,1,,83acd2e6,144171,grid,4,1345,1381,131,818,327,69,,0,0,0,0,0,0,0,0,0,0,0,0,0,0,2,,
2026-08-29T12:35:35.310Z,1788006935310,144219,1,,83acd2e6,144231,grid,4,1345,1381,131,818,328,69,,0,0,0,0,0,0,0,0,0,0,0,0,0,0,2,,
2026-08-29T12:36:35.328Z,1788006995328,144279,1,,83acd2e6,144291,grid,4,1345,1381,131,817,328,69,,0,0,0,0,0,0,0,0,0,0,0,0,0,0,2,,
2026-08-29T12:37:35.340Z,1788007055340,144339,1,,83acd2e6,144351,grid,4,1343,1381,131,815,327,69,,0,0,0,0,0,0,0,0,0,0,0,0,0,0,2,,
2026-08-29T12:38:35.357Z,1788007115357,144399,1,,83acd2e6,144411,grid,4,1339,1381,131,812,327,69,,0,0,0,0,0,0,0,0,0,0,0,0,0,0,2,,
2026-08-29T12:39:35.372Z,1788007175372,144459,1,,83acd2e6,144471,grid,4,1339,1381,131,812,327,69,,0,0,0,0,0,0,0,0,0,0,0,0,0,0,2,,
2026-08-29T12:40:35.397Z,1788007235397,144519,1,,83acd2e6,144531,grid,4,1339,1381,131,812,327,69,,0,0,0,0,0,0,0,0,0,0,0,0,0,0,2,,
2026-08-29T12:41:35.417Z,1788007295417,144579,1,,83acd2e6,144591,grid,4,1339,1381,131,812,327,69,,0,0,0,0,0,0,0,0,0,0,0,0,0,0,2,,
2026-08-29T12:42:35.439Z,1788007355439,144639,1,,83acd2e6,144651,grid,4,1339,1381,131,812,327,69,,0,0,0,0,0,0,0,0,0,0,0,0,0,0,2,,
2026-08-29T12:43:35.464Z,1788007415464,144699,1,,83acd2e6,144711,grid,4,1339,1381,131,812,327,69,,0,0,0,0,0,0,0,0,0,0,0,0,0,0,2,,
2026-08-29T12:44:35.475Z,1788007475475,144759,1,,83acd2e6,144771,grid,4,1339,1381,131,812,327,69,,0,0,0,0,0,0,0,0,0,0,0,0,0,0,2,,
2026-08-29T12:45:35.486Z,1788007535486,144819,1,,83acd2e6,144831,grid,4,1339,1381,131,812,327,69,,0,0,0,0,0,0,0,0,0,0,0,0,0,0,2,,
2026-08-29T12:46:35.506Z,1788007595506,144879,1,,83acd2e6,144891,grid,4,1339,1381,131,812,327,69,,0,0,0,0,0,0,0,0,0,0,0,0,0,0,2,,
2026-08-29T12:47:35.524Z,1788007655524,144939,1,,83acd2e6,144951,grid,4,1338,1381,131,811,327,69,,0,0,0,0,0,0,0,0,0,0,0,0,0,0,2,,
2026-08-29T12:48:35.536Z,1788007715536,144999,1,,83acd2e6,145011,grid,4,1339,1381,131,812,327,69,,0,0,0,0,0,0,0,0,0,0,0,0,0,0,2,,
2026-08-29T12:49:35.548Z,1788007775548,145059,1,,83acd2e6,145071,grid,4,1340,1381,131,812,327,69,,0,0,0,0,0,0,0,0,0,0,0,0,0,0,2,,
2026-08-29T12:50:35.572Z,1788007835572,145119,1,,83acd2e6,145131,grid,4,1339,1381,131,812,327,69,,0,0,0,0,0,0,0,0,0,0,0,0,0,0,2,,
2026-08-29T12:51:35.593Z,1788007895593,145179,1,,83acd2e6,145191,grid,4,1340,1381,131,812,327,69,,0,0,0,0,0,0,0,0,0,0,0,0,0,0,2,,
2026-08-29T12:52:35.617Z,1788007955617,145239,1,,83acd2e6,145251,grid,4,1339,1381,131,812,327,69,,0,0,0,0,0,0,0,0,0,0,0,0,0,0,2,,
2026-08-29T12:53:35.633Z,1788008015633,145299,1,,83acd2e6,145311,grid,4,1340,1381,131,812,327,69,,0,0,0,0,0,0,0,0,0,0,0,0,0,0,2,,
2026-08-29T12:54:35.657Z,1788008075657,145359,1,,83acd2e6,145371,grid,4,1339,1381,131,812,327,69,,0,0,0,0,0,0,0,0,0,0,0,0,0,0,2,,
2026-08-29T12:55:35.679Z,1788008135679,145419,1,,83acd2e6,145431,grid,4,1338,1381,131,812,327,69,,0,0,0,0,0,0,0,0,0,0,0,0,0,0,2,,
2026-08-29T12:56:35.702Z,1788008195702,145479,1,,83acd2e6,145491,grid,4,1339,1381,131,812,327,69,,0,0,0,0,0,0,0,0,0,0,0,0,0,0,2,,
2026-08-29T12:57:35.725Z,1788008255725,145539,1,,83acd2e6,145551,grid,4,1339,1381,131,812,327,69,,0,0,0,0,0,0,0,0,0,0,0,0,0,0,2,,
2026-08-29T12:58:35.744Z,1788008315744,145599,1,,83acd2e6,145611,grid,4,1339,1381,131,812,327,69,,0,0,0,0,0,0,0,0,0,0,0,0,0,0,2,,
2026-08-29T12:59:35.756Z,1788008375756,145659,1,,83acd2e6,145671,grid,4,1340,1381,131,813,327,69,,0,0,0,0,0,0,0,0,0,0,0,0,0,0,2,,
2026-08-29T13:00:35.775Z,1788008435775,145719,1,,83acd2e6,145731,grid,4,1339,1381,131,812,327,69,,0,0,0,0,0,0,0,0,0,0,0,0,0,0,2,,
2026-08-29T13:01:35.790Z,1788008495790,145779,1,,83acd2e6,145791,grid,4,1344,1381,131,813,331,69,,0,0,0,0,0,0,0,0,0,0,0,0,0,0,2,,
2026-08-29T13:02:35.806Z,1788008555806,145839,1,,83acd2e6,145851,grid,4,1342,1381,131,815,327,69,,0,0,0,0,0,0,0,0,0,0,0,0,0,0,2,,
2026-08-29T13:03:35.823Z,1788008615823,145899,1,,83acd2e6,145911,grid,4,1352,1381,131,824,328,69,,0,0,0,0,0,0,0,0,0,0,0,0,0,0,2,,
2026-08-29T13:04:35.840Z,1788008675840,145959,1,,83acd2e6,145971,grid,4,1348,1381,131,820,328,69,,0,0,0,0,0,0,0,0,0,0,0,0,0,0,2,,
2026-08-29T13:05:35.853Z,1788008735853,146019,1,,83acd2e6,146031,grid,4,1348,1381,131,820,328,69,,0,0,0,0,0,0,0,0,0,0,0,0,0,0,2,,
2026-08-29T13:06:35.873Z,1788008795873,146079,1,,83acd2e6,146091,grid,4,1347,1381,131,819,328,69,,0,0,0,0,0,0,0,0,0,0,0,0,0,0,2,,
2026-08-29T13:07:35.888Z,1788008855888,146139,1,,83acd2e6,146151,grid,4,1344,1381,131,816,328,69,,0,0,0,0,0,0,0,0,0,0,0,0,0,0,2,,
2026-08-29T13:08:35.899Z,1788008915899,146199,1,,83acd2e6,146211,grid,4,1341,1381,131,813,327,69,,0,0,0,0,0,0,0,0,0,0,0,0,0,0,2,,
2026-08-29T13:09:35.909Z,1788008975909,146259,1,,83acd2e6,146271,grid,4,1342,1381,131,814,328,69,,0,0,0,0,0,0,0,0,0,0,0,0,0,0,2,,
2026-08-29T13:10:35.927Z,1788009035927,146319,1,,83acd2e6,146331,grid,4,1342,1381,131,814,327,69,,0,0,0,0,0,0,0,0,0,0,0,0,0,0,2,,
2026-08-29T13:11:35.937Z,1788009095937,146379,1,,83acd2e6,146391,grid,4,1342,1381,131,814,328,69,,0,0,0,0,0,0,0,0,0,0,0,0,0,0,2,,
2026-08-29T13:12:35.961Z,1788009155961,146439,1,,83acd2e6,146451,grid,4,1342,1381,131,814,328,69,,0,0,0,0,0,0,0,0,0,0,0,0,0,0,2,,
2026-08-29T13:13:35.975Z,1788009215975,146499,1,,83acd2e6,146511,grid,4,1342,1381,131,814,327,69,,0,0,0,0,0,0,0,0,0,0,0,0,0,0,2,,
2026-08-29T13:14:35.998Z,1788009275998,146559,1,,83acd2e6,146571,grid,4,1342,1381,131,814,327,69,,0,0,0,0,0,0,0,0,0,0,0,0,0,0,2,,
2026-08-29T13:15:36.022Z,1788009336022,146619,1,,83acd2e6,146631,grid,4,1340,1381,131,813,327,69,,0,0,0,0,0,0,0,0,0,0,0,0,0,0,2,,
2026-08-29T13:16:36.036Z,1788009396036,146679,1,,83acd2e6,146691,grid,4,1341,1381,132,813,327,69,,0,0,0,0,0,0,0,0,0,0,0,0,0,0,2,,
2026-08-29T13:17:36.051Z,1788009456051,146739,1,,83acd2e6,146751,grid,4,1340,1381,131,813,327,69,,0,0,0,0,0,0,0,0,0,0,0,0,0,0,2,,
2026-08-29T13:18:36.067Z,1788009516067,146799,1,,83acd2e6,146812,grid,4,1340,1381,131,813,327,69,,0,0,0,0,0,0,0,0,0,0,0,0,0,0,2,,
2026-08-29T13:19:36.092Z,1788009576092,146859,1,,83acd2e6,146872,grid,4,1340,1381,131,814,327,69,,0,0,0,0,0,0,0,0,0,0,0,0,0,0,2,,
2026-08-29T13:20:36.107Z,1788009636107,146920,1,,83acd2e6,146932,grid,4,1340,1381,131,813,327,69,,0,0,0,0,0,0,0,0,0,0,0,0,0,0,2,,
2026-08-29T13:21:36.122Z,1788009696122,146980,1,,83acd2e6,146992,grid,4,1341,1381,131,814,327,69,,0,0,0,0,0,0,0,0,0,0,0,0,0,0,2,,
2026-08-29T13:22:36.138Z,1788009756138,147040,1,,83acd2e6,147052,grid,4,1341,1381,131,814,327,69,,0,0,0,0,0,0,0,0,0,0,0,0,0,0,2,,
2026-08-29T13:23:36.164Z,1788009816164,147100,1,,83acd2e6,147112,grid,4,1341,1381,131,814,327,69,,0,0,0,0,0,0,0,0,0,0,0,0,0,0,2,,
2026-08-29T13:24:36.181Z,1788009876181,147160,1,,83acd2e6,147172,grid,4,1340,1381,131,813,327,69,,0,0,0,0,0,0,0,0,0,0,0,0,0,0,2,,
2026-08-29T13:25:36.200Z,1788009936200,147220,1,,83acd2e6,147232,grid,4,1340,1381,131,813,327,69,,0,0,0,0,0,0,0,0,0,0,0,0,0,0,2,,
2026-08-29T13:26:36.221Z,1788009996221,147280,1,,83acd2e6,147292,grid,4,1341,1381,131,814,327,69,,0,0,0,0,0,0,0,0,0,0,0,0,0,0,2,,
2026-08-29T13:27:36.241Z,1788010056241,147340,1,,83acd2e6,147352,grid,4,1341,1381,131,814,327,69,,0,0,0,0,0,0,0,0,0,0,0,0,0,0,2,,
2026-08-29T13:28:36.260Z,1788010116260,147400,1,,83acd2e6,147412,grid,4,1341,1381,131,814,327,69,,0,0,0,0,0,0,0,0,0,0,0,0,0,0,2,,
2026-08-29T13:29:36.271Z,1788010176271,147460,1,,83acd2e6,147472,grid,4,1346,1381,131,814,331,69,,0,0,0,0,0,0,0,0,0,0,0,0,0,0,2,,
2026-08-29T13:30:36.282Z,1788010236282,147520,1,,83acd2e6,147532,grid,4,1341,1381,131,814,327,69,,0,0,0,0,0,0,0,0,0,0,0,0,0,0,2,,
2026-08-29T13:31:36.302Z,1788010296302,147580,1,,83acd2e6,147592,grid,4,1342,1381,131,815,327,69,,0,0,0,0,0,0,0,0,0,0,0,0,0,0,2,,
2026-08-29T13:32:36.321Z,1788010356321,147640,1,,83acd2e6,147652,grid,4,1342,1381,131,814,327,69,,0,0,0,0,0,0,0,0,0,0,0,0,0,0,2,,
2026-08-29T13:33:36.342Z,1788010416342,147700,1,,83acd2e6,147712,grid,4,1348,1381,131,820,328,69,,0,0,0,0,0,0,0,0,0,0,0,0,0,0,2,,
2026-08-29T13:34:36.358Z,1788010476358,147760,1,,83acd2e6,147772,grid,4,1348,1381,131,821,327,69,,0,0,0,0,0,0,0,0,0,0,0,0,0,0,2,,
2026-08-29T13:35:36.374Z,1788010536374,147820,1,,83acd2e6,147832,grid,4,1348,1381,131,820,327,69,,0,0,0,0,0,0,0,0,0,0,0,0,0,0,2,,
2026-08-29T13:36:36.381Z,1788010596381,147880,1,,83acd2e6,147892,grid,4,1348,1381,131,821,327,69,,0,0,0,0,0,0,0,0,0,0,0,0,0,0,2,,
2026-08-29T13:37:36.393Z,1788010656393,147940,1,,83acd2e6,147952,grid,4,1346,1381,132,818,327,69,,0,0,0,0,0,0,0,0,0,0,0,0,0,0,2,,
2026-08-29T13:38:36.413Z,1788010716413,148000,1,,83acd2e6,148012,grid,4,1343,1381,132,815,327,69,,0,0,0,0,0,0,0,0,0,0,0,0,0,0,2,,
2026-08-29T13:39:36.432Z,1788010776432,148060,1,,83acd2e6,148072,grid,4,1343,1381,131,816,327,69,,0,0,0,0,0,0,0,0,0,0,0,0,0,0,2,,
2026-08-29T13:40:36.444Z,1788010836444,148120,1,,83acd2e6,148132,grid,4,1342,1381,131,815,327,69,,0,0,0,0,0,0,0,0,0,0,0,0,0,0,2,,
2026-08-29T13:41:36.460Z,1788010896460,148180,1,,83acd2e6,148192,grid,4,1342,1381,131,815,327,69,,0,0,0,0,0,0,0,0,0,0,0,0,0,0,2,,
2026-08-29T13:42:36.482Z,1788010956482,148240,1,,83acd2e6,148252,grid,4,1342,1381,131,815,327,69,,0,0,0,0,0,0,0,0,0,0,0,0,0,0,2,,
2026-08-29T13:43:36.503Z,1788011016503,148300,1,,83acd2e6,148312,grid,4,1342,1381,131,815,327,69,,0,0,0,0,0,0,0,0,0,0,0,0,0,0,2,,
2026-08-29T13:44:36.514Z,1788011076514,148360,1,,83acd2e6,148372,grid,4,1343,1381,131,816,327,69,,0,0,0,0,0,0,0,0,0,0,0,0,0,0,2,,
2026-08-29T13:45:36.534Z,1788011136534,148420,1,,83acd2e6,148432,grid,4,1343,1381,131,815,327,69,,0,0,0,0,0,0,0,0,0,0,0,0,0,0,2,,
2026-08-29T13:46:36.554Z,1788011196554,148480,1,,83acd2e6,148492,grid,4,1343,1381,131,816,327,69,,0,0,0,0,0,0,0,0,0,0,0,0,0,0,2,,
2026-08-29T13:47:36.569Z,1788011256569,148540,1,,83acd2e6,148552,grid,4,1343,1381,131,816,327,69,,0,0,0,0,0,0,0,0,0,0,0,0,0,0,2,,
2026-08-29T13:48:36.589Z,1788011316589,148600,1,,83acd2e6,148612,grid,4,1342,1381,131,815,327,69,,0,0,0,0,0,0,0,0,0,0,0,0,0,0,2,,
2026-08-29T13:49:36.614Z,1788011376614,148660,1,,83acd2e6,148672,grid,4,1343,1381,131,816,327,69,,0,0,0,0,0,0,0,0,0,0,0,0,0,0,2,,
2026-08-29T13:50:36.627Z,1788011436627,148720,1,,83acd2e6,148732,grid,4,1342,1381,131,815,327,69,,0,0,0,0,0,0,0,0,0,0,0,0,0,0,2,,
2026-08-29T13:51:36.645Z,1788011496645,148780,1,,83acd2e6,148792,grid,4,1344,1381,131,816,327,69,,0,0,0,0,0,0,0,0,0,0,0,0,0,0,2,,
2026-08-29T13:52:36.657Z,1788011556657,148840,1,,83acd2e6,148852,grid,4,1343,1381,131,816,327,69,,0,0,0,0,0,0,0,0,0,0,0,0,0,0,2,,
2026-08-29T13:53:36.675Z,1788011616675,148900,1,,83acd2e6,148912,grid,4,1343,1381,131,816,327,69,,0,0,0,0,0,0,0,0,0,0,0,0,0,0,2,,
2026-08-29T13:54:36.698Z,1788011676698,148960,1,,83acd2e6,148972,grid,4,1343,1381,131,816,327,69,,0,0,0,0,0,0,0,0,0,0,0,0,0,0,2,,
2026-08-29T13:55:36.719Z,1788011736719,149020,1,,83acd2e6,149032,grid,4,1343,1381,131,816,327,69,,0,0,0,0,0,0,0,0,0,0,0,0,0,0,2,,
2026-08-29T13:56:36.735Z,1788011796735,149080,1,,83acd2e6,149092,grid,4,1344,1381,132,816,327,69,,0,0,0,0,0,0,0,0,0,0,0,0,0,0,2,,
2026-08-29T13:57:36.751Z,1788011856751,149140,1,,83acd2e6,149152,grid,4,1343,1381,132,816,327,69,,0,0,0,0,0,0,0,0,0,0,0,0,0,0,2,,
2026-08-29T13:58:36.768Z,1788011916768,149200,1,,83acd2e6,149212,grid,4,1343,1381,132,815,327,69,,0,0,0,0,0,0,0,0,0,0,0,0,0,0,2,,
2026-08-29T13:59:36.782Z,1788011976782,149260,1,,83acd2e6,149272,grid,4,1343,1381,132,815,327,69,,0,0,0,0,0,0,0,0,0,0,0,0,0,0,2,,
2026-08-29T14:00:36.801Z,1788012036801,149320,1,,83acd2e6,149332,grid,4,1343,1381,132,816,327,69,,0,0,0,0,0,0,0,0,0,0,0,0,0,0,2,,
2026-08-29T14:01:36.816Z,1788012096816,149380,1,,83acd2e6,149392,grid,4,1343,1381,132,815,327,69,,0,0,0,0,0,0,0,0,0,0,0,0,0,0,2,,
2026-08-29T14:02:36.827Z,1788012156827,149440,1,,83acd2e6,149452,grid,4,1343,1381,131,816,327,69,,0,0,0,0,0,0,0,0,0,0,0,0,0,0,2,,
2026-08-29T14:03:36.851Z,1788012216851,149500,1,,83acd2e6,149512,grid,4,1351,1381,131,823,328,69,,0,0,0,0,0,0,0,0,0,0,0,0,0,0,2,,
2026-08-29T14:04:36.870Z,1788012276870,149560,1,,83acd2e6,149572,grid,4,1353,1381,131,821,332,69,,0,0,0,0,0,0,0,0,0,0,0,0,0,0,2,,
2026-08-29T14:05:36.882Z,1788012336882,149620,1,,83acd2e6,149632,grid,4,1353,1381,131,821,332,69,,0,0,0,0,0,0,0,0,0,0,0,0,0,0,2,,
2026-08-29T14:06:36.893Z,1788012396893,149680,1,,83acd2e6,149692,grid,4,1348,1381,131,820,328,69,,0,0,0,0,0,0,0,0,0,0,0,0,0,0,2,,
2026-08-29T14:07:36.907Z,1788012456907,149740,1,,83acd2e6,149752,grid,4,1352,1381,131,820,332,69,,0,0,0,0,0,0,0,0,0,0,0,0,0,0,2,,
2026-08-29T14:08:36.923Z,1788012516923,149800,1,,83acd2e6,149812,grid,4,1344,1381,131,817,327,69,,0,0,0,0,0,0,0,0,0,0,0,0,0,0,2,,
2026-08-29T14:09:36.937Z,1788012576937,149860,1,,83acd2e6,149872,grid,4,1349,1381,131,817,331,69,,0,0,0,0,0,0,0,0,0,0,0,0,0,0,2,,
2026-08-29T14:10:36.958Z,1788012636958,149920,1,,83acd2e6,149932,grid,4,1344,1381,131,816,327,69,,0,0,0,0,0,0,0,0,0,0,0,0,0,0,2,,
2026-08-29T14:11:36.980Z,1788012696980,149980,1,,83acd2e6,149992,grid,4,1345,1381,131,817,327,69,,0,0,0,0,0,0,0,0,0,0,0,0,0,0,2,,
2026-08-29T14:12:36.998Z,1788012756998,150040,1,,83acd2e6,150052,grid,4,1342,1381,131,815,327,69,,0,0,0,0,0,0,0,0,0,0,0,0,0,0,2,,
2026-08-29T14:13:37.015Z,1788012817015,150100,1,,83acd2e6,150112,grid,4,1342,1381,131,815,327,69,,0,0,0,0,0,0,0,0,0,0,0,0,0,0,2,,
2026-08-29T14:14:37.032Z,1788012877032,150160,1,,83acd2e6,150172,grid,4,1343,1381,131,816,327,69,,0,0,0,0,0,0,0,0,0,0,0,0,0,0,2,,
2026-08-29T14:15:37.053Z,1788012937053,150220,1,,83acd2e6,150232,grid,4,1342,1381,131,815,327,69,,0,0,0,0,0,0,0,0,0,0,0,0,0,0,2,,
2026-08-29T14:16:37.079Z,1788012997079,150280,1,,83acd2e6,150293,grid,4,1342,1381,131,815,327,69,,0,0,0,0,0,0,0,0,0,0,0,0,0,0,2,,
2026-08-29T14:17:37.088Z,1788013057088,150340,1,,83acd2e6,150353,grid,4,1342,1381,131,815,327,69,,0,0,0,0,0,0,0,0,0,0,0,0,0,0,2,,
2026-08-29T14:18:37.096Z,1788013117096,150400,1,,83acd2e6,150413,grid,4,1342,1381,131,815,327,69,,0,0,0,0,0,0,0,0,0,0,0,0,0,0,2,,
2026-08-29T14:19:37.108Z,1788013177108,150461,1,,83acd2e6,150473,grid,4,1342,1381,131,815,327,69,,0,0,0,0,0,0,0,0,0,0,0,0,0,0,2,,
2026-08-29T14:20:37.124Z,1788013237124,150521,1,,83acd2e6,150533,grid,4,1342,1381,132,814,327,69,,0,0,0,0,0,0,0,0,0,0,0,0,0,0,2,,
2026-08-29T14:21:37.135Z,1788013297135,150581,1,,83acd2e6,150593,grid,4,1342,1381,132,815,327,69,,0,0,0,0,0,0,0,0,0,0,0,0,0,0,2,,
2026-08-29T14:22:37.154Z,1788013357154,150641,1,,83acd2e6,150653,grid,4,1346,1381,132,814,331,69,,0,0,0,0,0,0,0,0,0,0,0,0,0,0,2,,
2026-08-29T14:23:37.170Z,1788013417170,150701,1,,83acd2e6,150713,grid,4,1342,1381,132,814,327,69,,0,0,0,0,0,0,0,0,0,0,0,0,0,0,2,,
2026-08-29T14:24:37.189Z,1788013477189,150761,1,,83acd2e6,150773,grid,4,1342,1381,131,815,327,69,,0,0,0,0,0,0,0,0,0,0,0,0,0,0,2,,
2026-08-29T14:25:37.207Z,1788013537207,150821,1,,83acd2e6,150833,grid,4,1342,1381,131,815,327,69,,0,0,0,0,0,0,0,0,0,0,0,0,0,0,2,,
2026-08-29T14:26:37.229Z,1788013597229,150881,1,,83acd2e6,150893,grid,4,1342,1381,131,815,327,69,,0,0,0,0,0,0,0,0,0,0,0,0,0,0,2,,
2026-08-29T14:27:37.243Z,1788013657243,150941,1,,83acd2e6,150953,grid,4,1342,1381,131,815,327,69,,0,0,0,0,0,0,0,0,0,0,0,0,0,0,2,,
2026-08-29T14:28:37.252Z,1788013717252,151001,1,,83acd2e6,151013,grid,4,1346,1381,131,815,331,69,,0,0,0,0,0,0,0,0,0,0,0,0,0,0,2,,
2026-08-29T14:29:37.263Z,1788013777263,151061,1,,83acd2e6,151073,grid,4,1347,1381,131,815,331,69,,0,0,0,0,0,0,0,0,0,0,0,0,0,0,2,,
2026-08-29T14:30:37.272Z,1788013837272,151121,1,,83acd2e6,151133,grid,4,1342,1381,131,815,327,69,,0,0,0,0,0,0,0,0,0,0,0,0,0,0,2,,
2026-08-29T14:31:37.293Z,1788013897293,151181,1,,83acd2e6,151193,grid,4,1343,1381,131,816,327,69,,0,0,0,0,0,0,0,0,0,0,0,0,0,0,2,,
2026-08-29T14:32:37.312Z,1788013957312,151241,1,,83acd2e6,151253,grid,4,1349,1381,131,821,327,69,,0,0,0,0,0,0,0,0,0,0,0,0,0,0,2,,
2026-08-29T14:33:37.325Z,1788014017325,151301,1,,83acd2e6,151313,grid,4,1356,1381,131,828,328,69,,0,0,0,0,0,0,0,0,0,0,0,0,0,0,2,,
2026-08-29T14:34:37.351Z,1788014077351,151361,1,,83acd2e6,151373,grid,4,1352,1381,131,825,327,69,,0,0,0,0,0,0,0,0,0,0,0,0,0,0,2,,
2026-08-29T14:35:37.370Z,1788014137370,151421,1,,83acd2e6,151433,grid,4,1352,1381,131,824,327,69,,0,0,0,0,0,0,0,0,0,0,0,0,0,0,2,,
2026-08-29T14:36:37.388Z,1788014197388,151481,1,,83acd2e6,151493,grid,4,1350,1381,131,823,327,69,,0,0,0,0,0,0,0,0,0,0,0,0,0,0,2,,
2026-08-29T14:37:37.404Z,1788014257404,151541,1,,83acd2e6,151553,grid,4,1350,1381,131,822,327,69,,0,0,0,0,0,0,0,0,0,0,0,0,0,0,2,,
2026-08-29T14:38:37.414Z,1788014317414,151601,1,,83acd2e6,151613,grid,4,1347,1381,131,819,327,69,,0,0,0,0,0,0,0,0,0,0,0,0,0,0,2,,
2026-08-29T14:39:37.434Z,1788014377434,151661,1,,83acd2e6,151673,grid,4,1347,1381,131,819,327,69,,0,0,0,0,0,0,0,0,0,0,0,0,0,0,2,,
2026-08-29T14:40:37.459Z,1788014437459,151721,1,,83acd2e6,151733,grid,4,1346,1381,132,818,327,69,,0,0,0,0,0,0,0,0,0,0,0,0,0,0,2,,
2026-08-29T14:41:37.466Z,1788014497466,151781,1,,83acd2e6,151793,grid,4,1346,1381,132,819,327,69,,0,0,0,0,0,0,0,0,0,0,0,0,0,0,2,,
2026-08-29T14:42:37.477Z,1788014557477,151841,1,,83acd2e6,151853,grid,4,1346,1381,132,819,327,69,,0,0,0,0,0,0,0,0,0,0,0,0,0,0,2,,
2026-08-29T14:43:37.501Z,1788014617501,151901,1,,83acd2e6,151913,grid,4,1346,1381,132,819,327,69,,0,0,0,0,0,0,0,0,0,0,0,0,0,0,2,,
2026-08-29T14:44:37.512Z,1788014677512,151961,1,,83acd2e6,151973,grid,4,1343,1381,132,816,327,69,,0,0,0,0,0,0,0,0,0,0,0,0,0,0,2,,
2026-08-29T14:45:37.523Z,1788014737523,152021,1,,83acd2e6,152033,grid,4,1344,1381,132,816,327,69,,0,0,0,0,0,0,0,0,0,0,0,0,0,0,2,,
2026-08-29T14:46:37.538Z,1788014797538,152081,1,,83acd2e6,152093,grid,4,1343,1381,131,817,327,69,,0,0,0,0,0,0,0,0,0,0,0,0,0,0,2,,
2026-08-29T14:47:37.557Z,1788014857557,152141,1,,83acd2e6,152153,grid,4,1343,1381,131,816,327,69,,0,0,0,0,0,0,0,0,0,0,0,0,0,0,2,,
2026-08-29T14:48:37.577Z,1788014917577,152201,1,,83acd2e6,152213,grid,4,1344,1381,131,817,327,69,,0,0,0,0,0,0,0,0,0,0,0,0,0,0,2,,
2026-08-29T14:49:37.601Z,1788014977601,152261,1,,83acd2e6,152273,grid,4,1344,1381,131,817,327,69,,0,0,0,0,0,0,0,0,0,0,0,0,0,0,2,,
2026-08-29T14:50:37.619Z,1788015037619,152321,1,,83acd2e6,152333,grid,4,1344,1381,131,817,327,69,,0,0,0,0,0,0,0,0,0,0,0,0,0,0,2,,
2026-08-29T14:51:37.634Z,1788015097634,152381,1,,83acd2e6,152393,grid,4,1345,1381,131,818,327,69,,0,0,0,0,0,0,0,0,0,0,0,0,0,0,2,,
2026-08-29T14:52:37.649Z,1788015157649,152441,1,,83acd2e6,152453,grid,4,1344,1381,131,817,327,69,,0,0,0,0,0,0,0,0,0,0,0,0,0,0,2,,
2026-08-29T14:53:37.667Z,1788015217667,152501,1,,83acd2e6,152513,grid,4,1345,1381,131,817,327,69,,0,0,0,0,0,0,0,0,0,0,0,0,0,0,2,,
2026-08-29T14:54:37.683Z,1788015277683,152561,1,,83acd2e6,152573,grid,4,1344,1381,131,817,327,69,,0,0,0,0,0,0,0,0,0,0,0,0,0,0,2,,
2026-08-29T14:55:37.698Z,1788015337698,152621,1,,83acd2e6,152633,grid,4,1345,1381,131,818,327,69,,0,0,0,0,0,0,0,0,0,0,0,0,0,0,2,,
2026-08-29T14:56:37.714Z,1788015397714,152681,1,,83acd2e6,152693,grid,4,1346,1381,131,818,327,69,,0,0,0,0,0,0,0,0,0,0,0,0,0,0,2,,
2026-08-29T14:57:37.727Z,1788015457727,152741,1,,83acd2e6,152753,grid,4,1345,1381,131,818,327,69,,0,0,0,0,0,0,0,0,0,0,0,0,0,0,2,,
2026-08-29T14:58:37.741Z,1788015517741,152801,1,,83acd2e6,152813,grid,4,1346,1381,131,818,327,69,,0,0,0,0,0,0,0,0,0,0,0,0,0,0,2,,
2026-08-29T14:59:37.763Z,1788015577763,152861,1,,83acd2e6,152873,grid,4,1345,1381,131,818,327,69,,0,0,0,0,0,0,0,0,0,0,0,0,0,0,2,,
2026-08-29T15:00:37.783Z,1788015637783,152921,1,,83acd2e6,152933,grid,4,1346,1381,131,818,327,69,,0,0,0,0,0,0,0,0,0,0,0,0,0,0,2,,
2026-08-29T15:01:37.797Z,1788015697797,152981,1,,83acd2e6,152993,grid,4,1344,1381,131,817,327,69,,0,0,0,0,0,0,0,0,0,0,0,0,0,0,2,,
2026-08-29T15:02:37.810Z,1788015757810,153041,1,,83acd2e6,153053,grid,4,1342,1381,132,813,328,69,,0,0,0,0,0,0,0,0,0,0,0,0,0,0,2,,
2026-08-29T15:03:37.825Z,1788015817825,153101,1,,83acd2e6,153113,grid,4,1352,1381,132,823,328,69,,0,0,0,0,0,0,0,0,0,0,0,0,0,0,2,,
2026-08-29T15:04:37.844Z,1788015877844,153161,1,,83acd2e6,153173,grid,4,1350,1381,132,822,328,69,,0,0,0,0,0,0,0,0,0,0,0,0,0,0,2,,
2026-08-29T15:05:37.870Z,1788015937870,153221,1,,83acd2e6,153233,grid,4,1349,1381,132,821,328,69,,0,0,0,0,0,0,0,0,0,0,0,0,0,0,2,,
2026-08-29T15:06:37.887Z,1788015997887,153281,1,,83acd2e6,153293,grid,4,1353,1381,131,822,331,69,,0,0,0,0,0,0,0,0,0,0,0,0,0,0,2,,
2026-08-29T15:07:37.897Z,1788016057897,153341,1,,83acd2e6,153353,grid,4,1348,1381,131,821,327,69,,0,0,0,0,0,0,0,0,0,0,0,0,0,0,2,,
2026-08-29T15:08:37.919Z,1788016117919,153401,1,,83acd2e6,153413,grid,4,1345,1381,131,818,327,69,,0,0,0,0,0,0,0,0,0,0,0,0,0,0,2,,
2026-08-29T15:09:37.945Z,1788016177945,153461,1,,83acd2e6,153473,grid,4,1346,1381,131,819,327,69,,0,0,0,0,0,0,0,0,0,0,0,0,0,0,2,,
2026-08-29T15:10:37.966Z,1788016237966,153521,1,,83acd2e6,153533,grid,4,1346,1381,131,819,327,69,,0,0,0,0,0,0,0,0,0,0,0,0,0,0,2,,
2026-08-29T15:11:37.988Z,1788016297988,153581,1,,83acd2e6,153593,grid,4,1346,1381,131,819,327,69,,0,0,0,0,0,0,0,0,0,0,0,0,0,0,2,,
2026-08-29T15:12:38.008Z,1788016358008,153641,1,,83acd2e6,153653,grid,4,1346,1381,131,819,327,69,,0,0,0,0,0,0,0,0,0,0,0,0,0,0,2,,
2026-08-29T15:13:38.024Z,1788016418024,153701,1,,83acd2e6,153713,grid,4,1342,1381,131,815,327,69,,0,0,0,0,0,0,0,0,0,0,0,0,0,0,2,,
2026-08-29T15:14:38.036Z,1788016478036,153761,1,,83acd2e6,153773,grid,4,1343,1381,131,815,327,69,,0,0,0,0,0,0,0,0,0,0,0,0,0,0,2,,
2026-08-29T15:15:38.055Z,1788016538055,153821,1,,83acd2e6,153833,grid,4,1343,1381,131,815,327,69,,0,0,0,0,0,0,0,0,0,0,0,0,0,0,2,,
2026-08-29T15:16:38.069Z,1788016598069,153881,1,,83acd2e6,153894,grid,4,1343,1381,131,815,327,69,,0,0,0,0,0,0,0,0,0,0,0,0,0,0,2,,
2026-08-29T15:17:38.085Z,1788016658085,153941,1,,83acd2e6,153954,grid,4,1342,1381,131,815,327,69,,0,0,0,0,0,0,0,0,0,0,0,0,0,0,2,,
2026-08-29T15:18:38.105Z,1788016718105,154002,1,,83acd2e6,154014,grid,4,1343,1381,131,815,327,69,,0,0,0,0,0,0,0,0,0,0,0,0,0,0,2,,
2026-08-29T15:19:38.120Z,1788016778120,154062,1,,83acd2e6,154074,grid,4,1343,1381,131,815,327,69,,0,0,0,0,0,0,0,0,0,0,0,0,0,0,2,,
2026-08-29T15:20:38.138Z,1788016838138,154122,1,,83acd2e6,154134,grid,4,1343,1381,131,816,327,69,,0,0,0,0,0,0,0,0,0,0,0,0,0,0,2,,
2026-08-29T15:21:38.163Z,1788016898163,154182,1,,83acd2e6,154194,grid,4,1348,1381,132,816,331,69,,0,0,0,0,0,0,0,0,0,0,0,0,0,0,2,,
2026-08-29T15:22:38.183Z,1788016958183,154242,1,,83acd2e6,154254,grid,4,1343,1381,132,815,327,69,,0,0,0,0,0,0,0,0,0,0,0,0,0,0,2,,
2026-08-29T15:23:38.199Z,1788017018199,154302,1,,83acd2e6,154314,grid,4,1344,1381,132,816,327,69,,0,0,0,0,0,0,0,0,0,0,0,0,0,0,2,,
2026-08-29T15:24:38.222Z,1788017078222,154362,1,,83acd2e6,154374,grid,4,1344,1381,132,816,327,69,,0,0,0,0,0,0,0,0,0,0,0,0,0,0,2,,
2026-08-29T15:25:38.241Z,1788017138241,154422,1,,83acd2e6,154434,grid,4,1344,1381,132,816,327,69,,0,0,0,0,0,0,0,0,0,0,0,0,0,0,2,,
2026-08-29T15:26:38.263Z,1788017198263,154482,1,,83acd2e6,154494,grid,4,1342,1381,132,815,327,69,,0,0,0,0,0,0,0,0,0,0,0,0,0,0,2,,
2026-08-29T15:27:38.276Z,1788017258276,154542,1,,83acd2e6,154554,grid,4,1342,1381,132,814,327,69,,0,0,0,0,0,0,0,0,0,0,0,0,0,0,2,,
2026-08-29T15:28:38.293Z,1788017318293,154602,1,,83acd2e6,154614,grid,4,1342,1381,132,814,327,69,,0,0,0,0,0,0,0,0,0,0,0,0,0,0,2,,
2026-08-29T15:29:38.304Z,1788017378304,154662,1,,83acd2e6,154674,grid,4,1341,1381,131,814,327,69,,0,0,0,0,0,0,0,0,0,0,0,0,0,0,2,,
2026-08-29T15:30:38.325Z,1788017438325,154722,1,,83acd2e6,154734,grid,4,1341,1381,131,814,327,69,,0,0,0,0,0,0,0,0,0,0,0,0,0,0,2,,
2026-08-29T15:31:38.358Z,1788017498358,154782,1,,83acd2e6,154794,grid,4,1342,1381,131,814,327,69,,0,0,0,0,0,0,0,0,0,0,0,0,0,0,2,,
2026-08-29T15:32:38.371Z,1788017558371,154842,1,,83acd2e6,154854,grid,4,1342,1381,131,815,327,69,,0,0,0,0,0,0,0,0,0,0,0,0,0,0,2,,
2026-08-29T15:33:38.387Z,1788017618387,154902,1,,83acd2e6,154914,grid,4,1353,1381,131,825,328,69,,0,0,0,0,0,0,0,0,0,0,0,0,0,0,2,,
2026-08-29T15:34:38.405Z,1788017678405,154962,1,,83acd2e6,154974,grid,4,1351,1381,131,823,328,69,,0,0,0,0,0,0,0,0,0,0,0,0,0,0,2,,
2026-08-29T15:35:38.420Z,1788017738420,155022,1,,83acd2e6,155034,grid,4,1350,1381,131,822,328,69,,0,0,0,0,0,0,0,0,0,0,0,0,0,0,2,,
2026-08-29T15:36:38.438Z,1788017798438,155082,1,,83acd2e6,155094,grid,4,1351,1381,131,823,328,69,,0,0,0,0,0,0,0,0,0,0,0,0,0,0,2,,
2026-08-29T15:37:38.453Z,1788017858453,155142,1,,83acd2e6,155154,grid,4,1351,1381,131,822,328,69,,0,0,0,0,0,0,0,0,0,0,0,0,0,0,2,,
2026-08-29T15:38:38.471Z,1788017918471,155202,1,,83acd2e6,155214,grid,4,1347,1381,131,819,328,69,,0,0,0,0,0,0,0,0,0,0,0,0,0,0,2,,
2026-08-29T15:39:38.483Z,1788017978483,155262,1,,83acd2e6,155274,grid,4,1347,1381,131,819,328,69,,0,0,0,0,0,0,0,0,0,0,0,0,0,0,2,,
2026-08-29T15:40:38.499Z,1788018038499,155322,1,,83acd2e6,155334,grid,4,1350,1381,131,819,332,69,,0,0,0,0,0,0,0,0,0,0,0,0,0,0,2,,
2026-08-29T15:41:38.520Z,1788018098520,155382,1,,83acd2e6,155394,grid,4,1347,1381,131,819,328,69,,0,0,0,0,0,0,0,0,0,0,0,0,0,0,2,,
2026-08-29T15:42:38.541Z,1788018158541,155442,1,,83acd2e6,155454,grid,4,1344,1381,131,816,328,69,,0,0,0,0,0,0,0,0,0,0,0,0,0,0,2,,
2026-08-29T15:43:38.555Z,1788018218555,155502,1,,83acd2e6,155514,grid,4,1344,1381,132,816,328,69,,0,0,0,0,0,0,0,0,0,0,0,0,0,0,2,,
2026-08-29T15:44:38.568Z,1788018278568,155562,1,,83acd2e6,155574,grid,4,1345,1381,132,817,328,69,,0,0,0,0,0,0,0,0,0,0,0,0,0,0,2,,
2026-08-29T15:45:38.582Z,1788018338582,155622,1,,83acd2e6,155634,grid,4,1344,1381,132,816,327,69,,0,0,0,0,0,0,0,0,0,0,0,0,0,0,2,,
2026-08-29T15:46:38.608Z,1788018398608,155682,1,,83acd2e6,155694,grid,4,1344,1381,132,817,327,69,,0,0,0,0,0,0,0,0,0,0,0,0,0,0,2,,
2026-08-29T15:47:38.631Z,1788018458631,155742,1,,83acd2e6,155754,grid,4,1344,1381,132,816,327,69,,0,0,0,0,0,0,0,0,0,0,0,0,0,0,2,,
2026-08-29T15:48:38.648Z,1788018518648,155802,1,,83acd2e6,155814,grid,4,1344,1381,132,816,327,69,,0,0,0,0,0,0,0,0,0,0,0,0,0,0,2,,
2026-08-29T15:49:38.667Z,1788018578667,155862,1,,83acd2e6,155874,grid,4,1344,1381,132,816,327,69,,0,0,0,0,0,0,0,0,0,0,0,0,0,0,2,,
2026-08-29T15:50:38.677Z,1788018638677,155922,1,,83acd2e6,155934,grid,4,1344,1381,131,816,327,69,,0,0,0,0,0,0,0,0,0,0,0,0,0,0,2,,
2026-08-29T15:51:38.690Z,1788018698690,155982,1,,83acd2e6,155994,grid,4,1344,1381,131,817,327,69,,0,0,0,0,0,0,0,0,0,0,0,0,0,0,2,,
2026-08-29T15:52:38.705Z,1788018758705,156042,1,,83acd2e6,156054,grid,4,1343,1381,131,815,327,69,,0,0,0,0,0,0,0,0,0,0,0,0,0,0,2,,
2026-08-29T15:53:38.721Z,1788018818721,156102,1,,83acd2e6,156114,grid,4,1343,1381,131,816,327,69,,0,0,0,0,0,0,0,0,0,0,0,0,0,0,2,,
2026-08-29T15:54:38.743Z,1788018878743,156162,1,,83acd2e6,156174,grid,4,1343,1381,131,816,327,69,,0,0,0,0,0,0,0,0,0,0,0,0,0,0,2,,
2026-08-29T15:55:38.761Z,1788018938761,156222,1,,83acd2e6,156234,grid,4,1343,1381,131,816,327,69,,0,0,0,0,0,0,0,0,0,0,0,0,0,0,2,,
2026-08-29T15:56:38.774Z,1788018998774,156282,1,,83acd2e6,156294,grid,4,1344,1381,131,816,327,69,,0,0,0,0,0,0,0,0,0,0,0,0,0,0,2,,
2026-08-29T15:57:38.789Z,1788019058789,156342,1,,83acd2e6,156354,grid,4,1344,1381,131,816,327,69,,0,0,0,0,0,0,0,0,0,0,0,0,0,0,2,,
2026-08-29T15:58:38.814Z,1788019118814,156402,1,,83acd2e6,156414,grid,4,1344,1381,131,817,327,69,,0,0,0,0,0,0,0,0,0,0,0,0,0,0,2,,
2026-08-29T15:59:38.833Z,1788019178833,156462,1,,83acd2e6,156474,grid,4,1344,1381,131,817,327,69,,0,0,0,0,0,0,0,0,0,0,0,0,0,0,2,,
2026-08-29T16:00:38.846Z,1788019238846,156522,1,,83acd2e6,156534,grid,4,1344,1381,131,817,327,69,,0,0,0,0,0,0,0,0,0,0,0,0,0,0,2,,
2026-08-29T16:01:38.858Z,1788019298858,156582,1,,83acd2e6,156594,grid,4,1345,1381,131,817,327,69,,0,0,0,0,0,0,0,0,0,0,0,0,0,0,2,,
2026-08-29T16:02:38.875Z,1788019358875,156642,1,,83acd2e6,156654,grid,4,1349,1381,131,817,332,69,,0,0,0,0,0,0,0,0,0,0,0,0,0,0,2,,
2026-08-29T16:03:38.886Z,1788019418886,156702,1,,83acd2e6,156714,grid,4,1358,1381,132,825,332,69,,0,0,0,0,0,0,0,0,0,0,0,0,0,0,2,,
2026-08-29T16:04:38.897Z,1788019478897,156762,1,,83acd2e6,156774,grid,4,1351,1381,132,823,328,69,,0,0,0,0,0,0,0,0,0,0,0,0,0,0,2,,
2026-08-29T16:05:38.913Z,1788019538913,156822,1,,83acd2e6,156834,grid,4,1351,1381,132,823,328,69,,0,0,0,0,0,0,0,0,0,0,0,0,0,0,2,,
2026-08-29T16:06:38.937Z,1788019598937,156882,1,,83acd2e6,156894,grid,4,1356,1381,132,823,331,69,,0,0,0,0,0,0,0,0,0,0,0,0,0,0,2,,
2026-08-29T16:07:38.956Z,1788019658956,156942,1,,83acd2e6,156954,grid,4,1353,1381,132,821,332,69,,0,0,0,0,0,0,0,0,0,0,0,0,0,0,2,,
2026-08-29T16:08:38.973Z,1788019718973,157002,1,,83acd2e6,157014,grid,4,1346,1381,132,817,328,69,,0,0,0,0,0,0,0,0,0,0,0,0,0,0,2,,
2026-08-29T16:09:38.982Z,1788019778982,157062,1,,83acd2e6,157074,grid,4,1345,1381,132,817,327,69,,0,0,0,0,0,0,0,0,0,0,0,0,0,0,2,,
2026-08-29T16:10:39.006Z,1788019839006,157122,1,,83acd2e6,157134,grid,4,1344,1381,132,816,327,69,,0,0,0,0,0,0,0,0,0,0,0,0,0,0,2,,
2026-08-29T16:11:39.017Z,1788019899017,157182,1,,83acd2e6,157194,grid,4,1343,1381,131,816,327,69,,0,0,0,0,0,0,0,0,0,0,0,0,0,0,2,,
2026-08-29T16:12:39.028Z,1788019959028,157242,1,,83acd2e6,157254,grid,4,1344,1381,131,816,327,69,,0,0,0,0,0,0,0,0,0,0,0,0,0,0,2,,
2026-08-29T16:13:39.043Z,1788020019043,157302,1,,83acd2e6,157314,grid,4,1344,1381,131,817,327,69,,0,0,0,0,0,0,0,0,0,0,0,0,0,0,2,,
2026-08-29T16:14:39.054Z,1788020079054,157362,1,,83acd2e6,157374,grid,4,1344,1381,131,817,327,69,,0,0,0,0,0,0,0,0,0,0,0,0,0,0,2,,
2026-08-29T16:15:39.068Z,1788020139068,157422,1,,83acd2e6,157435,grid,4,1344,1381,131,817,327,69,,0,0,0,0,0,0,0,0,0,0,0,0,0,0,2,,
2026-08-29T16:16:39.082Z,1788020199082,157482,1,,83acd2e6,157495,grid,4,1343,1381,131,816,327,69,,0,0,0,0,0,0,0,0,0,0,0,0,0,0,2,,
2026-08-29T16:17:39.102Z,1788020259102,157543,1,,83acd2e6,157555,grid,4,1343,1381,131,816,327,69,,0,0,0,0,0,0,0,0,0,0,0,0,0,0,2,,
2026-08-29T16:18:39.123Z,1788020319123,157603,1,,83acd2e6,157615,grid,4,1344,1381,131,817,327,69,,0,0,0,0,0,0,0,0,0,0,0,0,0,0,2,,
2026-08-29T16:19:39.144Z,1788020379144,157663,1,,83acd2e6,157675,grid,4,1344,1381,131,816,327,69,,0,0,0,0,0,0,0,0,0,0,0,0,0,0,2,,
2026-08-29T16:20:39.164Z,1788020439164,157723,1,,83acd2e6,157735,grid,4,1343,1381,131,816,327,69,,0,0,0,0,0,0,0,0,0,0,0,0,0,0,2,,
2026-08-29T16:21:39.181Z,1788020499181,157783,1,,83acd2e6,157795,grid,4,1343,1381,131,816,327,69,,0,0,0,0,0,0,0,0,0,0,0,0,0,0,2,,
2026-08-29T16:22:39.198Z,1788020559198,157843,1,,83acd2e6,157855,grid,4,1344,1381,131,816,327,69,,0,0,0,0,0,0,0,0,0,0,0,0,0,0,2,,
2026-08-29T16:23:39.213Z,1788020619213,157903,1,,83acd2e6,157915,grid,4,1344,1381,131,816,327,69,,0,0,0,0,0,0,0,0,0,0,0,0,0,0,2,,
2026-08-29T16:24:39.225Z,1788020679225,157963,1,,83acd2e6,157975,grid,4,1344,1381,132,816,327,69,,0,0,0,0,0,0,0,0,0,0,0,0,0,0,2,,
2026-08-29T16:25:39.239Z,1788020739239,158023,1,,83acd2e6,158035,grid,4,1344,1381,132,817,327,69,,0,0,0,0,0,0,0,0,0,0,0,0,0,0,2,,
2026-08-29T16:26:39.262Z,1788020799262,158083,1,,83acd2e6,158095,grid,4,1344,1381,132,816,327,69,,0,0,0,0,0,0,0,0,0,0,0,0,0,0,2,,
2026-08-29T16:27:39.275Z,1788020859275,158143,1,,83acd2e6,158155,grid,4,1344,1381,132,816,327,69,,0,0,0,0,0,0,0,0,0,0,0,0,0,0,2,,
2026-08-29T16:28:39.300Z,1788020919300,158203,1,,83acd2e6,158215,grid,4,1344,1381,132,816,327,69,,0,0,0,0,0,0,0,0,0,0,0,0,0,0,2,,
2026-08-29T16:29:39.315Z,1788020979315,158263,1,,83acd2e6,158275,grid,4,1344,1381,132,816,327,69,,0,0,0,0,0,0,0,0,0,0,0,0,0,0,2,,
2026-08-29T16:30:39.338Z,1788021039338,158323,1,,83acd2e6,158335,grid,4,1344,1381,132,816,328,69,,0,0,0,0,0,0,0,0,0,0,0,0,0,0,2,,
2026-08-29T16:31:39.364Z,1788021099364,158383,1,,83acd2e6,158395,grid,4,1344,1381,132,815,327,69,,0,0,0,0,0,0,0,0,0,0,0,0,0,0,2,,
2026-08-29T16:32:39.378Z,1788021159378,158443,1,,83acd2e6,158455,grid,4,1340,1387,132,812,327,69,,0,0,0,0,0,0,0,0,0,0,0,0,0,0,2,,
2026-08-29T16:33:39.400Z,1788021219400,158503,1,,83acd2e6,158515,grid,4,1350,1387,131,821,328,69,,0,0,0,0,0,0,0,0,0,0,0,0,0,0,2,,
2026-08-29T16:34:39.424Z,1788021279424,158563,1,,83acd2e6,158575,grid,4,1350,1387,131,821,328,69,,0,0,0,0,0,0,0,0,0,0,0,0,0,0,2,,
2026-08-29T16:35:39.433Z,1788021339433,158623,1,,83acd2e6,158635,grid,4,1350,1387,131,821,328,69,,0,0,0,0,0,0,0,0,0,0,0,0,0,0,2,,
2026-08-29T16:36:39.449Z,1788021399449,158683,1,,83acd2e6,158695,grid,4,1350,1387,131,821,329,69,,0,0,0,0,0,0,0,0,0,0,0,0,0,0,2,,
2026-08-29T16:37:39.460Z,1788021459460,158743,1,,83acd2e6,158755,grid,4,1350,1387,131,821,328,69,,0,0,0,0,0,0,0,0,0,0,0,0,0,0,2,,
2026-08-29T16:38:39.480Z,1788021519480,158803,1,,83acd2e6,158815,grid,4,1347,1387,131,818,328,69,,0,0,0,0,0,0,0,0,0,0,0,0,0,0,2,,
2026-08-29T16:39:39.490Z,1788021579490,158863,1,,83acd2e6,158875,grid,4,1347,1387,131,819,328,69,,0,0,0,0,0,0,0,0,0,0,0,0,0,0,2,,
2026-08-29T16:40:39.512Z,1788021639512,158923,1,,83acd2e6,158935,grid,4,1347,1387,131,818,328,69,,0,0,0,0,0,0,0,0,0,0,0,0,0,0,2,,
2026-08-29T16:41:39.520Z,1788021699520,158983,1,,83acd2e6,158995,grid,4,1344,1387,131,816,328,69,,0,0,0,0,0,0,0,0,0,0,0,0,0,0,2,,
2026-08-29T16:42:39.536Z,1788021759536,159043,1,,83acd2e6,159055,grid,4,1344,1387,132,816,328,69,,0,0,0,0,0,0,0,0,0,0,0,0,0,0,2,,
2026-08-29T16:43:39.554Z,1788021819554,159103,1,,83acd2e6,159115,grid,4,1344,1387,132,816,328,69,,0,0,0,0,0,0,0,0,0,0,0,0,0,0,2,,
2026-08-29T16:44:39.578Z,1788021879578,159163,1,,83acd2e6,159175,grid,4,1345,1387,132,817,328,69,,0,0,0,0,0,0,0,0,0,0,0,0,0,0,2,,
2026-08-29T16:45:39.593Z,1788021939593,159223,1,,83acd2e6,159235,grid,4,1345,1387,132,816,328,69,,0,0,0,0,0,0,0,0,0,0,0,0,0,0,2,,
2026-08-29T16:46:39.614Z,1788021999614,159283,1,,83acd2e6,159295,grid,4,1345,1387,132,817,328,69,,0,0,0,0,0,0,0,0,0,0,0,0,0,0,2,,
2026-08-29T16:47:39.628Z,1788022059628,159343,1,,83acd2e6,159355,grid,4,1344,1387,132,816,328,69,,0,0,0,0,0,0,0,0,0,0,0,0,0,0,2,,
2026-08-29T16:48:39.652Z,1788022119652,159403,1,,83acd2e6,159415,grid,4,1344,1387,132,815,328,69,,0,0,0,0,0,0,0,0,0,0,0,0,0,0,2,,
2026-08-29T16:49:39.662Z,1788022179662,159463,1,,83acd2e6,159475,grid,4,1344,1387,132,816,328,69,,0,0,0,0,0,0,0,0,0,0,0,0,0,0,2,,
2026-08-29T16:50:39.685Z,1788022239685,159523,1,,83acd2e6,159535,grid,4,1344,1387,132,815,328,69,,0,0,0,0,0,0,0,0,0,0,0,0,0,0,2,,
2026-08-29T16:51:39.707Z,1788022299707,159583,1,,83acd2e6,159595,grid,4,1345,1387,132,816,328,69,,0,0,0,0,0,0,0,0,0,0,0,0,0,0,2,,
2026-08-29T16:52:39.721Z,1788022359721,159643,1,,83acd2e6,159655,grid,4,1343,1387,132,814,328,69,,0,0,0,0,0,0,0,0,0,0,0,0,0,0,2,,
2026-08-29T16:53:39.737Z,1788022419737,159703,1,,83acd2e6,159715,grid,4,1344,1387,132,815,328,69,,0,0,0,0,0,0,0,0,0,0,0,0,0,0,2,,
2026-08-29T16:54:39.761Z,1788022479761,159763,1,,83acd2e6,159775,grid,4,1344,1387,132,816,328,69,,0,0,0,0,0,0,0,0,0,0,0,0,0,0,2,,
2026-08-29T16:55:39.781Z,1788022539781,159823,1,,83acd2e6,159835,grid,4,1342,1387,131,814,328,69,,0,0,0,0,0,0,0,0,0,0,0,0,0,0,2,,
2026-08-29T16:56:39.792Z,1788022599792,159883,1,,83acd2e6,159895,grid,4,1343,1387,131,815,328,69,,0,0,0,0,0,0,0,0,0,0,0,0,0,0,2,,
2026-08-29T16:57:39.811Z,1788022659811,159943,1,,83acd2e6,159955,grid,4,1343,1387,131,814,328,69,,0,0,0,0,0,0,0,0,0,0,0,0,0,0,2,,
2026-08-29T16:58:39.830Z,1788022719830,160003,1,,83acd2e6,160015,grid,4,1343,1387,131,815,328,69,,0,0,0,0,0,0,0,0,0,0,0,0,0,0,2,,
2026-08-29T16:59:39.840Z,1788022779840,160063,1,,83acd2e6,160075,grid,4,1343,1387,131,815,328,69,,0,0,0,0,0,0,0,0,0,0,0,0,0,0,2,,
2026-08-29T17:00:39.852Z,1788022839852,160123,1,,83acd2e6,160135,grid,4,1344,1387,131,815,328,69,,0,0,0,0,0,0,0,0,0,0,0,0,0,0,2,,
2026-08-29T17:01:39.868Z,1788022899868,160183,1,,83acd2e6,160195,grid,4,1344,1387,131,816,328,69,,0,0,0,0,0,0,0,0,0,0,0,0,0,0,2,,
2026-08-29T17:02:39.887Z,1788022959887,160243,1,,83acd2e6,160255,grid,4,1346,1387,131,817,328,69,,0,0,0,0,0,0,0,0,0,0,0,0,0,0,2,,
2026-08-29T17:03:39.903Z,1788023019903,160303,1,,83acd2e6,160315,grid,4,1351,1387,131,823,327,69,,0,0,0,0,0,0,0,0,0,0,0,0,0,0,2,,
2026-08-29T17:04:39.928Z,1788023079928,160363,1,,83acd2e6,160375,grid,4,1354,1387,132,823,331,69,,0,0,0,0,0,0,0,0,0,0,0,0,0,0,2,,
2026-08-29T17:05:39.949Z,1788023139949,160423,1,,83acd2e6,160435,grid,4,1354,1387,132,823,331,69,,0,0,0,0,0,0,0,0,0,0,0,0,0,0,2,,
2026-08-29T17:06:39.970Z,1788023199970,160483,1,,83acd2e6,160495,grid,4,1355,1387,132,823,331,69,,0,0,0,0,0,0,0,0,0,0,0,0,0,0,2,,
2026-08-29T17:07:39.993Z,1788023259993,160543,1,,83acd2e6,160555,grid,4,1351,1387,132,823,327,69,,0,0,0,0,0,0,0,0,0,0,0,0,0,0,2,,
2026-08-29T17:08:40.017Z,1788023320017,160603,1,,83acd2e6,160615,grid,4,1347,1387,132,819,327,69,,0,0,0,0,0,0,0,0,0,0,0,0,0,0,2,,
2026-08-29T17:09:40.033Z,1788023380033,160663,1,,83acd2e6,160675,grid,4,1347,1387,132,820,327,69,,0,0,0,0,0,0,0,0,0,0,0,0,0,0,2,,
2026-08-29T17:10:40.052Z,1788023440052,160723,1,,83acd2e6,160735,grid,4,1347,1387,132,819,327,69,,0,0,0,0,0,0,0,0,0,0,0,0,0,0,2,,
2026-08-29T17:11:40.077Z,1788023500077,160783,1,,83acd2e6,160796,grid,4,1349,1387,132,817,331,69,,0,0,0,0,0,0,0,0,0,0,0,0,0,0,2,,
2026-08-29T17:12:40.095Z,1788023560095,160843,1,,83acd2e6,160856,grid,4,1344,1387,132,817,327,69,,0,0,0,0,0,0,0,0,0,0,0,0,0,0,2,,
2026-08-29T17:13:40.108Z,1788023620108,160904,1,,83acd2e6,160916,grid,4,1343,1387,132,816,326,69,,0,0,0,0,0,0,0,0,0,0,0,0,0,0,2,,
2026-08-29T17:14:40.120Z,1788023680120,160964,1,,83acd2e6,160976,grid,4,1344,1387,132,816,327,69,,0,0,0,0,0,0,0,0,0,0,0,0,0,0,2,,
2026-08-29T17:15:40.132Z,1788023740132,161024,1,,83acd2e6,161036,grid,4,1343,1387,132,816,327,69,,0,0,0,0,0,0,0,0,0,0,0,0,0,0,2,,
2026-08-29T17:16:40.141Z,1788023800141,161084,1,,83acd2e6,161096,grid,4,1344,1387,132,816,327,69,,0,0,0,0,0,0,0,0,0,0,0,0,0,0,2,,
2026-08-29T17:17:40.165Z,1788023860165,161144,1,,83acd2e6,161156,grid,4,1343,1387,131,816,327,69,,0,0,0,0,0,0,0,0,0,0,0,0,0,0,2,,
2026-08-29T17:18:40.182Z,1788023920182,161204,1,,83acd2e6,161216,grid,4,1342,1387,131,815,327,69,,0,0,0,0,0,0,0,0,0,0,0,0,0,0,2,,
2026-08-29T17:19:40.198Z,1788023980198,161264,1,,83acd2e6,161276,grid,4,1343,1387,131,816,326,69,,0,0,0,0,0,0,0,0,0,0,0,0,0,0,2,,
2026-08-29T17:20:40.214Z,1788024040214,161324,1,,83acd2e6,161336,grid,4,1343,1387,131,816,327,69,,0,0,0,0,0,0,0,0,0,0,0,0,0,0,2,,
2026-08-29T17:21:40.231Z,1788024100231,161384,1,,83acd2e6,161396,grid,4,1343,1387,131,816,327,69,,0,0,0,0,0,0,0,0,0,0,0,0,0,0,2,,
2026-08-29T17:22:40.246Z,1788024160246,161444,1,,83acd2e6,161456,grid,4,1343,1387,131,816,326,69,,0,0,0,0,0,0,0,0,0,0,0,0,0,0,2,,
2026-08-29T17:23:40.271Z,1788024220271,161504,1,,83acd2e6,161516,grid,4,1344,1387,131,817,326,69,,0,0,0,0,0,0,0,0,0,0,0,0,0,0,2,,
2026-08-29T17:24:40.279Z,1788024280279,161564,1,,83acd2e6,161576,grid,4,1344,1387,132,817,327,69,,0,0,0,0,0,0,0,0,0,0,0,0,0,0,2,,
2026-08-29T17:25:40.292Z,1788024340292,161624,1,,83acd2e6,161636,grid,4,1344,1387,132,817,326,69,,0,0,0,0,0,0,0,0,0,0,0,0,0,0,2,,
2026-08-29T17:26:40.307Z,1788024400307,161684,1,,83acd2e6,161696,grid,4,1345,1387,132,818,326,69,,0,0,0,0,0,0,0,0,0,0,0,0,0,0,2,,
2026-08-29T17:27:40.321Z,1788024460321,161744,1,,83acd2e6,161756,grid,4,1344,1387,132,817,326,69,,0,0,0,0,0,0,0,0,0,0,0,0,0,0,2,,
2026-08-29T17:28:40.336Z,1788024520336,161804,1,,83acd2e6,161816,grid,4,1345,1387,132,817,327,69,,0,0,0,0,0,0,0,0,0,0,0,0,0,0,2,,
2026-08-29T17:29:40.351Z,1788024580351,161864,1,,83acd2e6,161876,grid,4,1344,1387,132,817,327,69,,0,0,0,0,0,0,0,0,0,0,0,0,0,0,2,,
2026-08-29T17:30:40.359Z,1788024640359,161924,1,,83acd2e6,161936,grid,4,1345,1387,132,817,327,69,,0,0,0,0,0,0,0,0,0,0,0,0,0,0,2,,
2026-08-29T17:31:40.377Z,1788024700377,161984,1,,83acd2e6,161996,grid,4,1345,1387,132,818,327,69,,0,0,0,0,0,0,0,0,0,0,0,0,0,0,2,,
2026-08-29T17:32:40.394Z,1788024760394,162044,1,,83acd2e6,162056,grid,4,1343,1387,132,816,327,69,,0,0,0,0,0,0,0,0,0,0,0,0,0,0,2,,
2026-08-29T17:33:40.404Z,1788024820404,162104,1,,83acd2e6,162116,grid,4,1352,1387,132,823,327,69,,0,0,0,0,0,0,0,0,0,0,0,0,0,0,2,,
2026-08-29T17:34:40.415Z,1788024880415,162164,1,,83acd2e6,162176,grid,4,1350,1387,132,822,327,69,,0,0,0,0,0,0,0,0,0,0,0,0,0,0,2,,
2026-08-29T17:35:40.435Z,1788024940435,162224,1,,83acd2e6,162236,grid,4,1349,1387,132,821,327,69,,0,0,0,0,0,0,0,0,0,0,0,0,0,0,2,,
2026-08-29T17:36:40.448Z,1788025000448,162284,1,,83acd2e6,162296,grid,4,1349,1387,132,822,327,69,,0,0,0,0,0,0,0,0,0,0,0,0,0,0,2,,
2026-08-29T17:37:40.466Z,1788025060466,162344,1,,83acd2e6,162356,grid,4,1349,1387,132,822,327,69,,0,0,0,0,0,0,0,0,0,0,0,0,0,0,2,,
2026-08-29T17:38:40.478Z,1788025120478,162404,1,,83acd2e6,162416,grid,4,1347,1387,132,819,326,69,,0,0,0,0,0,0,0,0,0,0,0,0,0,0,2,,
2026-08-29T17:39:40.491Z,1788025180491,162464,1,,83acd2e6,162476,grid,4,1344,1387,131,817,326,69,,0,0,0,0,0,0,0,0,0,0,0,0,0,0,2,,
2026-08-29T17:40:40.504Z,1788025240504,162524,1,,83acd2e6,162536,grid,4,1343,1387,131,816,327,69,,0,0,0,0,0,0,0,0,0,0,0,0,0,0,2,,
2026-08-29T17:41:40.517Z,1788025300517,162584,1,,83acd2e6,162596,grid,4,1343,1387,131,816,327,69,,0,0,0,0,0,0,0,0,0,0,0,0,0,0,2,,
2026-08-29T17:42:40.532Z,1788025360532,162644,1,,83acd2e6,162656,grid,4,1343,1387,131,816,326,69,,0,0,0,0,0,0,0,0,0,0,0,0,0,0,2,,
2026-08-29T17:43:40.539Z,1788025420539,162704,1,,83acd2e6,162716,grid,4,1343,1387,131,816,326,69,,0,0,0,0,0,0,0,0,0,0,0,0,0,0,2,,
2026-08-29T17:44:40.554Z,1788025480554,162764,1,,83acd2e6,162776,grid,4,1344,1387,131,817,326,69,,0,0,0,0,0,0,0,0,0,0,0,0,0,0,2,,
2026-08-29T17:45:40.564Z,1788025540564,162824,1,,83acd2e6,162836,grid,4,1343,1387,131,816,326,69,,0,0,0,0,0,0,0,0,0,0,0,0,0,0,2,,
2026-08-29T17:46:40.587Z,1788025600587,162884,1,,83acd2e6,162896,grid,4,1344,1387,132,817,327,69,,0,0,0,0,0,0,0,0,0,0,0,0,0,0,2,,
2026-08-29T17:47:40.608Z,1788025660608,162944,1,,83acd2e6,162956,grid,4,1344,1387,132,817,326,69,,0,0,0,0,0,0,0,0,0,0,0,0,0,0,2,,
2026-08-29T17:48:40.624Z,1788025720624,163004,1,,83acd2e6,163016,grid,4,1344,1387,132,817,326,69,,0,0,0,0,0,0,0,0,0,0,0,0,0,0,2,,
2026-08-29T17:49:40.636Z,1788025780636,163064,1,,83acd2e6,163076,grid,4,1345,1387,132,817,327,69,,0,0,0,0,0,0,0,0,0,0,0,0,0,0,2,,
2026-08-29T17:50:40.653Z,1788025840653,163124,1,,83acd2e6,163136,grid,4,1344,1387,132,817,327,69,,0,0,0,0,0,0,0,0,0,0,0,0,0,0,2,,
2026-08-29T17:51:40.666Z,1788025900666,163184,1,,83acd2e6,163196,grid,4,1345,1387,132,817,327,69,,0,0,0,0,0,0,0,0,0,0,0,0,0,0,2,,
2026-08-29T17:52:40.677Z,1788025960677,163244,1,,83acd2e6,163256,grid,4,1345,1387,132,817,327,69,,0,0,0,0,0,0,0,0,0,0,0,0,0,0,2,,
2026-08-29T17:53:40.686Z,1788026020686,163304,1,,83acd2e6,163316,grid,4,1344,1387,132,817,327,69,,0,0,0,0,0,0,0,0,0,0,0,0,0,0,2,,
2026-08-29T17:54:40.701Z,1788026080701,163364,1,,83acd2e6,163376,grid,4,1345,1387,132,817,327,69,,0,0,0,0,0,0,0,0,0,0,0,0,0,0,2,,
2026-08-29T17:55:40.727Z,1788026140727,163424,1,,83acd2e6,163436,grid,4,1345,1387,132,817,327,69,,0,0,0,0,0,0,0,0,0,0,0,0,0,0,2,,
2026-08-29T17:56:40.736Z,1788026200736,163484,1,,83acd2e6,163496,grid,4,1345,1387,132,817,327,69,,0,0,0,0,0,0,0,0,0,0,0,0,0,0,2,,
2026-08-29T17:57:40.756Z,1788026260756,163544,1,,83acd2e6,163556,grid,4,1344,1387,132,817,327,69,,0,0,0,0,0,0,0,0,0,0,0,0,0,0,2,,
2026-08-29T17:58:40.777Z,1788026320777,163604,1,,83acd2e6,163616,grid,4,1345,1387,132,817,327,69,,0,0,0,0,0,0,0,0,0,0,0,0,0,0,2,,
2026-08-29T17:59:40.787Z,1788026380787,163664,1,,83acd2e6,163676,grid,4,1345,1387,132,818,327,69,,0,0,0,0,0,0,0,0,0,0,0,0,0,0,2,,
2026-08-29T18:00:40.803Z,1788026440803,163724,1,,83acd2e6,163736,grid,4,1345,1387,132,817,327,69,,0,0,0,0,0,0,0,0,0,0,0,0,0,0,2,,
2026-08-29T18:01:40.820Z,1788026500820,163784,1,,83acd2e6,163796,grid,4,1345,1387,131,818,327,69,,0,0,0,0,0,0,0,0,0,0,0,0,0,0,2,,
2026-08-29T18:02:40.831Z,1788026560831,163844,1,,83acd2e6,163856,grid,4,1346,1387,131,818,327,69,,0,0,0,0,0,0,0,0,0,0,0,0,0,0,2,,
2026-08-29T18:03:40.841Z,1788026620841,163904,1,,83acd2e6,163916,grid,4,1356,1387,131,828,328,69,,0,0,0,0,0,0,0,0,0,0,0,0,0,0,2,,
2026-08-29T18:04:40.862Z,1788026680862,163964,1,,83acd2e6,163976,grid,4,1353,1387,132,825,328,69,,0,0,0,0,0,0,0,0,0,0,0,0,0,0,2,,
2026-08-29T18:05:40.877Z,1788026740877,164024,1,,83acd2e6,164036,grid,4,1352,1387,132,825,327,69,,0,0,0,0,0,0,0,0,0,0,0,0,0,0,2,,
2026-08-29T18:06:40.886Z,1788026800886,164084,1,,83acd2e6,164096,grid,4,1353,1387,132,825,327,69,,0,0,0,0,0,0,0,0,0,0,0,0,0,0,2,,
2026-08-29T18:07:40.902Z,1788026860902,164144,1,,83acd2e6,164156,grid,4,1357,1387,132,825,331,69,,0,0,0,0,0,0,0,0,0,0,0,0,0,0,2,,
2026-08-29T18:08:40.923Z,1788026920923,164204,1,,83acd2e6,164216,grid,4,1354,1387,132,822,331,69,,0,0,0,0,0,0,0,0,0,0,0,0,0,0,2,,
2026-08-29T18:09:40.933Z,1788026980933,164264,1,,83acd2e6,164276,grid,4,1348,1387,132,820,327,69,,0,0,0,0,0,0,0,0,0,0,0,0,0,0,2,,
2026-08-29T18:10:40.953Z,1788027040953,164324,1,,83acd2e6,164336,grid,4,1347,1387,132,819,327,69,,0,0,0,0,0,0,0,0,0,0,0,0,0,0,2,,
2026-08-29T18:11:40.964Z,1788027100964,164384,1,,83acd2e6,164396,grid,4,1347,1387,132,820,327,69,,0,0,0,0,0,0,0,0,0,0,0,0,0,0,2,,
2026-08-29T18:12:40.974Z,1788027160974,164444,1,,83acd2e6,164456,grid,4,1347,1387,132,819,327,69,,0,0,0,0,0,0,0,0,0,0,0,0,0,0,2,,
2026-08-29T18:13:40.990Z,1788027220990,164504,1,,83acd2e6,164516,grid,4,1347,1387,132,819,327,69,,0,0,0,0,0,0,0,0,0,0,0,0,0,0,2,,
2026-08-29T18:14:41.007Z,1788027281007,164564,1,,83acd2e6,164576,grid,4,1347,1387,132,819,327,69,,0,0,0,0,0,0,0,0,0,0,0,0,0,0,2,,
2026-08-29T18:15:41.032Z,1788027341032,164624,1,,83acd2e6,164636,grid,4,1346,1387,132,818,327,69,,0,0,0,0,0,0,0,0,0,0,0,0,0,0,2,,
2026-08-29T18:16:41.046Z,1788027401046,164684,1,,83acd2e6,164696,grid,4,1347,1387,132,819,327,69,,0,0,0,0,0,0,0,0,0,0,0,0,0,0,2,,
2026-08-29T18:17:41.058Z,1788027461058,164744,1,,83acd2e6,164756,grid,4,1346,1387,132,819,327,69,,0,0,0,0,0,0,0,0,0,0,0,0,0,0,2,,
2026-08-29T18:18:41.071Z,1788027521071,164804,1,,83acd2e6,164817,grid,4,1347,1387,132,819,327,69,,0,0,0,0,0,0,0,0,0,0,0,0,0,0,2,,
2026-08-29T18:19:41.094Z,1788027581094,164864,1,,83acd2e6,164877,grid,4,1345,1387,132,817,327,69,,0,0,0,0,0,0,0,0,0,0,0,0,0,0,2,,
2026-08-29T18:20:41.107Z,1788027641107,164925,1,,83acd2e6,164937,grid,4,1345,1387,132,818,327,69,,0,0,0,0,0,0,0,0,0,0,0,0,0,0,2,,
2026-08-29T18:21:41.131Z,1788027701131,164985,1,,83acd2e6,164997,grid,4,1346,1387,132,819,327,69,,0,0,0,0,0,0,0,0,0,0,0,0,0,0,2,,
2026-08-29T18:22:41.139Z,1788027761139,165045,1,,83acd2e6,165057,grid,4,1346,1387,132,818,327,69,,0,0,0,0,0,0,0,0,0,0,0,0,0,0,2,,
2026-08-29T18:23:41.150Z,1788027821150,165105,1,,83acd2e6,165117,grid,4,1346,1387,131,819,327,69,,0,0,0,0,0,0,0,0,0,0,0,0,0,0,2,,
2026-08-29T18:24:41.160Z,1788027881160,165165,1,,83acd2e6,165177,grid,4,1345,1387,131,818,327,69,,0,0,0,0,0,0,0,0,0,0,0,0,0,0,2,,
2026-08-29T18:25:41.185Z,1788027941185,165225,1,,83acd2e6,165237,grid,4,1346,1387,132,818,327,69,,0,0,0,0,0,0,0,0,0,0,0,0,0,0,2,,
2026-08-29T18:26:41.200Z,1788028001200,165285,1,,83acd2e6,165297,grid,4,1346,1387,132,819,327,69,,0,0,0,0,0,0,0,0,0,0,0,0,0,0,2,,
2026-08-29T18:27:41.213Z,1788028061213,165345,1,,83acd2e6,165357,grid,4,1347,1387,132,820,327,69,,0,0,0,0,0,0,0,0,0,0,0,0,0,0,2,,
2026-08-29T18:28:41.220Z,1788028121220,165405,1,,83acd2e6,165417,grid,4,1346,1387,132,819,327,69,,0,0,0,0,0,0,0,0,0,0,0,0,0,0,2,,
2026-08-29T18:29:41.236Z,1788028181236,165465,1,,83acd2e6,165477,grid,4,1346,1387,132,819,327,69,,0,0,0,0,0,0,0,0,0,0,0,0,0,0,2,,
2026-08-29T18:30:41.247Z,1788028241247,165525,1,,83acd2e6,165537,grid,4,1347,1387,132,819,327,69,,0,0,0,0,0,0,0,0,0,0,0,0,0,0,2,,
2026-08-29T18:31:41.269Z,1788028301269,165585,1,,83acd2e6,165597,grid,4,1347,1387,132,819,327,69,,0,0,0,0,0,0,0,0,0,0,0,0,0,0,2,,
2026-08-29T18:32:41.287Z,1788028361287,165645,1,,83acd2e6,165657,grid,4,1362,1387,132,825,336,69,,0,0,0,0,0,0,0,0,0,0,0,0,0,0,2,,
2026-08-29T18:33:41.299Z,1788028421299,165705,1,,83acd2e6,165717,grid,4,1356,1387,132,823,332,69,,0,0,0,0,0,0,0,0,0,0,0,0,0,0,2,,
2026-08-29T18:34:41.314Z,1788028481314,165765,1,,83acd2e6,165777,grid,4,1352,1387,132,823,328,69,,0,0,0,0,0,0,0,0,0,0,0,0,0,0,2,,
2026-08-29T18:35:41.322Z,1788028541322,165825,1,,83acd2e6,165837,grid,4,1351,1387,132,822,327,69,,0,0,0,0,0,0,0,0,0,0,0,0,0,0,2,,
2026-08-29T18:36:41.335Z,1788028601335,165885,1,,83acd2e6,165897,grid,4,1349,1387,132,821,327,69,,0,0,0,0,0,0,0,0,0,0,0,0,0,0,2,,
2026-08-29T18:37:41.349Z,1788028661349,165945,1,,83acd2e6,165957,grid,4,1346,1387,132,817,327,69,,0,0,0,0,0,0,0,0,0,0,0,0,0,0,2,,
2026-08-29T18:38:41.368Z,1788028721368,166005,1,,83acd2e6,166017,grid,4,1345,1387,132,818,327,69,,0,0,0,0,0,0,0,0,0,0,0,0,0,0,2,,
2026-08-29T18:39:41.389Z,1788028781389,166065,1,,83acd2e6,166077,grid,4,1346,1387,132,818,327,69,,0,0,0,0,0,0,0,0,0,0,0,0,0,0,2,,
2026-08-29T18:40:41.400Z,1788028841400,166125,1,,83acd2e6,166137,grid,4,1345,1387,132,817,327,69,,0,0,0,0,0,0,0,0,0,0,0,0,0,0,2,,
2026-08-29T18:41:41.422Z,1788028901422,166185,1,,83acd2e6,166197,grid,4,1347,1387,132,818,327,69,,0,0,0,0,0,0,0,0,0,0,0,0,0,0,2,,
2026-08-29T18:42:41.445Z,1788028961445,166245,1,,83acd2e6,166257,grid,4,1346,1387,132,818,327,69,,0,0,0,0,0,0,0,0,0,0,0,0,0,0,2,,
2026-08-29T18:43:41.461Z,1788029021461,166305,1,,83acd2e6,166317,grid,4,1345,1387,132,817,327,69,,0,0,0,0,0,0,0,0,0,0,0,0,0,0,2,,
2026-08-29T18:44:41.472Z,1788029081472,166365,1,,83acd2e6,166377,grid,4,1345,1387,132,817,327,69,,0,0,0,0,0,0,0,0,0,0,0,0,0,0,2,,
2026-08-29T18:45:41.483Z,1788029141483,166425,1,,83acd2e6,166437,grid,4,1345,1387,131,817,327,69,,0,0,0,0,0,0,0,0,0,0,0,0,0,0,2,,
2026-08-29T18:46:41.500Z,1788029201500,166485,1,,83acd2e6,166497,grid,4,1345,1387,132,817,327,69,,0,0,0,0,0,0,0,0,0,0,0,0,0,0,2,,
2026-08-29T18:47:41.519Z,1788029261519,166545,1,,83acd2e6,166557,grid,4,1345,1387,132,817,327,69,,0,0,0,0,0,0,0,0,0,0,0,0,0,0,2,,
2026-08-29T18:48:41.536Z,1788029321536,166605,1,,83acd2e6,166617,grid,4,1345,1387,132,818,327,69,,0,0,0,0,0,0,0,0,0,0,0,0,0,0,2,,
2026-08-29T18:49:41.544Z,1788029381544,166665,1,,83acd2e6,166677,grid,4,1345,1387,132,818,327,69,,0,0,0,0,0,0,0,0,0,0,0,0,0,0,2,,
2026-08-29T18:50:41.563Z,1788029441563,166725,1,,83acd2e6,166737,grid,4,1345,1387,132,818,327,69,,0,0,0,0,0,0,0,0,0,0,0,0,0,0,2,,
2026-08-29T18:51:41.583Z,1788029501583,166785,1,,83acd2e6,166797,grid,4,1346,1387,132,818,327,69,,0,0,0,0,0,0,0,0,0,0,0,0,0,0,2,,
2026-08-29T18:52:41.592Z,1788029561592,166845,1,,83acd2e6,166857,grid,4,1345,1387,132,818,327,69,,0,0,0,0,0,0,0,0,0,0,0,0,0,0,2,,
2026-08-29T18:53:41.606Z,1788029621606,166905,1,,83acd2e6,166917,grid,4,1346,1387,132,818,327,69,,0,0,0,0,0,0,0,0,0,0,0,0,0,0,2,,
2026-08-29T18:54:41.617Z,1788029681617,166965,1,,83acd2e6,166977,grid,4,1346,1387,132,818,327,69,,0,0,0,0,0,0,0,0,0,0,0,0,0,0,2,,
2026-08-29T18:55:41.634Z,1788029741634,167025,1,,83acd2e6,167037,grid,4,1346,1387,132,818,327,69,,0,0,0,0,0,0,0,0,0,0,0,0,0,0,2,,
2026-08-29T18:56:41.654Z,1788029801654,167085,1,,83acd2e6,167097,grid,4,1347,1387,132,819,327,69,,0,0,0,0,0,0,0,0,0,0,0,0,0,0,2,,
2026-08-29T18:57:41.670Z,1788029861670,167145,1,,83acd2e6,167157,grid,4,1347,1387,132,819,327,69,,0,0,0,0,0,0,0,0,0,0,0,0,0,0,2,,
2026-08-29T18:58:41.688Z,1788029921688,167205,1,,83acd2e6,167217,grid,4,1346,1387,132,819,327,69,,0,0,0,0,0,0,0,0,0,0,0,0,0,0,2,,
2026-08-29T18:59:41.711Z,1788029981711,167265,1,,83acd2e6,167277,grid,4,1345,1387,132,817,327,69,,0,0,0,0,0,0,0,0,0,0,0,0,0,0,2,,
2026-08-29T19:00:41.734Z,1788030041734,167325,1,,83acd2e6,167337,grid,4,1345,1387,132,817,327,69,,0,0,0,0,0,0,0,0,0,0,0,0,0,0,2,,
2026-08-29T19:01:41.739Z,1788030101739,167385,1,,83acd2e6,167397,grid,4,1346,1387,132,818,327,69,,0,0,0,0,0,0,0,0,0,0,0,0,0,0,2,,
2026-08-29T19:02:41.749Z,1788030161749,167445,1,,83acd2e6,167457,grid,4,1362,1387,132,829,332,69,,0,0,0,0,0,0,0,0,0,0,0,0,0,0,2,,
2026-08-29T19:03:41.767Z,1788030221767,167505,1,,83acd2e6,167517,grid,4,1353,1387,132,825,327,69,,0,0,0,0,0,0,0,0,0,0,0,0,0,0,2,,
2026-08-29T19:04:41.777Z,1788030281777,167565,1,,83acd2e6,167577,grid,4,1356,1387,132,824,331,69,,0,0,0,0,0,0,0,0,0,0,0,0,0,0,2,,
2026-08-29T19:05:41.798Z,1788030341798,167625,1,,83acd2e6,167637,grid,4,1352,1387,132,824,327,69,,0,0,0,0,0,0,0,0,0,0,0,0,0,0,2,,
2026-08-29T19:06:41.809Z,1788030401809,167685,1,,83acd2e6,167697,grid,4,1352,1387,131,824,327,69,,0,0,0,0,0,0,0,0,0,0,0,0,0,0,2,,
2026-08-29T19:07:41.819Z,1788030461819,167745,1,,83acd2e6,167757,grid,4,1348,1387,131,820,327,69,,0,0,0,0,0,0,0,0,0,0,0,0,0,0,2,,
2026-08-29T19:08:41.827Z,1788030521827,167805,1,,83acd2e6,167817,grid,4,1348,1387,132,821,327,69,,0,0,0,0,0,0,0,0,0,0,0,0,0,0,2,,
2026-08-29T19:09:41.845Z,1788030581845,167865,1,,83acd2e6,167877,grid,4,1348,1387,132,821,326,69,,0,0,0,0,0,0,0,0,0,0,0,0,0,0,2,,
2026-08-29T19:10:41.864Z,1788030641864,167925,1,,83acd2e6,167937,grid,4,1348,1387,132,821,327,69,,0,0,0,0,0,0,0,0,0,0,0,0,0,0,2,,
2026-08-29T19:11:41.880Z,1788030701880,167985,1,,83acd2e6,167997,grid,4,1348,1387,132,821,327,69,,0,0,0,0,0,0,0,0,0,0,0,0,0,0,2,,
2026-08-29T19:12:41.889Z,1788030761889,168045,1,,83acd2e6,168057,grid,4,1346,1387,132,819,326,69,,0,0,0,0,0,0,0,0,0,0,0,0,0,0,2,,
2026-08-29T19:13:41.910Z,1788030821910,168105,1,,83acd2e6,168117,grid,4,1346,1387,132,819,326,69,,0,0,0,0,0,0,0,0,0,0,0,0,0,0,2,,
2026-08-29T19:14:41.935Z,1788030881935,168165,1,,83acd2e6,168177,grid,4,1347,1387,132,820,326,69,,0,0,0,0,0,0,0,0,0,0,0,0,0,0,2,,
2026-08-29T19:15:41.957Z,1788030941957,168225,1,,83acd2e6,168237,grid,4,1347,1387,132,819,326,69,,0,0,0,0,0,0,0,0,0,0,0,0,0,0,2,,
2026-08-29T19:16:41.970Z,1788031001970,168285,1,,83acd2e6,168297,grid,4,1347,1387,132,819,327,69,,0,0,0,0,0,0,0,0,0,0,0,0,0,0,2,,
2026-08-29T19:17:41.987Z,1788031061987,168345,1,,83acd2e6,168357,grid,4,1346,1387,132,819,326,69,,0,0,0,0,0,0,0,0,0,0,0,0,0,0,2,,
2026-08-29T19:18:41.998Z,1788031121998,168405,1,,83acd2e6,168417,grid,4,1346,1387,132,819,326,69,,0,0,0,0,0,0,0,0,0,0,0,0,0,0,2,,
2026-08-29T19:19:42.010Z,1788031182010,168465,1,,83acd2e6,168477,grid,4,1346,1387,132,818,327,69,,0,0,0,0,0,0,0,0,0,0,0,0,0,0,2,,
2026-08-29T19:20:42.032Z,1788031242032,168525,1,,83acd2e6,168537,grid,4,1346,1387,132,818,327,69,,0,0,0,0,0,0,0,0,0,0,0,0,0,0,2,,
2026-08-29T19:21:42.049Z,1788031302049,168585,1,,83acd2e6,168597,grid,4,1347,1387,132,819,327,69,,0,0,0,0,0,0,0,0,0,0,0,0,0,0,2,,
2026-08-29T19:22:42.068Z,1788031362068,168645,1,,83acd2e6,168658,grid,4,1346,1387,132,819,327,69,,0,0,0,0,0,0,0,0,0,0,0,0,0,0,2,,
2026-08-29T19:23:42.081Z,1788031422081,168705,1,,83acd2e6,168718,grid,4,1347,1387,132,819,327,69,,0,0,0,0,0,0,0,0,0,0,0,0,0,0,2,,
2026-08-29T19:24:42.107Z,1788031482107,168766,1,,83acd2e6,168778,grid,4,1346,1387,132,818,327,69,,0,0,0,0,0,0,0,0,0,0,0,0,0,0,2,,
2026-08-29T19:25:42.131Z,1788031542131,168826,1,,83acd2e6,168838,grid,4,1345,1387,132,817,327,69,,0,0,0,0,0,0,0,0,0,0,0,0,0,0,2,,
2026-08-29T19:26:42.145Z,1788031602145,168886,1,,83acd2e6,168898,grid,4,1346,1387,132,818,327,69,,0,0,0,0,0,0,0,0,0,0,0,0,0,0,2,,
2026-08-29T19:27:42.159Z,1788031662159,168946,1,,83acd2e6,168958,grid,4,1346,1387,132,819,327,69,,0,0,0,0,0,0,0,0,0,0,0,0,0,0,2,,
2026-08-29T19:28:42.176Z,1788031722176,169006,1,,83acd2e6,169018,grid,4,1347,1387,132,819,327,69,,0,0,0,0,0,0,0,0,0,0,0,0,0,0,2,,
2026-08-29T19:29:42.188Z,1788031782188,169066,1,,83acd2e6,169078,grid,4,1346,1387,132,819,327,69,,0,0,0,0,0,0,0,0,0,0,0,0,0,0,2,,
2026-08-29T19:30:42.209Z,1788031842209,169126,1,,83acd2e6,169138,grid,4,1346,1387,132,819,327,69,,0,0,0,0,0,0,0,0,0,0,0,0,0,0,2,,
2026-08-29T19:31:42.221Z,1788031902221,169186,1,,83acd2e6,169198,grid,4,1346,1387,132,819,327,69,,0,0,0,0,0,0,0,0,0,0,0,0,0,0,2,,
2026-08-29T19:32:42.243Z,1788031962243,169246,1,,83acd2e6,169258,grid,4,1373,1387,132,838,334,69,,0,0,0,0,0,0,0,0,0,0,0,0,0,0,2,,
2026-08-29T19:33:42.253Z,1788032022253,169306,1,,83acd2e6,169318,grid,4,1356,1387,132,827,328,69,,0,0,0,0,0,0,0,0,0,0,0,0,0,0,2,,
2026-08-29T19:34:42.265Z,1788032082265,169366,1,,83acd2e6,169378,grid,4,1356,1387,132,827,328,69,,0,0,0,0,0,0,0,0,0,0,0,0,0,0,2,,
2026-08-29T19:35:42.276Z,1788032142276,169426,1,,83acd2e6,169438,grid,4,1355,1387,132,826,328,69,,0,0,0,0,0,0,0,0,0,0,0,0,0,0,2,,
2026-08-29T19:36:42.303Z,1788032202303,169486,1,,83acd2e6,169498,grid,4,1355,1387,132,826,328,69,,0,0,0,0,0,0,0,0,0,0,0,0,0,0,2,,
2026-08-29T19:37:42.322Z,1788032262322,169546,1,,83acd2e6,169558,grid,4,1352,1387,132,823,328,69,,0,0,0,0,0,0,0,0,0,0,0,0,0,0,2,,
2026-08-29T19:38:42.336Z,1788032322336,169606,1,,83acd2e6,169618,grid,4,1352,1387,132,823,328,69,,0,0,0,0,0,0,0,0,0,0,0,0,0,0,2,,
2026-08-29T19:39:42.351Z,1788032382351,169666,1,,83acd2e6,169678,grid,4,1352,1387,132,824,328,69,,0,0,0,0,0,0,0,0,0,0,0,0,0,0,2,,
2026-08-29T19:40:42.367Z,1788032442367,169726,1,,83acd2e6,169738,grid,4,1352,1387,132,823,328,69,,0,0,0,0,0,0,0,0,0,0,0,0,0,0,2,,
2026-08-29T19:41:42.383Z,1788032502383,169786,1,,83acd2e6,169798,grid,4,1349,1387,132,821,328,69,,0,0,0,0,0,0,0,0,0,0,0,0,0,0,2,,
2026-08-29T19:42:42.398Z,1788032562398,169846,1,,83acd2e6,169858,grid,4,1348,1387,132,819,328,69,,0,0,0,0,0,0,0,0,0,0,0,0,0,0,2,,
2026-08-29T19:43:42.421Z,1788032622421,169906,1,,83acd2e6,169918,grid,4,1348,1387,132,820,328,69,,0,0,0,0,0,0,0,0,0,0,0,0,0,0,2,,
2026-08-29T19:44:42.434Z,1788032682434,169966,1,,83acd2e6,169978,grid,4,1349,1387,132,820,327,69,,0,0,0,0,0,0,0,0,0,0,0,0,0,0,2,,
2026-08-29T19:45:42.454Z,1788032742454,170026,1,,83acd2e6,170038,grid,4,1348,1387,132,820,328,69,,0,0,0,0,0,0,0,0,0,0,0,0,0,0,2,,
2026-08-29T19:46:42.474Z,1788032802474,170086,1,,83acd2e6,170098,grid,4,1353,1387,132,820,332,69,,0,0,0,0,0,0,0,0,0,0,0,0,0,0,2,,
2026-08-29T19:47:42.488Z,1788032862488,170146,1,,83acd2e6,170158,grid,4,1349,1387,132,820,328,69,,0,0,0,0,0,0,0,0,0,0,0,0,0,0,2,,
2026-08-29T19:48:42.509Z,1788032922509,170206,1,,83acd2e6,170218,grid,4,1349,1387,132,820,328,69,,0,0,0,0,0,0,0,0,0,0,0,0,0,0,2,,
2026-08-29T19:49:42.523Z,1788032982523,170266,1,,83acd2e6,170278,grid,4,1349,1387,132,821,327,69,,0,0,0,0,0,0,0,0,0,0,0,0,0,0,2,,
2026-08-29T19:50:42.541Z,1788033042541,170326,1,,83acd2e6,170338,grid,4,1349,1387,132,820,327,69,,0,0,0,0,0,0,0,0,0,0,0,0,0,0,2,,
2026-08-29T19:51:42.561Z,1788033102561,170386,1,,83acd2e6,170398,grid,4,1349,1387,132,821,327,69,,0,0,0,0,0,0,0,0,0,0,0,0,0,0,2,,
2026-08-29T19:52:42.585Z,1788033162585,170446,1,,83acd2e6,170458,grid,4,1348,1387,132,820,327,69,,0,0,0,0,0,0,0,0,0,0,0,0,0,0,2,,
2026-08-29T19:53:42.598Z,1788033222598,170506,1,,83acd2e6,170518,grid,4,1349,1387,133,820,327,69,,0,0,0,0,0,0,0,0,0,0,0,0,0,0,2,,
2026-08-29T19:54:42.617Z,1788033282617,170566,1,,83acd2e6,170578,grid,4,1349,1387,133,821,327,69,,0,0,0,0,0,0,0,0,0,0,0,0,0,0,2,,
2026-08-29T19:55:42.632Z,1788033342632,170626,1,,83acd2e6,170638,grid,4,1348,1387,133,820,327,69,,0,0,0,0,0,0,0,0,0,0,0,0,0,0,2,,
2026-08-29T19:56:42.654Z,1788033402654,170686,1,,83acd2e6,170698,grid,4,1349,1387,133,820,327,69,,0,0,0,0,0,0,0,0,0,0,0,0,0,0,2,,
2026-08-29T19:57:42.678Z,1788033462678,170746,1,,83acd2e6,170758,grid,4,1350,1387,133,821,327,69,,0,0,0,0,0,0,0,0,0,0,0,0,0,0,2,,
2026-08-29T19:58:42.691Z,1788033522691,170806,1,,83acd2e6,170818,grid,4,1348,1387,133,820,327,69,,0,0,0,0,0,0,0,0,0,0,0,0,0,0,2,,
2026-08-29T19:59:42.700Z,1788033582700,170866,1,,83acd2e6,170878,grid,4,1349,1387,133,820,327,69,,0,0,0,0,0,0,0,0,0,0,0,0,0,0,2,,
2026-08-29T20:00:42.713Z,1788033642713,170926,1,,83acd2e6,170938,grid,4,1349,1387,133,820,327,69,,0,0,0,0,0,0,0,0,0,0,0,0,0,0,2,,
2026-08-29T20:01:42.722Z,1788033702722,170986,1,,83acd2e6,170998,grid,4,1350,1387,133,821,327,69,,0,0,0,0,0,0,0,0,0,0,0,0,0,0,2,,
2026-08-29T20:02:42.739Z,1788033762739,171046,1,,83acd2e6,171058,grid,4,1372,1387,133,834,335,69,,0,0,0,0,0,0,0,0,0,0,0,0,0,0,2,,
2026-08-29T20:03:42.750Z,1788033822750,171106,1,,83acd2e6,171118,grid,4,1357,1387,133,827,328,69,,0,0,0,0,0,0,0,0,0,0,0,0,0,0,2,,
2026-08-29T20:04:42.766Z,1788033882766,171166,1,,83acd2e6,171178,grid,4,1357,1387,133,827,328,69,,0,0,0,0,0,0,0,0,0,0,0,0,0,0,2,,
2026-08-29T20:05:42.781Z,1788033942781,171226,1,,83acd2e6,171238,grid,4,1356,1387,133,826,328,69,,0,0,0,0,0,0,0,0,0,0,0,0,0,0,2,,
2026-08-29T20:06:42.791Z,1788034002791,171286,1,,83acd2e6,171298,grid,4,1357,1387,133,827,328,69,,0,0,0,0,0,0,0,0,0,0,0,0,0,0,2,,
2026-08-29T20:07:42.814Z,1788034062814,171346,1,,83acd2e6,171358,grid,4,1353,1387,133,823,328,69,,0,0,0,0,0,0,0,0,0,0,0,0,0,0,2,,
2026-08-29T20:08:42.835Z,1788034122835,171406,1,,83acd2e6,171418,grid,4,1352,1387,133,822,328,69,,0,0,0,0,0,0,0,0,0,0,0,0,0,0,2,,
2026-08-29T20:09:42.861Z,1788034182861,171466,1,,83acd2e6,171478,grid,4,1352,1387,133,822,328,69,,0,0,0,0,0,0,0,0,0,0,0,0,0,0,2,,
2026-08-29T20:10:42.873Z,1788034242873,171526,1,,83acd2e6,171538,grid,4,1352,1387,133,822,328,69,,0,0,0,0,0,0,0,0,0,0,0,0,0,0,2,,
2026-08-29T20:11:42.888Z,1788034302888,171586,1,,83acd2e6,171598,grid,4,1354,1387,133,820,332,69,,0,0,0,0,0,0,0,0,0,0,0,0,0,0,2,,
2026-08-29T20:12:42.903Z,1788034362903,171646,1,,83acd2e6,171658,grid,4,1350,1387,133,820,328,69,,0,0,0,0,0,0,0,0,0,0,0,0,0,0,2,,
2026-08-29T20:13:42.916Z,1788034422916,171706,1,,83acd2e6,171718,grid,4,1349,1387,132,820,328,69,,0,0,0,0,0,0,0,0,0,0,0,0,0,0,2,,
2026-08-29T20:14:42.931Z,1788034482931,171766,1,,83acd2e6,171778,grid,4,1350,1387,132,820,328,69,,0,0,0,0,0,0,0,0,0,0,0,0,0,0,2,,
2026-08-29T20:15:42.951Z,1788034542951,171826,1,,83acd2e6,171838,grid,4,1350,1387,132,821,328,69,,0,0,0,0,0,0,0,0,0,0,0,0,0,0,2,,
2026-08-29T20:16:42.969Z,1788034602969,171886,1,,83acd2e6,171898,grid,4,1349,1387,132,820,327,69,,0,0,0,0,0,0,0,0,0,0,0,0,0,0,2,,
2026-08-29T20:17:42.991Z,1788034662991,171946,1,,83acd2e6,171958,grid,4,1348,1387,132,820,327,69,,0,0,0,0,0,0,0,0,0,0,0,0,0,0,2,,
2026-08-29T20:18:43.009Z,1788034723009,172006,1,,83acd2e6,172018,grid,4,1348,1387,132,820,327,69,,0,0,0,0,0,0,0,0,0,0,0,0,0,0,2,,
2026-08-29T20:19:43.034Z,1788034783034,172066,1,,83acd2e6,172078,grid,4,1348,1387,132,819,327,69,,0,0,0,0,0,0,0,0,0,0,0,0,0,0,2,,
2026-08-29T20:20:43.053Z,1788034843053,172126,1,,83acd2e6,172138,grid,4,1348,1387,132,820,327,69,,0,0,0,0,0,0,0,0,0,0,0,0,0,0,2,,
2026-08-29T20:21:43.076Z,1788034903076,172186,1,,83acd2e6,172199,grid,4,1349,1387,132,820,327,69,,0,0,0,0,0,0,0,0,0,0,0,0,0,0,2,,
2026-08-29T20:22:43.092Z,1788034963092,172246,1,,83acd2e6,172259,grid,4,1348,1387,132,820,327,69,,0,0,0,0,0,0,0,0,0,0,0,0,0,0,2,,
2026-08-29T20:23:43.113Z,1788035023113,172307,1,,83acd2e6,172319,grid,4,1349,1387,132,820,327,69,,0,0,0,0,0,0,0,0,0,0,0,0,0,0,2,,
2026-08-29T20:24:43.137Z,1788035083137,172367,1,,83acd2e6,172379,grid,4,1348,1387,132,820,327,69,,0,0,0,0,0,0,0,0,0,0,0,0,0,0,2,,
2026-08-29T20:25:43.148Z,1788035143148,172427,1,,83acd2e6,172439,grid,4,1349,1387,132,820,327,69,,0,0,0,0,0,0,0,0,0,0,0,0,0,0,2,,
2026-08-29T20:26:43.162Z,1788035203162,172487,1,,83acd2e6,172499,grid,4,1349,1387,132,821,327,69,,0,0,0,0,0,0,0,0,0,0,0,0,0,0,2,,
2026-08-29T20:27:43.173Z,1788035263173,172547,1,,83acd2e6,172559,grid,4,1350,1387,132,821,327,69,,0,0,0,0,0,0,0,0,0,0,0,0,0,0,2,,
2026-08-29T20:28:43.197Z,1788035323197,172607,1,,83acd2e6,172619,grid,4,1349,1387,132,820,327,69,,0,0,0,0,0,0,0,0,0,0,0,0,0,0,2,,
2026-08-29T20:29:43.207Z,1788035383207,172667,1,,83acd2e6,172679,grid,4,1348,1387,132,820,327,69,,0,0,0,0,0,0,0,0,0,0,0,0,0,0,2,,
2026-08-29T20:30:43.218Z,1788035443218,172727,1,,83acd2e6,172739,grid,4,1349,1387,132,820,327,69,,0,0,0,0,0,0,0,0,0,0,0,0,0,0,2,,
2026-08-29T20:31:43.228Z,1788035503228,172787,1,,83acd2e6,172799,grid,4,1349,1387,132,820,327,69,,0,0,0,0,0,0,0,0,0,0,0,0,0,0,2,,
2026-08-29T20:32:43.240Z,1788035563240,172847,1,,83acd2e6,172859,grid,4,1395,1387,133,859,334,69,,0,0,0,0,0,0,0,0,0,0,0,0,0,0,2,,
2026-08-29T20:33:43.251Z,1788035623251,172907,1,,83acd2e6,172919,grid,4,1365,1388,133,835,328,69,,0,0,0,0,0,0,0,0,0,0,0,0,0,0,2,,
2026-08-29T20:34:43.269Z,1788035683269,172967,1,,83acd2e6,172979,grid,4,1362,1388,133,833,328,69,,0,0,0,0,0,0,0,0,0,0,0,0,0,0,2,,
2026-08-29T20:35:43.282Z,1788035743282,173027,1,,83acd2e6,173039,grid,4,1361,1388,132,833,328,69,,0,0,0,0,0,0,0,0,0,0,0,0,0,0,2,,
2026-08-29T20:36:43.290Z,1788035803290,173087,1,,83acd2e6,173099,grid,4,1362,1388,132,833,328,69,,0,0,0,0,0,0,0,0,0,0,0,0,0,0,2,,
2026-08-29T20:37:43.299Z,1788035863299,173147,1,,83acd2e6,173159,grid,4,1358,1388,132,829,328,69,,0,0,0,0,0,0,0,0,0,0,0,0,0,0,2,,
2026-08-29T20:38:43.308Z,1788035923308,173207,1,,83acd2e6,173219,grid,4,1358,1388,132,830,328,69,,0,0,0,0,0,0,0,0,0,0,0,0,0,0,2,,
2026-08-29T20:39:43.324Z,1788035983324,173267,1,,83acd2e6,173279,grid,4,1358,1388,132,829,327,69,,0,0,0,0,0,0,0,0,0,0,0,0,0,0,2,,
2026-08-29T20:40:43.337Z,1788036043337,173327,1,,83acd2e6,173339,grid,4,1358,1388,132,830,327,69,,0,0,0,0,0,0,0,0,0,0,0,0,0,0,2,,
2026-08-29T20:41:43.354Z,1788036103354,173387,1,,83acd2e6,173399,grid,4,1355,1388,132,826,327,69,,0,0,0,0,0,0,0,0,0,0,0,0,0,0,2,,
2026-08-29T20:42:43.369Z,1788036163369,173447,1,,83acd2e6,173459,grid,4,1354,1388,132,826,327,69,,0,0,0,0,0,0,0,0,0,0,0,0,0,0,2,,
2026-08-29T20:43:43.383Z,1788036223383,173507,1,,83acd2e6,173519,grid,4,1355,1388,132,826,327,69,,0,0,0,0,0,0,0,0,0,0,0,0,0,0,2,,
2026-08-29T20:44:43.391Z,1788036283391,173567,1,,83acd2e6,173579,grid,4,1358,1388,132,825,332,69,,0,0,0,0,0,0,0,0,0,0,0,0,0,0,2,,
2026-08-29T20:45:43.409Z,1788036343409,173627,1,,83acd2e6,173639,grid,4,1355,1388,132,826,328,69,,0,0,0,0,0,0,0,0,0,0,0,0,0,0,2,,
2026-08-29T20:46:43.420Z,1788036403420,173687,1,,83acd2e6,173699,grid,4,1356,1388,132,827,328,69,,0,0,0,0,0,0,0,0,0,0,0,0,0,0,2,,
2026-08-29T20:47:43.438Z,1788036463438,173747,1,,83acd2e6,173759,grid,4,1354,1388,132,826,327,69,,0,0,0,0,0,0,0,0,0,0,0,0,0,0,2,,
2026-08-29T20:48:43.456Z,1788036523456,173807,1,,83acd2e6,173819,grid,4,1354,1388,132,826,327,69,,0,0,0,0,0,0,0,0,0,0,0,0,0,0,2,,
2026-08-29T20:49:43.475Z,1788036583475,173867,1,,83acd2e6,173879,grid,4,1354,1388,132,826,327,69,,0,0,0,0,0,0,0,0,0,0,0,0,0,0,2,,
2026-08-29T20:50:43.484Z,1788036643484,173927,1,,83acd2e6,173939,grid,4,1355,1388,132,826,327,69,,0,0,0,0,0,0,0,0,0,0,0,0,0,0,2,,
2026-08-29T20:51:43.498Z,1788036703498,173987,1,,83acd2e6,173999,grid,4,1356,1388,132,827,327,69,,0,0,0,0,0,0,0,0,0,0,0,0,0,0,2,,
2026-08-29T20:52:43.517Z,1788036763517,174047,1,,83acd2e6,174059,grid,4,1355,1388,132,827,327,69,,0,0,0,0,0,0,0,0,0,0,0,0,0,0,2,,
2026-08-29T20:53:43.534Z,1788036823534,174107,1,,83acd2e6,174119,grid,4,1353,1388,132,824,327,69,,0,0,0,0,0,0,0,0,0,0,0,0,0,0,2,,
2026-08-29T20:54:43.544Z,1788036883544,174167,1,,83acd2e6,174179,grid,4,1352,1388,132,823,327,69,,0,0,0,0,0,0,0,0,0,0,0,0,0,0,2,,
2026-08-29T20:55:43.559Z,1788036943559,174227,1,,83acd2e6,174239,grid,4,1352,1388,132,823,327,69,,0,0,0,0,0,0,0,0,0,0,0,0,0,0,2,,
2026-08-29T20:56:43.577Z,1788037003577,174287,1,,83acd2e6,174299,grid,4,1352,1388,133,824,327,69,,0,0,0,0,0,0,0,0,0,0,0,0,0,0,2,,
2026-08-29T20:57:43.595Z,1788037063595,174347,1,,83acd2e6,174359,grid,4,1351,1388,132,824,327,69,,0,0,0,0,0,0,0,0,0,0,0,0,0,0,2,,
2026-08-29T20:58:43.611Z,1788037123611,174407,1,,83acd2e6,174419,grid,4,1351,1388,132,823,327,69,,0,0,0,0,0,0,0,0,0,0,0,0,0,0,2,,
2026-08-29T20:59:43.623Z,1788037183623,174467,1,,83acd2e6,174479,grid,4,1352,1388,132,824,327,69,,0,0,0,0,0,0,0,0,0,0,0,0,0,0,2,,
2026-08-29T21:00:43.639Z,1788037243639,174527,1,,83acd2e6,174539,grid,4,1352,1388,132,824,327,69,,0,0,0,0,0,0,0,0,0,0,0,0,0,0,2,,
2026-08-29T21:01:43.663Z,1788037303663,174587,1,,83acd2e6,174599,grid,4,1352,1388,132,824,327,69,,0,0,0,0,0,0,0,0,0,0,0,0,0,0,2,,
2026-08-29T21:02:43.680Z,1788037363680,174647,1,,83acd2e6,174659,grid,4,1394,1388,132,858,335,69,,0,0,0,0,0,0,0,0,0,0,0,0,0,0,2,,
2026-08-29T21:03:43.686Z,1788037423686,174707,1,,83acd2e6,174719,grid,4,1359,1388,132,830,328,69,,0,0,0,0,0,0,0,0,0,0,0,0,0,0,2,,
2026-08-29T21:04:43.703Z,1788037483703,174767,1,,83acd2e6,174779,grid,4,1356,1388,132,827,328,69,,0,0,0,0,0,0,0,0,0,0,0,0,0,0,2,,
2026-08-29T21:05:43.717Z,1788037543717,174827,1,,83acd2e6,174839,grid,4,1357,1388,132,828,328,69,,0,0,0,0,0,0,0,0,0,0,0,0,0,0,2,,
2026-08-29T21:06:43.740Z,1788037603740,174887,1,,83acd2e6,174899,grid,4,1356,1388,132,827,328,69,,0,0,0,0,0,0,0,0,0,0,0,0,0,0,2,,
2026-08-29T21:07:43.758Z,1788037663758,174947,1,,83acd2e6,174959,grid,4,1351,1388,132,822,328,69,,0,0,0,0,0,0,0,0,0,0,0,0,0,0,2,,
2026-08-29T21:08:43.766Z,1788037723766,175007,1,,83acd2e6,175019,grid,4,1351,1388,132,822,328,69,,0,0,0,0,0,0,0,0,0,0,0,0,0,0,2,,
2026-08-29T21:09:43.788Z,1788037783788,175067,1,,83acd2e6,175079,grid,4,1351,1388,132,822,327,69,,0,0,0,0,0,0,0,0,0,0,0,0,0,0,2,,
2026-08-29T21:10:43.805Z,1788037843805,175127,1,,83acd2e6,175139,grid,4,1351,1388,132,823,327,69,,0,0,0,0,0,0,0,0,0,0,0,0,0,0,2,,
2026-08-29T21:11:43.829Z,1788037903829,175187,1,,83acd2e6,175199,grid,4,1351,1388,132,822,327,69,,0,0,0,0,0,0,0,0,0,0,0,0,0,0,2,,
2026-08-29T21:12:43.847Z,1788037963847,175247,1,,83acd2e6,175259,grid,4,1351,1388,132,823,327,69,,0,0,0,0,0,0,0,0,0,0,0,0,0,0,2,,
2026-08-29T21:13:43.857Z,1788038023857,175307,1,,83acd2e6,175319,grid,4,1351,1388,132,822,327,69,,0,0,0,0,0,0,0,0,0,0,0,0,0,0,2,,
2026-08-29T21:14:43.869Z,1788038083869,175367,1,,83acd2e6,175379,grid,4,1351,1388,132,823,327,69,,0,0,0,0,0,0,0,0,0,0,0,0,0,0,2,,
2026-08-29T21:15:43.891Z,1788038143891,175427,1,,83acd2e6,175439,grid,4,1351,1388,133,822,327,69,,0,0,0,0,0,0,0,0,0,0,0,0,0,0,2,,
2026-08-29T21:16:43.910Z,1788038203910,175487,1,,83acd2e6,175499,grid,4,1351,1388,133,822,327,69,,0,0,0,0,0,0,0,0,0,0,0,0,0,0,2,,
2026-08-29T21:17:43.933Z,1788038263933,175547,1,,83acd2e6,175559,grid,4,1351,1388,133,823,327,69,,0,0,0,0,0,0,0,0,0,0,0,0,0,0,2,,
2026-08-29T21:18:43.957Z,1788038323957,175607,1,,83acd2e6,175619,grid,4,1350,1388,132,823,327,69,,0,0,0,0,0,0,0,0,0,0,0,0,0,0,2,,
2026-08-29T21:19:43.974Z,1788038383974,175667,1,,83acd2e6,175679,grid,4,1351,1388,132,823,327,69,,0,0,0,0,0,0,0,0,0,0,0,0,0,0,2,,
2026-08-29T21:20:43.990Z,1788038443990,175727,1,,83acd2e6,175739,grid,4,1350,1388,132,822,327,69,,0,0,0,0,0,0,0,0,0,0,0,0,0,0,2,,
2026-08-29T21:21:44.013Z,1788038504013,175787,1,,83acd2e6,175799,grid,4,1350,1388,132,822,327,69,,0,0,0,0,0,0,0,0,0,0,0,0,0,0,2,,
2026-08-29T21:22:44.034Z,1788038564034,175847,1,,83acd2e6,175859,grid,4,1351,1388,132,823,327,69,,0,0,0,0,0,0,0,0,0,0,0,0,0,0,2,,
2026-08-29T21:23:44.053Z,1788038624053,175907,1,,83acd2e6,175919,grid,4,1350,1388,132,822,327,69,,0,0,0,0,0,0,0,0,0,0,0,0,0,0,2,,
2026-08-29T21:24:44.067Z,1788038684067,175967,1,,83acd2e6,175980,grid,4,1350,1388,132,822,327,69,,0,0,0,0,0,0,0,0,0,0,0,0,0,0,2,,
2026-08-29T21:25:44.085Z,1788038744085,176027,1,,83acd2e6,176040,grid,4,1350,1388,132,822,327,69,,0,0,0,0,0,0,0,0,0,0,0,0,0,0,2,,
2026-08-29T21:26:44.103Z,1788038804103,176088,1,,83acd2e6,176100,grid,4,1350,1388,132,822,327,69,,0,0,0,0,0,0,0,0,0,0,0,0,0,0,2,,
2026-08-29T21:27:44.117Z,1788038864117,176148,1,,83acd2e6,176160,grid,4,1350,1388,132,822,327,69,,0,0,0,0,0,0,0,0,0,0,0,0,0,0,2,,
2026-08-29T21:28:44.137Z,1788038924137,176208,1,,83acd2e6,176220,grid,4,1350,1388,132,822,327,69,,0,0,0,0,0,0,0,0,0,0,0,0,0,0,2,,
2026-08-29T21:29:44.149Z,1788038984149,176268,1,,83acd2e6,176280,grid,4,1351,1388,132,823,327,69,,0,0,0,0,0,0,0,0,0,0,0,0,0,0,2,,
2026-08-29T21:30:44.168Z,1788039044168,176328,1,,83acd2e6,176340,grid,4,1350,1388,132,822,327,69,,0,0,0,0,0,0,0,0,0,0,0,0,0,0,2,,
2026-08-29T21:31:44.188Z,1788039104188,176388,1,,83acd2e6,176400,grid,4,1350,1388,132,822,327,69,,0,0,0,0,0,0,0,0,0,0,0,0,0,0,2,,
2026-08-29T21:32:44.205Z,1788039164205,176448,1,,83acd2e6,176460,grid,4,1373,1388,132,838,333,69,,0,0,0,0,0,0,0,0,0,0,0,0,0,0,2,,
2026-08-29T21:33:44.225Z,1788039224225,176508,1,,83acd2e6,176520,grid,4,1356,1388,132,827,328,69,,0,0,0,0,0,0,0,0,0,0,0,0,0,0,2,,
2026-08-29T21:34:44.251Z,1788039284251,176568,1,,83acd2e6,176580,grid,4,1358,1388,132,828,328,69,,0,0,0,0,0,0,0,0,0,0,0,0,0,0,2,,
2026-08-29T21:35:44.271Z,1788039344271,176628,1,,83acd2e6,176640,grid,4,1358,1388,132,829,328,69,,0,0,0,0,0,0,0,0,0,0,0,0,0,0,2,,
2026-08-29T21:36:44.285Z,1788039404285,176688,1,,83acd2e6,176700,grid,4,1358,1388,132,828,328,69,,0,0,0,0,0,0,0,0,0,0,0,0,0,0,2,,
2026-08-29T21:37:44.301Z,1788039464301,176748,1,,83acd2e6,176760,grid,4,1352,1388,133,822,328,69,,0,0,0,0,0,0,0,0,0,0,0,0,0,0,2,,
2026-08-29T21:38:44.318Z,1788039524318,176808,1,,83acd2e6,176820,grid,4,1352,1388,133,822,328,69,,0,0,0,0,0,0,0,0,0,0,0,0,0,0,2,,
2026-08-29T21:39:44.335Z,1788039584335,176868,1,,83acd2e6,176880,grid,4,1352,1388,133,822,328,69,,0,0,0,0,0,0,0,0,0,0,0,0,0,0,2,,
2026-08-29T21:40:44.351Z,1788039644351,176928,1,,83acd2e6,176940,grid,4,1352,1388,133,822,328,69,,0,0,0,0,0,0,0,0,0,0,0,0,0,0,2,,
2026-08-29T21:41:44.373Z,1788039704373,176988,1,,83acd2e6,177000,grid,4,1351,1388,132,822,328,69,,0,0,0,0,0,0,0,0,0,0,0,0,0,0,2,,
2026-08-29T21:42:44.384Z,1788039764384,177048,1,,83acd2e6,177060,grid,4,1351,1388,132,822,328,69,,0,0,0,0,0,0,0,0,0,0,0,0,0,0,2,,
2026-08-29T21:43:44.402Z,1788039824402,177108,1,,83acd2e6,177120,grid,4,1350,1388,132,822,327,69,,0,0,0,0,0,0,0,0,0,0,0,0,0,0,2,,
2026-08-29T21:44:44.423Z,1788039884423,177168,1,,83acd2e6,177180,grid,4,1351,1388,132,822,327,69,,0,0,0,0,0,0,0,0,0,0,0,0,0,0,2,,
2026-08-29T21:45:44.444Z,1788039944444,177228,1,,83acd2e6,177240,grid,4,1351,1388,132,823,327,69,,0,0,0,0,0,0,0,0,0,0,0,0,0,0,2,,
2026-08-29T21:46:44.454Z,1788040004454,177288,1,,83acd2e6,177300,grid,4,1351,1388,132,823,327,69,,0,0,0,0,0,0,0,0,0,0,0,0,0,0,2,,
2026-08-29T21:47:44.468Z,1788040064468,177348,1,,83acd2e6,177360,grid,4,1351,1388,132,823,327,69,,0,0,0,0,0,0,0,0,0,0,0,0,0,0,2,,
2026-08-29T21:48:44.489Z,1788040124489,177408,1,,83acd2e6,177420,grid,4,1351,1388,132,823,327,69,,0,0,0,0,0,0,0,0,0,0,0,0,0,0,2,,
2026-08-29T21:49:44.508Z,1788040184508,177468,1,,83acd2e6,177480,grid,4,1352,1388,132,823,327,69,,0,0,0,0,0,0,0,0,0,0,0,0,0,0,2,,
2026-08-29T21:50:44.518Z,1788040244518,177528,1,,83acd2e6,177540,grid,4,1352,1388,132,823,327,69,,0,0,0,0,0,0,0,0,0,0,0,0,0,0,2,,
2026-08-29T21:51:44.541Z,1788040304541,177588,1,,83acd2e6,177600,grid,4,1351,1388,132,823,327,69,,0,0,0,0,0,0,0,0,0,0,0,0,0,0,2,,
2026-08-29T21:52:44.556Z,1788040364556,177648,1,,83acd2e6,177660,grid,4,1352,1388,132,823,327,69,,0,0,0,0,0,0,0,0,0,0,0,0,0,0,2,,
2026-08-29T21:53:44.570Z,1788040424570,177708,1,,83acd2e6,177720,grid,4,1352,1388,132,823,327,69,,0,0,0,0,0,0,0,0,0,0,0,0,0,0,2,,
2026-08-29T21:54:44.582Z,1788040484582,177768,1,,83acd2e6,177780,grid,4,1351,1388,132,822,327,69,,0,0,0,0,0,0,0,0,0,0,0,0,0,0,2,,
2026-08-29T21:55:44.600Z,1788040544600,177828,1,,83acd2e6,177840,grid,4,1351,1388,132,823,327,69,,0,0,0,0,0,0,0,0,0,0,0,0,0,0,2,,
2026-08-29T21:56:44.609Z,1788040604609,177888,1,,83acd2e6,177900,grid,4,1351,1388,132,822,327,69,,0,0,0,0,0,0,0,0,0,0,0,0,0,0,2,,
2026-08-29T21:57:44.629Z,1788040664629,177948,1,,83acd2e6,177960,grid,4,1352,1388,132,823,327,69,,0,0,0,0,0,0,0,0,0,0,0,0,0,0,2,,
2026-08-29T21:58:44.642Z,1788040724642,178008,1,,83acd2e6,178020,grid,4,1351,1388,132,822,327,69,,0,0,0,0,0,0,0,0,0,0,0,0,0,0,2,,
2026-08-29T21:59:44.658Z,1788040784658,178068,1,,83acd2e6,178080,grid,4,1352,1388,133,823,327,69,,0,0,0,0,0,0,0,0,0,0,0,0,0,0,2,,
2026-08-29T22:00:44.670Z,1788040844670,178128,1,,83acd2e6,178140,grid,4,1352,1388,133,823,327,69,,0,0,0,0,0,0,0,0,0,0,0,0,0,0,2,,
2026-08-29T22:01:44.688Z,1788040904688,178188,1,,83acd2e6,178200,grid,4,1351,1388,133,822,327,69,,0,0,0,0,0,0,0,0,0,0,0,0,0,0,2,,
2026-08-29T22:02:44.704Z,1788040964704,178248,1,,83acd2e6,178260,grid,4,1386,1393,133,852,332,69,,0,0,0,0,0,0,0,0,0,0,0,0,0,0,2,,
2026-08-29T22:03:44.722Z,1788041024722,178308,1,,83acd2e6,178320,grid,4,1358,1393,132,828,328,69,,0,0,0,0,0,0,0,0,0,0,0,0,0,0,2,,
2026-08-29T22:04:44.731Z,1788041084731,178368,1,,83acd2e6,178380,grid,4,1355,1393,132,825,328,69,,0,0,0,0,0,0,0,0,0,0,0,0,0,0,2,,
2026-08-29T22:05:44.755Z,1788041144755,178428,1,,83acd2e6,178440,grid,4,1355,1393,132,825,328,69,,0,0,0,0,0,0,0,0,0,0,0,0,0,0,2,,
2026-08-29T22:06:44.777Z,1788041204777,178488,1,,83acd2e6,178500,grid,4,1356,1393,132,826,328,69,,0,0,0,0,0,0,0,0,0,0,0,0,0,0,2,,
2026-08-29T22:07:44.792Z,1788041264792,178548,1,,83acd2e6,178560,grid,4,1350,1393,132,820,328,69,,0,0,0,0,0,0,0,0,0,0,0,0,0,0,2,,
2026-08-29T22:08:44.807Z,1788041324807,178608,1,,83acd2e6,178620,grid,4,1350,1393,132,821,328,69,,0,0,0,0,0,0,0,0,0,0,0,0,0,0,2,,
2026-08-29T22:09:44.818Z,1788041384818,178668,1,,83acd2e6,178680,grid,4,1350,1393,132,821,328,69,,0,0,0,0,0,0,0,0,0,0,0,0,0,0,2,,
2026-08-29T22:10:44.830Z,1788041444830,178728,1,,83acd2e6,178740,grid,4,1349,1393,132,820,328,69,,0,0,0,0,0,0,0,0,0,0,0,0,0,0,2,,
2026-08-29T22:11:44.857Z,1788041504857,178788,1,,83acd2e6,178800,grid,4,1350,1393,132,821,328,69,,0,0,0,0,0,0,0,0,0,0,0,0,0,0,2,,
2026-08-29T22:12:44.883Z,1788041564883,178848,1,,83acd2e6,178860,grid,4,1352,1393,132,819,332,69,,0,0,0,0,0,0,0,0,0,0,0,0,0,0,2,,
2026-08-29T22:13:44.911Z,1788041624911,178908,1,,83acd2e6,178920,grid,4,1349,1393,132,820,328,69,,0,0,0,0,0,0,0,0,0,0,0,0,0,0,2,,
2026-08-29T22:14:44.922Z,1788041684922,178968,1,,83acd2e6,178980,grid,4,1349,1393,132,820,327,69,,0,0,0,0,0,0,0,0,0,0,0,0,0,0,2,,
2026-08-29T22:15:44.944Z,1788041744944,179028,1,,83acd2e6,179040,grid,4,1349,1393,132,820,327,69,,0,0,0,0,0,0,0,0,0,0,0,0,0,0,2,,
2026-08-29T22:16:44.953Z,1788041804953,179088,1,,83acd2e6,179100,grid,4,1350,1393,132,821,327,69,,0,0,0,0,0,0,0,0,0,0,0,0,0,0,2,,
2026-08-29T22:17:44.965Z,1788041864965,179148,1,,83acd2e6,179160,grid,4,1349,1393,132,820,327,69,,0,0,0,0,0,0,0,0,0,0,0,0,0,0,2,,
2026-08-29T22:18:44.988Z,1788041924988,179208,1,,83acd2e6,179220,grid,4,1349,1393,132,820,327,69,,0,0,0,0,0,0,0,0,0,0,0,0,0,0,2,,
2026-08-29T22:19:45.012Z,1788041985012,179268,1,,83acd2e6,179280,grid,4,1349,1393,133,820,327,69,,0,0,0,0,0,0,0,0,0,0,0,0,0,0,2,,
2026-08-29T22:20:45.027Z,1788042045027,179328,1,,83acd2e6,179340,grid,4,1350,1393,133,821,327,69,,0,0,0,0,0,0,0,0,0,0,0,0,0,0,2,,
2026-08-29T22:21:45.052Z,1788042105052,179388,1,,83acd2e6,179400,grid,4,1349,1393,133,820,327,69,,0,0,0,0,0,0,0,0,0,0,0,0,0,0,2,,
2026-08-29T22:22:45.077Z,1788042165077,179448,1,,83acd2e6,179461,grid,4,1349,1393,133,820,327,69,,0,0,0,0,0,0,0,0,0,0,0,0,0,0,2,,
2026-08-29T22:23:45.095Z,1788042225095,179508,1,,83acd2e6,179521,grid,4,1350,1393,133,821,327,69,,0,0,0,0,0,0,0,0,0,0,0,0,0,0,2,,
2026-08-29T22:24:45.111Z,1788042285111,179569,1,,83acd2e6,179581,grid,4,1349,1393,132,821,327,69,,0,0,0,0,0,0,0,0,0,0,0,0,0,0,2,,
2026-08-29T22:25:45.123Z,1788042345123,179629,1,,83acd2e6,179641,grid,4,1350,1393,132,821,328,69,,0,0,0,0,0,0,0,0,0,0,0,0,0,0,2,,
2026-08-29T22:26:45.135Z,1788042405135,179689,1,,83acd2e6,179701,grid,4,1350,1393,132,821,328,69,,0,0,0,0,0,0,0,0,0,0,0,0,0,0,2,,
2026-08-29T22:27:45.156Z,1788042465156,179749,1,,83acd2e6,179761,grid,4,1350,1393,132,821,328,69,,0,0,0,0,0,0,0,0,0,0,0,0,0,0,2,,
2026-08-29T22:28:45.173Z,1788042525173,179809,1,,83acd2e6,179821,grid,4,1350,1393,132,822,327,69,,0,0,0,0,0,0,0,0,0,0,0,0,0,0,2,,
2026-08-29T22:29:45.196Z,1788042585196,179869,1,,83acd2e6,179881,grid,4,1349,1393,132,820,327,69,,0,0,0,0,0,0,0,0,0,0,0,0,0,0,2,,
2026-08-29T22:30:45.216Z,1788042645216,179929,1,,83acd2e6,179941,grid,4,1349,1393,132,821,327,69,,0,0,0,0,0,0,0,0,0,0,0,0,0,0,2,,
2026-08-29T22:31:45.228Z,1788042705228,179989,1,,83acd2e6,180001,grid,4,1349,1393,132,820,328,69,,0,0,0,0,0,0,0,0,0,0,0,0,0,0,2,,
2026-08-29T22:32:45.239Z,1788042765239,180049,1,,83acd2e6,180061,grid,4,1388,1393,132,852,334,69,,0,0,0,0,0,0,0,0,0,0,0,0,0,0,2,,
2026-08-29T22:33:45.255Z,1788042825255,180109,1,,83acd2e6,180121,grid,4,1359,1393,132,829,328,69,,0,0,0,0,0,0,0,0,0,0,0,0,0,0,2,,
2026-08-29T22:34:45.261Z,1788042885261,180169,1,,83acd2e6,180181,grid,4,1356,1393,132,827,328,69,,0,0,0,0,0,0,0,0,0,0,0,0,0,0,2,,
2026-08-29T22:35:45.273Z,1788042945273,180229,1,,83acd2e6,180241,grid,4,1361,1393,132,827,332,69,,0,0,0,0,0,0,0,0,0,0,0,0,0,0,2,,
2026-08-29T22:36:45.294Z,1788043005294,180289,1,,83acd2e6,180301,grid,4,1357,1393,132,827,328,69,,0,0,0,0,0,0,0,0,0,0,0,0,0,0,2,,
2026-08-29T22:37:45.313Z,1788043065313,180349,1,,83acd2e6,180361,grid,4,1354,1393,132,825,328,69,,0,0,0,0,0,0,0,0,0,0,0,0,0,0,2,,
2026-08-29T22:38:45.327Z,1788043125327,180409,1,,83acd2e6,180421,grid,4,1354,1393,132,825,327,69,,0,0,0,0,0,0,0,0,0,0,0,0,0,0,2,,
2026-08-29T22:39:45.346Z,1788043185346,180469,1,,83acd2e6,180481,grid,4,1354,1393,133,825,328,69,,0,0,0,0,0,0,0,0,0,0,0,0,0,0,2,,
2026-08-29T22:40:45.370Z,1788043245370,180529,1,,83acd2e6,180541,grid,4,1354,1393,133,825,327,69,,0,0,0,0,0,0,0,0,0,0,0,0,0,0,2,,
2026-08-29T22:41:45.388Z,1788043305388,180589,1,,83acd2e6,180601,grid,4,1354,1393,133,825,327,69,,0,0,0,0,0,0,0,0,0,0,0,0,0,0,2,,
2026-08-29T22:42:45.404Z,1788043365404,180649,1,,83acd2e6,180661,grid,4,1352,1393,133,822,328,69,,0,0,0,0,0,0,0,0,0,0,0,0,0,0,2,,
2026-08-29T22:43:45.416Z,1788043425416,180709,1,,83acd2e6,180721,grid,4,1352,1393,133,823,327,69,,0,0,0,0,0,0,0,0,0,0,0,0,0,0,2,,
2026-08-29T22:44:45.445Z,1788043485445,180769,1,,83acd2e6,180781,grid,4,1352,1393,133,823,328,69,,0,0,0,0,0,0,0,0,0,0,0,0,0,0,2,,
2026-08-29T22:45:45.459Z,1788043545459,180829,1,,83acd2e6,180841,grid,4,1352,1393,133,823,328,69,,0,0,0,0,0,0,0,0,0,0,0,0,0,0,2,,
2026-08-29T22:46:45.476Z,1788043605476,180889,1,,83acd2e6,180901,grid,4,1351,1393,132,823,328,69,,0,0,0,0,0,0,0,0,0,0,0,0,0,0,2,,
2026-08-29T22:47:45.493Z,1788043665493,180949,1,,83acd2e6,180961,grid,4,1351,1393,132,822,327,69,,0,0,0,0,0,0,0,0,0,0,0,0,0,0,2,,
2026-08-29T22:48:45.511Z,1788043725511,181009,1,,83acd2e6,181021,grid,4,1352,1393,132,823,328,69,,0,0,0,0,0,0,0,0,0,0,0,0,0,0,2,,
2026-08-29T22:49:45.532Z,1788043785532,181069,1,,83acd2e6,181081,grid,4,1351,1393,132,823,327,69,,0,0,0,0,0,0,0,0,0,0,0,0,0,0,2,,
2026-08-29T22:50:45.553Z,1788043845553,181129,1,,83acd2e6,181141,grid,4,1352,1393,132,823,327,69,,0,0,0,0,0,0,0,0,0,0,0,0,0,0,2,,
2026-08-29T22:51:45.569Z,1788043905569,181189,1,,83acd2e6,181201,grid,4,1351,1393,132,823,327,69,,0,0,0,0,0,0,0,0,0,0,0,0,0,0,2,,
2026-08-29T22:52:45.590Z,1788043965590,181249,1,,83acd2e6,181261,grid,4,1351,1393,132,823,328,69,,0,0,0,0,0,0,0,0,0,0,0,0,0,0,2,,
2026-08-29T22:53:45.599Z,1788044025599,181309,1,,83acd2e6,181321,grid,4,1352,1393,132,823,327,69,,0,0,0,0,0,0,0,0,0,0,0,0,0,0,2,,
2026-08-29T22:54:45.611Z,1788044085611,181369,1,,83acd2e6,181381,grid,4,1352,1393,132,823,327,69,,0,0,0,0,0,0,0,0,0,0,0,0,0,0,2,,
2026-08-29T22:55:45.633Z,1788044145633,181429,1,,83acd2e6,181441,grid,4,1352,1393,132,823,328,69,,0,0,0,0,0,0,0,0,0,0,0,0,0,0,2,,
2026-08-29T22:56:45.645Z,1788044205645,181489,1,,83acd2e6,181501,grid,4,1350,1393,132,822,327,69,,0,0,0,0,0,0,0,0,0,0,0,0,0,0,2,,
2026-08-29T22:57:45.668Z,1788044265668,181549,1,,83acd2e6,181561,grid,4,1351,1393,132,822,327,69,,0,0,0,0,0,0,0,0,0,0,0,0,0,0,2,,
2026-08-29T22:58:45.686Z,1788044325686,181609,1,,83acd2e6,181621,grid,4,1351,1393,132,823,327,69,,0,0,0,0,0,0,0,0,0,0,0,0,0,0,2,,
2026-08-29T22:59:45.707Z,1788044385707,181669,1,,83acd2e6,181681,grid,4,1351,1393,132,822,327,69,,0,0,0,0,0,0,0,0,0,0,0,0,0,0,2,,
2026-08-29T23:00:45.724Z,1788044445724,181729,1,,83acd2e6,181741,grid,4,1351,1393,132,822,327,69,,0,0,0,0,0,0,0,0,0,0,0,0,0,0,2,,
2026-08-29T23:01:45.744Z,1788044505744,181789,1,,83acd2e6,181801,grid,4,1351,1393,132,822,327,69,,0,0,0,0,0,0,0,0,0,0,0,0,0,0,2,,
2026-08-29T23:02:45.753Z,1788044565753,181849,1,,83acd2e6,181861,grid,4,1372,1393,133,839,331,69,,0,0,0,0,0,0,0,0,0,0,0,0,0,0,2,,
2026-08-29T23:03:45.766Z,1788044625766,181909,1,,83acd2e6,181921,grid,4,1358,1393,133,828,328,69,,0,0,0,0,0,0,0,0,0,0,0,0,0,0,2,,
2026-08-29T23:04:45.783Z,1788044685783,181969,1,,83acd2e6,181981,grid,4,1357,1393,133,827,328,69,,0,0,0,0,0,0,0,0,0,0,0,0,0,0,2,,
2026-08-29T23:05:45.802Z,1788044745802,182029,1,,83acd2e6,182041,grid,4,1356,1393,133,827,328,69,,0,0,0,0,0,0,0,0,0,0,0,0,0,0,2,,
2026-08-29T23:06:45.820Z,1788044805820,182089,1,,83acd2e6,182101,grid,4,1357,1393,133,827,328,69,,0,0,0,0,0,0,0,0,0,0,0,0,0,0,2,,
2026-08-29T23:07:45.828Z,1788044865828,182149,1,,83acd2e6,182161,grid,4,1353,1393,133,823,328,69,,0,0,0,0,0,0,0,0,0,0,0,0,0,0,2,,
2026-08-29T23:08:45.846Z,1788044925846,182209,1,,83acd2e6,182221,grid,4,1353,1393,132,824,328,69,,0,0,0,0,0,0,0,0,0,0,0,0,0,0,2,,
2026-08-29T23:09:45.861Z,1788044985861,182269,1,,83acd2e6,182281,grid,4,1351,1393,132,822,328,69,,0,0,0,0,0,0,0,0,0,0,0,0,0,0,2,,
2026-08-29T23:10:45.882Z,1788045045882,182329,1,,83acd2e6,182341,grid,4,1350,1393,132,821,328,69,,0,0,0,0,0,0,0,0,0,0,0,0,0,0,2,,
2026-08-29T23:11:45.895Z,1788045105895,182389,1,,83acd2e6,182401,grid,4,1351,1393,132,821,329,69,,0,0,0,0,0,0,0,0,0,0,0,0,0,0,2,,
2026-08-29T23:12:45.920Z,1788045165920,182449,1,,83acd2e6,182461,grid,4,1350,1393,132,821,328,69,,0,0,0,0,0,0,0,0,0,0,0,0,0,0,2,,
2026-08-29T23:13:45.934Z,1788045225934,182509,1,,83acd2e6,182521,grid,4,1353,1393,132,820,332,69,,0,0,0,0,0,0,0,0,0,0,0,0,0,0,2,,
2026-08-29T23:14:45.959Z,1788045285959,182569,1,,83acd2e6,182581,grid,4,1353,1393,132,819,332,69,,0,0,0,0,0,0,0,0,0,0,0,0,0,0,2,,
2026-08-29T23:15:45.971Z,1788045345971,182629,1,,83acd2e6,182641,grid,4,1353,1393,132,820,332,69,,0,0,0,0,0,0,0,0,0,0,0,0,0,0,2,,
2026-08-29T23:16:45.981Z,1788045405981,182689,1,,83acd2e6,182701,grid,4,1349,1393,132,820,328,69,,0,0,0,0,0,0,0,0,0,0,0,0,0,0,2,,
2026-08-29T23:17:45.995Z,1788045465995,182749,1,,83acd2e6,182761,grid,4,1348,1393,132,819,328,69,,0,0,0,0,0,0,0,0,0,0,0,0,0,0,2,,
2026-08-29T23:18:46.015Z,1788045526015,182809,1,,83acd2e6,182821,grid,4,1349,1393,132,820,328,69,,0,0,0,0,0,0,0,0,0,0,0,0,0,0,2,,
2026-08-29T23:19:46.034Z,1788045586034,182869,1,,83acd2e6,182881,grid,4,1349,1393,132,820,328,69,,0,0,0,0,0,0,0,0,0,0,0,0,0,0,2,,
2026-08-29T23:20:46.048Z,1788045646048,182929,1,,83acd2e6,182941,grid,4,1349,1393,132,820,328,69,,0,0,0,0,0,0,0,0,0,0,0,0,0,0,2,,
2026-08-29T23:21:46.061Z,1788045706061,182989,1,,83acd2e6,183001,grid,4,1349,1393,132,820,328,69,,0,0,0,0,0,0,0,0,0,0,0,0,0,0,2,,
2026-08-29T23:22:46.075Z,1788045766075,183049,1,,83acd2e6,183062,grid,4,1349,1393,132,819,328,69,,0,0,0,0,0,0,0,0,0,0,0,0,0,0,2,,
2026-08-29T23:23:46.086Z,1788045826086,183109,1,,83acd2e6,183122,grid,4,1349,1393,133,820,328,69,,0,0,0,0,0,0,0,0,0,0,0,0,0,0,2,,
2026-08-29T23:24:46.099Z,1788045886099,183169,1,,83acd2e6,183182,grid,4,1349,1393,133,820,328,69,,0,0,0,0,0,0,0,0,0,0,0,0,0,0,2,,
2026-08-29T23:25:46.106Z,1788045946106,183230,1,,83acd2e6,183242,grid,4,1349,1393,133,820,328,69,,0,0,0,0,0,0,0,0,0,0,0,0,0,0,2,,
2026-08-29T23:26:46.123Z,1788046006123,183290,1,,83acd2e6,183302,grid,4,1350,1393,133,820,328,69,,0,0,0,0,0,0,0,0,0,0,0,0,0,0,2,,
2026-08-29T23:27:46.141Z,1788046066141,183350,1,,83acd2e6,183362,grid,4,1350,1393,133,820,328,69,,0,0,0,0,0,0,0,0,0,0,0,0,0,0,2,,
2026-08-29T23:28:46.157Z,1788046126157,183410,1,,83acd2e6,183422,grid,4,1350,1393,133,820,328,69,,0,0,0,0,0,0,0,0,0,0,0,0,0,0,2,,
2026-08-29T23:29:46.166Z,1788046186166,183470,1,,83acd2e6,183482,grid,4,1350,1393,133,821,328,69,,0,0,0,0,0,0,0,0,0,0,0,0,0,0,2,,
2026-08-29T23:30:46.183Z,1788046246183,183530,1,,83acd2e6,183542,grid,4,1350,1393,132,821,328,69,,0,0,0,0,0,0,0,0,0,0,0,0,0,0,2,,
2026-08-29T23:31:46.197Z,1788046306197,183590,1,,83acd2e6,183602,grid,4,1350,1393,132,821,328,69,,0,0,0,0,0,0,0,0,0,0,0,0,0,0,2,,
2026-08-29T23:32:46.211Z,1788046366211,183650,1,,83acd2e6,183662,grid,4,1372,1393,132,835,336,69,,0,0,0,0,0,0,0,0,0,0,0,0,0,0,2,,
2026-08-29T23:33:46.219Z,1788046426219,183710,1,,83acd2e6,183722,grid,4,1356,1393,132,826,328,69,,0,0,0,0,0,0,0,0,0,0,0,0,0,0,2,,
2026-08-29T23:34:46.231Z,1788046486231,183770,1,,83acd2e6,183782,grid,4,1359,1393,132,826,332,69,,0,0,0,0,0,0,0,0,0,0,0,0,0,0,2,,
2026-08-29T23:35:46.253Z,1788046546253,183830,1,,83acd2e6,183842,grid,4,1359,1393,132,825,332,69,,0,0,0,0,0,0,0,0,0,0,0,0,0,0,2,,
2026-08-29T23:36:46.267Z,1788046606267,183890,1,,83acd2e6,183902,grid,4,1359,1393,132,826,332,69,,0,0,0,0,0,0,0,0,0,0,0,0,0,0,2,,
2026-08-29T23:37:46.287Z,1788046666287,183950,1,,83acd2e6,183962,grid,4,1352,1393,132,823,328,69,,0,0,0,0,0,0,0,0,0,0,0,0,0,0,2,,
2026-08-29T23:38:46.307Z,1788046726307,184010,1,,83acd2e6,184022,grid,4,1356,1393,132,823,332,69,,0,0,0,0,0,0,0,0,0,0,0,0,0,0,2,,
2026-08-29T23:39:46.327Z,1788046786327,184070,1,,83acd2e6,184082,grid,4,1352,1393,132,823,328,69,,0,0,0,0,0,0,0,0,0,0,0,0,0,0,2,,
2026-08-29T23:40:46.338Z,1788046846338,184130,1,,83acd2e6,184142,grid,4,1353,1393,132,823,328,69,,0,0,0,0,0,0,0,0,0,0,0,0,0,0,2,,
2026-08-29T23:41:46.350Z,1788046906350,184190,1,,83acd2e6,184202,grid,4,1357,1393,132,824,332,69,,0,0,0,0,0,0,0,0,0,0,0,0,0,0,2,,
2026-08-29T23:42:46.373Z,1788046966373,184250,1,,83acd2e6,184262,grid,4,1357,1393,132,823,332,69,,0,0,0,0,0,0,0,0,0,0,0,0,0,0,2,,
2026-08-29T23:43:46.391Z,1788047026391,184310,1,,83acd2e6,184322,grid,4,1355,1393,132,821,332,69,,0,0,0,0,0,0,0,0,0,0,0,0,0,0,2,,
2026-08-29T23:44:46.412Z,1788047086412,184370,1,,83acd2e6,184382,grid,4,1351,1393,133,821,328,69,,0,0,0,0,0,0,0,0,0,0,0,0,0,0,2,,
2026-08-29T23:45:46.423Z,1788047146423,184430,1,,83acd2e6,184442,grid,4,1351,1393,133,821,328,69,,0,0,0,0,0,0,0,0,0,0,0,0,0,0,2,,
2026-08-29T23:46:46.437Z,1788047206437,184490,1,,83acd2e6,184502,grid,4,1350,1393,133,822,327,69,,0,0,0,0,0,0,0,0,0,0,0,0,0,0,2,,
2026-08-29T23:47:46.448Z,1788047266448,184550,1,,83acd2e6,184562,grid,4,1349,1393,133,820,328,69,,0,0,0,0,0,0,0,0,0,0,0,0,0,0,2,,
2026-08-29T23:48:46.471Z,1788047326471,184610,1,,83acd2e6,184622,grid,4,1350,1393,133,821,327,69,,0,0,0,0,0,0,0,0,0,0,0,0,0,0,2,,
2026-08-29T23:49:46.486Z,1788047386486,184670,1,,83acd2e6,184682,grid,4,1350,1393,133,821,327,69,,0,0,0,0,0,0,0,0,0,0,0,0,0,0,2,,
2026-08-29T23:50:46.501Z,1788047446501,184730,1,,83acd2e6,184742,grid,4,1350,1393,133,820,328,69,,0,0,0,0,0,0,0,0,0,0,0,0,0,0,2,,
2026-08-29T23:51:46.518Z,1788047506518,184790,1,,83acd2e6,184802,grid,4,1350,1393,133,821,327,69,,0,0,0,0,0,0,0,0,0,0,0,0,0,0,2,,
2026-08-29T23:52:46.534Z,1788047566534,184850,1,,83acd2e6,184862,grid,4,1349,1393,132,820,327,69,,0,0,0,0,0,0,0,0,0,0,0,0,0,0,2,,
2026-08-29T23:53:46.558Z,1788047626558,184910,1,,83acd2e6,184922,grid,4,1350,1393,132,822,327,69,,0,0,0,0,0,0,0,0,0,0,0,0,0,0,2,,
2026-08-29T23:54:46.583Z,1788047686583,184970,1,,83acd2e6,184982,grid,4,1349,1393,132,821,327,69,,0,0,0,0,0,0,0,0,0,0,0,0,0,0,2,,
2026-08-29T23:55:46.598Z,1788047746598,185030,1,,83acd2e6,185042,grid,4,1349,1393,132,820,328,69,,0,0,0,0,0,0,0,0,0,0,0,0,0,0,2,,
2026-08-29T23:56:46.612Z,1788047806612,185090,1,,83acd2e6,185102,grid,4,1349,1393,132,820,327,69,,0,0,0,0,0,0,0,0,0,0,0,0,0,0,2,,
2026-08-29T23:57:46.631Z,1788047866631,185150,1,,83acd2e6,185162,grid,4,1349,1393,132,820,327,69,,0,0,0,0,0,0,0,0,0,0,0,0,0,0,2,,
2026-08-29T23:58:46.642Z,1788047926642,185210,1,,83acd2e6,185222,grid,4,1350,1393,132,821,327,69,,0,0,0,0,0,0,0,0,0,0,0,0,0,0,2,,
2026-08-29T23:59:46.665Z,1788047986665,185270,1,,83acd2e6,185282,grid,4,1349,1393,132,820,327,69,,0,0,0,0,0,0,0,0,0,0,0,0,0,0,2,,
2026-08-30T00:00:46.691Z,1788048046691,185330,1,,83acd2e6,185342,grid,4,1350,1393,132,821,328,69,,0,0,0,0,0,0,0,0,0,0,0,0,0,0,2,,
2026-08-30T00:01:46.708Z,1788048106708,185390,1,,83acd2e6,185402,grid,4,1350,1393,132,821,328,69,,0,0,0,0,0,0,0,0,0,0,0,0,0,0,2,,
2026-08-30T00:02:46.719Z,1788048166719,185450,1,,83acd2e6,185462,grid,4,1360,1393,132,828,331,69,,0,0,0,0,0,0,0,0,0,0,0,0,0,0,2,,
2026-08-30T00:03:46.736Z,1788048226736,185510,1,,83acd2e6,185522,grid,4,1358,1393,132,828,329,69,,0,0,0,0,0,0,0,0,0,0,0,0,0,0,2,,
2026-08-30T00:04:46.753Z,1788048286753,185570,1,,83acd2e6,185582,grid,4,1358,1393,132,828,328,69,,0,0,0,0,0,0,0,0,0,0,0,0,0,0,2,,
2026-08-30T00:05:46.769Z,1788048346769,185630,1,,83acd2e6,185642,grid,4,1356,1393,133,827,328,69,,0,0,0,0,0,0,0,0,0,0,0,0,0,0,2,,
2026-08-30T00:06:46.782Z,1788048406782,185690,1,,83acd2e6,185702,grid,4,1357,1393,133,827,328,69,,0,0,0,0,0,0,0,0,0,0,0,0,0,0,2,,
2026-08-30T00:07:46.803Z,1788048466803,185750,1,,83acd2e6,185762,grid,4,1353,1393,133,823,328,69,,0,0,0,0,0,0,0,0,0,0,0,0,0,0,2,,
2026-08-30T00:08:46.823Z,1788048526823,185810,1,,83acd2e6,185822,grid,4,1354,1393,133,824,328,69,,0,0,0,0,0,0,0,0,0,0,0,0,0,0,2,,
2026-08-30T00:09:46.845Z,1788048586845,185870,1,,83acd2e6,185882,grid,4,1357,1393,133,823,332,69,,0,0,0,0,0,0,0,0,0,0,0,0,0,0,2,,
2026-08-30T00:10:46.861Z,1788048646861,185930,1,,83acd2e6,185942,grid,4,1354,1393,133,824,329,69,,0,0,0,0,0,0,0,0,0,0,0,0,0,0,2,,
2026-08-30T00:11:46.871Z,1788048706871,185990,1,,83acd2e6,186002,grid,4,1354,1393,133,824,328,69,,0,0,0,0,0,0,0,0,0,0,0,0,0,0,2,,
2026-08-30T00:12:46.883Z,1788048766883,186050,1,,83acd2e6,186062,grid,4,1351,1393,133,821,328,69,,0,0,0,0,0,0,0,0,0,0,0,0,0,0,2,,
2026-08-30T00:13:46.902Z,1788048826902,186110,1,,83acd2e6,186122,grid,4,1355,1393,132,822,332,69,,0,0,0,0,0,0,0,0,0,0,0,0,0,0,2,,
2026-08-30T00:14:46.914Z,1788048886914,186170,1,,83acd2e6,186182,grid,4,1351,1393,132,822,328,69,,0,0,0,0,0,0,0,0,0,0,0,0,0,0,2,,
2026-08-30T00:15:46.939Z,1788048946939,186230,1,,83acd2e6,186242,grid,4,1355,1393,132,822,332,69,,0,0,0,0,0,0,0,0,0,0,0,0,0,0,2,,
2026-08-30T00:16:46.952Z,1788049006952,186290,1,,83acd2e6,186302,grid,4,1352,1393,132,821,330,69,,0,0,0,0,0,0,0,0,0,0,0,0,0,0,2,,
2026-08-30T00:17:46.965Z,1788049066965,186350,1,,83acd2e6,186362,grid,4,1351,1393,132,821,329,69,,0,0,0,0,0,0,0,0,0,0,0,0,0,0,2,,
2026-08-30T00:18:46.981Z,1788049126981,186410,1,,83acd2e6,186422,grid,4,1351,1393,132,822,328,69,,0,0,0,0,0,0,0,0,0,0,0,0,0,0,2,,
2026-08-30T00:19:46.998Z,1788049186998,186470,1,,83acd2e6,186482,grid,4,1351,1393,132,821,328,69,,0,0,0,0,0,0,0,0,0,0,0,0,0,0,2,,
2026-08-30T00:20:47.017Z,1788049247017,186530,1,,83acd2e6,186542,grid,4,1351,1393,132,822,328,69,,0,0,0,0,0,0,0,0,0,0,0,0,0,0,2,,
2026-08-30T00:21:47.036Z,1788049307036,186590,1,,83acd2e6,186602,grid,4,1355,1393,132,822,332,69,,0,0,0,0,0,0,0,0,0,0,0,0,0,0,2,,
2026-08-30T00:22:47.046Z,1788049367046,186650,1,,83acd2e6,186662,grid,4,1354,1393,132,820,332,69,,0,0,0,0,0,0,0,0,0,0,0,0,0,0,2,,
2026-08-30T00:23:47.057Z,1788049427057,186710,1,,83acd2e6,186722,grid,4,1355,1393,132,821,332,69,,0,0,0,0,0,0,0,0,0,0,0,0,0,0,2,,
2026-08-30T00:24:47.069Z,1788049487069,186770,1,,83acd2e6,186783,grid,4,1351,1393,132,821,328,69,,0,0,0,0,0,0,0,0,0,0,0,0,0,0,2,,
2026-08-30T00:25:47.082Z,1788049547082,186830,1,,83acd2e6,186843,grid,4,1356,1393,132,822,332,69,,0,0,0,0,0,0,0,0,0,0,0,0,0,0,2,,
2026-08-30T00:26:47.092Z,1788049607092,186890,1,,83acd2e6,186903,grid,4,1352,1393,132,822,329,69,,0,0,0,0,0,0,0,0,0,0,0,0,0,0,2,,
2026-08-30T00:27:47.109Z,1788049667109,186951,1,,83acd2e6,186963,grid,4,1352,1393,132,822,328,69,,0,0,0,0,0,0,0,0,0,0,0,0,0,0,2,,
2026-08-30T00:28:47.122Z,1788049727122,187011,1,,83acd2e6,187023,grid,4,1352,1393,133,823,328,69,,0,0,0,0,0,0,0,0,0,0,0,0,0,0,2,,
2026-08-30T00:29:47.143Z,1788049787143,187071,1,,83acd2e6,187083,grid,4,1352,1393,133,823,328,69,,0,0,0,0,0,0,0,0,0,0,0,0,0,0,2,,
2026-08-30T00:30:47.165Z,1788049847165,187131,1,,83acd2e6,187143,grid,4,1352,1393,133,823,328,69,,0,0,0,0,0,0,0,0,0,0,0,0,0,0,2,,
2026-08-30T00:31:47.179Z,1788049907179,187191,1,,83acd2e6,187203,grid,4,1351,1393,133,822,328,69,,0,0,0,0,0,0,0,0,0,0,0,0,0,0,2,,
2026-08-30T00:32:47.201Z,1788049967201,187251,1,,83acd2e6,187263,grid,4,1386,1393,133,851,333,69,,0,0,0,0,0,0,0,0,0,0,0,0,0,0,2,,
2026-08-30T00:33:47.227Z,1788050027227,187311,1,,83acd2e6,187323,grid,4,1356,1393,133,826,329,69,,0,0,0,0,0,0,0,0,0,0,0,0,0,0,2,,
2026-08-30T00:34:47.246Z,1788050087246,187371,1,,83acd2e6,187383,grid,4,1361,1393,133,826,333,69,,0,0,0,0,0,0,0,0,0,0,0,0,0,0,2,,
2026-08-30T00:35:47.262Z,1788050147262,187431,1,,83acd2e6,187443,grid,4,1360,1393,132,826,333,69,,0,0,0,0,0,0,0,0,0,0,0,0,0,0,2,,
2026-08-30T00:36:47.284Z,1788050207284,187491,1,,83acd2e6,187503,grid,4,1360,1393,132,826,333,69,,0,0,0,0,0,0,0,0,0,0,0,0,0,0,2,,
2026-08-30T00:37:47.300Z,1788050267300,187551,1,,83acd2e6,187563,grid,4,1353,1393,132,823,328,69,,0,0,0,0,0,0,0,0,0,0,0,0,0,0,2,,
2026-08-30T00:38:47.319Z,1788050327319,187611,1,,83acd2e6,187623,grid,4,1353,1393,132,823,328,69,,0,0,0,0,0,0,0,0,0,0,0,0,0,0,2,,
2026-08-30T00:39:47.338Z,1788050387338,187671,1,,83acd2e6,187683,grid,4,1353,1393,132,824,328,69,,0,0,0,0,0,0,0,0,0,0,0,0,0,0,2,,
2026-08-30T00:40:47.358Z,1788050447358,187731,1,,83acd2e6,187743,grid,4,1352,1393,132,823,328,69,,0,0,0,0,0,0,0,0,0,0,0,0,0,0,2,,
2026-08-30T00:41:47.385Z,1788050507385,187791,1,,83acd2e6,187803,grid,4,1352,1393,132,823,328,69,,0,0,0,0,0,0,0,0,0,0,0,0,0,0,2,,
2026-08-30T00:42:47.402Z,1788050567402,187851,1,,83acd2e6,187863,grid,4,1351,1393,132,821,328,69,,0,0,0,0,0,0,0,0,0,0,0,0,0,0,2,,
2026-08-30T00:43:47.423Z,1788050627423,187911,1,,83acd2e6,187923,grid,4,1350,1393,132,821,328,69,,0,0,0,0,0,0,0,0,0,0,0,0,0,0,2,,
2026-08-30T00:44:47.440Z,1788050687440,187971,1,,83acd2e6,187983,grid,4,1351,1393,132,821,328,69,,0,0,0,0,0,0,0,0,0,0,0,0,0,0,2,,
2026-08-30T00:45:47.451Z,1788050747451,188031,1,,83acd2e6,188043,grid,4,1351,1393,133,821,328,69,,0,0,0,0,0,0,0,0,0,0,0,0,0,0,2,,
2026-08-30T00:46:47.472Z,1788050807472,188091,1,,83acd2e6,188103,grid,4,1351,1393,133,821,328,69,,0,0,0,0,0,0,0,0,0,0,0,0,0,0,2,,
2026-08-30T00:47:47.487Z,1788050867487,188151,1,,83acd2e6,188163,grid,4,1352,1393,133,822,328,69,,0,0,0,0,0,0,0,0,0,0,0,0,0,0,2,,
2026-08-30T00:48:47.498Z,1788050927498,188211,1,,83acd2e6,188223,grid,4,1351,1393,133,822,328,69,,0,0,0,0,0,0,0,0,0,0,0,0,0,0,2,,
2026-08-30T00:49:47.522Z,1788050987522,188271,1,,83acd2e6,188283,grid,4,1352,1393,133,823,328,69,,0,0,0,0,0,0,0,0,0,0,0,0,0,0,2,,
2026-08-30T00:50:47.539Z,1788051047539,188331,1,,83acd2e6,188343,grid,4,1352,1393,133,822,328,69,,0,0,0,0,0,0,0,0,0,0,0,0,0,0,2,,
2026-08-30T00:51:47.565Z,1788051107565,188391,1,,83acd2e6,188403,grid,4,1352,1393,133,823,328,69,,0,0,0,0,0,0,0,0,0,0,0,0,0,0,2,,
2026-08-30T00:52:47.589Z,1788051167589,188451,1,,83acd2e6,188463,grid,4,1350,1393,133,821,328,69,,0,0,0,0,0,0,0,0,0,0,0,0,0,0,2,,
2026-08-30T00:53:47.602Z,1788051227602,188511,1,,83acd2e6,188523,grid,4,1351,1393,133,821,328,69,,0,0,0,0,0,0,0,0,0,0,0,0,0,0,2,,
2026-08-30T00:54:47.624Z,1788051287624,188571,1,,83acd2e6,188583,grid,4,1351,1393,133,822,328,69,,0,0,0,0,0,0,0,0,0,0,0,0,0,0,2,,
2026-08-30T00:55:47.641Z,1788051347641,188631,1,,83acd2e6,188643,grid,4,1351,1393,133,821,328,69,,0,0,0,0,0,0,0,0,0,0,0,0,0,0,2,,
2026-08-30T00:56:47.657Z,1788051407657,188691,1,,83acd2e6,188703,grid,4,1351,1393,133,821,328,69,,0,0,0,0,0,0,0,0,0,0,0,0,0,0,2,,
2026-08-30T00:57:47.672Z,1788051467672,188751,1,,83acd2e6,188763,grid,4,1350,1393,133,820,328,69,,0,0,0,0,0,0,0,0,0,0,0,0,0,0,2,,
2026-08-30T00:58:47.688Z,1788051527688,188811,1,,83acd2e6,188823,grid,4,1350,1393,132,821,328,69,,0,0,0,0,0,0,0,0,0,0,0,0,0,0,2,,
2026-08-30T00:59:47.709Z,1788051587709,188871,1,,83acd2e6,188883,grid,4,1351,1393,132,821,328,69,,0,0,0,0,0,0,0,0,0,0,0,0,0,0,2,,
2026-08-30T01:00:47.731Z,1788051647731,188931,1,,83acd2e6,188943,grid,4,1350,1393,132,821,328,69,,0,0,0,0,0,0,0,0,0,0,0,0,0,0,2,,
2026-08-30T01:01:47.750Z,1788051707750,188991,1,,83acd2e6,189003,grid,4,1351,1393,132,822,328,69,,0,0,0,0,0,0,0,0,0,0,0,0,0,0,2,,
2026-08-30T01:02:47.770Z,1788051767770,189051,1,,83acd2e6,189063,grid,4,1367,1393,132,831,334,69,,0,0,0,0,0,0,0,0,0,0,0,0,0,0,2,,
2026-08-30T01:03:47.781Z,1788051827781,189111,1,,83acd2e6,189123,grid,4,1357,1393,132,827,329,69,,0,0,0,0,0,0,0,0,0,0,0,0,0,0,2,,
2026-08-30T01:04:47.796Z,1788051887796,189171,1,,83acd2e6,189183,grid,4,1357,1393,132,827,329,69,,0,0,0,0,0,0,0,0,0,0,0,0,0,0,2,,
2026-08-30T01:05:47.808Z,1788051947808,189231,1,,83acd2e6,189243,grid,4,1357,1393,132,826,329,69,,0,0,0,0,0,0,0,0,0,0,0,0,0,0,2,,
2026-08-30T01:06:47.821Z,1788052007821,189291,1,,83acd2e6,189303,grid,4,1357,1393,132,827,329,69,,0,0,0,0,0,0,0,0,0,0,0,0,0,0,2,,
2026-08-30T01:07:47.833Z,1788052067833,189351,1,,83acd2e6,189363,grid,4,1353,1393,132,823,329,69,,0,0,0,0,0,0,0,0,0,0,0,0,0,0,2,,
2026-08-30T01:08:47.850Z,1788052127850,189411,1,,83acd2e6,189423,grid,4,1354,1393,133,823,329,69,,0,0,0,0,0,0,0,0,0,0,0,0,0,0,2,,
2026-08-30T01:09:47.858Z,1788052187858,189471,1,,83acd2e6,189483,grid,4,1354,1393,133,823,329,69,,0,0,0,0,0,0,0,0,0,0,0,0,0,0,2,,
2026-08-30T01:10:47.881Z,1788052247881,189531,1,,83acd2e6,189543,grid,4,1358,1393,133,823,333,69,,0,0,0,0,0,0,0,0,0,0,0,0,0,0,2,,
2026-08-30T01:11:47.902Z,1788052307902,189591,1,,83acd2e6,189603,grid,4,1358,1393,133,824,333,69,,0,0,0,0,0,0,0,0,0,0,0,0,0,0,2,,
2026-08-30T01:12:47.915Z,1788052367915,189651,1,,83acd2e6,189663,grid,4,1356,1393,133,822,333,69,,0,0,0,0,0,0,0,0,0,0,0,0,0,0,2,,
2026-08-30T01:13:47.931Z,1788052427931,189711,1,,83acd2e6,189723,grid,4,1352,1393,133,822,328,69,,0,0,0,0,0,0,0,0,0,0,0,0,0,0,2,,
2026-08-30T01:14:47.943Z,1788052487943,189771,1,,83acd2e6,189783,grid,4,1351,1393,133,822,328,69,,0,0,0,0,0,0,0,0,0,0,0,0,0,0,2,,
2026-08-30T01:15:47.954Z,1788052547954,189831,1,,83acd2e6,189843,grid,4,1352,1393,133,822,328,69,,0,0,0,0,0,0,0,0,0,0,0,0,0,0,2,,
2026-08-30T01:16:47.973Z,1788052607973,189891,1,,83acd2e6,189903,grid,4,1352,1393,133,822,328,69,,0,0,0,0,0,0,0,0,0,0,0,0,0,0,2,,
2026-08-30T01:17:47.993Z,1788052667993,189951,1,,83acd2e6,189963,grid,4,1351,1393,133,821,328,69,,0,0,0,0,0,0,0,0,0,0,0,0,0,0,2,,
2026-08-30T01:18:48.009Z,1788052728009,190011,1,,83acd2e6,190023,grid,4,1351,1393,133,822,328,69,,0,0,0,0,0,0,0,0,0,0,0,0,0,0,2,,
2026-08-30T01:19:48.025Z,1788052788025,190071,1,,83acd2e6,190083,grid,4,1350,1393,132,821,328,69,,0,0,0,0,0,0,0,0,0,0,0,0,0,0,2,,
2026-08-30T01:20:48.036Z,1788052848036,190131,1,,83acd2e6,190143,grid,4,1351,1393,132,821,328,69,,0,0,0,0,0,0,0,0,0,0,0,0,0,0,2,,
2026-08-30T01:21:48.050Z,1788052908050,190191,1,,83acd2e6,190203,grid,4,1351,1393,132,822,328,69,,0,0,0,0,0,0,0,0,0,0,0,0,0,0,2,,
2026-08-30T01:22:48.073Z,1788052968073,190251,1,,83acd2e6,190264,grid,4,1350,1393,132,821,328,69,,0,0,0,0,0,0,0,0,0,0,0,0,0,0,2,,
2026-08-30T01:23:48.090Z,1788053028090,190311,1,,83acd2e6,190324,grid,4,1351,1393,132,821,328,69,,0,0,0,0,0,0,0,0,0,0,0,0,0,0,2,,
2026-08-30T01:24:48.113Z,1788053088113,190372,1,,83acd2e6,190384,grid,4,1351,1393,132,821,328,69,,0,0,0,0,0,0,0,0,0,0,0,0,0,0,2,,
2026-08-30T01:25:48.130Z,1788053148130,190432,1,,83acd2e6,190444,grid,4,1351,1393,132,821,328,69,,0,0,0,0,0,0,0,0,0,0,0,0,0,0,2,,
2026-08-30T01:26:48.153Z,1788053208153,190492,1,,83acd2e6,190504,grid,4,1350,1393,132,820,328,69,,0,0,0,0,0,0,0,0,0,0,0,0,0,0,2,,
2026-08-30T01:27:48.166Z,1788053268166,190552,1,,83acd2e6,190564,grid,4,1350,1393,133,821,328,69,,0,0,0,0,0,0,0,0,0,0,0,0,0,0,2,,
2026-08-30T01:28:48.185Z,1788053328185,190612,1,,83acd2e6,190624,grid,4,1351,1393,133,821,328,69,,0,0,0,0,0,0,0,0,0,0,0,0,0,0,2,,
2026-08-30T01:29:48.197Z,1788053388197,190672,1,,83acd2e6,190684,grid,4,1350,1393,133,821,328,69,,0,0,0,0,0,0,0,0,0,0,0,0,0,0,2,,
2026-08-30T01:30:48.214Z,1788053448214,190732,1,,83acd2e6,190744,grid,4,1351,1393,133,821,328,69,,0,0,0,0,0,0,0,0,0,0,0,0,0,0,2,,
2026-08-30T01:31:48.232Z,1788053508232,190792,1,,83acd2e6,190804,grid,4,1351,1393,133,821,328,69,,0,0,0,0,0,0,0,0,0,0,0,0,0,0,2,,
2026-08-30T01:32:48.245Z,1788053568245,190852,1,,83acd2e6,190864,grid,4,1387,1393,133,852,334,69,,0,0,0,0,0,0,0,0,0,0,0,0,0,0,2,,
2026-08-30T01:33:48.260Z,1788053628260,190912,1,,83acd2e6,190924,grid,4,1360,1393,133,829,329,69,,0,0,0,0,0,0,0,0,0,0,0,0,0,0,2,,
2026-08-30T01:34:48.275Z,1788053688275,190972,1,,83acd2e6,190984,grid,4,1357,1393,133,826,329,69,,0,0,0,0,0,0,0,0,0,0,0,0,0,0,2,,
2026-08-30T01:35:48.296Z,1788053748296,191032,1,,83acd2e6,191044,grid,4,1357,1393,133,827,329,69,,0,0,0,0,0,0,0,0,0,0,0,0,0,0,2,,
2026-08-30T01:36:48.313Z,1788053808313,191092,1,,83acd2e6,191104,grid,4,1358,1393,133,827,329,69,,0,0,0,0,0,0,0,0,0,0,0,0,0,0,2,,
2026-08-30T01:37:48.338Z,1788053868338,191152,1,,83acd2e6,191164,grid,4,1352,1393,133,821,329,69,,0,0,0,0,0,0,0,0,0,0,0,0,0,0,2,,
2026-08-30T01:38:48.353Z,1788053928353,191212,1,,83acd2e6,191224,grid,4,1352,1393,133,822,328,69,,0,0,0,0,0,0,0,0,0,0,0,0,0,0,2,,
2026-08-30T01:39:48.365Z,1788053988365,191272,1,,83acd2e6,191284,grid,4,1351,1393,133,821,328,69,,0,0,0,0,0,0,0,0,0,0,0,0,0,0,2,,
2026-08-30T01:40:48.377Z,1788054048377,191332,1,,83acd2e6,191344,grid,4,1352,1393,133,821,328,69,,0,0,0,0,0,0,0,0,0,0,0,0,0,0,2,,
2026-08-30T01:41:48.392Z,1788054108392,191392,1,,83acd2e6,191404,grid,4,1352,1393,132,822,328,69,,0,0,0,0,0,0,0,0,0,0,0,0,0,0,2,,
2026-08-30T01:42:48.411Z,1788054168411,191452,1,,83acd2e6,191464,grid,4,1351,1393,132,822,328,69,,0,0,0,0,0,0,0,0,0,0,0,0,0,0,2,,
2026-08-30T01:43:48.427Z,1788054228427,191512,1,,83acd2e6,191524,grid,4,1352,1393,132,822,328,69,,0,0,0,0,0,0,0,0,0,0,0,0,0,0,2,,
2026-08-30T01:44:48.441Z,1788054288441,191572,1,,83acd2e6,191584,grid,4,1350,1393,132,821,328,69,,0,0,0,0,0,0,0,0,0,0,0,0,0,0,2,,
2026-08-30T01:45:48.451Z,1788054348451,191632,1,,83acd2e6,191644,grid,4,1351,1393,132,821,328,69,,0,0,0,0,0,0,0,0,0,0,0,0,0,0,2,,
2026-08-30T01:46:48.471Z,1788054408471,191692,1,,83acd2e6,191704,grid,4,1351,1393,132,821,328,69,,0,0,0,0,0,0,0,0,0,0,0,0,0,0,2,,
2026-08-30T01:47:48.488Z,1788054468488,191752,1,,83acd2e6,191764,grid,4,1351,1393,132,821,328,69,,0,0,0,0,0,0,0,0,0,0,0,0,0,0,2,,
2026-08-30T01:48:48.509Z,1788054528509,191812,1,,83acd2e6,191824,grid,4,1352,1393,132,822,328,69,,0,0,0,0,0,0,0,0,0,0,0,0,0,0,2,,
2026-08-30T01:49:48.517Z,1788054588517,191872,1,,83acd2e6,191884,grid,4,1351,1393,133,822,328,69,,0,0,0,0,0,0,0,0,0,0,0,0,0,0,2,,
2026-08-30T01:50:48.534Z,1788054648534,191932,1,,83acd2e6,191944,grid,4,1352,1393,133,822,328,69,,0,0,0,0,0,0,0,0,0,0,0,0,0,0,2,,
2026-08-30T01:51:48.551Z,1788054708551,191992,1,,83acd2e6,192004,grid,4,1352,1393,133,822,328,69,,0,0,0,0,0,0,0,0,0,0,0,0,0,0,2,,
2026-08-30T01:52:48.572Z,1788054768572,192052,1,,83acd2e6,192064,grid,4,1352,1393,133,822,328,69,,0,0,0,0,0,0,0,0,0,0,0,0,0,0,2,,
2026-08-30T01:53:48.591Z,1788054828591,192112,1,,83acd2e6,192124,grid,4,1353,1393,133,822,328,69,,0,0,0,0,0,0,0,0,0,0,0,0,0,0,2,,
2026-08-30T01:54:48.606Z,1788054888606,192172,1,,83acd2e6,192184,grid,4,1352,1393,133,822,328,69,,0,0,0,0,0,0,0,0,0,0,0,0,0,0,2,,
2026-08-30T01:55:48.625Z,1788054948625,192232,1,,83acd2e6,192244,grid,4,1352,1393,133,822,328,69,,0,0,0,0,0,0,0,0,0,0,0,0,0,0,2,,
2026-08-30T01:56:48.637Z,1788055008637,192292,1,,83acd2e6,192304,grid,4,1352,1393,133,822,328,69,,0,0,0,0,0,0,0,0,0,0,0,0,0,0,2,,
2026-08-30T01:57:48.654Z,1788055068654,192352,1,,83acd2e6,192364,grid,4,1352,1393,133,822,329,69,,0,0,0,0,0,0,0,0,0,0,0,0,0,0,2,,
2026-08-30T01:58:48.664Z,1788055128664,192412,1,,83acd2e6,192424,grid,4,1353,1393,133,822,329,69,,0,0,0,0,0,0,0,0,0,0,0,0,0,0,2,,
2026-08-30T01:59:48.681Z,1788055188681,192472,1,,83acd2e6,192484,grid,4,1351,1393,133,821,329,69,,0,0,0,0,0,0,0,0,0,0,0,0,0,0,2,,
2026-08-30T02:00:48.703Z,1788055248703,192532,1,,83acd2e6,192544,grid,4,1352,1393,133,821,329,69,,0,0,0,0,0,0,0,0,0,0,0,0,0,0,2,,
2026-08-30T02:01:48.717Z,1788055308717,192592,1,,83acd2e6,192604,grid,4,1351,1393,133,820,328,69,,0,0,0,0,0,0,0,0,0,0,0,0,0,0,2,,
2026-08-30T02:02:48.734Z,1788055368734,192652,1,,83acd2e6,192664,grid,4,1384,1393,133,847,335,69,,0,0,0,0,0,0,0,0,0,0,0,0,0,0,2,,
2026-08-30T02:03:48.746Z,1788055428746,192712,1,,83acd2e6,192724,grid,4,1357,1393,132,826,329,69,,0,0,0,0,0,0,0,0,0,0,0,0,0,0,2,,
2026-08-30T02:04:48.753Z,1788055488753,192772,1,,83acd2e6,192784,grid,4,1357,1393,132,826,329,69,,0,0,0,0,0,0,0,0,0,0,0,0,0,0,2,,
2026-08-30T02:05:48.774Z,1788055548774,192832,1,,83acd2e6,192844,grid,4,1356,1393,132,826,329,69,,0,0,0,0,0,0,0,0,0,0,0,0,0,0,2,,
2026-08-30T02:06:48.788Z,1788055608788,192892,1,,83acd2e6,192904,grid,4,1361,1393,132,826,333,69,,0,0,0,0,0,0,0,0,0,0,0,0,0,0,2,,
2026-08-30T02:07:48.808Z,1788055668808,192952,1,,83acd2e6,192964,grid,4,1351,1393,132,821,329,69,,0,0,0,0,0,0,0,0,0,0,0,0,0,0,2,,
2026-08-30T02:08:48.819Z,1788055728819,193012,1,,83acd2e6,193024,grid,4,1351,1393,132,821,328,69,,0,0,0,0,0,0,0,0,0,0,0,0,0,0,2,,
2026-08-30T02:09:48.833Z,1788055788833,193072,1,,83acd2e6,193084,grid,4,1351,1393,132,821,328,69,,0,0,0,0,0,0,0,0,0,0,0,0,0,0,2,,
2026-08-30T02:10:48.857Z,1788055848857,193132,1,,83acd2e6,193144,grid,4,1351,1393,133,821,329,69,,0,0,0,0,0,0,0,0,0,0,0,0,0,0,2,,
2026-08-30T02:11:48.870Z,1788055908870,193192,1,,83acd2e6,193204,grid,4,1352,1393,133,822,328,69,,0,0,0,0,0,0,0,0,0,0,0,0,0,0,2,,
2026-08-30T02:12:48.890Z,1788055968890,193252,1,,83acd2e6,193264,grid,4,1352,1393,133,821,328,69,,0,0,0,0,0,0,0,0,0,0,0,0,0,0,2,,
2026-08-30T02:13:48.904Z,1788056028904,193312,1,,83acd2e6,193324,grid,4,1352,1393,133,822,329,69,,0,0,0,0,0,0,0,0,0,0,0,0,0,0,2,,
2026-08-30T02:14:48.914Z,1788056088914,193372,1,,83acd2e6,193384,grid,4,1352,1393,133,821,328,69,,0,0,0,0,0,0,0,0,0,0,0,0,0,0,2,,
2026-08-30T02:15:48.929Z,1788056148929,193432,1,,83acd2e6,193444,grid,4,1352,1393,133,821,328,69,,0,0,0,0,0,0,0,0,0,0,0,0,0,0,2,,
2026-08-30T02:16:48.951Z,1788056208951,193492,1,,83acd2e6,193504,grid,4,1352,1393,133,822,329,69,,0,0,0,0,0,0,0,0,0,0,0,0,0,0,2,,
2026-08-30T02:17:48.972Z,1788056268972,193552,1,,83acd2e6,193564,grid,4,1351,1393,133,820,328,69,,0,0,0,0,0,0,0,0,0,0,0,0,0,0,2,,
2026-08-30T02:18:48.988Z,1788056328988,193612,1,,83acd2e6,193624,grid,4,1352,1393,133,821,328,69,,0,0,0,0,0,0,0,0,0,0,0,0,0,0,2,,
2026-08-30T02:19:49.000Z,1788056389000,193672,1,,83acd2e6,193684,grid,4,1352,1393,133,821,329,69,,0,0,0,0,0,0,0,0,0,0,0,0,0,0,2,,
2026-08-30T02:20:49.021Z,1788056449021,193732,1,,83acd2e6,193744,grid,4,1352,1393,133,822,328,69,,0,0,0,0,0,0,0,0,0,0,0,0,0,0,2,,
2026-08-30T02:21:49.041Z,1788056509041,193792,1,,83acd2e6,193804,grid,4,1353,1393,133,822,328,69,,0,0,0,0,0,0,0,0,0,0,0,0,0,0,2,,
2026-08-30T02:22:49.055Z,1788056569055,193852,1,,83acd2e6,193864,grid,4,1352,1393,133,822,328,69,,0,0,0,0,0,0,0,0,0,0,0,0,0,0,2,,
2026-08-30T02:23:49.067Z,1788056629067,193912,1,,83acd2e6,193925,grid,4,1353,1393,133,822,328,69,,0,0,0,0,0,0,0,0,0,0,0,0,0,0,2,,
2026-08-30T02:24:49.091Z,1788056689091,193972,1,,83acd2e6,193985,grid,4,1352,1393,133,822,328,69,,0,0,0,0,0,0,0,0,0,0,0,0,0,0,2,,
2026-08-30T02:25:49.109Z,1788056749109,194033,1,,83acd2e6,194045,grid,4,1352,1393,132,822,329,69,,0,0,0,0,0,0,0,0,0,0,0,0,0,0,2,,
2026-08-30T02:26:49.123Z,1788056809123,194093,1,,83acd2e6,194105,grid,4,1351,1393,132,821,328,69,,0,0,0,0,0,0,0,0,0,0,0,0,0,0,2,,
2026-08-30T02:27:49.134Z,1788056869134,194153,1,,83acd2e6,194165,grid,4,1351,1393,132,821,328,69,,0,0,0,0,0,0,0,0,0,0,0,0,0,0,2,,
2026-08-30T02:28:49.151Z,1788056929151,194213,1,,83acd2e6,194225,grid,4,1351,1393,132,821,328,69,,0,0,0,0,0,0,0,0,0,0,0,0,0,0,2,,
2026-08-30T02:29:49.160Z,1788056989160,194273,1,,83acd2e6,194285,grid,4,1351,1393,132,821,328,69,,0,0,0,0,0,0,0,0,0,0,0,0,0,0,2,,
2026-08-30T02:30:49.179Z,1788057049179,194333,1,,83acd2e6,194345,grid,4,1352,1393,132,822,328,69,,0,0,0,0,0,0,0,0,0,0,0,0,0,0,2,,
2026-08-30T02:31:49.191Z,1788057109191,194393,1,,83acd2e6,194405,grid,4,1351,1393,133,821,328,69,,0,0,0,0,0,0,0,0,0,0,0,0,0,0,2,,
2026-08-30T02:32:49.201Z,1788057169201,194453,1,,83acd2e6,194465,grid,4,1380,1393,133,844,334,69,,0,0,0,0,0,0,0,0,0,0,0,0,0,0,2,,
2026-08-30T02:33:49.214Z,1788057229214,194513,1,,83acd2e6,194525,grid,4,1371,1393,133,836,333,69,,0,0,0,0,0,0,0,0,0,0,0,0,0,0,2,,
2026-08-30T02:34:49.236Z,1788057289236,194573,1,,83acd2e6,194585,grid,4,1368,1393,133,833,333,69,,0,0,0,0,0,0,0,0,0,0,0,0,0,0,2,,
2026-08-30T02:35:49.255Z,1788057349255,194633,1,,83acd2e6,194645,grid,4,1364,1393,133,833,329,69,,0,0,0,0,0,0,0,0,0,0,0,0,0,0,2,,
2026-08-30T02:36:49.272Z,1788057409272,194693,1,,83acd2e6,194705,grid,4,1364,1393,133,833,329,69,,0,0,0,0,0,0,0,0,0,0,0,0,0,0,2,,
2026-08-30T02:37:49.290Z,1788057469290,194753,1,,83acd2e6,194765,grid,4,1358,1393,133,827,329,69,,0,0,0,0,0,0,0,0,0,0,0,0,0,0,2,,
2026-08-30T02:38:49.311Z,1788057529311,194813,1,,83acd2e6,194825,grid,4,1359,1393,133,828,329,69,,0,0,0,0,0,0,0,0,0,0,0,0,0,0,2,,
2026-08-30T02:39:49.332Z,1788057589332,194873,1,,83acd2e6,194885,grid,4,1358,1393,133,827,329,69,,0,0,0,0,0,0,0,0,0,0,0,0,0,0,2,,
2026-08-30T02:40:49.342Z,1788057649342,194933,1,,83acd2e6,194945,grid,4,1358,1393,133,827,329,69,,0,0,0,0,0,0,0,0,0,0,0,0,0,0,2,,
2026-08-30T02:41:49.356Z,1788057709356,194993,1,,83acd2e6,195005,grid,4,1358,1393,133,827,329,69,,0,0,0,0,0,0,0,0,0,0,0,0,0,0,2,,
2026-08-30T02:42:49.369Z,1788057769369,195053,1,,83acd2e6,195065,grid,4,1361,1393,133,827,332,69,,0,0,0,0,0,0,0,0,0,0,0,0,0,0,2,,
2026-08-30T02:43:49.383Z,1788057829383,195113,1,,83acd2e6,195125,grid,4,1362,1393,133,827,333,69,,0,0,0,0,0,0,0,0,0,0,0,0,0,0,2,,
2026-08-30T02:44:49.401Z,1788057889401,195173,1,,83acd2e6,195185,grid,4,1358,1393,133,827,329,69,,0,0,0,0,0,0,0,0,0,0,0,0,0,0,2,,
2026-08-30T02:45:49.420Z,1788057949420,195233,1,,83acd2e6,195245,grid,4,1358,1393,133,827,329,69,,0,0,0,0,0,0,0,0,0,0,0,0,0,0,2,,
2026-08-30T02:46:49.444Z,1788058009444,195293,1,,83acd2e6,195305,grid,4,1358,1393,132,827,329,69,,0,0,0,0,0,0,0,0,0,0,0,0,0,0,2,,
2026-08-30T02:47:49.455Z,1788058069455,195353,1,,83acd2e6,195365,grid,4,1360,1393,132,826,333,69,,0,0,0,0,0,0,0,0,0,0,0,0,0,0,2,,
2026-08-30T02:48:49.464Z,1788058129464,195413,1,,83acd2e6,195425,grid,4,1354,1393,133,823,329,69,,0,0,0,0,0,0,0,0,0,0,0,0,0,0,2,,
2026-08-30T02:49:49.481Z,1788058189481,195473,1,,83acd2e6,195485,grid,4,1359,1393,133,824,334,69,,0,0,0,0,0,0,0,0,0,0,0,0,0,0,2,,
2026-08-30T02:50:49.493Z,1788058249493,195533,1,,83acd2e6,195545,grid,4,1355,1393,133,824,329,69,,0,0,0,0,0,0,0,0,0,0,0,0,0,0,2,,
2026-08-30T02:51:49.511Z,1788058309511,195593,1,,83acd2e6,195605,grid,4,1359,1393,133,824,333,69,,0,0,0,0,0,0,0,0,0,0,0,0,0,0,2,,
2026-08-30T02:52:49.519Z,1788058369519,195653,1,,83acd2e6,195665,grid,4,1356,1393,133,824,329,69,,0,0,0,0,0,0,0,0,0,0,0,0,0,0,2,,
2026-08-30T02:53:49.539Z,1788058429539,195713,1,,83acd2e6,195725,grid,4,1359,1393,133,824,333,69,,0,0,0,0,0,0,0,0,0,0,0,0,0,0,2,,
2026-08-30T02:54:49.559Z,1788058489559,195773,1,,83acd2e6,195785,grid,4,1359,1393,133,824,333,69,,0,0,0,0,0,0,0,0,0,0,0,0,0,0,2,,
2026-08-30T02:55:49.580Z,1788058549580,195833,1,,83acd2e6,195845,grid,4,1355,1393,133,824,329,69,,0,0,0,0,0,0,0,0,0,0,0,0,0,0,2,,
2026-08-30T02:56:49.596Z,1788058609596,195893,1,,83acd2e6,195905,grid,4,1355,1393,133,824,329,69,,0,0,0,0,0,0,0,0,0,0,0,0,0,0,2,,
2026-08-30T02:57:49.609Z,1788058669609,195953,1,,83acd2e6,195965,grid,4,1355,1393,133,825,329,69,,0,0,0,0,0,0,0,0,0,0,0,0,0,0,2,,
2026-08-30T02:58:49.617Z,1788058729617,196013,1,,83acd2e6,196025,grid,4,1355,1393,133,824,329,69,,0,0,0,0,0,0,0,0,0,0,0,0,0,0,2,,
2026-08-30T02:59:49.629Z,1788058789629,196073,1,,83acd2e6,196085,grid,4,1355,1393,133,824,329,69,,0,0,0,0,0,0,0,0,0,0,0,0,0,0,2,,
2026-08-30T03:00:49.643Z,1788058849643,196133,1,,83acd2e6,196145,grid,4,1355,1393,133,825,329,69,,0,0,0,0,0,0,0,0,0,0,0,0,0,0,2,,
2026-08-30T03:01:49.663Z,1788058909663,196193,1,,83acd2e6,196205,grid,4,1355,1393,133,825,329,69,,0,0,0,0,0,0,0,0,0,0,0,0,0,0,2,,
2026-08-30T03:02:49.683Z,1788058969683,196253,1,,83acd2e6,196265,grid,4,1388,1399,133,853,333,69,,0,0,0,0,0,0,0,0,0,0,0,0,0,0,2,,
2026-08-30T03:03:49.693Z,1788059029693,196313,1,,83acd2e6,196325,grid,4,1364,1399,133,832,329,69,,0,0,0,0,0,0,0,0,0,0,0,0,0,0,2,,
2026-08-30T03:04:49.706Z,1788059089706,196373,1,,83acd2e6,196385,grid,4,1362,1399,133,830,329,69,,0,0,0,0,0,0,0,0,0,0,0,0,0,0,2,,
2026-08-30T03:05:49.724Z,1788059149724,196433,1,,83acd2e6,196445,grid,4,1360,1399,133,829,329,69,,0,0,0,0,0,0,0,0,0,0,0,0,0,0,2,,
2026-08-30T03:06:49.735Z,1788059209735,196493,1,,83acd2e6,196505,grid,4,1361,1399,133,829,329,69,,0,0,0,0,0,0,0,0,0,0,0,0,0,0,2,,
2026-08-30T03:07:49.748Z,1788059269748,196553,1,,83acd2e6,196565,grid,4,1357,1399,133,826,329,69,,0,0,0,0,0,0,0,0,0,0,0,0,0,0,2,,
2026-08-30T03:08:49.767Z,1788059329767,196613,1,,83acd2e6,196625,grid,4,1357,1399,132,826,329,69,,0,0,0,0,0,0,0,0,0,0,0,0,0,0,2,,
2026-08-30T03:09:49.790Z,1788059389790,196673,1,,83acd2e6,196685,grid,4,1361,1399,132,826,334,69,,0,0,0,0,0,0,0,0,0,0,0,0,0,0,2,,
2026-08-30T03:10:49.801Z,1788059449801,196733,1,,83acd2e6,196745,grid,4,1357,1399,133,827,329,69,,0,0,0,0,0,0,0,0,0,0,0,0,0,0,2,,
2026-08-30T03:11:49.813Z,1788059509813,196793,1,,83acd2e6,196805,grid,4,1354,1399,133,824,329,69,,0,0,0,0,0,0,0,0,0,0,0,0,0,0,2,,
2026-08-30T03:12:49.828Z,1788059569828,196853,1,,83acd2e6,196865,grid,4,1355,1399,133,824,329,69,,0,0,0,0,0,0,0,0,0,0,0,0,0,0,2,,
2026-08-30T03:13:49.847Z,1788059629847,196913,1,,83acd2e6,196925,grid,4,1355,1399,133,825,329,69,,0,0,0,0,0,0,0,0,0,0,0,0,0,0,2,,
2026-08-30T03:14:49.869Z,1788059689869,196973,1,,83acd2e6,196985,grid,4,1355,1399,133,824,329,69,,0,0,0,0,0,0,0,0,0,0,0,0,0,0,2,,
2026-08-30T03:15:49.884Z,1788059749884,197033,1,,83acd2e6,197045,grid,4,1355,1399,133,825,329,69,,0,0,0,0,0,0,0,0,0,0,0,0,0,0,2,,
2026-08-30T03:16:49.898Z,1788059809898,197093,1,,83acd2e6,197105,grid,4,1355,1399,133,825,329,69,,0,0,0,0,0,0,0,0,0,0,0,0,0,0,2,,
2026-08-30T03:17:49.916Z,1788059869916,197153,1,,83acd2e6,197165,grid,4,1355,1399,133,825,329,69,,0,0,0,0,0,0,0,0,0,0,0,0,0,0,2,,
2026-08-30T03:18:49.930Z,1788059929930,197213,1,,83acd2e6,197225,grid,4,1356,1399,133,825,329,69,,0,0,0,0,0,0,0,0,0,0,0,0,0,0,2,,
2026-08-30T03:19:49.943Z,1788059989943,197273,1,,83acd2e6,197285,grid,4,1355,1399,133,824,329,69,,0,0,0,0,0,0,0,0,0,0,0,0,0,0,2,,
2026-08-30T03:20:49.954Z,1788060049954,197333,1,,83acd2e6,197345,grid,4,1355,1399,133,825,329,69,,0,0,0,0,0,0,0,0,0,0,0,0,0,0,2,,
2026-08-30T03:21:49.979Z,1788060109979,197393,1,,83acd2e6,197405,grid,4,1355,1399,133,825,329,69,,0,0,0,0,0,0,0,0,0,0,0,0,0,0,2,,
2026-08-30T03:22:49.990Z,1788060169990,197453,1,,83acd2e6,197465,grid,4,1355,1399,133,825,329,69,,0,0,0,0,0,0,0,0,0,0,0,0,0,0,2,,
2026-08-30T03:23:50.002Z,1788060230002,197513,1,,83acd2e6,197525,grid,4,1356,1399,133,825,329,69,,0,0,0,0,0,0,0,0,0,0,0,0,0,0,2,,
2026-08-30T03:24:50.016Z,1788060290016,197573,1,,83acd2e6,197585,grid,4,1355,1399,133,825,329,69,,0,0,0,0,0,0,0,0,0,0,0,0,0,0,2,,
2026-08-30T03:25:50.033Z,1788060350033,197633,1,,83acd2e6,197645,grid,4,1356,1399,133,825,329,69,,0,0,0,0,0,0,0,0,0,0,0,0,0,0,2,,
2026-08-30T03:26:50.049Z,1788060410049,197693,1,,83acd2e6,197705,grid,4,1355,1399,133,825,329,69,,0,0,0,0,0,0,0,0,0,0,0,0,0,0,2,,
2026-08-30T03:27:50.065Z,1788060470065,197753,1,,83acd2e6,197766,grid,4,1356,1399,133,825,329,69,,0,0,0,0,0,0,0,0,0,0,0,0,0,0,2,,
2026-08-30T03:28:50.074Z,1788060530074,197813,1,,83acd2e6,197826,grid,4,1354,1399,133,823,329,69,,0,0,0,0,0,0,0,0,0,0,0,0,0,0,2,,
2026-08-30T03:29:50.089Z,1788060590089,197873,1,,83acd2e6,197886,grid,4,1353,1399,133,823,329,69,,0,0,0,0,0,0,0,0,0,0,0,0,0,0,2,,
2026-08-30T03:30:50.104Z,1788060650104,197934,1,,83acd2e6,197946,grid,4,1354,1399,133,823,329,69,,0,0,0,0,0,0,0,0,0,0,0,0,0,0,2,,
2026-08-30T03:31:50.118Z,1788060710118,197994,1,,83acd2e6,198006,grid,4,1353,1399,132,823,329,69,,0,0,0,0,0,0,0,0,0,0,0,0,0,0,2,,
2026-08-30T03:32:50.136Z,1788060770136,198054,1,,83acd2e6,198066,grid,4,1364,1399,133,828,334,69,,0,0,0,0,0,0,0,0,0,0,0,0,0,0,2,,
2026-08-30T03:33:50.160Z,1788060830160,198114,1,,83acd2e6,198126,grid,4,1364,1399,133,830,333,69,,0,0,0,0,0,0,0,0,0,0,0,0,0,0,2,,
2026-08-30T03:34:50.168Z,1788060890168,198174,1,,83acd2e6,198186,grid,4,1360,1399,133,829,330,69,,0,0,0,0,0,0,0,0,0,0,0,0,0,0,2,,
2026-08-30T03:35:50.183Z,1788060950183,198234,1,,83acd2e6,198246,grid,4,1365,1399,133,829,334,69,,0,0,0,0,0,0,0,0,0,0,0,0,0,0,2,,
2026-08-30T03:36:50.202Z,1788061010202,198294,1,,83acd2e6,198306,grid,4,1361,1399,133,830,329,69,,0,0,0,0,0,0,0,0,0,0,0,0,0,0,2,,
2026-08-30T03:37:50.214Z,1788061070214,198354,1,,83acd2e6,198366,grid,4,1361,1399,133,826,333,69,,0,0,0,0,0,0,0,0,0,0,0,0,0,0,2,,
2026-08-30T03:38:50.232Z,1788061130232,198414,1,,83acd2e6,198426,grid,4,1362,1399,133,826,333,69,,0,0,0,0,0,0,0,0,0,0,0,0,0,0,2,,
2026-08-30T03:39:50.254Z,1788061190254,198474,1,,83acd2e6,198486,grid,4,1361,1399,133,826,333,69,,0,0,0,0,0,0,0,0,0,0,0,0,0,0,2,,
2026-08-30T03:40:50.267Z,1788061250267,198534,1,,83acd2e6,198546,grid,4,1362,1399,133,826,333,69,,0,0,0,0,0,0,0,0,0,0,0,0,0,0,2,,
2026-08-30T03:41:50.279Z,1788061310279,198594,1,,83acd2e6,198606,grid,4,1355,1399,133,824,329,69,,0,0,0,0,0,0,0,0,0,0,0,0,0,0,2,,
2026-08-30T03:42:50.290Z,1788061370290,198654,1,,83acd2e6,198666,grid,4,1355,1399,133,824,329,69,,0,0,0,0,0,0,0,0,0,0,0,0,0,0,2,,
2026-08-30T03:43:50.305Z,1788061430305,198714,1,,83acd2e6,198726,grid,4,1356,1399,133,824,329,69,,0,0,0,0,0,0,0,0,0,0,0,0,0,0,2,,
2026-08-30T03:44:50.329Z,1788061490329,198774,1,,83acd2e6,198786,grid,4,1360,1399,133,824,333,69,,0,0,0,0,0,0,0,0,0,0,0,0,0,0,2,,
2026-08-30T03:45:50.353Z,1788061550353,198834,1,,83acd2e6,198846,grid,4,1359,1399,133,824,333,69,,0,0,0,0,0,0,0,0,0,0,0,0,0,0,2,,
2026-08-30T03:46:50.365Z,1788061610365,198894,1,,83acd2e6,198906,grid,4,1354,1399,133,823,329,69,,0,0,0,0,0,0,0,0,0,0,0,0,0,0,2,,
2026-08-30T03:47:50.381Z,1788061670381,198954,1,,83acd2e6,198966,grid,4,1354,1399,133,823,329,69,,0,0,0,0,0,0,0,0,0,0,0,0,0,0,2,,
2026-08-30T03:48:50.399Z,1788061730399,199014,1,,83acd2e6,199026,grid,4,1355,1399,133,824,329,69,,0,0,0,0,0,0,0,0,0,0,0,0,0,0,2,,
2026-08-30T03:49:50.416Z,1788061790416,199074,1,,83acd2e6,199086,grid,4,1355,1399,133,824,329,69,,0,0,0,0,0,0,0,0,0,0,0,0,0,0,2,,
2026-08-30T03:50:50.437Z,1788061850437,199134,1,,83acd2e6,199146,grid,4,1355,1399,133,824,329,69,,0,0,0,0,0,0,0,0,0,0,0,0,0,0,2,,
2026-08-30T03:51:50.454Z,1788061910454,199194,1,,83acd2e6,199206,grid,4,1354,1399,133,823,329,69,,0,0,0,0,0,0,0,0,0,0,0,0,0,0,2,,
2026-08-30T03:52:50.462Z,1788061970462,199254,1,,83acd2e6,199266,grid,4,1355,1399,133,824,329,69,,0,0,0,0,0,0,0,0,0,0,0,0,0,0,2,,
2026-08-30T03:53:50.487Z,1788062030487,199314,1,,83acd2e6,199326,grid,4,1356,1399,133,824,329,69,,0,0,0,0,0,0,0,0,0,0,0,0,0,0,2,,
2026-08-30T03:54:50.505Z,1788062090505,199374,1,,83acd2e6,199386,grid,4,1355,1399,133,824,329,69,,0,0,0,0,0,0,0,0,0,0,0,0,0,0,2,,
2026-08-30T03:55:50.527Z,1788062150527,199434,1,,83acd2e6,199446,grid,4,1355,1399,133,823,329,69,,0,0,0,0,0,0,0,0,0,0,0,0,0,0,2,,
2026-08-30T03:56:50.537Z,1788062210537,199494,1,,83acd2e6,199506,grid,4,1355,1399,133,824,329,69,,0,0,0,0,0,0,0,0,0,0,0,0,0,0,2,,
2026-08-30T03:57:50.549Z,1788062270549,199554,1,,83acd2e6,199566,grid,4,1355,1399,133,824,329,69,,0,0,0,0,0,0,0,0,0,0,0,0,0,0,2,,
2026-08-30T03:58:50.562Z,1788062330562,199614,1,,83acd2e6,199626,grid,4,1356,1399,133,825,329,69,,0,0,0,0,0,0,0,0,0,0,0,0,0,0,2,,
2026-08-30T03:59:50.577Z,1788062390577,199674,1,,83acd2e6,199686,grid,4,1355,1399,134,824,329,69,,0,0,0,0,0,0,0,0,0,0,0,0,0,0,2,,
2026-08-30T04:00:50.596Z,1788062450596,199734,1,,83acd2e6,199746,grid,4,1356,1399,134,824,329,69,,0,0,0,0,0,0,0,0,0,0,0,0,0,0,2,,
2026-08-30T04:01:50.615Z,1788062510615,199794,1,,83acd2e6,199806,grid,4,1356,1399,134,824,329,69,,0,0,0,0,0,0,0,0,0,0,0,0,0,0,2,,
2026-08-30T04:02:50.625Z,1788062570625,199854,1,,83acd2e6,199866,grid,4,1388,1399,134,856,330,69,,0,0,0,0,0,0,0,0,0,0,0,0,0,0,2,,
2026-08-30T04:03:50.645Z,1788062630645,199914,1,,83acd2e6,199926,grid,4,1363,1399,134,831,330,69,,0,0,0,0,0,0,0,0,0,0,0,0,0,0,2,,
2026-08-30T04:04:50.665Z,1788062690665,199974,1,,83acd2e6,199986,grid,4,1361,1399,134,829,330,69,,0,0,0,0,0,0,0,0,0,0,0,0,0,0,2,,
2026-08-30T04:05:50.680Z,1788062750680,200034,1,,83acd2e6,200046,grid,4,1362,1399,134,829,330,69,,0,0,0,0,0,0,0,0,0,0,0,0,0,0,2,,
2026-08-30T04:06:50.700Z,1788062810700,200094,1,,83acd2e6,200106,grid,4,1361,1399,134,829,330,69,,0,0,0,0,0,0,0,0,0,0,0,0,0,0,2,,
2026-08-30T04:07:50.716Z,1788062870716,200154,1,,83acd2e6,200166,grid,4,1358,1399,134,826,330,69,,0,0,0,0,0,0,0,0,0,0,0,0,0,0,2,,
2026-08-30T04:08:50.726Z,1788062930726,200214,1,,83acd2e6,200226,grid,4,1363,1399,134,826,334,69,,0,0,0,0,0,0,0,0,0,0,0,0,0,0,2,,
2026-08-30T04:09:50.748Z,1788062990748,200274,1,,83acd2e6,200286,grid,4,1357,1399,134,824,330,69,,0,0,0,0,0,0,0,0,0,0,0,0,0,0,2,,
2026-08-30T04:10:50.760Z,1788063050760,200334,1,,83acd2e6,200346,grid,4,1362,1399,134,825,334,69,,0,0,0,0,0,0,0,0,0,0,0,0,0,0,2,,
2026-08-30T04:11:50.771Z,1788063110771,200394,1,,83acd2e6,200406,grid,4,1357,1399,134,824,330,69,,0,0,0,0,0,0,0,0,0,0,0,0,0,0,2,,
2026-08-30T04:12:50.792Z,1788063170792,200454,1,,83acd2e6,200466,grid,4,1356,1399,134,824,329,69,,0,0,0,0,0,0,0,0,0,0,0,0,0,0,2,,
2026-08-30T04:13:50.801Z,1788063230801,200514,1,,83acd2e6,200526,grid,4,1356,1399,134,824,329,69,,0,0,0,0,0,0,0,0,0,0,0,0,0,0,2,,
2026-08-30T04:14:50.823Z,1788063290823,200574,1,,83acd2e6,200586,grid,4,1355,1399,133,824,329,69,,0,0,0,0,0,0,0,0,0,0,0,0,0,0,2,,
2026-08-30T04:15:50.837Z,1788063350837,200634,1,,83acd2e6,200646,grid,4,1355,1399,133,824,329,69,,0,0,0,0,0,0,0,0,0,0,0,0,0,0,2,,
2026-08-30T04:16:50.849Z,1788063410849,200694,1,,83acd2e6,200706,grid,4,1355,1399,133,824,329,69,,0,0,0,0,0,0,0,0,0,0,0,0,0,0,2,,
2026-08-30T04:17:50.856Z,1788063470856,200754,1,,83acd2e6,200766,grid,4,1355,1399,133,824,329,69,,0,0,0,0,0,0,0,0,0,0,0,0,0,0,2,,
2026-08-30T04:18:50.874Z,1788063530874,200814,1,,83acd2e6,200826,grid,4,1356,1399,133,825,329,69,,0,0,0,0,0,0,0,0,0,0,0,0,0,0,2,,
2026-08-30T04:19:50.897Z,1788063590897,200874,1,,83acd2e6,200886,grid,4,1355,1399,133,823,329,69,,0,0,0,0,0,0,0,0,0,0,0,0,0,0,2,,
2026-08-30T04:20:50.915Z,1788063650915,200934,1,,83acd2e6,200946,grid,4,1355,1399,133,824,329,69,,0,0,0,0,0,0,0,0,0,0,0,0,0,0,2,,
2026-08-30T04:21:50.931Z,1788063710931,200994,1,,83acd2e6,201006,grid,4,1355,1399,133,824,329,69,,0,0,0,0,0,0,0,0,0,0,0,0,0,0,2,,
2026-08-30T04:22:50.956Z,1788063770956,201054,1,,83acd2e6,201066,grid,4,1356,1399,133,825,329,69,,0,0,0,0,0,0,0,0,0,0,0,0,0,0,2,,
2026-08-30T04:23:50.980Z,1788063830980,201114,1,,83acd2e6,201126,grid,4,1356,1399,133,825,329,69,,0,0,0,0,0,0,0,0,0,0,0,0,0,0,2,,
2026-08-30T04:24:50.993Z,1788063890993,201174,1,,83acd2e6,201186,grid,4,1355,1399,133,824,329,69,,0,0,0,0,0,0,0,0,0,0,0,0,0,0,2,,
2026-08-30T04:25:51.017Z,1788063951017,201234,1,,83acd2e6,201246,grid,4,1356,1399,133,825,329,69,,0,0,0,0,0,0,0,0,0,0,0,0,0,0,2,,
2026-08-30T04:26:51.032Z,1788064011032,201294,1,,83acd2e6,201306,grid,4,1355,1399,133,824,329,69,,0,0,0,0,0,0,0,0,0,0,0,0,0,0,2,,
2026-08-30T04:27:51.047Z,1788064071047,201354,1,,83acd2e6,201366,grid,4,1355,1399,133,824,329,69,,0,0,0,0,0,0,0,0,0,0,0,0,0,0,2,,
2026-08-30T04:28:51.071Z,1788064131071,201414,1,,83acd2e6,201427,grid,4,1355,1399,133,824,329,69,,0,0,0,0,0,0,0,0,0,0,0,0,0,0,2,,
2026-08-30T04:29:51.084Z,1788064191084,201474,1,,83acd2e6,201487,grid,4,1356,1399,133,825,329,69,,0,0,0,0,0,0,0,0,0,0,0,0,0,0,2,,
2026-08-30T04:30:51.104Z,1788064251104,201535,1,,83acd2e6,201547,grid,4,1357,1399,133,825,329,69,,0,0,0,0,0,0,0,0,0,0,0,0,0,0,2,,
2026-08-30T04:31:51.123Z,1788064311123,201595,1,,83acd2e6,201607,grid,4,1355,1399,133,824,329,69,,0,0,0,0,0,0,0,0,0,0,0,0,0,0,2,,
2026-08-30T04:32:51.131Z,1788064371131,201655,1,,83acd2e6,201667,grid,4,1384,1399,133,852,330,69,,0,0,0,0,0,0,0,0,0,0,0,0,0,0,2,,
2026-08-30T04:33:51.156Z,1788064431156,201715,1,,83acd2e6,201727,grid,4,1365,1399,133,832,330,69,,0,0,0,0,0,0,0,0,0,0,0,0,0,0,2,,
2026-08-30T04:34:51.181Z,1788064491181,201775,1,,83acd2e6,201787,grid,4,1362,1399,133,830,330,69,,0,0,0,0,0,0,0,0,0,0,0,0,0,0,2,,
2026-08-30T04:35:51.202Z,1788064551202,201835,1,,83acd2e6,201847,grid,4,1362,1399,133,830,330,69,,0,0,0,0,0,0,0,0,0,0,0,0,0,0,2,,
2026-08-30T04:36:51.220Z,1788064611220,201895,1,,83acd2e6,201907,grid,4,1362,1399,133,830,330,69,,0,0,0,0,0,0,0,0,0,0,0,0,0,0,2,,
2026-08-30T04:37:51.240Z,1788064671240,201955,1,,83acd2e6,201967,grid,4,1359,1399,133,827,330,69,,0,0,0,0,0,0,0,0,0,0,0,0,0,0,2,,
2026-08-30T04:38:51.258Z,1788064731258,202015,1,,83acd2e6,202027,grid,4,1364,1399,133,827,335,69,,0,0,0,0,0,0,0,0,0,0,0,0,0,0,2,,
2026-08-30T04:39:51.270Z,1788064791270,202075,1,,83acd2e6,202087,grid,4,1359,1399,133,827,331,69,,0,0,0,0,0,0,0,0,0,0,0,0,0,0,2,,
2026-08-30T04:40:51.289Z,1788064851289,202135,1,,83acd2e6,202147,grid,4,1359,1399,133,827,330,69,,0,0,0,0,0,0,0,0,0,0,0,0,0,0,2,,
2026-08-30T04:41:51.304Z,1788064911304,202195,1,,83acd2e6,202207,grid,4,1356,1399,133,825,330,69,,0,0,0,0,0,0,0,0,0,0,0,0,0,0,2,,
2026-08-30T04:42:51.315Z,1788064971315,202255,1,,83acd2e6,202267,grid,4,1356,1399,133,825,330,69,,0,0,0,0,0,0,0,0,0,0,0,0,0,0,2,,
2026-08-30T04:43:51.325Z,1788065031325,202315,1,,83acd2e6,202327,grid,4,1357,1399,133,825,330,69,,0,0,0,0,0,0,0,0,0,0,0,0,0,0,2,,
2026-08-30T04:44:51.337Z,1788065091337,202375,1,,83acd2e6,202387,grid,4,1356,1399,133,824,330,69,,0,0,0,0,0,0,0,0,0,0,0,0,0,0,2,,
2026-08-30T04:45:51.360Z,1788065151360,202435,1,,83acd2e6,202447,grid,4,1357,1399,133,825,330,69,,0,0,0,0,0,0,0,0,0,0,0,0,0,0,2,,
2026-08-30T04:46:51.385Z,1788065211385,202495,1,,83acd2e6,202507,grid,4,1356,1399,133,825,330,69,,0,0,0,0,0,0,0,0,0,0,0,0,0,0,2,,
2026-08-30T04:47:51.398Z,1788065271398,202555,1,,83acd2e6,202567,grid,4,1356,1399,133,825,330,69,,0,0,0,0,0,0,0,0,0,0,0,0,0,0,2,,
2026-08-30T04:48:51.414Z,1788065331414,202615,1,,83acd2e6,202627,grid,4,1356,1399,133,825,330,69,,0,0,0,0,0,0,0,0,0,0,0,0,0,0,2,,
2026-08-30T04:49:51.433Z,1788065391433,202675,1,,83acd2e6,202687,grid,4,1357,1399,133,825,330,69,,0,0,0,0,0,0,0,0,0,0,0,0,0,0,2,,
2026-08-30T04:50:51.448Z,1788065451448,202735,1,,83acd2e6,202747,grid,4,1357,1399,133,825,330,69,,0,0,0,0,0,0,0,0,0,0,0,0,0,0,2,,
2026-08-30T04:51:51.468Z,1788065511468,202795,1,,83acd2e6,202807,grid,4,1357,1399,133,825,330,69,,0,0,0,0,0,0,0,0,0,0,0,0,0,0,2,,
2026-08-30T04:52:51.479Z,1788065571479,202855,1,,83acd2e6,202867,grid,4,1356,1399,133,824,330,69,,0,0,0,0,0,0,0,0,0,0,0,0,0,0,2,,
2026-08-30T04:53:51.496Z,1788065631496,202915,1,,83acd2e6,202927,grid,4,1357,1399,133,825,330,69,,0,0,0,0,0,0,0,0,0,0,0,0,0,0,2,,
2026-08-30T04:54:51.518Z,1788065691518,202975,1,,83acd2e6,202987,grid,4,1356,1399,133,824,330,69,,0,0,0,0,0,0,0,0,0,0,0,0,0,0,2,,
2026-08-30T04:55:51.528Z,1788065751528,203035,1,,83acd2e6,203047,grid,4,1357,1399,133,825,330,69,,0,0,0,0,0,0,0,0,0,0,0,0,0,0,2,,
2026-08-30T04:56:51.548Z,1788065811548,203095,1,,83acd2e6,203107,grid,4,1356,1399,133,824,330,69,,0,0,0,0,0,0,0,0,0,0,0,0,0,0,2,,
2026-08-30T04:57:51.568Z,1788065871568,203155,1,,83acd2e6,203167,grid,4,1357,1399,133,825,330,69,,0,0,0,0,0,0,0,0,0,0,0,0,0,0,2,,
2026-08-30T04:58:51.582Z,1788065931582,203215,1,,83acd2e6,203227,grid,4,1357,1399,133,825,330,69,,0,0,0,0,0,0,0,0,0,0,0,0,0,0,2,,
2026-08-30T04:59:51.600Z,1788065991600,203275,1,,83acd2e6,203287,grid,4,1356,1399,133,825,330,69,,0,0,0,0,0,0,0,0,0,0,0,0,0,0,2,,
2026-08-30T05:00:51.616Z,1788066051616,203335,1,,83acd2e6,203347,grid,4,1357,1399,133,825,330,69,,0,0,0,0,0,0,0,0,0,0,0,0,0,0,2,,
2026-08-30T05:01:51.630Z,1788066111630,203395,1,,83acd2e6,203407,grid,4,1356,1399,133,825,330,69,,0,0,0,0,0,0,0,0,0,0,0,0,0,0,2,,
2026-08-30T05:02:51.643Z,1788066171643,203455,1,,83acd2e6,203467,grid,4,1363,1399,133,827,334,69,,0,0,0,0,0,0,0,0,0,0,0,0,0,0,2,,
2026-08-30T05:03:51.651Z,1788066231651,203515,1,,83acd2e6,203527,grid,4,1361,1399,133,829,330,69,,0,0,0,0,0,0,0,0,0,0,0,0,0,0,2,,
2026-08-30T05:04:51.664Z,1788066291664,203575,1,,83acd2e6,203587,grid,4,1365,1399,133,829,334,69,,0,0,0,0,0,0,0,0,0,0,0,0,0,0,2,,
2026-08-30T05:05:51.682Z,1788066351682,203635,1,,83acd2e6,203647,grid,4,1364,1399,133,829,334,69,,0,0,0,0,0,0,0,0,0,0,0,0,0,0,2,,
2026-08-30T05:06:51.698Z,1788066411698,203695,1,,83acd2e6,203707,grid,4,1361,1399,133,829,330,69,,0,0,0,0,0,0,0,0,0,0,0,0,0,0,2,,
2026-08-30T05:07:51.714Z,1788066471714,203755,1,,83acd2e6,203767,grid,4,1358,1399,133,826,330,69,,0,0,0,0,0,0,0,0,0,0,0,0,0,0,2,,
2026-08-30T05:08:51.730Z,1788066531730,203815,1,,83acd2e6,203827,grid,4,1358,1399,133,826,330,69,,0,0,0,0,0,0,0,0,0,0,0,0,0,0,2,,
2026-08-30T05:09:51.746Z,1788066591746,203875,1,,83acd2e6,203887,grid,4,1361,1399,133,825,333,69,,0,0,0,0,0,0,0,0,0,0,0,0,0,0,2,,
2026-08-30T05:10:51.761Z,1788066651761,203935,1,,83acd2e6,203947,grid,4,1357,1399,133,825,330,69,,0,0,0,0,0,0,0,0,0,0,0,0,0,0,2,,
2026-08-30T05:11:51.786Z,1788066711786,203995,1,,83acd2e6,204007,grid,4,1357,1399,133,825,330,69,,0,0,0,0,0,0,0,0,0,0,0,0,0,0,2,,
2026-08-30T05:12:51.810Z,1788066771810,204055,1,,83acd2e6,204067,grid,4,1361,1399,133,825,334,69,,0,0,0,0,0,0,0,0,0,0,0,0,0,0,2,,
2026-08-30T05:13:51.833Z,1788066831833,204115,1,,83acd2e6,204127,grid,4,1360,1399,133,824,333,69,,0,0,0,0,0,0,0,0,0,0,0,0,0,0,2,,
2026-08-30T05:14:51.849Z,1788066891849,204175,1,,83acd2e6,204187,grid,4,1360,1399,133,824,334,69,,0,0,0,0,0,0,0,0,0,0,0,0,0,0,2,,
2026-08-30T05:15:51.861Z,1788066951861,204235,1,,83acd2e6,204247,grid,4,1355,1399,133,823,329,69,,0,0,0,0,0,0,0,0,0,0,0,0,0,0,2,,
2026-08-30T05:16:51.880Z,1788067011880,204295,1,,83acd2e6,204307,grid,4,1355,1399,133,824,329,69,,0,0,0,0,0,0,0,0,0,0,0,0,0,0,2,,
2026-08-30T05:17:51.899Z,1788067071899,204355,1,,83acd2e6,204367,grid,4,1356,1399,133,824,329,69,,0,0,0,0,0,0,0,0,0,0,0,0,0,0,2,,
2026-08-30T05:18:51.918Z,1788067131918,204415,1,,83acd2e6,204427,grid,4,1356,1399,133,824,329,69,,0,0,0,0,0,0,0,0,0,0,0,0,0,0,2,,
2026-08-30T05:19:51.942Z,1788067191942,204475,1,,83acd2e6,204487,grid,4,1355,1399,133,824,329,69,,0,0,0,0,0,0,0,0,0,0,0,0,0,0,2,,
2026-08-30T05:20:51.963Z,1788067251963,204535,1,,83acd2e6,204547,grid,4,1354,1399,133,824,329,69,,0,0,0,0,0,0,0,0,0,0,0,0,0,0,2,,
2026-08-30T05:21:51.976Z,1788067311976,204595,1,,83acd2e6,204607,grid,4,1355,1399,133,824,329,69,,0,0,0,0,0,0,0,0,0,0,0,0,0,0,2,,
2026-08-30T05:22:51.991Z,1788067371991,204655,1,,83acd2e6,204667,grid,4,1355,1399,133,824,329,69,,0,0,0,0,0,0,0,0,0,0,0,0,0,0,2,,
2026-08-30T05:23:52.003Z,1788067432003,204715,1,,83acd2e6,204727,grid,4,1354,1399,133,823,329,69,,0,0,0,0,0,0,0,0,0,0,0,0,0,0,2,,
2026-08-30T05:24:52.027Z,1788067492027,204775,1,,83acd2e6,204787,grid,4,1354,1399,133,823,329,69,,0,0,0,0,0,0,0,0,0,0,0,0,0,0,2,,
2026-08-30T05:25:52.039Z,1788067552039,204835,1,,83acd2e6,204847,grid,4,1355,1399,133,824,329,69,,0,0,0,0,0,0,0,0,0,0,0,0,0,0,2,,
2026-08-30T05:26:52.050Z,1788067612050,204895,1,,83acd2e6,204907,grid,4,1354,1399,133,823,329,69,,0,0,0,0,0,0,0,0,0,0,0,0,0,0,2,,
2026-08-30T05:27:52.065Z,1788067672065,204955,1,,83acd2e6,204968,grid,4,1355,1399,133,824,329,69,,0,0,0,0,0,0,0,0,0,0,0,0,0,0,2,,
2026-08-30T05:28:52.090Z,1788067732090,205015,1,,83acd2e6,205028,grid,4,1355,1399,133,824,329,69,,0,0,0,0,0,0,0,0,0,0,0,0,0,0,2,,
2026-08-30T05:29:52.110Z,1788067792110,205076,1,,83acd2e6,205088,grid,4,1356,1399,133,825,329,69,,0,0,0,0,0,0,0,0,0,0,0,0,0,0,2,,
2026-08-30T05:30:52.121Z,1788067852121,205136,1,,83acd2e6,205148,grid,4,1355,1399,133,824,329,69,,0,0,0,0,0,0,0,0,0,0,0,0,0,0,2,,
2026-08-30T05:31:52.140Z,1788067912140,205196,1,,83acd2e6,205208,grid,4,1355,1399,133,824,329,69,,0,0,0,0,0,0,0,0,0,0,0,0,0,0,2,,
2026-08-30T05:32:52.156Z,1788067972156,205256,1,,83acd2e6,205268,grid,4,1370,1399,133,838,330,69,,0,0,0,0,0,0,0,0,0,0,0,0,0,0,2,,
2026-08-30T05:33:52.170Z,1788068032170,205316,1,,83acd2e6,205328,grid,4,1362,1399,133,830,330,69,,0,0,0,0,0,0,0,0,0,0,0,0,0,0,2,,
2026-08-30T05:34:52.189Z,1788068092189,205376,1,,83acd2e6,205388,grid,4,1363,1399,133,830,330,69,,0,0,0,0,0,0,0,0,0,0,0,0,0,0,2,,
2026-08-30T05:35:52.204Z,1788068152204,205436,1,,83acd2e6,205448,grid,4,1367,1399,133,831,334,69,,0,0,0,0,0,0,0,0,0,0,0,0,0,0,2,,
2026-08-30T05:36:52.219Z,1788068212219,205496,1,,83acd2e6,205508,grid,4,1362,1399,133,830,330,69,,0,0,0,0,0,0,0,0,0,0,0,0,0,0,2,,
2026-08-30T05:37:52.244Z,1788068272244,205556,1,,83acd2e6,205568,grid,4,1360,1399,133,828,330,69,,0,0,0,0,0,0,0,0,0,0,0,0,0,0,2,,
2026-08-30T05:38:52.267Z,1788068332267,205616,1,,83acd2e6,205628,grid,4,1359,1399,133,828,329,69,,0,0,0,0,0,0,0,0,0,0,0,0,0,0,2,,
2026-08-30T05:39:52.276Z,1788068392276,205676,1,,83acd2e6,205688,grid,4,1360,1399,133,828,329,69,,0,0,0,0,0,0,0,0,0,0,0,0,0,0,2,,
2026-08-30T05:40:52.293Z,1788068452293,205736,1,,83acd2e6,205748,grid,4,1360,1399,133,828,329,69,,0,0,0,0,0,0,0,0,0,0,0,0,0,0,2,,
2026-08-30T05:41:52.310Z,1788068512310,205796,1,,83acd2e6,205808,grid,4,1357,1399,133,825,329,69,,0,0,0,0,0,0,0,0,0,0,0,0,0,0,2,,
2026-08-30T05:42:52.334Z,1788068572334,205856,1,,83acd2e6,205868,grid,4,1356,1399,133,825,329,69,,0,0,0,0,0,0,0,0,0,0,0,0,0,0,2,,
2026-08-30T05:43:52.350Z,1788068632350,205916,1,,83acd2e6,205928,grid,4,1356,1399,133,825,329,69,,0,0,0,0,0,0,0,0,0,0,0,0,0,0,2,,
2026-08-30T05:44:52.366Z,1788068692366,205976,1,,83acd2e6,205988,grid,4,1357,1399,133,825,329,69,,0,0,0,0,0,0,0,0,0,0,0,0,0,0,2,,
2026-08-30T05:45:52.386Z,1788068752386,206036,1,,83acd2e6,206048,grid,4,1356,1399,133,825,329,69,,0,0,0,0,0,0,0,0,0,0,0,0,0,0,2,,
2026-08-30T05:46:52.400Z,1788068812400,206096,1,,83acd2e6,206108,grid,4,1356,1399,133,825,330,69,,0,0,0,0,0,0,0,0,0,0,0,0,0,0,2,,
2026-08-30T05:47:52.411Z,1788068872411,206156,1,,83acd2e6,206168,grid,4,1356,1399,133,825,329,69,,0,0,0,0,0,0,0,0,0,0,0,0,0,0,2,,
2026-08-30T05:48:52.424Z,1788068932424,206216,1,,83acd2e6,206228,grid,4,1356,1399,133,825,329,69,,0,0,0,0,0,0,0,0,0,0,0,0,0,0,2,,
2026-08-30T05:49:52.438Z,1788068992438,206276,1,,83acd2e6,206288,grid,4,1357,1399,133,825,329,69,,0,0,0,0,0,0,0,0,0,0,0,0,0,0,2,,
2026-08-30T05:50:52.461Z,1788069052461,206336,1,,83acd2e6,206348,grid,4,1356,1399,133,825,329,69,,0,0,0,0,0,0,0,0,0,0,0,0,0,0,2,,
2026-08-30T05:51:52.477Z,1788069112477,206396,1,,83acd2e6,206408,grid,4,1357,1399,133,825,329,69,,0,0,0,0,0,0,0,0,0,0,0,0,0,0,2,,
2026-08-30T05:52:52.498Z,1788069172498,206456,1,,83acd2e6,206468,grid,4,1357,1399,133,826,329,69,,0,0,0,0,0,0,0,0,0,0,0,0,0,0,2,,
2026-08-30T05:53:52.521Z,1788069232521,206516,1,,83acd2e6,206528,grid,4,1357,1399,133,826,329,69,,0,0,0,0,0,0,0,0,0,0,0,0,0,0,2,,
2026-08-30T05:54:52.537Z,1788069292537,206576,1,,83acd2e6,206588,grid,4,1357,1399,133,826,329,69,,0,0,0,0,0,0,0,0,0,0,0,0,0,0,2,,
2026-08-30T05:55:52.555Z,1788069352555,206636,1,,83acd2e6,206648,grid,4,1357,1399,133,826,330,69,,0,0,0,0,0,0,0,0,0,0,0,0,0,0,2,,
2026-08-30T05:56:52.576Z,1788069412576,206696,1,,83acd2e6,206708,grid,4,1357,1399,133,826,329,69,,0,0,0,0,0,0,0,0,0,0,0,0,0,0,2,,
2026-08-30T05:57:52.586Z,1788069472586,206756,1,,83acd2e6,206768,grid,4,1358,1399,133,826,329,69,,0,0,0,0,0,0,0,0,0,0,0,0,0,0,2,,
2026-08-30T05:58:52.608Z,1788069532608,206816,1,,83acd2e6,206828,grid,4,1355,1399,133,823,330,69,,0,0,0,0,0,0,0,0,0,0,0,0,0,0,2,,
2026-08-30T05:59:52.625Z,1788069592625,206876,1,,83acd2e6,206888,grid,4,1356,1399,133,824,329,69,,0,0,0,0,0,0,0,0,0,0,0,0,0,0,2,,
2026-08-30T06:00:52.639Z,1788069652639,206936,1,,83acd2e6,206948,grid,4,1356,1399,133,824,330,69,,0,0,0,0,0,0,0,0,0,0,0,0,0,0,2,,
2026-08-30T06:01:52.657Z,1788069712657,206996,1,,83acd2e6,207008,grid,4,1356,1399,133,825,329,69,,0,0,0,0,0,0,0,0,0,0,0,0,0,0,2,,
2026-08-30T06:02:52.673Z,1788069772673,207056,1,,83acd2e6,207068,grid,4,1360,1399,133,828,330,69,,0,0,0,0,0,0,0,0,0,0,0,0,0,0,2,,
2026-08-30T06:03:52.694Z,1788069832694,207116,1,,83acd2e6,207128,grid,4,1362,1399,133,831,330,69,,0,0,0,0,0,0,0,0,0,0,0,0,0,0,2,,
2026-08-30T06:04:52.707Z,1788069892707,207176,1,,83acd2e6,207188,grid,4,1362,1399,133,831,330,69,,0,0,0,0,0,0,0,0,0,0,0,0,0,0,2,,
2026-08-30T06:05:52.726Z,1788069952726,207236,1,,83acd2e6,207248,grid,4,1362,1399,133,831,330,69,,0,0,0,0,0,0,0,0,0,0,0,0,0,0,2,,
2026-08-30T06:06:52.737Z,1788070012737,207296,1,,83acd2e6,207308,grid,4,1363,1399,133,831,330,69,,0,0,0,0,0,0,0,0,0,0,0,0,0,0,2,,
2026-08-30T06:07:52.758Z,1788070072758,207356,1,,83acd2e6,207368,grid,4,1359,1399,133,827,330,69,,0,0,0,0,0,0,0,0,0,0,0,0,0,0,2,,
2026-08-30T06:08:52.774Z,1788070132774,207416,1,,83acd2e6,207428,grid,4,1359,1399,133,827,330,69,,0,0,0,0,0,0,0,0,0,0,0,0,0,0,2,,
2026-08-30T06:09:52.799Z,1788070192799,207476,1,,83acd2e6,207488,grid,4,1359,1399,133,827,330,69,,0,0,0,0,0,0,0,0,0,0,0,0,0,0,2,,
2026-08-30T06:10:52.813Z,1788070252813,207536,1,,83acd2e6,207548,grid,4,1360,1399,133,828,330,69,,0,0,0,0,0,0,0,0,0,0,0,0,0,0,2,,
2026-08-30T06:11:52.827Z,1788070312827,207596,1,,83acd2e6,207608,grid,4,1357,1399,133,825,330,69,,0,0,0,0,0,0,0,0,0,0,0,0,0,0,2,,
2026-08-30T06:12:52.842Z,1788070372842,207656,1,,83acd2e6,207668,grid,4,1357,1399,133,825,330,69,,0,0,0,0,0,0,0,0,0,0,0,0,0,0,2,,
2026-08-30T06:13:52.855Z,1788070432855,207716,1,,83acd2e6,207728,grid,4,1357,1399,133,826,330,69,,0,0,0,0,0,0,0,0,0,0,0,0,0,0,2,,
2026-08-30T06:14:52.875Z,1788070492875,207776,1,,83acd2e6,207788,grid,4,1358,1399,133,826,330,69,,0,0,0,0,0,0,0,0,0,0,0,0,0,0,2,,
2026-08-30T06:15:52.891Z,1788070552891,207836,1,,83acd2e6,207848,grid,4,1358,1399,133,826,330,69,,0,0,0,0,0,0,0,0,0,0,0,0,0,0,2,,
2026-08-30T06:16:52.915Z,1788070612915,207896,1,,83acd2e6,207908,grid,4,1359,1399,133,827,330,69,,0,0,0,0,0,0,0,0,0,0,0,0,0,0,2,,
2026-08-30T06:17:52.940Z,1788070672940,207956,1,,83acd2e6,207968,grid,4,1358,1399,133,826,330,69,,0,0,0,0,0,0,0,0,0,0,0,0,0,0,2,,
2026-08-30T06:18:52.958Z,1788070732958,208016,1,,83acd2e6,208028,grid,4,1357,1399,133,825,330,69,,0,0,0,0,0,0,0,0,0,0,0,0,0,0,2,,
2026-08-30T06:19:52.974Z,1788070792974,208076,1,,83acd2e6,208088,grid,4,1357,1399,133,825,330,69,,0,0,0,0,0,0,0,0,0,0,0,0,0,0,2,,
2026-08-30T06:20:52.987Z,1788070852987,208136,1,,83acd2e6,208148,grid,4,1357,1399,133,825,330,69,,0,0,0,0,0,0,0,0,0,0,0,0,0,0,2,,
2026-08-30T06:21:53.000Z,1788070913000,208196,1,,83acd2e6,208208,grid,4,1357,1399,133,825,330,69,,0,0,0,0,0,0,0,0,0,0,0,0,0,0,2,,
2026-08-30T06:22:53.009Z,1788070973009,208256,1,,83acd2e6,208268,grid,4,1357,1399,133,824,330,69,,0,0,0,0,0,0,0,0,0,0,0,0,0,0,2,,
2026-08-30T06:23:53.029Z,1788071033029,208316,1,,83acd2e6,208328,grid,4,1357,1399,133,825,330,69,,0,0,0,0,0,0,0,0,0,0,0,0,0,0,2,,
2026-08-30T06:24:53.053Z,1788071093053,208376,1,,83acd2e6,208388,grid,4,1356,1399,133,824,330,69,,0,0,0,0,0,0,0,0,0,0,0,0,0,0,2,,
2026-08-30T06:25:53.069Z,1788071153069,208436,1,,83acd2e6,208449,grid,4,1356,1399,133,825,330,69,,0,0,0,0,0,0,0,0,0,0,0,0,0,0,2,,
2026-08-30T06:26:53.089Z,1788071213089,208496,1,,83acd2e6,208509,grid,4,1356,1399,133,825,330,69,,0,0,0,0,0,0,0,0,0,0,0,0,0,0,2,,
2026-08-30T06:27:53.100Z,1788071273100,208556,1,,83acd2e6,208569,grid,4,1357,1399,133,825,330,69,,0,0,0,0,0,0,0,0,0,0,0,0,0,0,2,,
2026-08-30T06:28:53.115Z,1788071333115,208617,1,,83acd2e6,208629,grid,4,1357,1399,133,825,330,69,,0,0,0,0,0,0,0,0,0,0,0,0,0,0,2,,
2026-08-30T06:29:53.136Z,1788071393136,208677,1,,83acd2e6,208689,grid,4,1357,1399,133,825,330,69,,0,0,0,0,0,0,0,0,0,0,0,0,0,0,2,,
2026-08-30T06:30:53.143Z,1788071453143,208737,1,,83acd2e6,208749,grid,4,1357,1399,133,826,330,69,,0,0,0,0,0,0,0,0,0,0,0,0,0,0,2,,
2026-08-30T06:31:53.165Z,1788071513165,208797,1,,83acd2e6,208809,grid,4,1357,1399,133,825,330,69,,0,0,0,0,0,0,0,0,0,0,0,0,0,0,2,,
2026-08-30T06:32:53.176Z,1788071573176,208857,1,,83acd2e6,208869,grid,4,1361,1399,133,828,330,69,,0,0,0,0,0,0,0,0,0,0,0,0,0,0,2,,
2026-08-30T06:33:53.197Z,1788071633197,208917,1,,83acd2e6,208929,grid,4,1361,1399,133,828,330,69,,0,0,0,0,0,0,0,0,0,0,0,0,0,0,2,,
2026-08-30T06:34:53.433Z,1788071693433,208977,1,,83acd2e6,208989,grid,4,1361,1399,133,829,330,69,,0,0,0,0,0,0,0,0,0,0,0,0,0,0,2,,
2026-08-30T06:35:53.455Z,1788071753455,209037,1,,83acd2e6,209049,grid,4,1362,1399,133,829,330,69,,0,0,0,0,0,0,0,0,0,0,0,0,0,0,2,,
2026-08-30T06:36:53.473Z,1788071813473,209097,1,,83acd2e6,209109,grid,4,1359,1399,133,827,330,69,,0,0,0,0,0,0,0,0,0,0,0,0,0,0,2,,
2026-08-30T06:37:53.494Z,1788071873494,209157,1,,83acd2e6,209169,grid,4,1360,1399,133,824,334,69,,0,0,0,0,0,0,0,0,0,0,0,0,0,0,2,,
2026-08-30T06:38:53.514Z,1788071933514,209217,1,,83acd2e6,209229,grid,4,1356,1399,133,824,330,69,,0,0,0,0,0,0,0,0,0,0,0,0,0,0,2,,
2026-08-30T06:39:53.527Z,1788071993527,209277,1,,83acd2e6,209289,grid,4,1356,1399,133,824,330,69,,0,0,0,0,0,0,0,0,0,0,0,0,0,0,2,,
2026-08-30T06:40:53.552Z,1788072053552,209337,1,,83acd2e6,209349,grid,4,1357,1399,133,824,330,69,,0,0,0,0,0,0,0,0,0,0,0,0,0,0,2,,
2026-08-30T06:41:53.573Z,1788072113573,209397,1,,83acd2e6,209409,grid,4,1357,1399,133,824,330,69,,0,0,0,0,0,0,0,0,0,0,0,0,0,0,2,,
2026-08-30T06:42:53.594Z,1788072173594,209457,1,,83acd2e6,209469,grid,4,1357,1399,133,824,331,69,,0,0,0,0,0,0,0,0,0,0,0,0,0,0,2,,
2026-08-30T06:43:53.609Z,1788072233609,209517,1,,83acd2e6,209529,grid,4,1357,1399,133,825,329,69,,0,0,0,0,0,0,0,0,0,0,0,0,0,0,2,,
2026-08-30T06:44:53.618Z,1788072293618,209577,1,,83acd2e6,209589,grid,4,1356,1399,133,824,330,69,,0,0,0,0,0,0,0,0,0,0,0,0,0,0,2,,
2026-08-30T06:45:53.636Z,1788072353636,209637,1,,83acd2e6,209649,grid,4,1357,1399,133,825,329,69,,0,0,0,0,0,0,0,0,0,0,0,0,0,0,2,,
2026-08-30T06:46:53.656Z,1788072413656,209697,1,,83acd2e6,209709,grid,4,1356,1399,133,824,329,69,,0,0,0,0,0,0,0,0,0,0,0,0,0,0,2,,
2026-08-30T06:47:53.668Z,1788072473668,209757,1,,83acd2e6,209769,grid,4,1356,1399,133,824,330,69,,0,0,0,0,0,0,0,0,0,0,0,0,0,0,2,,
2026-08-30T06:48:53.684Z,1788072533684,209817,1,,83acd2e6,209829,grid,4,1356,1399,133,825,330,69,,0,0,0,0,0,0,0,0,0,0,0,0,0,0,2,,
2026-08-30T06:49:53.696Z,1788072593696,209877,1,,83acd2e6,209889,grid,4,1356,1399,133,824,330,69,,0,0,0,0,0,0,0,0,0,0,0,0,0,0,2,,
2026-08-30T06:50:53.713Z,1788072653713,209937,1,,83acd2e6,209949,grid,4,1356,1399,133,825,329,69,,0,0,0,0,0,0,0,0,0,0,0,0,0,0,2,,
2026-08-30T06:51:53.735Z,1788072713735,209997,1,,83acd2e6,210009,grid,4,1356,1399,133,825,330,69,,0,0,0,0,0,0,0,0,0,0,0,0,0,0,2,,
2026-08-30T06:52:53.753Z,1788072773753,210057,1,,83acd2e6,210069,grid,4,1356,1399,133,825,330,69,,0,0,0,0,0,0,0,0,0,0,0,0,0,0,2,,
2026-08-30T06:53:53.779Z,1788072833779,210117,1,,83acd2e6,210129,grid,4,1355,1399,133,824,329,69,,0,0,0,0,0,0,0,0,0,0,0,0,0,0,2,,
2026-08-30T06:54:53.791Z,1788072893791,210177,1,,83acd2e6,210189,grid,4,1355,1399,133,824,330,69,,0,0,0,0,0,0,0,0,0,0,0,0,0,0,2,,
2026-08-30T06:55:53.810Z,1788072953810,210237,1,,83acd2e6,210249,grid,4,1356,1399,133,825,329,69,,0,0,0,0,0,0,0,0,0,0,0,0,0,0,2,,
2026-08-30T06:56:53.824Z,1788073013824,210297,1,,83acd2e6,210309,grid,4,1355,1399,133,824,330,69,,0,0,0,0,0,0,0,0,0,0,0,0,0,0,2,,
2026-08-30T06:57:53.838Z,1788073073838,210357,1,,83acd2e6,210369,grid,4,1356,1399,133,824,329,69,,0,0,0,0,0,0,0,0,0,0,0,0,0,0,2,,
2026-08-30T06:58:53.863Z,1788073133863,210417,1,,83acd2e6,210429,grid,4,1356,1399,133,824,329,69,,0,0,0,0,0,0,0,0,0,0,0,0,0,0,2,,
2026-08-30T06:59:53.888Z,1788073193888,210477,1,,83acd2e6,210489,grid,4,1354,1399,133,823,329,69,,0,0,0,0,0,0,0,0,0,0,0,0,0,0,2,,
2026-08-30T07:00:53.899Z,1788073253899,210537,1,,83acd2e6,210549,grid,4,1355,1399,133,824,329,69,,0,0,0,0,0,0,0,0,0,0,0,0,0,0,2,,
2026-08-30T07:01:53.923Z,1788073313923,210597,1,,83acd2e6,210609,grid,4,1355,1399,133,823,330,69,,0,0,0,0,0,0,0,0,0,0,0,0,0,0,2,,
2026-08-30T07:02:53.937Z,1788073373937,210657,1,,83acd2e6,210669,grid,4,1365,1399,133,828,334,69,,0,0,0,0,0,0,0,0,0,0,0,0,0,0,2,,
2026-08-30T07:03:53.961Z,1788073433961,210717,1,,83acd2e6,210729,grid,4,1362,1399,133,829,330,69,,0,0,0,0,0,0,0,0,0,0,0,0,0,0,2,,
2026-08-30T07:04:53.978Z,1788073493978,210777,1,,83acd2e6,210789,grid,4,1361,1399,133,829,330,69,,0,0,0,0,0,0,0,0,0,0,0,0,0,0,2,,
2026-08-30T07:05:54.000Z,1788073554000,210837,1,,83acd2e6,210849,grid,4,1362,1399,133,829,330,69,,0,0,0,0,0,0,0,0,0,0,0,0,0,0,2,,
2026-08-30T07:06:54.023Z,1788073614023,210897,1,,83acd2e6,210909,grid,4,1362,1399,133,830,330,69,,0,0,0,0,0,0,0,0,0,0,0,0,0,0,2,,
2026-08-30T07:07:54.049Z,1788073674049,210957,1,,83acd2e6,210969,grid,4,1357,1399,133,825,330,69,,0,0,0,0,0,0,0,0,0,0,0,0,0,0,2,,
2026-08-30T07:08:54.061Z,1788073734061,211017,1,,83acd2e6,211029,grid,4,1358,1399,133,826,330,69,,0,0,0,0,0,0,0,0,0,0,0,0,0,0,2,,
2026-08-30T07:09:54.081Z,1788073794081,211077,1,,83acd2e6,211090,grid,4,1357,1399,133,825,330,69,,0,0,0,0,0,0,0,0,0,0,0,0,0,0,2,,
2026-08-30T07:10:54.105Z,1788073854105,211138,1,,83acd2e6,211150,grid,4,1357,1399,133,825,330,69,,0,0,0,0,0,0,0,0,0,0,0,0,0,0,2,,
2026-08-30T07:11:54.122Z,1788073914122,211198,1,,83acd2e6,211210,grid,4,1357,1399,133,825,330,69,,0,0,0,0,0,0,0,0,0,0,0,0,0,0,2,,
2026-08-30T07:12:54.130Z,1788073974130,211258,1,,83acd2e6,211270,grid,4,1357,1399,133,825,330,69,,0,0,0,0,0,0,0,0,0,0,0,0,0,0,2,,
2026-08-30T07:13:54.154Z,1788074034154,211318,1,,83acd2e6,211330,grid,4,1357,1399,133,826,330,69,,0,0,0,0,0,0,0,0,0,0,0,0,0,0,2,,
2026-08-30T07:14:54.165Z,1788074094165,211378,1,,83acd2e6,211390,grid,4,1361,1399,133,825,334,69,,0,0,0,0,0,0,0,0,0,0,0,0,0,0,2,,
2026-08-30T07:15:54.190Z,1788074154190,211438,1,,83acd2e6,211450,grid,4,1358,1399,133,826,330,69,,0,0,0,0,0,0,0,0,0,0,0,0,0,0,2,,
2026-08-30T07:16:54.213Z,1788074214213,211498,1,,83acd2e6,211510,grid,4,1356,1399,133,824,329,69,,0,0,0,0,0,0,0,0,0,0,0,0,0,0,2,,
2026-08-30T07:17:54.225Z,1788074274225,211558,1,,83acd2e6,211570,grid,4,1356,1399,133,824,329,69,,0,0,0,0,0,0,0,0,0,0,0,0,0,0,2,,
2026-08-30T07:18:54.248Z,1788074334248,211618,1,,83acd2e6,211630,grid,4,1356,1399,133,825,329,69,,0,0,0,0,0,0,0,0,0,0,0,0,0,0,2,,
2026-08-30T07:19:54.261Z,1788074394261,211678,1,,83acd2e6,211690,grid,4,1356,1399,133,825,329,69,,0,0,0,0,0,0,0,0,0,0,0,0,0,0,2,,
2026-08-30T07:20:54.268Z,1788074454268,211738,1,,83acd2e6,211750,grid,4,1356,1399,133,825,329,69,,0,0,0,0,0,0,0,0,0,0,0,0,0,0,2,,
2026-08-30T07:21:54.283Z,1788074514283,211798,1,,83acd2e6,211810,grid,4,1357,1399,133,825,329,69,,0,0,0,0,0,0,0,0,0,0,0,0,0,0,2,,
2026-08-30T07:22:54.305Z,1788074574305,211858,1,,83acd2e6,211870,grid,4,1357,1399,133,825,329,69,,0,0,0,0,0,0,0,0,0,0,0,0,0,0,2,,
2026-08-30T07:23:54.324Z,1788074634324,211918,1,,83acd2e6,211930,grid,4,1357,1399,133,825,329,69,,0,0,0,0,0,0,0,0,0,0,0,0,0,0,2,,
2026-08-30T07:24:54.346Z,1788074694346,211978,1,,83acd2e6,211990,grid,4,1357,1399,133,825,329,69,,0,0,0,0,0,0,0,0,0,0,0,0,0,0,2,,
2026-08-30T07:25:54.364Z,1788074754364,212038,1,,83acd2e6,212050,grid,4,1357,1399,133,826,329,69,,0,0,0,0,0,0,0,0,0,0,0,0,0,0,2,,
2026-08-30T07:26:54.387Z,1788074814387,212098,1,,83acd2e6,212110,grid,4,1357,1399,133,825,329,69,,0,0,0,0,0,0,0,0,0,0,0,0,0,0,2,,
2026-08-30T07:27:54.396Z,1788074874396,212158,1,,83acd2e6,212170,grid,4,1357,1399,133,825,329,69,,0,0,0,0,0,0,0,0,0,0,0,0,0,0,2,,
2026-08-30T07:28:54.412Z,1788074934412,212218,1,,83acd2e6,212230,grid,4,1356,1399,133,825,329,69,,0,0,0,0,0,0,0,0,0,0,0,0,0,0,2,,
2026-08-30T07:29:54.433Z,1788074994433,212278,1,,83acd2e6,212290,grid,4,1357,1399,133,825,329,69,,0,0,0,0,0,0,0,0,0,0,0,0,0,0,2,,
2026-08-30T07:30:54.449Z,1788075054449,212338,1,,83acd2e6,212350,grid,4,1357,1399,133,825,329,69,,0,0,0,0,0,0,0,0,0,0,0,0,0,0,2,,
2026-08-30T07:31:54.465Z,1788075114465,212398,1,,83acd2e6,212410,grid,4,1356,1399,133,824,329,69,,0,0,0,0,0,0,0,0,0,0,0,0,0,0,2,,
2026-08-30T07:32:54.486Z,1788075174486,212458,1,,83acd2e6,212470,grid,4,1393,1399,133,857,334,69,,0,0,0,0,0,0,0,0,0,0,0,0,0,0,2,,
2026-08-30T07:33:54.503Z,1788075234503,212518,1,,83acd2e6,212530,grid,4,1366,1399,133,834,330,69,,0,0,0,0,0,0,0,0,0,0,0,0,0,0,2,,
2026-08-30T07:34:54.524Z,1788075294524,212578,1,,83acd2e6,212590,grid,4,1363,1399,133,831,330,69,,0,0,0,0,0,0,0,0,0,0,0,0,0,0,2,,
2026-08-30T07:35:54.543Z,1788075354543,212638,1,,83acd2e6,212650,grid,4,1364,1399,133,831,330,69,,0,0,0,0,0,0,0,0,0,0,0,0,0,0,2,,
2026-08-30T07:36:54.564Z,1788075414564,212698,1,,83acd2e6,212710,grid,4,1363,1399,133,831,330,69,,0,0,0,0,0,0,0,0,0,0,0,0,0,0,2,,
2026-08-30T07:37:54.581Z,1788075474581,212758,1,,83acd2e6,212770,grid,4,1360,1399,133,828,330,69,,0,0,0,0,0,0,0,0,0,0,0,0,0,0,2,,
2026-08-30T07:38:54.590Z,1788075534590,212818,1,,83acd2e6,212830,grid,4,1361,1399,133,828,330,69,,0,0,0,0,0,0,0,0,0,0,0,0,0,0,2,,
2026-08-30T07:39:54.608Z,1788075594608,212878,1,,83acd2e6,212890,grid,4,1360,1399,133,828,330,69,,0,0,0,0,0,0,0,0,0,0,0,0,0,0,2,,
2026-08-30T07:40:54.628Z,1788075654628,212938,1,,83acd2e6,212950,grid,4,1361,1399,133,828,330,69,,0,0,0,0,0,0,0,0,0,0,0,0,0,0,2,,
2026-08-30T07:41:54.641Z,1788075714641,212998,1,,83acd2e6,213010,grid,4,1358,1399,133,826,330,69,,0,0,0,0,0,0,0,0,0,0,0,0,0,0,2,,
2026-08-30T07:42:54.651Z,1788075774651,213058,1,,83acd2e6,213070,grid,4,1358,1399,133,826,330,69,,0,0,0,0,0,0,0,0,0,0,0,0,0,0,2,,
2026-08-30T07:43:54.672Z,1788075834672,213118,1,,83acd2e6,213130,grid,4,1358,1399,133,826,330,69,,0,0,0,0,0,0,0,0,0,0,0,0,0,0,2,,
2026-08-30T07:44:54.688Z,1788075894688,213178,1,,83acd2e6,213190,grid,4,1357,1399,133,825,330,69,,0,0,0,0,0,0,0,0,0,0,0,0,0,0,2,,
2026-08-30T07:45:54.701Z,1788075954701,213238,1,,83acd2e6,213250,grid,4,1358,1399,133,826,330,69,,0,0,0,0,0,0,0,0,0,0,0,0,0,0,2,,
2026-08-30T07:46:54.717Z,1788076014717,213298,1,,83acd2e6,213310,grid,4,1358,1399,133,825,330,69,,0,0,0,0,0,0,0,0,0,0,0,0,0,0,2,,
2026-08-30T07:47:54.733Z,1788076074733,213358,1,,83acd2e6,213370,grid,4,1358,1399,133,826,330,69,,0,0,0,0,0,0,0,0,0,0,0,0,0,0,2,,
2026-08-30T07:48:54.750Z,1788076134750,213418,1,,83acd2e6,213430,grid,4,1357,1399,133,824,330,69,,0,0,0,0,0,0,0,0,0,0,0,0,0,0,2,,
2026-08-30T07:49:54.761Z,1788076194761,213478,1,,83acd2e6,213490,grid,4,1357,1399,133,825,330,69,,0,0,0,0,0,0,0,0,0,0,0,0,0,0,2,,
2026-08-30T07:50:54.782Z,1788076254782,213538,1,,83acd2e6,213550,grid,4,1358,1399,134,826,330,69,,0,0,0,0,0,0,0,0,0,0,0,0,0,0,2,,
2026-08-30T07:51:54.806Z,1788076314806,213598,1,,83acd2e6,213610,grid,4,1356,1399,134,824,330,69,,0,0,0,0,0,0,0,0,0,0,0,0,0,0,2,,
2026-08-30T07:52:54.830Z,1788076374830,213658,1,,83acd2e6,213670,grid,4,1357,1399,134,825,330,69,,0,0,0,0,0,0,0,0,0,0,0,0,0,0,2,,
2026-08-30T07:53:54.846Z,1788076434846,213718,1,,83acd2e6,213730,grid,4,1357,1399,133,825,330,69,,0,0,0,0,0,0,0,0,0,0,0,0,0,0,2,,
2026-08-30T07:54:54.858Z,1788076494858,213778,1,,83acd2e6,213790,grid,4,1357,1399,133,825,330,69,,0,0,0,0,0,0,0,0,0,0,0,0,0,0,2,,
2026-08-30T07:55:54.870Z,1788076554870,213838,1,,83acd2e6,213850,grid,4,1358,1399,133,826,330,69,,0,0,0,0,0,0,0,0,0,0,0,0,0,0,2,,
2026-08-30T07:56:54.893Z,1788076614893,213898,1,,83acd2e6,213910,grid,4,1358,1399,133,825,330,69,,0,0,0,0,0,0,0,0,0,0,0,0,0,0,2,,
2026-08-30T07:57:54.904Z,1788076674904,213958,1,,83acd2e6,213970,grid,4,1358,1399,133,826,330,69,,0,0,0,0,0,0,0,0,0,0,0,0,0,0,2,,
2026-08-30T07:58:54.918Z,1788076734918,214018,1,,83acd2e6,214030,grid,4,1358,1399,133,826,330,69,,0,0,0,0,0,0,0,0,0,0,0,0,0,0,2,,
2026-08-30T07:59:54.932Z,1788076794932,214078,1,,83acd2e6,214090,grid,4,1358,1399,133,826,330,69,,0,0,0,0,0,0,0,0,0,0,0,0,0,0,2,,
2026-08-30T08:00:54.953Z,1788076854953,214138,1,,83acd2e6,214150,grid,4,1358,1399,133,826,330,69,,0,0,0,0,0,0,0,0,0,0,0,0,0,0,2,,
2026-08-30T08:01:54.966Z,1788076914966,214198,1,,83acd2e6,214210,grid,4,1358,1399,133,826,330,69,,0,0,0,0,0,0,0,0,0,0,0,0,0,0,2,,
2026-08-30T08:02:54.978Z,1788076974978,214258,1,,83acd2e6,214270,grid,4,1364,1399,133,830,331,69,,0,0,0,0,0,0,0,0,0,0,0,0,0,0,2,,
2026-08-30T08:03:54.989Z,1788077034989,214318,1,,83acd2e6,214330,grid,4,1365,1399,133,832,330,69,,0,0,0,0,0,0,0,0,0,0,0,0,0,0,2,,
2026-08-30T08:04:54.999Z,1788077094999,214378,1,,83acd2e6,214390,grid,4,1364,1399,133,832,330,69,,0,0,0,0,0,0,0,0,0,0,0,0,0,0,2,,
2026-08-30T08:05:55.013Z,1788077155013,214438,1,,83acd2e6,214450,grid,4,1365,1399,133,832,330,69,,0,0,0,0,0,0,0,0,0,0,0,0,0,0,2,,
2026-08-30T08:06:55.026Z,1788077215026,214498,1,,83acd2e6,214510,grid,4,1364,1399,133,832,330,69,,0,0,0,0,0,0,0,0,0,0,0,0,0,0,2,,
2026-08-30T08:07:55.047Z,1788077275047,214558,1,,83acd2e6,214570,grid,4,1362,1399,133,829,330,69,,0,0,0,0,0,0,0,0,0,0,0,0,0,0,2,,
2026-08-30T08:08:55.058Z,1788077335058,214618,1,,83acd2e6,214630,grid,4,1359,1399,133,826,330,69,,0,0,0,0,0,0,0,0,0,0,0,0,0,0,2,,
2026-08-30T08:09:55.073Z,1788077395073,214678,1,,83acd2e6,214691,grid,4,1363,1399,134,826,334,69,,0,0,0,0,0,0,0,0,0,0,0,0,0,0,2,,
2026-08-30T08:10:55.095Z,1788077455095,214738,1,,83acd2e6,214751,grid,4,1363,1399,134,826,334,69,,0,0,0,0,0,0,0,0,0,0,0,0,0,0,2,,
2026-08-30T08:11:55.107Z,1788077515107,214799,1,,83acd2e6,214811,grid,4,1359,1399,134,826,330,69,,0,0,0,0,0,0,0,0,0,0,0,0,0,0,2,,
2026-08-30T08:12:55.127Z,1788077575127,214859,1,,83acd2e6,214871,grid,4,1359,1399,134,826,330,69,,0,0,0,0,0,0,0,0,0,0,0,0,0,0,2,,
2026-08-30T08:13:55.140Z,1788077635140,214919,1,,83acd2e6,214931,grid,4,1360,1399,134,827,330,69,,0,0,0,0,0,0,0,0,0,0,0,0,0,0,2,,
2026-08-30T08:14:55.161Z,1788077695161,214979,1,,83acd2e6,214991,grid,4,1360,1399,134,827,330,69,,0,0,0,0,0,0,0,0,0,0,0,0,0,0,2,,
2026-08-30T08:15:55.187Z,1788077755187,215039,1,,83acd2e6,215051,grid,4,1359,1399,133,827,330,69,,0,0,0,0,0,0,0,0,0,0,0,0,0,0,2,,
2026-08-30T08:16:55.212Z,1788077815212,215099,1,,83acd2e6,215111,grid,4,1359,1399,133,827,330,69,,0,0,0,0,0,0,0,0,0,0,0,0,0,0,2,,
2026-08-30T08:17:55.230Z,1788077875230,215159,1,,83acd2e6,215171,grid,4,1358,1399,133,826,330,69,,0,0,0,0,0,0,0,0,0,0,0,0,0,0,2,,
2026-08-30T08:18:55.240Z,1788077935240,215219,1,,83acd2e6,215231,grid,4,1359,1399,133,826,330,69,,0,0,0,0,0,0,0,0,0,0,0,0,0,0,2,,
2026-08-30T08:19:55.260Z,1788077995260,215279,1,,83acd2e6,215291,grid,4,1358,1399,133,826,330,69,,0,0,0,0,0,0,0,0,0,0,0,0,0,0,2,,
2026-08-30T08:20:55.283Z,1788078055283,215339,1,,83acd2e6,215351,grid,4,1359,1399,133,827,330,69,,0,0,0,0,0,0,0,0,0,0,0,0,0,0,2,,
2026-08-30T08:21:55.297Z,1788078115297,215399,1,,83acd2e6,215411,grid,4,1358,1399,133,826,330,69,,0,0,0,0,0,0,0,0,0,0,0,0,0,0,2,,
2026-08-30T08:22:55.314Z,1788078175314,215459,1,,83acd2e6,215471,grid,4,1358,1399,133,826,330,69,,0,0,0,0,0,0,0,0,0,0,0,0,0,0,2,,
2026-08-30T08:23:55.340Z,1788078235340,215519,1,,83acd2e6,215531,grid,4,1359,1399,133,826,330,69,,0,0,0,0,0,0,0,0,0,0,0,0,0,0,2,,
2026-08-30T08:24:55.355Z,1788078295355,215579,1,,83acd2e6,215591,grid,4,1358,1399,133,826,330,69,,0,0,0,0,0,0,0,0,0,0,0,0,0,0,2,,
2026-08-30T08:25:55.369Z,1788078355369,215639,1,,83acd2e6,215651,grid,4,1359,1399,133,827,330,69,,0,0,0,0,0,0,0,0,0,0,0,0,0,0,2,,
2026-08-30T08:26:55.392Z,1788078415392,215699,1,,83acd2e6,215711,grid,4,1359,1399,133,827,330,69,,0,0,0,0,0,0,0,0,0,0,0,0,0,0,2,,
2026-08-30T08:27:55.416Z,1788078475416,215759,1,,83acd2e6,215771,grid,4,1359,1399,133,827,330,69,,0,0,0,0,0,0,0,0,0,0,0,0,0,0,2,,
2026-08-30T08:28:55.431Z,1788078535431,215819,1,,83acd2e6,215831,grid,4,1359,1399,133,826,330,69,,0,0,0,0,0,0,0,0,0,0,0,0,0,0,2,,
2026-08-30T08:29:55.456Z,1788078595456,215879,1,,83acd2e6,215891,grid,4,1358,1399,133,826,330,69,,0,0,0,0,0,0,0,0,0,0,0,0,0,0,2,,
2026-08-30T08:30:55.470Z,1788078655470,215939,1,,83acd2e6,215951,grid,4,1359,1399,133,827,330,69,,0,0,0,0,0,0,0,0,0,0,0,0,0,0,2,,
2026-08-30T08:31:55.492Z,1788078715492,215999,1,,83acd2e6,216011,grid,4,1367,1399,133,834,330,69,,0,0,0,0,0,0,0,0,0,0,0,0,0,0,2,,
2026-08-30T08:32:55.509Z,1788078775509,216059,1,,83acd2e6,216071,grid,4,1374,1399,134,837,335,69,,0,0,0,0,0,0,0,0,0,0,0,0,0,0,2,,
2026-08-30T08:33:55.531Z,1788078835531,216119,1,,83acd2e6,216131,grid,4,1367,1399,134,834,331,69,,0,0,0,0,0,0,0,0,0,0,0,0,0,0,2,,
2026-08-30T08:34:55.554Z,1788078895554,216179,1,,83acd2e6,216191,grid,4,1366,1399,134,833,330,69,,0,0,0,0,0,0,0,0,0,0,0,0,0,0,2,,
2026-08-30T08:35:55.575Z,1788078955575,216239,1,,83acd2e6,216251,grid,4,1366,1399,134,833,330,69,,0,0,0,0,0,0,0,0,0,0,0,0,0,0,2,,
2026-08-30T08:36:55.595Z,1788079015595,216299,1,,83acd2e6,216311,grid,4,1366,1399,134,833,330,69,,0,0,0,0,0,0,0,0,0,0,0,0,0,0,2,,
2026-08-30T08:37:55.618Z,1788079075618,216359,1,,83acd2e6,216371,grid,4,1363,1399,133,830,330,69,,0,0,0,0,0,0,0,0,0,0,0,0,0,0,2,,
2026-08-30T08:38:55.636Z,1788079135636,216419,1,,83acd2e6,216431,grid,4,1363,1399,133,831,330,69,,0,0,0,0,0,0,0,0,0,0,0,0,0,0,2,,
2026-08-30T08:39:55.649Z,1788079195649,216479,1,,83acd2e6,216491,grid,4,1363,1399,133,830,330,69,,0,0,0,0,0,0,0,0,0,0,0,0,0,0,2,,
2026-08-30T08:40:55.661Z,1788079255661,216539,1,,83acd2e6,216551,grid,4,1363,1399,133,830,330,69,,0,0,0,0,0,0,0,0,0,0,0,0,0,0,2,,
2026-08-30T08:41:55.676Z,1788079315676,216599,1,,83acd2e6,216611,grid,4,1360,1399,133,828,330,69,,0,0,0,0,0,0,0,0,0,0,0,0,0,0,2,,
2026-08-30T08:42:55.695Z,1788079375695,216659,1,,83acd2e6,216671,grid,4,1360,1399,133,828,330,69,,0,0,0,0,0,0,0,0,0,0,0,0,0,0,2,,
2026-08-30T08:43:55.713Z,1788079435713,216719,1,,83acd2e6,216731,grid,4,1361,1399,133,828,330,69,,0,0,0,0,0,0,0,0,0,0,0,0,0,0,2,,
2026-08-30T08:44:55.722Z,1788079495722,216779,1,,83acd2e6,216791,grid,4,1360,1399,133,828,330,69,,0,0,0,0,0,0,0,0,0,0,0,0,0,0,2,,
2026-08-30T08:45:55.733Z,1788079555733,216839,1,,83acd2e6,216851,grid,4,1361,1399,133,828,330,69,,0,0,0,0,0,0,0,0,0,0,0,0,0,0,2,,
2026-08-30T08:46:55.743Z,1788079615743,216899,1,,83acd2e6,216911,grid,4,1360,1399,133,828,330,69,,0,0,0,0,0,0,0,0,0,0,0,0,0,0,2,,
2026-08-30T08:47:55.769Z,1788079675769,216959,1,,83acd2e6,216971,grid,4,1360,1399,133,828,330,69,,0,0,0,0,0,0,0,0,0,0,0,0,0,0,2,,
2026-08-30T08:48:55.789Z,1788079735789,217019,1,,83acd2e6,217031,grid,4,1360,1399,133,827,330,69,,0,0,0,0,0,0,0,0,0,0,0,0,0,0,2,,
2026-08-30T08:49:55.808Z,1788079795808,217079,1,,83acd2e6,217091,grid,4,1359,1399,133,827,330,69,,0,0,0,0,0,0,0,0,0,0,0,0,0,0,2,,
2026-08-30T08:50:55.819Z,1788079855819,217139,1,,83acd2e6,217151,grid,4,1360,1399,133,828,330,69,,0,0,0,0,0,0,0,0,0,0,0,0,0,0,2,,
2026-08-30T08:51:55.839Z,1788079915839,217199,1,,83acd2e6,217211,grid,4,1359,1399,133,827,330,69,,0,0,0,0,0,0,0,0,0,0,0,0,0,0,2,,
2026-08-30T08:52:55.863Z,1788079975863,217259,1,,83acd2e6,217271,grid,4,1360,1399,134,827,330,69,,0,0,0,0,0,0,0,0,0,0,0,0,0,0,2,,
2026-08-30T08:53:55.884Z,1788080035884,217319,1,,83acd2e6,217331,grid,4,1360,1399,134,827,330,69,,0,0,0,0,0,0,0,0,0,0,0,0,0,0,2,,
2026-08-30T08:54:55.899Z,1788080095899,217379,1,,83acd2e6,217391,grid,4,1358,1399,134,826,330,69,,0,0,0,0,0,0,0,0,0,0,0,0,0,0,2,,
2026-08-30T08:55:55.913Z,1788080155913,217439,1,,83acd2e6,217451,grid,4,1359,1399,134,827,330,69,,0,0,0,0,0,0,0,0,0,0,0,0,0,0,2,,
2026-08-30T08:56:55.938Z,1788080215938,217499,1,,83acd2e6,217511,grid,4,1359,1399,134,826,330,69,,0,0,0,0,0,0,0,0,0,0,0,0,0,0,2,,
2026-08-30T08:57:55.948Z,1788080275948,217559,1,,83acd2e6,217571,grid,4,1360,1399,134,827,330,69,,0,0,0,0,0,0,0,0,0,0,0,0,0,0,2,,
2026-08-30T08:58:55.972Z,1788080335972,217619,1,,83acd2e6,217631,grid,4,1359,1399,134,827,330,69,,0,0,0,0,0,0,0,0,0,0,0,0,0,0,2,,
2026-08-30T08:59:55.986Z,1788080395986,217679,1,,83acd2e6,217691,grid,4,1359,1399,134,827,330,69,,0,0,0,0,0,0,0,0,0,0,0,0,0,0,2,,
2026-08-30T09:00:56.004Z,1788080456004,217739,1,,83acd2e6,217751,grid,4,1360,1399,133,827,330,69,,0,0,0,0,0,0,0,0,0,0,0,0,0,0,2,,
2026-08-30T09:01:56.017Z,1788080516017,217799,1,,83acd2e6,217811,grid,4,1358,1399,133,826,330,69,,0,0,0,0,0,0,0,0,0,0,0,0,0,0,2,,
2026-08-30T09:02:56.034Z,1788080576034,217859,1,,83acd2e6,217871,grid,4,1386,1399,133,854,330,69,,0,0,0,0,0,0,0,0,0,0,0,0,0,0,2,,
2026-08-30T09:03:56.055Z,1788080636055,217919,1,,83acd2e6,217931,grid,4,1368,1399,133,835,331,69,,0,0,0,0,0,0,0,0,0,0,0,0,0,0,2,,
2026-08-30T09:04:56.076Z,1788080696076,217979,1,,83acd2e6,217992,grid,4,1365,1399,133,833,330,69,,0,0,0,0,0,0,0,0,0,0,0,0,0,0,2,,
2026-08-30T09:05:56.100Z,1788080756100,218039,1,,83acd2e6,218052,grid,4,1366,1399,133,833,330,69,,0,0,0,0,0,0,0,0,0,0,0,0,0,0,2,,
2026-08-30T09:06:56.111Z,1788080816111,218100,1,,83acd2e6,218112,grid,4,1364,1399,133,831,330,69,,0,0,0,0,0,0,0,0,0,0,0,0,0,0,2,,
2026-08-30T09:07:56.131Z,1788080876131,218160,1,,83acd2e6,218172,grid,4,1361,1399,133,829,330,69,,0,0,0,0,0,0,0,0,0,0,0,0,0,0,2,,
2026-08-30T09:08:56.152Z,1788080936152,218220,1,,83acd2e6,218232,grid,4,1362,1399,133,829,330,69,,0,0,0,0,0,0,0,0,0,0,0,0,0,0,2,,
2026-08-30T09:09:56.159Z,1788080996159,218280,1,,83acd2e6,218292,grid,4,1362,1399,133,829,330,69,,0,0,0,0,0,0,0,0,0,0,0,0,0,0,2,,
2026-08-30T09:10:56.179Z,1788081056179,218340,1,,83acd2e6,218352,grid,4,1362,1399,133,829,330,69,,0,0,0,0,0,0,0,0,0,0,0,0,0,0,2,,
2026-08-30T09:11:56.192Z,1788081116192,218400,1,,83acd2e6,218412,grid,4,1361,1399,133,828,330,69,,0,0,0,0,0,0,0,0,0,0,0,0,0,0,2,,
2026-08-30T09:12:56.214Z,1788081176214,218460,1,,83acd2e6,218472,grid,4,1361,1399,133,828,330,69,,0,0,0,0,0,0,0,0,0,0,0,0,0,0,2,,
2026-08-30T09:13:56.235Z,1788081236235,218520,1,,83acd2e6,218532,grid,4,1361,1399,134,829,330,69,,0,0,0,0,0,0,0,0,0,0,0,0,0,0,2,,
2026-08-30T09:14:56.243Z,1788081296243,218580,1,,83acd2e6,218592,grid,4,1361,1399,134,828,330,69,,0,0,0,0,0,0,0,0,0,0,0,0,0,0,2,,
2026-08-30T09:15:56.261Z,1788081356261,218640,1,,83acd2e6,218652,grid,4,1362,1399,134,829,330,69,,0,0,0,0,0,0,0,0,0,0,0,0,0,0,2,,
2026-08-30T09:16:56.279Z,1788081416279,218700,1,,83acd2e6,218712,grid,4,1361,1399,134,828,330,69,,0,0,0,0,0,0,0,0,0,0,0,0,0,0,2,,
2026-08-30T09:17:56.292Z,1788081476292,218760,1,,83acd2e6,218772,grid,4,1361,1399,134,828,330,69,,0,0,0,0,0,0,0,0,0,0,0,0,0,0,2,,
2026-08-30T09:18:56.306Z,1788081536306,218820,1,,83acd2e6,218832,grid,4,1362,1399,134,829,330,69,,0,0,0,0,0,0,0,0,0,0,0,0,0,0,2,,
2026-08-30T09:19:56.323Z,1788081596323,218880,1,,83acd2e6,218892,grid,4,1361,1399,134,828,330,69,,0,0,0,0,0,0,0,0,0,0,0,0,0,0,2,,
2026-08-30T09:20:56.336Z,1788081656336,218940,1,,83acd2e6,218952,grid,4,1361,1399,134,828,330,69,,0,0,0,0,0,0,0,0,0,0,0,0,0,0,2,,
2026-08-30T09:21:56.360Z,1788081716360,219000,1,,83acd2e6,219012,grid,4,1361,1399,134,829,330,69,,0,0,0,0,0,0,0,0,0,0,0,0,0,0,2,,
2026-08-30T09:22:56.376Z,1788081776376,219060,1,,83acd2e6,219072,grid,4,1361,1399,133,829,330,69,,0,0,0,0,0,0,0,0,0,0,0,0,0,0,2,,
2026-08-30T09:23:56.403Z,1788081836403,219120,1,,83acd2e6,219132,grid,4,1362,1399,133,829,330,69,,0,0,0,0,0,0,0,0,0,0,0,0,0,0,2,,
2026-08-30T09:24:56.419Z,1788081896419,219180,1,,83acd2e6,219192,grid,4,1361,1399,133,829,330,69,,0,0,0,0,0,0,0,0,0,0,0,0,0,0,2,,
2026-08-30T09:25:56.438Z,1788081956438,219240,1,,83acd2e6,219252,grid,4,1362,1399,133,829,330,69,,0,0,0,0,0,0,0,0,0,0,0,0,0,0,2,,
2026-08-30T09:26:56.462Z,1788082016462,219300,1,,83acd2e6,219312,grid,4,1361,1399,133,828,330,69,,0,0,0,0,0,0,0,0,0,0,0,0,0,0,2,,
2026-08-30T09:27:56.477Z,1788082076477,219360,1,,83acd2e6,219372,grid,4,1361,1399,133,829,330,69,,0,0,0,0,0,0,0,0,0,0,0,0,0,0,2,,
2026-08-30T09:28:56.484Z,1788082136484,219420,1,,83acd2e6,219432,grid,4,1361,1399,133,828,330,69,,0,0,0,0,0,0,0,0,0,0,0,0,0,0,2,,
2026-08-30T09:29:56.499Z,1788082196499,219480,1,,83acd2e6,219492,grid,4,1361,1399,133,828,330,69,,0,0,0,0,0,0,0,0,0,0,0,0,0,0,2,,
2026-08-30T09:30:56.528Z,1788082256528,219540,1,,83acd2e6,219552,grid,4,1361,1399,133,828,330,69,,0,0,0,0,0,0,0,0,0,0,0,0,0,0,2,,
2026-08-30T09:31:56.539Z,1788082316539,219600,1,,83acd2e6,219612,grid,4,1359,1399,133,826,330,69,,0,0,0,0,0,0,0,0,0,0,0,0,0,0,2,,
2026-08-30T09:32:56.557Z,1788082376557,219660,1,,83acd2e6,219672,grid,4,1390,1399,134,857,331,69,,0,0,0,0,0,0,0,0,0,0,0,0,0,0,2,,
2026-08-30T09:33:56.578Z,1788082436578,219720,1,,83acd2e6,219732,grid,4,1368,1399,134,835,331,69,,0,0,0,0,0,0,0,0,0,0,0,0,0,0,2,,
2026-08-30T09:34:56.592Z,1788082496592,219780,1,,83acd2e6,219792,grid,4,1365,1399,134,832,331,69,,0,0,0,0,0,0,0,0,0,0,0,0,0,0,2,,
2026-08-30T09:35:56.615Z,1788082556615,219840,1,,83acd2e6,219852,grid,4,1363,1399,134,830,331,69,,0,0,0,0,0,0,0,0,0,0,0,0,0,0,2,,
2026-08-30T09:36:56.632Z,1788082616632,219900,1,,83acd2e6,219912,grid,4,1363,1399,134,830,330,69,,0,0,0,0,0,0,0,0,0,0,0,0,0,0,2,,
2026-08-30T09:37:56.653Z,1788082676653,219960,1,,83acd2e6,219972,grid,4,1361,1399,134,827,331,69,,0,0,0,0,0,0,0,0,0,0,0,0,0,0,2,,
2026-08-30T09:38:56.666Z,1788082736666,220020,1,,83acd2e6,220032,grid,4,1361,1399,134,827,331,69,,0,0,0,0,0,0,0,0,0,0,0,0,0,0,2,,
2026-08-30T09:39:56.685Z,1788082796685,220080,1,,83acd2e6,220092,grid,4,1365,1399,134,827,335,69,,0,0,0,0,0,0,0,0,0,0,0,0,0,0,2,,
2026-08-30T09:40:56.705Z,1788082856705,220140,1,,83acd2e6,220152,grid,4,1365,1399,134,828,335,69,,0,0,0,0,0,0,0,0,0,0,0,0,0,0,2,,
2026-08-30T09:41:56.724Z,1788082916724,220200,1,,83acd2e6,220212,grid,4,1361,1399,134,827,331,69,,0,0,0,0,0,0,0,0,0,0,0,0,0,0,2,,
2026-08-30T09:42:56.739Z,1788082976739,220260,1,,83acd2e6,220272,grid,4,1361,1399,134,828,331,69,,0,0,0,0,0,0,0,0,0,0,0,0,0,0,2,,
2026-08-30T09:43:56.748Z,1788083036748,220320,1,,83acd2e6,220332,grid,4,1361,1399,134,828,330,69,,0,0,0,0,0,0,0,0,0,0,0,0,0,0,2,,
2026-08-30T09:44:56.762Z,1788083096762,220380,1,,83acd2e6,220392,grid,4,1360,1399,133,827,330,69,,0,0,0,0,0,0,0,0,0,0,0,0,0,0,2,,
2026-08-30T09:45:56.780Z,1788083156780,220440,1,,83acd2e6,220452,grid,4,1360,1399,133,828,330,69,,0,0,0,0,0,0,0,0,0,0,0,0,0,0,2,,
2026-08-30T09:46:56.797Z,1788083216797,220500,1,,83acd2e6,220512,grid,4,1359,1399,133,827,330,69,,0,0,0,0,0,0,0,0,0,0,0,0,0,0,2,,
2026-08-30T09:47:56.808Z,1788083276808,220560,1,,83acd2e6,220572,grid,4,1360,1399,133,827,330,69,,0,0,0,0,0,0,0,0,0,0,0,0,0,0,2,,
2026-08-30T09:48:56.832Z,1788083336832,220620,1,,83acd2e6,220632,grid,4,1360,1399,133,827,330,69,,0,0,0,0,0,0,0,0,0,0,0,0,0,0,2,,
2026-08-30T09:49:56.851Z,1788083396851,220680,1,,83acd2e6,220692,grid,4,1359,1399,133,826,330,69,,0,0,0,0,0,0,0,0,0,0,0,0,0,0,2,,
2026-08-30T09:50:56.867Z,1788083456867,220740,1,,83acd2e6,220752,grid,4,1360,1399,133,827,330,69,,0,0,0,0,0,0,0,0,0,0,0,0,0,0,2,,
2026-08-30T09:51:56.888Z,1788083516888,220800,1,,83acd2e6,220812,grid,4,1359,1399,133,827,330,69,,0,0,0,0,0,0,0,0,0,0,0,0,0,0,2,,
2026-08-30T09:52:56.905Z,1788083576905,220860,1,,83acd2e6,220872,grid,4,1360,1399,133,828,330,69,,0,0,0,0,0,0,0,0,0,0,0,0,0,0,2,,
2026-08-30T09:53:56.930Z,1788083636930,220920,1,,83acd2e6,220932,grid,4,1359,1399,133,827,330,69,,0,0,0,0,0,0,0,0,0,0,0,0,0,0,2,,
2026-08-30T09:54:56.945Z,1788083696945,220980,1,,83acd2e6,220992,grid,4,1359,1399,133,826,330,69,,0,0,0,0,0,0,0,0,0,0,0,0,0,0,2,,
2026-08-30T09:55:56.963Z,1788083756963,221040,1,,83acd2e6,221052,grid,4,1359,1399,134,827,330,69,,0,0,0,0,0,0,0,0,0,0,0,0,0,0,2,,
2026-08-30T09:56:56.982Z,1788083816982,221100,1,,83acd2e6,221112,grid,4,1358,1399,134,826,330,69,,0,0,0,0,0,0,0,0,0,0,0,0,0,0,2,,
2026-08-30T09:57:57.002Z,1788083877002,221160,1,,83acd2e6,221172,grid,4,1359,1399,134,827,330,69,,0,0,0,0,0,0,0,0,0,0,0,0,0,0,2,,
2026-08-30T09:58:57.012Z,1788083937012,221220,1,,83acd2e6,221232,grid,4,1359,1399,134,826,330,69,,0,0,0,0,0,0,0,0,0,0,0,0,0,0,2,,
2026-08-30T09:59:57.030Z,1788083997030,221280,1,,83acd2e6,221292,grid,4,1360,1399,134,827,330,69,,0,0,0,0,0,0,0,0,0,0,0,0,0,0,2,,
2026-08-30T10:00:57.043Z,1788084057043,221340,1,,83acd2e6,221352,grid,4,1360,1399,134,828,330,69,,0,0,0,0,0,0,0,0,0,0,0,0,0,0,2,,
2026-08-30T10:01:57.057Z,1788084117057,221400,1,,83acd2e6,221412,grid,4,1360,1399,134,827,330,69,,0,0,0,0,0,0,0,0,0,0,0,0,0,0,2,,
2026-08-30T10:02:57.067Z,1788084177067,221460,1,,83acd2e6,221473,grid,4,1369,1399,134,831,335,69,,0,0,0,0,0,0,0,0,0,0,0,0,0,0,2,,
2026-08-30T10:03:57.091Z,1788084237091,221520,1,,83acd2e6,221533,grid,4,1365,1399,134,832,330,69,,0,0,0,0,0,0,0,0,0,0,0,0,0,0,2,,
2026-08-30T10:04:57.107Z,1788084297107,221581,1,,83acd2e6,221593,grid,4,1365,1399,134,831,330,69,,0,0,0,0,0,0,0,0,0,0,0,0,0,0,2,,
2026-08-30T10:05:57.128Z,1788084357128,221641,1,,83acd2e6,221653,grid,4,1365,1399,134,832,330,69,,0,0,0,0,0,0,0,0,0,0,0,0,0,0,2,,
2026-08-30T10:06:57.148Z,1788084417148,221701,1,,83acd2e6,221713,grid,4,1364,1399,133,831,331,69,,0,0,0,0,0,0,0,0,0,0,0,0,0,0,2,,
2026-08-30T10:07:57.165Z,1788084477165,221761,1,,83acd2e6,221773,grid,4,1361,1399,133,828,331,69,,0,0,0,0,0,0,0,0,0,0,0,0,0,0,2,,
2026-08-30T10:08:57.178Z,1788084537178,221821,1,,83acd2e6,221833,grid,4,1362,1399,133,829,330,69,,0,0,0,0,0,0,0,0,0,0,0,0,0,0,2,,
2026-08-30T10:09:57.196Z,1788084597196,221881,1,,83acd2e6,221893,grid,4,1362,1399,133,829,330,69,,0,0,0,0,0,0,0,0,0,0,0,0,0,0,2,,
2026-08-30T10:10:57.219Z,1788084657219,221941,1,,83acd2e6,221953,grid,4,1362,1399,133,829,330,69,,0,0,0,0,0,0,0,0,0,0,0,0,0,0,2,,
2026-08-30T10:11:57.231Z,1788084717231,222001,1,,83acd2e6,222013,grid,4,1362,1399,133,829,330,69,,0,0,0,0,0,0,0,0,0,0,0,0,0,0,2,,
2026-08-30T10:12:57.243Z,1788084777243,222061,1,,83acd2e6,222073,grid,4,1361,1399,133,828,330,69,,0,0,0,0,0,0,0,0,0,0,0,0,0,0,2,,
2026-08-30T10:13:57.259Z,1788084837259,222121,1,,83acd2e6,222133,grid,4,1359,1399,133,826,330,69,,0,0,0,0,0,0,0,0,0,0,0,0,0,0,2,,
2026-08-30T10:14:57.275Z,1788084897275,222181,1,,83acd2e6,222193,grid,4,1359,1399,133,826,330,69,,0,0,0,0,0,0,0,0,0,0,0,0,0,0,2,,
2026-08-30T10:15:57.292Z,1788084957292,222241,1,,83acd2e6,222253,grid,4,1360,1399,134,827,330,69,,0,0,0,0,0,0,0,0,0,0,0,0,0,0,2,,
2026-08-30T10:16:57.312Z,1788085017312,222301,1,,83acd2e6,222313,grid,4,1359,1399,134,826,330,69,,0,0,0,0,0,0,0,0,0,0,0,0,0,0,2,,
2026-08-30T10:17:57.327Z,1788085077327,222361,1,,83acd2e6,222373,grid,4,1360,1399,134,827,330,69,,0,0,0,0,0,0,0,0,0,0,0,0,0,0,2,,
2026-08-30T10:18:57.345Z,1788085137345,222421,1,,83acd2e6,222433,grid,4,1359,1399,134,826,330,69,,0,0,0,0,0,0,0,0,0,0,0,0,0,0,2,,
2026-08-30T10:19:57.365Z,1788085197365,222481,1,,83acd2e6,222493,grid,4,1359,1399,134,826,330,69,,0,0,0,0,0,0,0,0,0,0,0,0,0,0,2,,
2026-08-30T10:20:57.383Z,1788085257383,222541,1,,83acd2e6,222553,grid,4,1359,1399,134,826,330,69,,0,0,0,0,0,0,0,0,0,0,0,0,0,0,2,,
2026-08-30T10:21:57.412Z,1788085317412,222601,1,,83acd2e6,222613,grid,4,1359,1399,134,826,330,69,,0,0,0,0,0,0,0,0,0,0,0,0,0,0,2,,
2026-08-30T10:22:57.428Z,1788085377428,222661,1,,83acd2e6,222673,grid,4,1359,1399,134,826,330,69,,0,0,0,0,0,0,0,0,0,0,0,0,0,0,2,,
2026-08-30T10:23:57.440Z,1788085437440,222721,1,,83acd2e6,222733,grid,4,1359,1399,134,826,330,69,,0,0,0,0,0,0,0,0,0,0,0,0,0,0,2,,
2026-08-30T10:24:57.465Z,1788085497465,222781,1,,83acd2e6,222793,grid,4,1359,1399,134,826,330,69,,0,0,0,0,0,0,0,0,0,0,0,0,0,0,2,,
2026-08-30T10:25:57.476Z,1788085557476,222841,1,,83acd2e6,222853,grid,4,1360,1399,134,827,330,69,,0,0,0,0,0,0,0,0,0,0,0,0,0,0,2,,
2026-08-30T10:26:57.493Z,1788085617493,222901,1,,83acd2e6,222913,grid,4,1360,1399,134,827,330,69,,0,0,0,0,0,0,0,0,0,0,0,0,0,0,2,,
2026-08-30T10:27:57.506Z,1788085677506,222961,1,,83acd2e6,222973,grid,4,1360,1399,134,827,330,69,,0,0,0,0,0,0,0,0,0,0,0,0,0,0,2,,
2026-08-30T10:28:57.521Z,1788085737521,223021,1,,83acd2e6,223033,grid,4,1359,1399,133,827,330,69,,0,0,0,0,0,0,0,0,0,0,0,0,0,0,2,,
2026-08-30T10:29:57.531Z,1788085797531,223081,1,,83acd2e6,223093,grid,4,1359,1399,133,826,331,69,,0,0,0,0,0,0,0,0,0,0,0,0,0,0,2,,
2026-08-30T10:30:57.551Z,1788085857551,223141,1,,83acd2e6,223153,grid,4,1359,1399,133,826,331,69,,0,0,0,0,0,0,0,0,0,0,0,0,0,0,2,,
2026-08-30T10:31:57.561Z,1788085917561,223201,1,,83acd2e6,223213,grid,4,1359,1399,133,826,331,69,,0,0,0,0,0,0,0,0,0,0,0,0,0,0,2,,
2026-08-30T10:32:57.577Z,1788085977577,223261,1,,83acd2e6,223273,grid,4,1371,1399,133,834,334,69,,0,0,0,0,0,0,0,0,0,0,0,0,0,0,2,,
2026-08-30T10:33:57.588Z,1788086037588,223321,1,,83acd2e6,223333,grid,4,1364,1399,133,832,330,69,,0,0,0,0,0,0,0,0,0,0,0,0,0,0,2,,
2026-08-30T10:34:57.606Z,1788086097606,223381,1,,83acd2e6,223393,grid,4,1361,1399,133,830,329,69,,0,0,0,0,0,0,0,0,0,0,0,0,0,0,2,,
2026-08-30T10:35:57.627Z,1788086157627,223441,1,,83acd2e6,223453,grid,4,1362,1399,134,830,330,69,,0,0,0,0,0,0,0,0,0,0,0,0,0,0,2,,
2026-08-30T10:36:57.648Z,1788086217648,223501,1,,83acd2e6,223513,grid,4,1361,1399,134,829,329,69,,0,0,0,0,0,0,0,0,0,0,0,0,0,0,2,,
2026-08-30T10:37:57.657Z,1788086277657,223561,1,,83acd2e6,223573,grid,4,1359,1399,134,826,330,69,,0,0,0,0,0,0,0,0,0,0,0,0,0,0,2,,
2026-08-30T10:38:57.680Z,1788086337680,223621,1,,83acd2e6,223633,grid,4,1359,1399,134,827,329,69,,0,0,0,0,0,0,0,0,0,0,0,0,0,0,2,,
2026-08-30T10:39:57.692Z,1788086397692,223681,1,,83acd2e6,223693,grid,4,1359,1399,134,827,329,69,,0,0,0,0,0,0,0,0,0,0,0,0,0,0,2,,
2026-08-30T10:40:57.701Z,1788086457701,223741,1,,83acd2e6,223753,grid,4,1359,1399,134,827,330,69,,0,0,0,0,0,0,0,0,0,0,0,0,0,0,2,,
2026-08-30T10:41:57.709Z,1788086517709,223801,1,,83acd2e6,223813,grid,4,1359,1399,134,827,329,69,,0,0,0,0,0,0,0,0,0,0,0,0,0,0,2,,
2026-08-30T10:42:57.730Z,1788086577730,223861,1,,83acd2e6,223873,grid,4,1358,1399,134,825,330,69,,0,0,0,0,0,0,0,0,0,0,0,0,0,0,2,,
2026-08-30T10:43:57.743Z,1788086637743,223921,1,,83acd2e6,223933,grid,4,1357,1399,134,825,329,69,,0,0,0,0,0,0,0,0,0,0,0,0,0,0,2,,
2026-08-30T10:44:57.758Z,1788086697758,223981,1,,83acd2e6,223993,grid,4,1357,1399,134,825,329,69,,0,0,0,0,0,0,0,0,0,0,0,0,0,0,2,,
2026-08-30T10:45:57.783Z,1788086757783,224041,1,,83acd2e6,224053,grid,4,1357,1399,134,825,329,69,,0,0,0,0,0,0,0,0,0,0,0,0,0,0,2,,
2026-08-30T10:46:57.797Z,1788086817797,224101,1,,83acd2e6,224113,grid,4,1357,1399,134,824,329,69,,0,0,0,0,0,0,0,0,0,0,0,0,0,0,2,,
2026-08-30T10:47:57.812Z,1788086877812,224161,1,,83acd2e6,224173,grid,4,1357,1399,134,825,329,69,,0,0,0,0,0,0,0,0,0,0,0,0,0,0,2,,
2026-08-30T10:48:57.832Z,1788086937832,224221,1,,83acd2e6,224233,grid,4,1357,1399,134,825,329,69,,0,0,0,0,0,0,0,0,0,0,0,0,0,0,2,,
2026-08-30T10:49:57.852Z,1788086997852,224281,1,,83acd2e6,224293,grid,4,1358,1399,134,825,330,69,,0,0,0,0,0,0,0,0,0,0,0,0,0,0,2,,
2026-08-30T10:50:57.864Z,1788087057864,224341,1,,83acd2e6,224353,grid,4,1358,1399,133,826,330,69,,0,0,0,0,0,0,0,0,0,0,0,0,0,0,2,,
2026-08-30T10:51:57.883Z,1788087117883,224401,1,,83acd2e6,224413,grid,4,1357,1399,133,825,329,69,,0,0,0,0,0,0,0,0,0,0,0,0,0,0,2,,
2026-08-30T10:52:57.908Z,1788087177908,224461,1,,83acd2e6,224473,grid,4,1358,1399,133,826,329,69,,0,0,0,0,0,0,0,0,0,0,0,0,0,0,2,,
2026-08-30T10:53:57.915Z,1788087237915,224521,1,,83acd2e6,224533,grid,4,1357,1399,133,825,329,69,,0,0,0,0,0,0,0,0,0,0,0,0,0,0,2,,
2026-08-30T10:54:57.938Z,1788087297938,224581,1,,83acd2e6,224593,grid,4,1357,1399,133,825,329,69,,0,0,0,0,0,0,0,0,0,0,0,0,0,0,2,,
2026-08-30T10:55:57.957Z,1788087357957,224641,1,,83acd2e6,224653,grid,4,1356,1399,133,824,329,69,,0,0,0,0,0,0,0,0,0,0,0,0,0,0,2,,
2026-08-30T10:56:57.967Z,1788087417967,224701,1,,83acd2e6,224713,grid,4,1356,1399,133,825,329,69,,0,0,0,0,0,0,0,0,0,0,0,0,0,0,2,,
2026-08-30T10:57:57.978Z,1788087477978,224761,1,,83acd2e6,224773,grid,4,1357,1399,134,826,329,69,,0,0,0,0,0,0,0,0,0,0,0,0,0,0,2,,
2026-08-30T10:58:57.990Z,1788087537990,224821,1,,83acd2e6,224833,grid,4,1357,1399,134,825,329,69,,0,0,0,0,0,0,0,0,0,0,0,0,0,0,2,,
2026-08-30T10:59:58.004Z,1788087598004,224881,1,,83acd2e6,224893,grid,4,1358,1399,134,826,330,69,,0,0,0,0,0,0,0,0,0,0,0,0,0,0,2,,
2026-08-30T11:00:58.018Z,1788087658018,224941,1,,83acd2e6,224953,grid,4,1357,1399,134,825,330,69,,0,0,0,0,0,0,0,0,0,0,0,0,0,0,2,,
2026-08-30T11:01:58.038Z,1788087718038,225001,1,,83acd2e6,225013,grid,4,1358,1399,134,826,329,69,,0,0,0,0,0,0,0,0,0,0,0,0,0,0,2,,
2026-08-30T11:02:58.048Z,1788087778048,225061,1,,83acd2e6,225073,grid,4,1361,1399,134,828,330,69,,0,0,0,0,0,0,0,0,0,0,0,0,0,0,2,,
2026-08-30T11:03:58.065Z,1788087838065,225121,1,,83acd2e6,225134,grid,4,1363,1399,134,830,330,69,,0,0,0,0,0,0,0,0,0,0,0,0,0,0,2,,
2026-08-30T11:04:58.081Z,1788087898081,225181,1,,83acd2e6,225194,grid,4,1363,1399,134,830,330,69,,0,0,0,0,0,0,0,0,0,0,0,0,0,0,2,,
2026-08-30T11:05:58.100Z,1788087958100,225241,1,,83acd2e6,225254,grid,4,1363,1399,134,830,330,69,,0,0,0,0,0,0,0,0,0,0,0,0,0,0,2,,
2026-08-30T11:06:58.126Z,1788088018126,225302,1,,83acd2e6,225314,grid,4,1360,1399,134,827,330,69,,0,0,0,0,0,0,0,0,0,0,0,0,0,0,2,,
2026-08-30T11:07:58.141Z,1788088078141,225362,1,,83acd2e6,225374,grid,4,1357,1399,134,824,330,69,,0,0,0,0,0,0,0,0,0,0,0,0,0,0,2,,
2026-08-30T11:08:58.162Z,1788088138162,225422,1,,83acd2e6,225434,grid,4,1358,1399,134,825,330,69,,0,0,0,0,0,0,0,0,0,0,0,0,0,0,2,,
2026-08-30T11:09:58.185Z,1788088198185,225482,1,,83acd2e6,225494,grid,4,1357,1399,134,825,330,69,,0,0,0,0,0,0,0,0,0,0,0,0,0,0,2,,
2026-08-30T11:10:58.203Z,1788088258203,225542,1,,83acd2e6,225554,grid,4,1358,1399,134,825,330,69,,0,0,0,0,0,0,0,0,0,0,0,0,0,0,2,,
2026-08-30T11:11:58.222Z,1788088318222,225602,1,,83acd2e6,225614,grid,4,1357,1399,133,825,330,69,,0,0,0,0,0,0,0,0,0,0,0,0,0,0,2,,
2026-08-30T11:12:58.249Z,1788088378249,225662,1,,83acd2e6,225674,grid,4,1357,1399,133,825,330,69,,0,0,0,0,0,0,0,0,0,0,0,0,0,0,2,,
2026-08-30T11:13:58.258Z,1788088438258,225722,1,,83acd2e6,225734,grid,4,1358,1399,133,826,330,69,,0,0,0,0,0,0,0,0,0,0,0,0,0,0,2,,
2026-08-30T11:14:58.280Z,1788088498280,225782,1,,83acd2e6,225794,grid,4,1356,1399,133,824,330,69,,0,0,0,0,0,0,0,0,0,0,0,0,0,0,2,,
2026-08-30T11:15:58.302Z,1788088558302,225842,1,,83acd2e6,225854,grid,4,1357,1399,133,825,330,69,,0,0,0,0,0,0,0,0,0,0,0,0,0,0,2,,
2026-08-30T11:16:58.321Z,1788088618321,225902,1,,83acd2e6,225914,grid,4,1356,1399,133,824,330,69,,0,0,0,0,0,0,0,0,0,0,0,0,0,0,2,,
2026-08-30T11:17:58.333Z,1788088678333,225962,1,,83acd2e6,225974,grid,4,1357,1399,133,825,330,69,,0,0,0,0,0,0,0,0,0,0,0,0,0,0,2,,
2026-08-30T11:18:58.347Z,1788088738347,226022,1,,83acd2e6,226034,grid,4,1357,1399,134,825,330,69,,0,0,0,0,0,0,0,0,0,0,0,0,0,0,2,,
2026-08-30T11:19:58.361Z,1788088798361,226082,1,,83acd2e6,226094,grid,4,1357,1399,134,825,330,69,,0,0,0,0,0,0,0,0,0,0,0,0,0,0,2,,
2026-08-30T11:20:58.371Z,1788088858371,226142,1,,83acd2e6,226154,grid,4,1358,1399,134,825,330,69,,0,0,0,0,0,0,0,0,0,0,0,0,0,0,2,,
2026-08-30T11:21:58.394Z,1788088918394,226202,1,,83acd2e6,226214,grid,4,1357,1399,134,825,330,69,,0,0,0,0,0,0,0,0,0,0,0,0,0,0,2,,
2026-08-30T11:22:58.418Z,1788088978418,226262,1,,83acd2e6,226274,grid,4,1357,1399,134,824,330,69,,0,0,0,0,0,0,0,0,0,0,0,0,0,0,2,,
2026-08-30T11:23:58.442Z,1788089038442,226322,1,,83acd2e6,226334,grid,4,1356,1399,134,823,330,69,,0,0,0,0,0,0,0,0,0,0,0,0,0,0,2,,
2026-08-30T11:24:58.456Z,1788089098456,226382,1,,83acd2e6,226394,grid,4,1356,1399,134,824,330,69,,0,0,0,0,0,0,0,0,0,0,0,0,0,0,2,,
2026-08-30T11:25:58.479Z,1788089158479,226442,1,,83acd2e6,226454,grid,4,1357,1399,134,824,330,69,,0,0,0,0,0,0,0,0,0,0,0,0,0,0,2,,
2026-08-30T11:26:58.503Z,1788089218503,226502,1,,83acd2e6,226514,grid,4,1356,1399,134,824,330,69,,0,0,0,0,0,0,0,0,0,0,0,0,0,0,2,,
2026-08-30T11:27:58.516Z,1788089278516,226562,1,,83acd2e6,226574,grid,4,1357,1399,134,825,330,69,,0,0,0,0,0,0,0,0,0,0,0,0,0,0,2,,
2026-08-30T11:28:58.529Z,1788089338529,226622,1,,83acd2e6,226634,grid,4,1357,1399,134,825,330,69,,0,0,0,0,0,0,0,0,0,0,0,0,0,0,2,,
2026-08-30T11:29:58.548Z,1788089398548,226682,1,,83acd2e6,226694,grid,4,1357,1399,134,825,329,69,,0,0,0,0,0,0,0,0,0,0,0,0,0,0,2,,
2026-08-30T11:30:58.570Z,1788089458570,226742,1,,83acd2e6,226754,grid,4,1357,1399,134,824,329,69,,0,0,0,0,0,0,0,0,0,0,0,0,0,0,2,,
2026-08-30T11:31:58.593Z,1788089518593,226802,1,,83acd2e6,226814,grid,4,1357,1399,134,824,330,69,,0,0,0,0,0,0,0,0,0,0,0,0,0,0,2,,
2026-08-30T11:32:58.607Z,1788089578607,226862,1,,83acd2e6,226874,grid,4,1374,1399,134,836,334,69,,0,0,0,0,0,0,0,0,0,0,0,0,0,0,2,,
2026-08-30T11:33:58.621Z,1788089638621,226922,1,,83acd2e6,226934,grid,4,1371,1399,133,834,334,69,,0,0,0,0,0,0,0,0,0,0,0,0,0,0,2,,
2026-08-30T11:34:58.629Z,1788089698629,226982,1,,83acd2e6,226994,grid,4,1362,1399,133,830,330,69,,0,0,0,0,0,0,0,0,0,0,0,0,0,0,2,,
2026-08-30T11:35:58.652Z,1788089758652,227042,1,,83acd2e6,227054,grid,4,1363,1399,133,830,330,69,,0,0,0,0,0,0,0,0,0,0,0,0,0,0,2,,
2026-08-30T11:36:58.671Z,1788089818671,227102,1,,83acd2e6,227114,grid,4,1362,1399,133,830,330,69,,0,0,0,0,0,0,0,0,0,0,0,0,0,0,2,,
2026-08-30T11:37:58.696Z,1788089878696,227162,1,,83acd2e6,227174,grid,4,1359,1399,133,827,330,69,,0,0,0,0,0,0,0,0,0,0,0,0,0,0,2,,
2026-08-30T11:38:58.708Z,1788089938708,227222,1,,83acd2e6,227234,grid,4,1360,1399,133,827,330,69,,0,0,0,0,0,0,0,0,0,0,0,0,0,0,2,,
2026-08-30T11:39:58.722Z,1788089998722,227282,1,,83acd2e6,227294,grid,4,1360,1399,134,826,330,69,,0,0,0,0,0,0,0,0,0,0,0,0,0,0,2,,
2026-08-30T11:40:58.745Z,1788090058745,227342,1,,83acd2e6,227354,grid,4,1359,1399,134,827,329,69,,0,0,0,0,0,0,0,0,0,0,0,0,0,0,2,,
2026-08-30T11:41:58.766Z,1788090118766,227402,1,,83acd2e6,227414,grid,4,1359,1399,134,827,329,69,,0,0,0,0,0,0,0,0,0,0,0,0,0,0,2,,
2026-08-30T11:42:58.785Z,1788090178785,227462,1,,83acd2e6,227474,grid,4,1359,1399,134,827,329,69,,0,0,0,0,0,0,0,0,0,0,0,0,0,0,2,,
2026-08-30T11:43:58.795Z,1788090238795,227522,1,,83acd2e6,227534,grid,4,1360,1399,134,828,329,69,,0,0,0,0,0,0,0,0,0,0,0,0,0,0,2,,
2026-08-30T11:44:58.816Z,1788090298816,227582,1,,83acd2e6,227594,grid,4,1359,1399,134,827,329,69,,0,0,0,0,0,0,0,0,0,0,0,0,0,0,2,,
2026-08-30T11:45:58.828Z,1788090358828,227642,1,,83acd2e6,227654,grid,4,1360,1399,134,828,329,69,,0,0,0,0,0,0,0,0,0,0,0,0,0,0,2,,
2026-08-30T11:46:58.838Z,1788090418838,227702,1,,83acd2e6,227714,grid,4,1359,1399,134,827,329,69,,0,0,0,0,0,0,0,0,0,0,0,0,0,0,2,,
2026-08-30T11:47:58.852Z,1788090478852,227762,1,,83acd2e6,227774,grid,4,1360,1399,134,827,329,69,,0,0,0,0,0,0,0,0,0,0,0,0,0,0,2,,
2026-08-30T11:48:58.870Z,1788090538870,227822,1,,83acd2e6,227834,grid,4,1359,1399,134,827,329,69,,0,0,0,0,0,0,0,0,0,0,0,0,0,0,2,,
2026-08-30T11:49:58.895Z,1788090598895,227882,1,,83acd2e6,227894,grid,4,1360,1399,134,827,329,69,,0,0,0,0,0,0,0,0,0,0,0,0,0,0,2,,
2026-08-30T11:50:58.924Z,1788090658924,227942,1,,83acd2e6,227954,grid,4,1360,1399,134,828,329,69,,0,0,0,0,0,0,0,0,0,0,0,0,0,0,2,,
2026-08-30T11:51:58.938Z,1788090718938,228002,1,,83acd2e6,228014,grid,4,1360,1399,134,827,329,69,,0,0,0,0,0,0,0,0,0,0,0,0,0,0,2,,
2026-08-30T11:52:58.961Z,1788090778961,228062,1,,83acd2e6,228074,grid,4,1360,1399,134,828,329,69,,0,0,0,0,0,0,0,0,0,0,0,0,0,0,2,,
2026-08-30T11:53:58.985Z,1788090838985,228122,1,,83acd2e6,228134,grid,4,1359,1399,134,826,329,69,,0,0,0,0,0,0,0,0,0,0,0,0,0,0,2,,
2026-08-30T11:54:58.997Z,1788090898997,228182,1,,83acd2e6,228194,grid,4,1359,1399,134,826,329,69,,0,0,0,0,0,0,0,0,0,0,0,0,0,0,2,,
2026-08-30T11:55:59.010Z,1788090959010,228242,1,,83acd2e6,228254,grid,4,1359,1399,134,827,329,69,,0,0,0,0,0,0,0,0,0,0,0,0,0,0,2,,
2026-08-30T11:56:59.020Z,1788091019020,228302,1,,83acd2e6,228314,grid,4,1359,1399,134,827,329,69,,0,0,0,0,0,0,0,0,0,0,0,0,0,0,2,,
2026-08-30T11:57:59.033Z,1788091079033,228362,1,,83acd2e6,228374,grid,4,1360,1399,134,827,329,69,,0,0,0,0,0,0,0,0,0,0,0,0,0,0,2,,
2026-08-30T11:58:59.043Z,1788091139043,228422,1,,83acd2e6,228434,grid,4,1360,1399,134,827,329,69,,0,0,0,0,0,0,0,0,0,0,0,0,0,0,2,,
2026-08-30T11:59:59.054Z,1788091199054,228482,1,,83acd2e6,228494,grid,4,1359,1399,134,827,329,69,,0,0,0,0,0,0,0,0,0,0,0,0,0,0,2,,
2026-08-30T12:00:59.075Z,1788091259075,228542,1,,83acd2e6,228555,grid,4,1359,1399,134,827,329,69,,0,0,0,0,0,0,0,0,0,0,0,0,0,0,2,,
2026-08-30T12:01:59.092Z,1788091319092,228602,1,,83acd2e6,228615,grid,4,1360,1399,134,827,330,69,,0,0,0,0,0,0,0,0,0,0,0,0,0,0,2,,
2026-08-30T12:02:59.112Z,1788091379112,228663,1,,83acd2e6,228675,grid,4,1364,1399,134,830,330,69,,0,0,0,0,0,0,0,0,0,0,0,0,0,0,2,,
2026-08-30T12:03:59.132Z,1788091439132,228723,1,,83acd2e6,228735,grid,4,1366,1399,134,832,330,69,,0,0,0,0,0,0,0,0,0,0,0,0,0,0,2,,
2026-08-30T12:04:59.140Z,1788091499140,228783,1,,83acd2e6,228795,grid,4,1364,1399,135,831,330,69,,0,0,0,0,0,0,0,0,0,0,0,0,0,0,2,,
2026-08-30T12:05:59.165Z,1788091559165,228843,1,,83acd2e6,228855,grid,4,1364,1399,135,831,330,69,,0,0,0,0,0,0,0,0,0,0,0,0,0,0,2,,
2026-08-30T12:06:59.178Z,1788091619178,228903,1,,83acd2e6,228915,grid,4,1364,1399,135,830,330,69,,0,0,0,0,0,0,0,0,0,0,0,0,0,0,2,,
2026-08-30T12:07:59.198Z,1788091679198,228963,1,,83acd2e6,228975,grid,4,1358,1399,135,825,330,69,,0,0,0,0,0,0,0,0,0,0,0,0,0,0,2,,
2026-08-30T12:08:59.212Z,1788091739212,229023,1,,83acd2e6,229035,grid,4,1359,1399,135,825,330,69,,0,0,0,0,0,0,0,0,0,0,0,0,0,0,2,,
2026-08-30T12:09:59.220Z,1788091799220,229083,1,,83acd2e6,229095,grid,4,1359,1399,135,825,330,69,,0,0,0,0,0,0,0,0,0,0,0,0,0,0,2,,
2026-08-30T12:10:59.238Z,1788091859238,229143,1,,83acd2e6,229155,grid,4,1359,1399,135,825,330,69,,0,0,0,0,0,0,0,0,0,0,0,0,0,0,2,,
2026-08-30T12:11:59.257Z,1788091919257,229203,1,,83acd2e6,229215,grid,4,1358,1399,135,825,330,69,,0,0,0,0,0,0,0,0,0,0,0,0,0,0,2,,
2026-08-30T12:12:59.273Z,1788091979273,229263,1,,83acd2e6,229275,grid,4,1359,1399,135,825,330,69,,0,0,0,0,0,0,0,0,0,0,0,0,0,0,2,,
2026-08-30T12:13:59.297Z,1788092039297,229323,1,,83acd2e6,229335,grid,4,1359,1399,135,825,330,69,,0,0,0,0,0,0,0,0,0,0,0,0,0,0,2,,
2026-08-30T12:14:59.315Z,1788092099315,229383,1,,83acd2e6,229395,grid,4,1359,1399,135,825,329,69,,0,0,0,0,0,0,0,0,0,0,0,0,0,0,2,,
2026-08-30T12:15:59.338Z,1788092159338,229443,1,,83acd2e6,229455,grid,4,1359,1399,135,826,330,69,,0,0,0,0,0,0,0,0,0,0,0,0,0,0,2,,
2026-08-30T12:16:59.353Z,1788092219353,229503,1,,83acd2e6,229515,grid,4,1358,1399,135,825,330,69,,0,0,0,0,0,0,0,0,0,0,0,0,0,0,2,,
2026-08-30T12:17:59.363Z,1788092279363,229563,1,,83acd2e6,229575,grid,4,1357,1399,134,824,329,69,,0,0,0,0,0,0,0,0,0,0,0,0,0,0,2,,
2026-08-30T12:18:59.381Z,1788092339381,229623,1,,83acd2e6,229635,grid,4,1357,1399,134,824,330,69,,0,0,0,0,0,0,0,0,0,0,0,0,0,0,2,,
2026-08-30T12:19:59.397Z,1788092399397,229683,1,,83acd2e6,229695,grid,4,1357,1399,134,824,330,69,,0,0,0,0,0,0,0,0,0,0,0,0,0,0,2,,
2026-08-30T12:20:59.420Z,1788092459420,229743,1,,83acd2e6,229755,grid,4,1357,1399,134,825,330,69,,0,0,0,0,0,0,0,0,0,0,0,0,0,0,2,,
2026-08-30T12:21:59.436Z,1788092519436,229803,1,,83acd2e6,229815,grid,4,1358,1399,134,825,330,69,,0,0,0,0,0,0,0,0,0,0,0,0,0,0,2,,
2026-08-30T12:22:59.447Z,1788092579447,229863,1,,83acd2e6,229875,grid,4,1358,1399,134,826,330,69,,0,0,0,0,0,0,0,0,0,0,0,0,0,0,2,,
2026-08-30T12:23:59.459Z,1788092639459,229923,1,,83acd2e6,229935,grid,4,1358,1399,134,825,330,69,,0,0,0,0,0,0,0,0,0,0,0,0,0,0,2,,
2026-08-30T12:24:59.478Z,1788092699478,229983,1,,83acd2e6,229995,grid,4,1358,1399,134,826,329,69,,0,0,0,0,0,0,0,0,0,0,0,0,0,0,2,,
2026-08-30T12:25:59.492Z,1788092759492,230043,1,,83acd2e6,230055,grid,4,1359,1399,134,826,330,69,,0,0,0,0,0,0,0,0,0,0,0,0,0,0,2,,
2026-08-30T12:26:59.502Z,1788092819502,230103,1,,83acd2e6,230115,grid,4,1358,1399,134,826,329,69,,0,0,0,0,0,0,0,0,0,0,0,0,0,0,2,,
2026-08-30T12:27:59.522Z,1788092879522,230163,1,,83acd2e6,230175,grid,4,1359,1399,134,826,329,69,,0,0,0,0,0,0,0,0,0,0,0,0,0,0,2,,
2026-08-30T12:28:59.535Z,1788092939535,230223,1,,83acd2e6,230235,grid,4,1358,1399,134,825,330,69,,0,0,0,0,0,0,0,0,0,0,0,0,0,0,2,,
2026-08-30T12:29:59.553Z,1788092999553,230283,1,,83acd2e6,230295,grid,4,1359,1399,134,826,330,69,,0,0,0,0,0,0,0,0,0,0,0,0,0,0,2,,
2026-08-30T12:30:59.566Z,1788093059566,230343,1,,83acd2e6,230355,grid,4,1358,1399,134,826,330,69,,0,0,0,0,0,0,0,0,0,0,0,0,0,0,2,,
2026-08-30T12:31:59.588Z,1788093119588,230403,1,,83acd2e6,230415,grid,4,1358,1399,134,825,330,69,,0,0,0,0,0,0,0,0,0,0,0,0,0,0,2,,
2026-08-30T12:32:59.604Z,1788093179604,230463,1,,83acd2e6,230475,grid,4,1375,1399,134,837,334,69,,0,0,0,0,0,0,0,0,0,0,0,0,0,0,2,,
2026-08-30T12:33:59.622Z,1788093239622,230523,1,,83acd2e6,230535,grid,4,1368,1399,134,834,330,69,,0,0,0,0,0,0,0,0,0,0,0,0,0,0,2,,
2026-08-30T12:34:59.636Z,1788093299636,230583,1,,83acd2e6,230595,grid,4,1365,1399,134,832,330,69,,0,0,0,0,0,0,0,0,0,0,0,0,0,0,2,,
2026-08-30T12:35:59.650Z,1788093359650,230643,1,,83acd2e6,230655,grid,4,1365,1399,134,832,330,69,,0,0,0,0,0,0,0,0,0,0,0,0,0,0,2,,
2026-08-30T12:36:59.670Z,1788093419670,230703,1,,83acd2e6,230715,grid,4,1365,1399,134,832,329,69,,0,0,0,0,0,0,0,0,0,0,0,0,0,0,2,,
2026-08-30T12:37:59.686Z,1788093479686,230763,1,,83acd2e6,230775,grid,4,1359,1399,134,826,330,69,,0,0,0,0,0,0,0,0,0,0,0,0,0,0,2,,
2026-08-30T12:38:59.703Z,1788093539703,230823,1,,83acd2e6,230835,grid,4,1358,1399,133,826,329,69,,0,0,0,0,0,0,0,0,0,0,0,0,0,0,2,,
2026-08-30T12:39:59.720Z,1788093599720,230883,1,,83acd2e6,230895,grid,4,1358,1399,133,826,329,69,,0,0,0,0,0,0,0,0,0,0,0,0,0,0,2,,
2026-08-30T12:40:59.738Z,1788093659738,230943,1,,83acd2e6,230955,grid,4,1358,1399,134,826,329,69,,0,0,0,0,0,0,0,0,0,0,0,0,0,0,2,,
2026-08-30T12:41:59.763Z,1788093719763,231003,1,,83acd2e6,231015,grid,4,1358,1399,133,826,329,69,,0,0,0,0,0,0,0,0,0,0,0,0,0,0,2,,
2026-08-30T12:42:59.780Z,1788093779780,231063,1,,83acd2e6,231075,grid,4,1359,1399,134,827,329,69,,0,0,0,0,0,0,0,0,0,0,0,0,0,0,2,,
2026-08-30T12:43:59.788Z,1788093839788,231123,1,,83acd2e6,231135,grid,4,1359,1399,134,827,329,69,,0,0,0,0,0,0,0,0,0,0,0,0,0,0,2,,
2026-08-30T12:44:59.804Z,1788093899804,231183,1,,83acd2e6,231195,grid,4,1359,1399,134,827,329,69,,0,0,0,0,0,0,0,0,0,0,0,0,0,0,2,,
2026-08-30T12:45:59.826Z,1788093959826,231243,1,,83acd2e6,231255,grid,4,1359,1399,134,827,329,69,,0,0,0,0,0,0,0,0,0,0,0,0,0,0,2,,
2026-08-30T12:46:59.847Z,1788094019847,231303,1,,83acd2e6,231315,grid,4,1359,1399,134,827,329,69,,0,0,0,0,0,0,0,0,0,0,0,0,0,0,2,,
2026-08-30T12:47:59.865Z,1788094079865,231363,1,,83acd2e6,231375,grid,4,1360,1399,134,828,329,69,,0,0,0,0,0,0,0,0,0,0,0,0,0,0,2,,
2026-08-30T12:48:59.885Z,1788094139885,231423,1,,83acd2e6,231435,grid,4,1359,1399,134,827,329,69,,0,0,0,0,0,0,0,0,0,0,0,0,0,0,2,,
2026-08-30T12:49:59.900Z,1788094199900,231483,1,,83acd2e6,231495,grid,4,1360,1399,134,828,329,69,,0,0,0,0,0,0,0,0,0,0,0,0,0,0,2,,
2026-08-30T12:50:59.915Z,1788094259915,231543,1,,83acd2e6,231555,grid,4,1360,1399,134,827,329,69,,0,0,0,0,0,0,0,0,0,0,0,0,0,0,2,,
2026-08-30T12:51:59.928Z,1788094319928,231603,1,,83acd2e6,231615,grid,4,1360,1399,134,828,329,69,,0,0,0,0,0,0,0,0,0,0,0,0,0,0,2,,
2026-08-30T12:52:59.946Z,1788094379946,231663,1,,83acd2e6,231675,grid,4,1360,1399,134,828,329,69,,0,0,0,0,0,0,0,0,0,0,0,0,0,0,2,,
2026-08-30T12:53:59.960Z,1788094439960,231723,1,,83acd2e6,231735,grid,4,1360,1399,134,827,329,69,,0,0,0,0,0,0,0,0,0,0,0,0,0,0,2,,
2026-08-30T12:54:59.977Z,1788094499977,231783,1,,83acd2e6,231795,grid,4,1360,1399,134,828,329,69,,0,0,0,0,0,0,0,0,0,0,0,0,0,0,2,,
2026-08-30T12:55:59.992Z,1788094559992,231843,1,,83acd2e6,231855,grid,4,1360,1399,134,828,329,69,,0,0,0,0,0,0,0,0,0,0,0,0,0,0,2,,
2026-08-30T12:57:00.009Z,1788094620009,231903,1,,83acd2e6,231915,grid,4,1360,1399,134,828,329,69,,0,0,0,0,0,0,0,0,0,0,0,0,0,0,2,,
2026-08-30T12:58:00.032Z,1788094680032,231963,1,,83acd2e6,231975,grid,4,1360,1399,134,828,329,69,,0,0,0,0,0,0,0,0,0,0,0,0,0,0,2,,
2026-08-30T12:59:00.046Z,1788094740046,232023,1,,83acd2e6,232035,grid,4,1360,1399,134,828,329,69,,0,0,0,0,0,0,0,0,0,0,0,0,0,0,2,,
2026-08-30T13:00:00.058Z,1788094800058,232083,1,,83acd2e6,232095,grid,4,1361,1399,134,828,329,69,,0,0,0,0,0,0,0,0,0,0,0,0,0,0,2,,
2026-08-30T13:01:00.076Z,1788094860076,232143,1,,83acd2e6,232156,grid,4,1359,1399,133,827,329,69,,0,0,0,0,0,0,0,0,0,0,0,0,0,0,2,,
2026-08-30T13:02:00.098Z,1788094920098,232203,1,,83acd2e6,232216,grid,4,1360,1399,134,828,329,69,,0,0,0,0,0,0,0,0,0,0,0,0,0,0,2,,
2026-08-30T13:03:00.108Z,1788094980108,232264,1,,83acd2e6,232276,grid,4,1370,1404,134,837,330,69,,0,0,0,0,0,0,0,0,0,0,0,0,0,0,2,,
2026-08-30T13:04:00.132Z,1788095040132,232324,1,,83acd2e6,232336,grid,4,1370,1404,134,837,330,69,,0,0,0,0,0,0,0,0,0,0,0,0,0,0,2,,
2026-08-30T13:05:00.141Z,1788095100141,232384,1,,83acd2e6,232396,grid,4,1367,1404,134,834,330,69,,0,0,0,0,0,0,0,0,0,0,0,0,0,0,2,,
2026-08-30T13:06:00.153Z,1788095160153,232444,1,,83acd2e6,232456,grid,4,1367,1404,134,834,330,69,,0,0,0,0,0,0,0,0,0,0,0,0,0,0,2,,
2026-08-30T13:07:00.165Z,1788095220165,232504,1,,83acd2e6,232516,grid,4,1371,1404,134,834,334,69,,0,0,0,0,0,0,0,0,0,0,0,0,0,0,2,,
2026-08-30T13:08:00.185Z,1788095280185,232564,1,,83acd2e6,232576,grid,4,1360,1404,134,827,330,69,,0,0,0,0,0,0,0,0,0,0,0,0,0,0,2,,
2026-08-30T13:09:00.202Z,1788095340202,232624,1,,83acd2e6,232636,grid,4,1361,1404,134,828,330,69,,0,0,0,0,0,0,0,0,0,0,0,0,0,0,2,,
2026-08-30T13:10:00.221Z,1788095400221,232684,1,,83acd2e6,232696,grid,4,1364,1404,134,827,334,69,,0,0,0,0,0,0,0,0,0,0,0,0,0,0,2,,
2026-08-30T13:11:00.233Z,1788095460233,232744,1,,83acd2e6,232756,grid,4,1360,1404,134,828,330,69,,0,0,0,0,0,0,0,0,0,0,0,0,0,0,2,,
2026-08-30T13:12:00.251Z,1788095520251,232804,1,,83acd2e6,232816,grid,4,1360,1404,134,828,330,69,,0,0,0,0,0,0,0,0,0,0,0,0,0,0,2,,
2026-08-30T13:13:00.267Z,1788095580267,232864,1,,83acd2e6,232876,grid,4,1360,1404,134,828,330,69,,0,0,0,0,0,0,0,0,0,0,0,0,0,0,2,,
2026-08-30T13:14:00.287Z,1788095640287,232924,1,,83acd2e6,232936,grid,4,1361,1404,134,828,330,69,,0,0,0,0,0,0,0,0,0,0,0,0,0,0,2,,
2026-08-30T13:15:00.308Z,1788095700308,232984,1,,83acd2e6,232996,grid,4,1360,1404,134,827,330,69,,0,0,0,0,0,0,0,0,0,0,0,0,0,0,2,,
2026-08-30T13:16:00.320Z,1788095760320,233044,1,,83acd2e6,233056,grid,4,1360,1404,134,828,330,69,,0,0,0,0,0,0,0,0,0,0,0,0,0,0,2,,
2026-08-30T13:17:00.329Z,1788095820329,233104,1,,83acd2e6,233116,grid,4,1360,1404,134,828,330,69,,0,0,0,0,0,0,0,0,0,0,0,0,0,0,2,,
2026-08-30T13:18:00.342Z,1788095880342,233164,1,,83acd2e6,233176,grid,4,1359,1404,134,827,330,69,,0,0,0,0,0,0,0,0,0,0,0,0,0,0,2,,
2026-08-30T13:19:00.352Z,1788095940352,233224,1,,83acd2e6,233236,grid,4,1360,1404,134,827,330,69,,0,0,0,0,0,0,0,0,0,0,0,0,0,0,2,,
2026-08-30T13:20:00.377Z,1788096000377,233284,1,,83acd2e6,233296,grid,4,1360,1404,134,827,330,69,,0,0,0,0,0,0,0,0,0,0,0,0,0,0,2,,
2026-08-30T13:21:00.390Z,1788096060390,233344,1,,83acd2e6,233356,grid,4,1360,1404,134,828,329,69,,0,0,0,0,0,0,0,0,0,0,0,0,0,0,2,,
2026-08-30T13:22:00.408Z,1788096120408,233404,1,,83acd2e6,233416,grid,4,1360,1404,134,827,330,69,,0,0,0,0,0,0,0,0,0,0,0,0,0,0,2,,
2026-08-30T13:23:00.431Z,1788096180431,233464,1,,83acd2e6,233476,grid,4,1360,1404,133,828,330,69,,0,0,0,0,0,0,0,0,0,0,0,0,0,0,2,,
2026-08-30T13:24:00.446Z,1788096240446,233524,1,,83acd2e6,233536,grid,4,1361,1404,133,828,330,69,,0,0,0,0,0,0,0,0,0,0,0,0,0,0,2,,
2026-08-30T13:25:00.458Z,1788096300458,233584,1,,83acd2e6,233596,grid,4,1360,1404,134,828,330,69,,0,0,0,0,0,0,0,0,0,0,0,0,0,0,2,,
2026-08-30T13:26:00.477Z,1788096360477,233644,1,,83acd2e6,233656,grid,4,1361,1404,134,828,329,69,,0,0,0,0,0,0,0,0,0,0,0,0,0,0,2,,
2026-08-30T13:27:00.498Z,1788096420498,233704,1,,83acd2e6,233716,grid,4,1359,1404,134,827,329,69,,0,0,0,0,0,0,0,0,0,0,0,0,0,0,2,,
2026-08-30T13:28:00.510Z,1788096480510,233764,1,,83acd2e6,233776,grid,4,1359,1404,134,827,329,69,,0,0,0,0,0,0,0,0,0,0,0,0,0,0,2,,
2026-08-30T13:29:00.529Z,1788096540529,233824,1,,83acd2e6,233836,grid,4,1359,1404,134,827,329,69,,0,0,0,0,0,0,0,0,0,0,0,0,0,0,2,,
2026-08-30T13:30:00.553Z,1788096600553,233884,1,,83acd2e6,233896,grid,4,1360,1404,134,827,330,69,,0,0,0,0,0,0,0,0,0,0,0,0,0,0,2,,
2026-08-30T13:31:00.578Z,1788096660578,233944,1,,83acd2e6,233956,grid,4,1360,1404,134,828,329,69,,0,0,0,0,0,0,0,0,0,0,0,0,0,0,2,,
2026-08-30T13:32:00.591Z,1788096720591,234004,1,,83acd2e6,234016,grid,4,1359,1404,134,827,329,69,,0,0,0,0,0,0,0,0,0,0,0,0,0,0,2,,
2026-08-30T13:33:00.616Z,1788096780616,234064,1,,83acd2e6,234076,grid,4,1370,1404,134,836,331,69,,0,0,0,0,0,0,0,0,0,0,0,0,0,0,2,,
2026-08-30T13:34:00.630Z,1788096840630,234124,1,,83acd2e6,234136,grid,4,1367,1404,134,834,330,69,,0,0,0,0,0,0,0,0,0,0,0,0,0,0,2,,
2026-08-30T13:35:00.643Z,1788096900643,234184,1,,83acd2e6,234196,grid,4,1365,1404,134,832,330,69,,0,0,0,0,0,0,0,0,0,0,0,0,0,0,2,,
2026-08-30T13:36:00.670Z,1788096960670,234244,1,,83acd2e6,234256,grid,4,1365,1404,134,832,330,69,,0,0,0,0,0,0,0,0,0,0,0,0,0,0,2,,
2026-08-30T13:37:00.684Z,1788097020684,234304,1,,83acd2e6,234316,grid,4,1365,1404,134,832,329,69,,0,0,0,0,0,0,0,0,0,0,0,0,0,0,2,,
2026-08-30T13:38:00.700Z,1788097080700,234364,1,,83acd2e6,234376,grid,4,1360,1404,134,827,330,69,,0,0,0,0,0,0,0,0,0,0,0,0,0,0,2,,
2026-08-30T13:39:00.723Z,1788097140723,234424,1,,83acd2e6,234436,grid,4,1359,1404,134,827,329,69,,0,0,0,0,0,0,0,0,0,0,0,0,0,0,2,,
2026-08-30T13:40:00.744Z,1788097200744,234484,1,,83acd2e6,234496,grid,4,1360,1404,134,827,330,69,,0,0,0,0,0,0,0,0,0,0,0,0,0,0,2,,
2026-08-30T13:41:00.769Z,1788097260769,234544,1,,83acd2e6,234556,grid,4,1360,1404,134,827,330,69,,0,0,0,0,0,0,0,0,0,0,0,0,0,0,2,,
2026-08-30T13:42:00.787Z,1788097320787,234604,1,,83acd2e6,234616,grid,4,1359,1404,134,827,330,69,,0,0,0,0,0,0,0,0,0,0,0,0,0,0,2,,
2026-08-30T13:43:00.804Z,1788097380804,234664,1,,83acd2e6,234676,grid,4,1360,1404,134,827,330,69,,0,0,0,0,0,0,0,0,0,0,0,0,0,0,2,,
2026-08-30T13:44:00.819Z,1788097440819,234724,1,,83acd2e6,234736,grid,4,1360,1404,134,827,329,69,,0,0,0,0,0,0,0,0,0,0,0,0,0,0,2,,
2026-08-30T13:45:00.832Z,1788097500832,234784,1,,83acd2e6,234796,grid,4,1359,1404,134,827,330,69,,0,0,0,0,0,0,0,0,0,0,0,0,0,0,2,,
2026-08-30T13:46:00.853Z,1788097560853,234844,1,,83acd2e6,234856,grid,4,1360,1404,134,828,330,69,,0,0,0,0,0,0,0,0,0,0,0,0,0,0,2,,
2026-08-30T13:47:00.868Z,1788097620868,234904,1,,83acd2e6,234916,grid,4,1359,1404,134,827,329,69,,0,0,0,0,0,0,0,0,0,0,0,0,0,0,2,,
2026-08-30T13:48:00.881Z,1788097680881,234964,1,,83acd2e6,234976,grid,4,1360,1404,134,828,330,69,,0,0,0,0,0,0,0,0,0,0,0,0,0,0,2,,
2026-08-30T13:49:00.905Z,1788097740905,235024,1,,83acd2e6,235036,grid,4,1360,1404,134,827,330,69,,0,0,0,0,0,0,0,0,0,0,0,0,0,0,2,,
2026-08-30T13:50:00.917Z,1788097800917,235084,1,,83acd2e6,235096,grid,4,1360,1404,134,827,329,69,,0,0,0,0,0,0,0,0,0,0,0,0,0,0,2,,
2026-08-30T13:51:00.929Z,1788097860929,235144,1,,83acd2e6,235156,grid,4,1360,1404,134,827,330,69,,0,0,0,0,0,0,0,0,0,0,0,0,0,0,2,,
2026-08-30T13:52:00.942Z,1788097920942,235204,1,,83acd2e6,235216,grid,4,1359,1404,134,826,329,69,,0,0,0,0,0,0,0,0,0,0,0,0,0,0,2,,
2026-08-30T13:53:00.967Z,1788097980967,235264,1,,83acd2e6,235276,grid,4,1359,1404,134,826,329,69,,0,0,0,0,0,0,0,0,0,0,0,0,0,0,2,,
2026-08-30T13:54:00.983Z,1788098040983,235324,1,,83acd2e6,235336,grid,4,1358,1404,134,826,329,69,,0,0,0,0,0,0,0,0,0,0,0,0,0,0,2,,
2026-08-30T13:55:00.997Z,1788098100997,235384,1,,83acd2e6,235396,grid,4,1358,1404,134,826,329,69,,0,0,0,0,0,0,0,0,0,0,0,0,0,0,2,,
2026-08-30T13:56:01.019Z,1788098161019,235444,1,,83acd2e6,235456,grid,4,1358,1404,134,826,329,69,,0,0,0,0,0,0,0,0,0,0,0,0,0,0,2,,
2026-08-30T13:57:01.035Z,1788098221035,235504,1,,83acd2e6,235516,grid,4,1359,1404,134,826,330,69,,0,0,0,0,0,0,0,0,0,0,0,0,0,0,2,,
2026-08-30T13:58:01.050Z,1788098281050,235564,1,,83acd2e6,235576,grid,4,1359,1404,134,827,329,69,,0,0,0,0,0,0,0,0,0,0,0,0,0,0,2,,
2026-08-30T13:59:01.063Z,1788098341063,235624,1,,83acd2e6,235636,grid,4,1359,1404,134,826,329,69,,0,0,0,0,0,0,0,0,0,0,0,0,0,0,2,,
2026-08-30T14:00:01.086Z,1788098401086,235684,1,,83acd2e6,235697,grid,4,1359,1404,134,827,329,69,,0,0,0,0,0,0,0,0,0,0,0,0,0,0,2,,
2026-08-30T14:01:01.105Z,1788098461105,235745,1,,83acd2e6,235757,grid,4,1358,1404,134,826,329,69,,0,0,0,0,0,0,0,0,0,0,0,0,0,0,2,,
2026-08-30T14:02:01.120Z,1788098521120,235805,1,,83acd2e6,235817,grid,4,1358,1404,134,826,329,69,,0,0,0,0,0,0,0,0,0,0,0,0,0,0,2,,
2026-08-30T14:03:01.137Z,1788098581137,235865,1,,83acd2e6,235877,grid,4,1363,1404,134,830,330,69,,0,0,0,0,0,0,0,0,0,0,0,0,0,0,2,,
2026-08-30T14:04:01.161Z,1788098641161,235925,1,,83acd2e6,235937,grid,4,1366,1404,134,832,330,69,,0,0,0,0,0,0,0,0,0,0,0,0,0,0,2,,
2026-08-30T14:05:01.172Z,1788098701172,235985,1,,83acd2e6,235997,grid,4,1365,1404,134,831,330,69,,0,0,0,0,0,0,0,0,0,0,0,0,0,0,2,,
2026-08-30T14:06:01.181Z,1788098761181,236045,1,,83acd2e6,236057,grid,4,1366,1404,134,833,330,69,,0,0,0,0,0,0,0,0,0,0,0,0,0,0,2,,
2026-08-30T14:07:01.207Z,1788098821207,236105,1,,83acd2e6,236117,grid,4,1365,1404,134,832,330,69,,0,0,0,0,0,0,0,0,0,0,0,0,0,0,2,,
2026-08-30T14:08:01.222Z,1788098881222,236165,1,,83acd2e6,236177,grid,4,1362,1404,134,829,330,69,,0,0,0,0,0,0,0,0,0,0,0,0,0,0,2,,
2026-08-30T14:09:01.244Z,1788098941244,236225,1,,83acd2e6,236237,grid,4,1362,1404,134,830,330,69,,0,0,0,0,0,0,0,0,0,0,0,0,0,0,2,,
2026-08-30T14:10:01.263Z,1788099001263,236285,1,,83acd2e6,236297,grid,4,1361,1404,134,828,330,69,,0,0,0,0,0,0,0,0,0,0,0,0,0,0,2,,
2026-08-30T14:11:01.281Z,1788099061281,236345,1,,83acd2e6,236357,grid,4,1362,1404,134,829,330,69,,0,0,0,0,0,0,0,0,0,0,0,0,0,0,2,,
2026-08-30T14:12:01.299Z,1788099121299,236405,1,,83acd2e6,236417,grid,4,1359,1404,134,826,330,69,,0,0,0,0,0,0,0,0,0,0,0,0,0,0,2,,
2026-08-30T14:13:01.320Z,1788099181320,236465,1,,83acd2e6,236477,grid,4,1359,1404,134,827,330,69,,0,0,0,0,0,0,0,0,0,0,0,0,0,0,2,,
2026-08-30T14:14:01.340Z,1788099241340,236525,1,,83acd2e6,236537,grid,4,1359,1404,134,826,330,69,,0,0,0,0,0,0,0,0,0,0,0,0,0,0,2,,
2026-08-30T14:15:01.359Z,1788099301359,236585,1,,83acd2e6,236597,grid,4,1359,1404,134,827,330,69,,0,0,0,0,0,0,0,0,0,0,0,0,0,0,2,,
2026-08-30T14:16:01.376Z,1788099361376,236645,1,,83acd2e6,236657,grid,4,1359,1404,134,826,330,69,,0,0,0,0,0,0,0,0,0,0,0,0,0,0,2,,
2026-08-30T14:17:01.394Z,1788099421394,236705,1,,83acd2e6,236717,grid,4,1358,1404,134,826,330,69,,0,0,0,0,0,0,0,0,0,0,0,0,0,0,2,,
2026-08-30T14:18:01.411Z,1788099481411,236765,1,,83acd2e6,236777,grid,4,1359,1404,134,826,330,69,,0,0,0,0,0,0,0,0,0,0,0,0,0,0,2,,
2026-08-30T14:19:01.430Z,1788099541430,236825,1,,83acd2e6,236837,grid,4,1359,1404,134,826,330,69,,0,0,0,0,0,0,0,0,0,0,0,0,0,0,2,,
2026-08-30T14:20:01.451Z,1788099601451,236885,1,,83acd2e6,236897,grid,4,1359,1404,134,826,329,69,,0,0,0,0,0,0,0,0,0,0,0,0,0,0,2,,
2026-08-30T14:21:01.465Z,1788099661465,236945,1,,83acd2e6,236957,grid,4,1359,1404,134,826,330,69,,0,0,0,0,0,0,0,0,0,0,0,0,0,0,2,,
2026-08-30T14:22:01.485Z,1788099721485,237005,1,,83acd2e6,237017,grid,4,1359,1404,134,826,330,69,,0,0,0,0,0,0,0,0,0,0,0,0,0,0,2,,
2026-08-30T14:23:01.504Z,1788099781504,237065,1,,83acd2e6,237077,grid,4,1360,1404,134,827,330,69,,0,0,0,0,0,0,0,0,0,0,0,0,0,0,2,,
2026-08-30T14:24:01.521Z,1788099841521,237125,1,,83acd2e6,237137,grid,4,1359,1404,134,826,330,69,,0,0,0,0,0,0,0,0,0,0,0,0,0,0,2,,
2026-08-30T14:25:01.544Z,1788099901544,237185,1,,83acd2e6,237197,grid,4,1359,1404,134,827,330,69,,0,0,0,0,0,0,0,0,0,0,0,0,0,0,2,,
2026-08-30T14:26:01.556Z,1788099961556,237245,1,,83acd2e6,237257,grid,4,1360,1404,134,827,329,69,,0,0,0,0,0,0,0,0,0,0,0,0,0,0,2,,
2026-08-30T14:27:01.567Z,1788100021567,237305,1,,83acd2e6,237317,grid,4,1360,1404,134,827,330,69,,0,0,0,0,0,0,0,0,0,0,0,0,0,0,2,,
2026-08-30T14:28:01.590Z,1788100081590,237365,1,,83acd2e6,237377,grid,4,1360,1404,134,827,330,69,,0,0,0,0,0,0,0,0,0,0,0,0,0,0,2,,
2026-08-30T14:29:01.615Z,1788100141615,237425,1,,83acd2e6,237437,grid,4,1360,1404,134,827,330,69,,0,0,0,0,0,0,0,0,0,0,0,0,0,0,2,,
2026-08-30T14:30:01.635Z,1788100201635,237485,1,,83acd2e6,237497,grid,4,1359,1404,134,827,330,69,,0,0,0,0,0,0,0,0,0,0,0,0,0,0,2,,
2026-08-30T14:31:01.652Z,1788100261652,237545,1,,83acd2e6,237557,grid,4,1358,1404,134,826,330,69,,0,0,0,0,0,0,0,0,0,0,0,0,0,0,2,,
2026-08-30T14:32:01.671Z,1788100321671,237605,1,,83acd2e6,237617,grid,4,1366,1404,134,834,330,69,,0,0,0,0,0,0,0,0,0,0,0,0,0,0,2,,
2026-08-30T14:33:01.686Z,1788100381686,237665,1,,83acd2e6,237677,grid,4,1371,1404,134,838,330,69,,0,0,0,0,0,0,0,0,0,0,0,0,0,0,2,,
2026-08-30T14:34:01.697Z,1788100441697,237725,1,,83acd2e6,237737,grid,4,1372,1404,134,839,330,69,,0,0,0,0,0,0,0,0,0,0,0,0,0,0,2,,
2026-08-30T14:35:01.705Z,1788100501705,237785,1,,83acd2e6,237797,grid,4,1372,1404,134,839,330,69,,0,0,0,0,0,0,0,0,0,0,0,0,0,0,2,,
2026-08-30T14:36:01.721Z,1788100561721,237845,1,,83acd2e6,237857,grid,4,1372,1404,134,839,330,69,,0,0,0,0,0,0,0,0,0,0,0,0,0,0,2,,
2026-08-30T14:37:01.738Z,1788100621738,237905,1,,83acd2e6,237917,grid,4,1372,1404,134,839,330,69,,0,0,0,0,0,0,0,0,0,0,0,0,0,0,2,,
2026-08-30T14:38:01.751Z,1788100681751,237965,1,,83acd2e6,237977,grid,4,1368,1404,134,835,330,69,,0,0,0,0,0,0,0,0,0,0,0,0,0,0,2,,
2026-08-30T14:39:01.771Z,1788100741771,238025,1,,83acd2e6,238037,grid,4,1367,1404,134,834,330,69,,0,0,0,0,0,0,0,0,0,0,0,0,0,0,2,,
2026-08-30T14:40:01.783Z,1788100801783,238085,1,,83acd2e6,238097,grid,4,1368,1404,134,835,330,69,,0,0,0,0,0,0,0,0,0,0,0,0,0,0,2,,
2026-08-30T14:41:01.797Z,1788100861797,238145,1,,83acd2e6,238157,grid,4,1368,1404,134,835,330,69,,0,0,0,0,0,0,0,0,0,0,0,0,0,0,2,,
2026-08-30T14:42:01.811Z,1788100921811,238205,1,,83acd2e6,238217,grid,4,1365,1404,134,832,330,69,,0,0,0,0,0,0,0,0,0,0,0,0,0,0,2,,
2026-08-30T14:43:01.831Z,1788100981831,238265,1,,83acd2e6,238277,grid,4,1362,1404,134,829,330,69,,0,0,0,0,0,0,0,0,0,0,0,0,0,0,2,,
2026-08-30T14:44:01.851Z,1788101041851,238325,1,,83acd2e6,238337,grid,4,1362,1404,134,829,330,69,,0,0,0,0,0,0,0,0,0,0,0,0,0,0,2,,
2026-08-30T14:45:01.867Z,1788101101867,238385,1,,83acd2e6,238397,grid,4,1362,1404,134,829,330,69,,0,0,0,0,0,0,0,0,0,0,0,0,0,0,2,,
2026-08-30T14:46:01.883Z,1788101161883,238445,1,,83acd2e6,238457,grid,4,1363,1404,134,829,330,69,,0,0,0,0,0,0,0,0,0,0,0,0,0,0,2,,
2026-08-30T14:47:01.900Z,1788101221900,238505,1,,83acd2e6,238517,grid,4,1362,1404,134,829,330,69,,0,0,0,0,0,0,0,0,0,0,0,0,0,0,2,,
2026-08-30T14:48:01.923Z,1788101281923,238565,1,,83acd2e6,238577,grid,4,1362,1404,134,829,330,69,,0,0,0,0,0,0,0,0,0,0,0,0,0,0,2,,
2026-08-30T14:49:01.943Z,1788101341943,238625,1,,83acd2e6,238637,grid,4,1362,1404,134,829,330,69,,0,0,0,0,0,0,0,0,0,0,0,0,0,0,2,,
2026-08-30T14:50:01.962Z,1788101401962,238685,1,,83acd2e6,238697,grid,4,1362,1404,134,829,330,69,,0,0,0,0,0,0,0,0,0,0,0,0,0,0,2,,
2026-08-30T14:51:01.987Z,1788101461987,238745,1,,83acd2e6,238757,grid,4,1363,1404,134,830,330,69,,0,0,0,0,0,0,0,0,0,0,0,0,0,0,2,,
2026-08-30T14:52:02.009Z,1788101522009,238805,1,,83acd2e6,238817,grid,4,1361,1404,134,828,330,69,,0,0,0,0,0,0,0,0,0,0,0,0,0,0,2,,
2026-08-30T14:53:02.023Z,1788101582023,238865,1,,83acd2e6,238877,grid,4,1362,1404,134,829,330,69,,0,0,0,0,0,0,0,0,0,0,0,0,0,0,2,,
2026-08-30T14:54:02.037Z,1788101642037,238925,1,,83acd2e6,238937,grid,4,1362,1404,134,829,330,69,,0,0,0,0,0,0,0,0,0,0,0,0,0,0,2,,
2026-08-30T14:55:02.052Z,1788101702052,238985,1,,83acd2e6,238997,grid,4,1362,1404,134,829,330,69,,0,0,0,0,0,0,0,0,0,0,0,0,0,0,2,,
2026-08-30T14:56:02.072Z,1788101762072,239045,1,,83acd2e6,239058,grid,4,1362,1404,134,829,330,69,,0,0,0,0,0,0,0,0,0,0,0,0,0,0,2,,
2026-08-30T14:57:02.085Z,1788101822085,239105,1,,83acd2e6,239118,grid,4,1362,1404,134,829,330,69,,0,0,0,0,0,0,0,0,0,0,0,0,0,0,2,,
2026-08-30T14:58:02.097Z,1788101882097,239165,1,,83acd2e6,239178,grid,4,1362,1404,134,829,330,69,,0,0,0,0,0,0,0,0,0,0,0,0,0,0,2,,
2026-08-30T14:59:02.111Z,1788101942111,239226,1,,83acd2e6,239238,grid,4,1361,1404,134,828,330,69,,0,0,0,0,0,0,0,0,0,0,0,0,0,0,2,,
2026-08-30T15:00:02.124Z,1788102002124,239286,1,,83acd2e6,239298,grid,4,1361,1404,134,829,330,69,,0,0,0,0,0,0,0,0,0,0,0,0,0,0,2,,
2026-08-30T15:01:02.144Z,1788102062144,239346,1,,83acd2e6,239358,grid,4,1361,1404,134,828,330,69,,0,0,0,0,0,0,0,0,0,0,0,0,0,0,2,,
2026-08-30T15:02:02.163Z,1788102122163,239406,1,,83acd2e6,239418,grid,4,1361,1404,134,828,330,69,,0,0,0,0,0,0,0,0,0,0,0,0,0,0,2,,
2026-08-30T15:03:02.182Z,1788102182182,239466,1,,83acd2e6,239478,grid,4,1372,1404,134,839,330,69,,0,0,0,0,0,0,0,0,0,0,0,0,0,0,2,,
2026-08-30T15:04:02.191Z,1788102242191,239526,1,,83acd2e6,239538,grid,4,1367,1404,134,834,330,69,,0,0,0,0,0,0,0,0,0,0,0,0,0,0,2,,
2026-08-30T15:05:02.207Z,1788102302207,239586,1,,83acd2e6,239598,grid,4,1366,1404,134,832,331,69,,0,0,0,0,0,0,0,0,0,0,0,0,0,0,2,,
2026-08-30T15:06:02.228Z,1788102362228,239646,1,,83acd2e6,239658,grid,4,1366,1404,134,833,330,69,,0,0,0,0,0,0,0,0,0,0,0,0,0,0,2,,
2026-08-30T15:07:02.246Z,1788102422246,239706,1,,83acd2e6,239718,grid,4,1368,1404,134,830,335,69,,0,0,0,0,0,0,0,0,0,0,0,0,0,0,2,,
2026-08-30T15:08:02.267Z,1788102482267,239766,1,,83acd2e6,239778,grid,4,1360,1404,134,827,330,69,,0,0,0,0,0,0,0,0,0,0,0,0,0,0,2,,
2026-08-30T15:09:02.286Z,1788102542286,239826,1,,83acd2e6,239838,grid,4,1360,1404,134,827,330,69,,0,0,0,0,0,0,0,0,0,0,0,0,0,0,2,,
2026-08-30T15:10:02.296Z,1788102602296,239886,1,,83acd2e6,239898,grid,4,1361,1404,134,827,330,69,,0,0,0,0,0,0,0,0,0,0,0,0,0,0,2,,
2026-08-30T15:11:02.312Z,1788102662312,239946,1,,83acd2e6,239958,grid,4,1361,1404,134,828,330,69,,0,0,0,0,0,0,0,0,0,0,0,0,0,0,2,,
2026-08-30T15:12:02.322Z,1788102722322,240006,1,,83acd2e6,240018,grid,4,1360,1404,134,827,330,69,,0,0,0,0,0,0,0,0,0,0,0,0,0,0,2,,
2026-08-30T15:13:02.346Z,1788102782346,240066,1,,83acd2e6,240078,grid,4,1360,1404,134,827,330,69,,0,0,0,0,0,0,0,0,0,0,0,0,0,0,2,,
2026-08-30T15:14:02.366Z,1788102842366,240126,1,,83acd2e6,240138,grid,4,1359,1404,134,827,330,69,,0,0,0,0,0,0,0,0,0,0,0,0,0,0,2,,
2026-08-30T15:15:02.385Z,1788102902385,240186,1,,83acd2e6,240198,grid,4,1360,1404,134,827,330,69,,0,0,0,0,0,0,0,0,0,0,0,0,0,0,2,,
2026-08-30T15:16:02.395Z,1788102962395,240246,1,,83acd2e6,240258,grid,4,1360,1404,134,827,330,69,,0,0,0,0,0,0,0,0,0,0,0,0,0,0,2,,
2026-08-30T15:17:02.411Z,1788103022411,240306,1,,83acd2e6,240318,grid,4,1360,1404,134,827,330,69,,0,0,0,0,0,0,0,0,0,0,0,0,0,0,2,,
2026-08-30T15:18:02.433Z,1788103082433,240366,1,,83acd2e6,240378,grid,4,1360,1404,134,827,330,69,,0,0,0,0,0,0,0,0,0,0,0,0,0,0,2,,
2026-08-30T15:19:02.446Z,1788103142446,240426,1,,83acd2e6,240438,grid,4,1360,1404,134,827,330,69,,0,0,0,0,0,0,0,0,0,0,0,0,0,0,2,,
2026-08-30T15:20:02.453Z,1788103202453,240486,1,,83acd2e6,240498,grid,4,1360,1404,134,827,330,69,,0,0,0,0,0,0,0,0,0,0,0,0,0,0,2,,
2026-08-30T15:21:02.486Z,1788103262486,240546,1,,83acd2e6,240558,grid,4,1361,1404,134,828,330,69,,0,0,0,0,0,0,0,0,0,0,0,0,0,0,2,,
2026-08-30T15:22:02.505Z,1788103322505,240606,1,,83acd2e6,240618,grid,4,1360,1404,134,827,330,69,,0,0,0,0,0,0,0,0,0,0,0,0,0,0,2,,
2026-08-30T15:23:02.516Z,1788103382516,240666,1,,83acd2e6,240678,grid,4,1361,1404,134,828,330,69,,0,0,0,0,0,0,0,0,0,0,0,0,0,0,2,,
2026-08-30T15:24:02.539Z,1788103442539,240726,1,,83acd2e6,240738,grid,4,1359,1404,134,826,330,69,,0,0,0,0,0,0,0,0,0,0,0,0,0,0,2,,
2026-08-30T15:25:02.559Z,1788103502559,240786,1,,83acd2e6,240798,grid,4,1359,1404,134,826,330,69,,0,0,0,0,0,0,0,0,0,0,0,0,0,0,2,,
2026-08-30T15:26:02.582Z,1788103562582,240846,1,,83acd2e6,240858,grid,4,1360,1404,134,826,330,69,,0,0,0,0,0,0,0,0,0,0,0,0,0,0,2,,
2026-08-30T15:27:02.592Z,1788103622592,240906,1,,83acd2e6,240918,grid,4,1359,1404,134,826,330,69,,0,0,0,0,0,0,0,0,0,0,0,0,0,0,2,,
2026-08-30T15:28:02.606Z,1788103682606,240966,1,,83acd2e6,240978,grid,4,1360,1404,134,827,330,69,,0,0,0,0,0,0,0,0,0,0,0,0,0,0,2,,
2026-08-30T15:29:02.619Z,1788103742619,241026,1,,83acd2e6,241038,grid,4,1359,1404,134,826,330,69,,0,0,0,0,0,0,0,0,0,0,0,0,0,0,2,,
2026-08-30T15:30:02.629Z,1788103802629,241086,1,,83acd2e6,241098,grid,4,1358,1404,134,825,330,69,,0,0,0,0,0,0,0,0,0,0,0,0,0,0,2,,
2026-08-30T15:31:02.647Z,1788103862647,241146,1,,83acd2e6,241158,grid,4,1359,1404,134,826,330,69,,0,0,0,0,0,0,0,0,0,0,0,0,0,0,2,,
2026-08-30T15:32:02.665Z,1788103922665,241206,1,,83acd2e6,241218,grid,4,1359,1404,134,825,330,69,,0,0,0,0,0,0,0,0,0,0,0,0,0,0,2,,
2026-08-30T15:33:02.676Z,1788103982676,241266,1,,83acd2e6,241278,grid,4,1370,1404,134,835,331,69,,0,0,0,0,0,0,0,0,0,0,0,0,0,0,2,,
2026-08-30T15:34:02.693Z,1788104042693,241326,1,,83acd2e6,241338,grid,4,1367,1404,134,833,331,69,,0,0,0,0,0,0,0,0,0,0,0,0,0,0,2,,
2026-08-30T15:35:02.715Z,1788104102715,241386,1,,83acd2e6,241398,grid,4,1364,1404,134,831,330,69,,0,0,0,0,0,0,0,0,0,0,0,0,0,0,2,,
2026-08-30T15:36:02.739Z,1788104162739,241446,1,,83acd2e6,241458,grid,4,1364,1404,134,831,330,69,,0,0,0,0,0,0,0,0,0,0,0,0,0,0,2,,
2026-08-30T15:37:02.750Z,1788104222750,241506,1,,83acd2e6,241518,grid,4,1364,1404,134,831,330,69,,0,0,0,0,0,0,0,0,0,0,0,0,0,0,2,,
2026-08-30T15:38:02.773Z,1788104282773,241566,1,,83acd2e6,241578,grid,4,1358,1404,134,825,330,69,,0,0,0,0,0,0,0,0,0,0,0,0,0,0,2,,
2026-08-30T15:39:02.794Z,1788104342794,241626,1,,83acd2e6,241638,grid,4,1357,1404,134,825,330,69,,0,0,0,0,0,0,0,0,0,0,0,0,0,0,2,,
2026-08-30T15:40:02.816Z,1788104402816,241686,1,,83acd2e6,241698,grid,4,1358,1404,134,825,330,69,,0,0,0,0,0,0,0,0,0,0,0,0,0,0,2,,
2026-08-30T15:41:02.831Z,1788104462831,241746,1,,83acd2e6,241758,grid,4,1358,1404,134,825,330,69,,0,0,0,0,0,0,0,0,0,0,0,0,0,0,2,,
2026-08-30T15:42:02.841Z,1788104522841,241806,1,,83acd2e6,241818,grid,4,1358,1404,134,825,330,69,,0,0,0,0,0,0,0,0,0,0,0,0,0,0,2,,
2026-08-30T15:43:02.864Z,1788104582864,241866,1,,83acd2e6,241878,grid,4,1359,1404,134,826,330,69,,0,0,0,0,0,0,0,0,0,0,0,0,0,0,2,,
2026-08-30T15:44:02.879Z,1788104642879,241926,1,,83acd2e6,241938,grid,4,1358,1404,134,825,330,69,,0,0,0,0,0,0,0,0,0,0,0,0,0,0,2,,
2026-08-30T15:45:02.894Z,1788104702894,241986,1,,83acd2e6,241998,grid,4,1358,1404,134,825,330,69,,0,0,0,0,0,0,0,0,0,0,0,0,0,0,2,,
2026-08-30T15:46:02.903Z,1788104762903,242046,1,,83acd2e6,242058,grid,4,1359,1404,134,826,330,69,,0,0,0,0,0,0,0,0,0,0,0,0,0,0,2,,
2026-08-30T15:47:02.914Z,1788104822914,242106,1,,83acd2e6,242118,grid,4,1358,1404,134,825,330,69,,0,0,0,0,0,0,0,0,0,0,0,0,0,0,2,,
2026-08-30T15:48:02.930Z,1788104882930,242166,1,,83acd2e6,242178,grid,4,1359,1404,134,826,330,69,,0,0,0,0,0,0,0,0,0,0,0,0,0,0,2,,
2026-08-30T15:49:02.951Z,1788104942951,242226,1,,83acd2e6,242238,grid,4,1359,1404,134,826,330,69,,0,0,0,0,0,0,0,0,0,0,0,0,0,0,2,,
2026-08-30T15:50:02.966Z,1788105002966,242286,1,,83acd2e6,242298,grid,4,1359,1404,134,826,330,69,,0,0,0,0,0,0,0,0,0,0,0,0,0,0,2,,
2026-08-30T15:51:02.991Z,1788105062991,242346,1,,83acd2e6,242358,grid,4,1359,1404,134,825,330,69,,0,0,0,0,0,0,0,0,0,0,0,0,0,0,2,,
2026-08-30T15:52:03.009Z,1788105123009,242406,1,,83acd2e6,242418,grid,4,1358,1404,134,825,330,69,,0,0,0,0,0,0,0,0,0,0,0,0,0,0,2,,
2026-08-30T15:53:03.030Z,1788105183030,242466,1,,83acd2e6,242478,grid,4,1359,1404,134,826,330,69,,0,0,0,0,0,0,0,0,0,0,0,0,0,0,2,,
2026-08-30T15:54:03.043Z,1788105243043,242526,1,,83acd2e6,242538,grid,4,1359,1404,134,826,330,69,,0,0,0,0,0,0,0,0,0,0,0,0,0,0,2,,
2026-08-30T15:55:03.064Z,1788105303064,242586,1,,83acd2e6,242598,grid,4,1358,1404,134,825,330,69,,0,0,0,0,0,0,0,0,0,0,0,0,0,0,2,,
2026-08-30T15:56:03.079Z,1788105363079,242646,1,,83acd2e6,242659,grid,4,1359,1404,134,825,330,69,,0,0,0,0,0,0,0,0,0,0,0,0,0,0,2,,
2026-08-30T15:57:03.091Z,1788105423091,242706,1,,83acd2e6,242719,grid,4,1358,1404,134,825,330,69,,0,0,0,0,0,0,0,0,0,0,0,0,0,0,2,,
2026-08-30T15:58:03.107Z,1788105483107,242767,1,,83acd2e6,242779,grid,4,1358,1404,134,825,330,69,,0,0,0,0,0,0,0,0,0,0,0,0,0,0,2,,
2026-08-30T15:59:03.134Z,1788105543134,242827,1,,83acd2e6,242839,grid,4,1357,1404,134,824,330,69,,0,0,0,0,0,0,0,0,0,0,0,0,0,0,2,,
2026-08-30T16:00:03.160Z,1788105603160,242887,1,,83acd2e6,242899,grid,4,1358,1404,134,825,330,69,,0,0,0,0,0,0,0,0,0,0,0,0,0,0,2,,
2026-08-30T16:01:03.177Z,1788105663177,242947,1,,83acd2e6,242959,grid,4,1358,1404,134,825,330,69,,0,0,0,0,0,0,0,0,0,0,0,0,0,0,2,,
2026-08-30T16:02:03.191Z,1788105723191,243007,1,,83acd2e6,243019,grid,4,1357,1404,134,824,330,69,,0,0,0,0,0,0,0,0,0,0,0,0,0,0,2,,
2026-08-30T16:03:03.214Z,1788105783214,243067,1,,83acd2e6,243079,grid,4,1363,1404,134,830,330,69,,0,0,0,0,0,0,0,0,0,0,0,0,0,0,2,,
2026-08-30T16:04:03.228Z,1788105843228,243127,1,,83acd2e6,243139,grid,4,1365,1404,134,832,330,69,,0,0,0,0,0,0,0,0,0,0,0,0,0,0,2,,
2026-08-30T16:05:03.248Z,1788105903248,243187,1,,83acd2e6,243199,grid,4,1365,1404,134,831,331,69,,0,0,0,0,0,0,0,0,0,0,0,0,0,0,2,,
2026-08-30T16:06:03.259Z,1788105963259,243247,1,,83acd2e6,243259,grid,4,1365,1404,134,832,330,69,,0,0,0,0,0,0,0,0,0,0,0,0,0,0,2,,
2026-08-30T16:07:03.267Z,1788106023267,243307,1,,83acd2e6,243319,grid,4,1365,1404,134,832,330,69,,0,0,0,0,0,0,0,0,0,0,0,0,0,0,2,,
2026-08-30T16:08:03.292Z,1788106083292,243367,1,,83acd2e6,243379,grid,4,1361,1404,134,828,330,69,,0,0,0,0,0,0,0,0,0,0,0,0,0,0,2,,
2026-08-30T16:09:03.309Z,1788106143309,243427,1,,83acd2e6,243439,grid,4,1362,1404,134,829,331,69,,0,0,0,0,0,0,0,0,0,0,0,0,0,0,2,,
2026-08-30T16:10:03.325Z,1788106203325,243487,1,,83acd2e6,243499,grid,4,1362,1404,134,828,330,69,,0,0,0,0,0,0,0,0,0,0,0,0,0,0,2,,
2026-08-30T16:11:03.335Z,1788106263335,243547,1,,83acd2e6,243559,grid,4,1363,1404,134,826,334,69,,0,0,0,0,0,0,0,0,0,0,0,0,0,0,2,,
2026-08-30T16:12:03.347Z,1788106323347,243607,1,,83acd2e6,243619,grid,4,1359,1404,134,826,330,69,,0,0,0,0,0,0,0,0,0,0,0,0,0,0,2,,
2026-08-30T16:13:03.371Z,1788106383371,243667,1,,83acd2e6,243679,grid,4,1359,1404,134,826,330,69,,0,0,0,0,0,0,0,0,0,0,0,0,0,0,2,,
2026-08-30T16:14:03.388Z,1788106443388,243727,1,,83acd2e6,243739,grid,4,1359,1404,134,826,330,69,,0,0,0,0,0,0,0,0,0,0,0,0,0,0,2,,
2026-08-30T16:15:03.400Z,1788106503400,243787,1,,83acd2e6,243799,grid,4,1359,1404,134,825,330,69,,0,0,0,0,0,0,0,0,0,0,0,0,0,0,2,,
2026-08-30T16:16:03.416Z,1788106563416,243847,1,,83acd2e6,243859,grid,4,1359,1404,134,826,330,69,,0,0,0,0,0,0,0,0,0,0,0,0,0,0,2,,
2026-08-30T16:17:03.436Z,1788106623436,243907,1,,83acd2e6,243919,grid,4,1359,1404,134,826,330,69,,0,0,0,0,0,0,0,0,0,0,0,0,0,0,2,,
2026-08-30T16:18:03.446Z,1788106683446,243967,1,,83acd2e6,243979,grid,4,1358,1404,134,825,330,69,,0,0,0,0,0,0,0,0,0,0,0,0,0,0,2,,
2026-08-30T16:19:03.457Z,1788106743457,244027,1,,83acd2e6,244039,grid,4,1358,1404,134,825,330,69,,0,0,0,0,0,0,0,0,0,0,0,0,0,0,2,,
2026-08-30T16:20:03.482Z,1788106803482,244087,1,,83acd2e6,244099,grid,4,1359,1404,135,825,330,69,,0,0,0,0,0,0,0,0,0,0,0,0,0,0,2,,
2026-08-30T16:21:03.500Z,1788106863500,244147,1,,83acd2e6,244159,grid,4,1359,1404,134,826,330,69,,0,0,0,0,0,0,0,0,0,0,0,0,0,0,2,,
2026-08-30T16:22:03.510Z,1788106923510,244207,1,,83acd2e6,244219,grid,4,1358,1404,134,825,330,69,,0,0,0,0,0,0,0,0,0,0,0,0,0,0,2,,
2026-08-30T16:23:03.518Z,1788106983518,244267,1,,83acd2e6,244279,grid,4,1359,1404,134,826,330,69,,0,0,0,0,0,0,0,0,0,0,0,0,0,0,2,,
2026-08-30T16:24:03.528Z,1788107043528,244327,1,,83acd2e6,244339,grid,4,1358,1404,134,826,330,69,,0,0,0,0,0,0,0,0,0,0,0,0,0,0,2,,
2026-08-30T16:25:03.552Z,1788107103552,244387,1,,83acd2e6,244399,grid,4,1359,1404,134,826,330,69,,0,0,0,0,0,0,0,0,0,0,0,0,0,0,2,,
2026-08-30T16:26:03.569Z,1788107163569,244447,1,,83acd2e6,244459,grid,4,1359,1404,134,827,330,69,,0,0,0,0,0,0,0,0,0,0,0,0,0,0,2,,
2026-08-30T16:27:03.586Z,1788107223586,244507,1,,83acd2e6,244519,grid,4,1359,1404,134,826,330,69,,0,0,0,0,0,0,0,0,0,0,0,0,0,0,2,,
2026-08-30T16:28:03.600Z,1788107283600,244567,1,,83acd2e6,244579,grid,4,1359,1404,134,826,330,69,,0,0,0,0,0,0,0,0,0,0,0,0,0,0,2,,
2026-08-30T16:29:03.617Z,1788107343617,244627,1,,83acd2e6,244639,grid,4,1358,1404,134,825,330,69,,0,0,0,0,0,0,0,0,0,0,0,0,0,0,2,,
2026-08-30T16:30:03.631Z,1788107403631,244687,1,,83acd2e6,244699,grid,4,1359,1404,134,826,330,69,,0,0,0,0,0,0,0,0,0,0,0,0,0,0,2,,
2026-08-30T16:31:03.642Z,1788107463642,244747,1,,83acd2e6,244759,grid,4,1359,1404,134,826,330,69,,0,0,0,0,0,0,0,0,0,0,0,0,0,0,2,,
2026-08-30T16:32:03.661Z,1788107523661,244807,1,,83acd2e6,244819,grid,4,1357,1404,134,824,330,69,,0,0,0,0,0,0,0,0,0,0,0,0,0,0,2,,
2026-08-30T16:33:03.677Z,1788107583677,244867,1,,83acd2e6,244879,grid,4,1366,1404,134,833,330,69,,0,0,0,0,0,0,0,0,0,0,0,0,0,0,2,,
2026-08-30T16:34:03.690Z,1788107643690,244927,1,,83acd2e6,244939,grid,4,1363,1404,134,829,331,69,,0,0,0,0,0,0,0,0,0,0,0,0,0,0,2,,
2026-08-30T16:35:03.702Z,1788107703702,244987,1,,83acd2e6,244999,grid,4,1362,1404,134,829,330,69,,0,0,0,0,0,0,0,0,0,0,0,0,0,0,2,,
2026-08-30T16:36:03.717Z,1788107763717,245047,1,,83acd2e6,245059,grid,4,1363,1404,134,829,330,69,,0,0,0,0,0,0,0,0,0,0,0,0,0,0,2,,
2026-08-30T16:37:03.731Z,1788107823731,245107,1,,83acd2e6,245119,grid,4,1362,1404,134,828,330,69,,0,0,0,0,0,0,0,0,0,0,0,0,0,0,2,,
2026-08-30T16:38:03.749Z,1788107883749,245167,1,,83acd2e6,245179,grid,4,1359,1404,134,825,330,69,,0,0,0,0,0,0,0,0,0,0,0,0,0,0,2,,
2026-08-30T16:39:03.758Z,1788107943758,245227,1,,83acd2e6,245239,grid,4,1359,1404,134,825,331,69,,0,0,0,0,0,0,0,0,0,0,0,0,0,0,2,,
2026-08-30T16:40:03.766Z,1788108003766,245287,1,,83acd2e6,245299,grid,4,1358,1404,134,824,330,69,,0,0,0,0,0,0,0,0,0,0,0,0,0,0,2,,
2026-08-30T16:41:03.791Z,1788108063791,245347,1,,83acd2e6,245359,grid,4,1359,1404,135,825,330,69,,0,0,0,0,0,0,0,0,0,0,0,0,0,0,2,,
2026-08-30T16:42:03.808Z,1788108123808,245407,1,,83acd2e6,245419,grid,4,1358,1404,134,824,330,69,,0,0,0,0,0,0,0,0,0,0,0,0,0,0,2,,
2026-08-30T16:43:03.820Z,1788108183820,245467,1,,83acd2e6,245479,grid,4,1358,1404,134,825,330,69,,0,0,0,0,0,0,0,0,0,0,0,0,0,0,2,,
2026-08-30T16:44:03.838Z,1788108243838,245527,1,,83acd2e6,245539,grid,4,1358,1404,134,825,330,69,,0,0,0,0,0,0,0,0,0,0,0,0,0,0,2,,
2026-08-30T16:45:03.858Z,1788108303858,245587,1,,83acd2e6,245599,grid,4,1358,1404,134,825,330,69,,0,0,0,0,0,0,0,0,0,0,0,0,0,0,2,,
2026-08-30T16:46:03.872Z,1788108363872,245647,1,,83acd2e6,245659,grid,4,1359,1404,134,825,330,69,,0,0,0,0,0,0,0,0,0,0,0,0,0,0,2,,
2026-08-30T16:47:03.890Z,1788108423890,245707,1,,83acd2e6,245719,grid,4,1359,1404,134,825,330,69,,0,0,0,0,0,0,0,0,0,0,0,0,0,0,2,,
2026-08-30T16:48:03.909Z,1788108483909,245767,1,,83acd2e6,245779,grid,4,1359,1404,134,825,330,69,,0,0,0,0,0,0,0,0,0,0,0,0,0,0,2,,
2026-08-30T16:49:03.924Z,1788108543924,245827,1,,83acd2e6,245839,grid,4,1358,1404,134,825,330,69,,0,0,0,0,0,0,0,0,0,0,0,0,0,0,2,,
2026-08-30T16:50:03.936Z,1788108603936,245887,1,,83acd2e6,245899,grid,4,1359,1404,134,825,330,69,,0,0,0,0,0,0,0,0,0,0,0,0,0,0,2,,
2026-08-30T16:51:03.960Z,1788108663960,245947,1,,83acd2e6,245959,grid,4,1359,1404,134,826,330,69,,0,0,0,0,0,0,0,0,0,0,0,0,0,0,2,,
2026-08-30T16:52:03.975Z,1788108723975,246007,1,,83acd2e6,246019,grid,4,1359,1404,134,825,330,69,,0,0,0,0,0,0,0,0,0,0,0,0,0,0,2,,
2026-08-30T16:53:03.993Z,1788108783993,246067,1,,83acd2e6,246079,grid,4,1360,1404,134,826,330,69,,0,0,0,0,0,0,0,0,0,0,0,0,0,0,2,,
2026-08-30T16:54:04.008Z,1788108844008,246127,1,,83acd2e6,246139,grid,4,1359,1404,134,826,330,69,,0,0,0,0,0,0,0,0,0,0,0,0,0,0,2,,
2026-08-30T16:55:04.035Z,1788108904035,246187,1,,83acd2e6,246199,grid,4,1360,1404,134,826,330,69,,0,0,0,0,0,0,0,0,0,0,0,0,0,0,2,,
2026-08-30T16:56:04.057Z,1788108964057,246247,1,,83acd2e6,246259,grid,4,1360,1404,134,826,330,69,,0,0,0,0,0,0,0,0,0,0,0,0,0,0,2,,
2026-08-30T16:57:04.079Z,1788109024079,246307,1,,83acd2e6,246320,grid,4,1360,1404,134,826,330,69,,0,0,0,0,0,0,0,0,0,0,0,0,0,0,2,,
2026-08-30T16:58:04.096Z,1788109084096,246367,1,,83acd2e6,246380,grid,4,1359,1404,134,825,330,69,,0,0,0,0,0,0,0,0,0,0,0,0,0,0,2,,
2026-08-30T16:59:04.108Z,1788109144108,246428,1,,83acd2e6,246440,grid,4,1359,1404,134,825,330,69,,0,0,0,0,0,0,0,0,0,0,0,0,0,0,2,,
2026-08-30T17:00:04.120Z,1788109204120,246488,1,,83acd2e6,246500,grid,4,1359,1404,134,825,330,69,,0,0,0,0,0,0,0,0,0,0,0,0,0,0,2,,
2026-08-30T17:01:04.145Z,1788109264145,246548,1,,83acd2e6,246560,grid,4,1360,1404,135,826,330,69,,0,0,0,0,0,0,0,0,0,0,0,0,0,0,2,,
2026-08-30T17:02:04.170Z,1788109324170,246608,1,,83acd2e6,246620,grid,4,1359,1404,135,825,330,69,,0,0,0,0,0,0,0,0,0,0,0,0,0,0,2,,
2026-08-30T17:03:04.190Z,1788109384190,246668,1,,83acd2e6,246680,grid,4,1367,1404,135,831,332,69,,0,0,0,0,0,0,0,0,0,0,0,0,0,0,2,,
2026-08-30T17:04:04.201Z,1788109444201,246728,1,,83acd2e6,246740,grid,4,1367,1404,134,833,331,69,,0,0,0,0,0,0,0,0,0,0,0,0,0,0,2,,
2026-08-30T17:05:04.216Z,1788109504216,246788,1,,83acd2e6,246800,grid,4,1366,1404,134,832,331,69,,0,0,0,0,0,0,0,0,0,0,0,0,0,0,2,,
2026-08-30T17:06:04.232Z,1788109564232,246848,1,,83acd2e6,246860,grid,4,1367,1404,134,833,331,69,,0,0,0,0,0,0,0,0,0,0,0,0,0,0,2,,
2026-08-30T17:07:04.256Z,1788109624256,246908,1,,83acd2e6,246920,grid,4,1367,1404,134,833,331,69,,0,0,0,0,0,0,0,0,0,0,0,0,0,0,2,,
2026-08-30T17:08:04.267Z,1788109684267,246968,1,,83acd2e6,246980,grid,4,1364,1404,134,830,331,69,,0,0,0,0,0,0,0,0,0,0,0,0,0,0,2,,
2026-08-30T17:09:04.289Z,1788109744289,247028,1,,83acd2e6,247040,grid,4,1364,1404,134,830,331,69,,0,0,0,0,0,0,0,0,0,0,0,0,0,0,2,,
2026-08-30T17:10:04.306Z,1788109804306,247088,1,,83acd2e6,247100,grid,4,1364,1404,134,830,331,69,,0,0,0,0,0,0,0,0,0,0,0,0,0,0,2,,
2026-08-30T17:11:04.326Z,1788109864326,247148,1,,83acd2e6,247160,grid,4,1364,1404,134,831,331,69,,0,0,0,0,0,0,0,0,0,0,0,0,0,0,2,,
2026-08-30T17:12:04.336Z,1788109924336,247208,1,,83acd2e6,247220,grid,4,1361,1404,134,827,331,69,,0,0,0,0,0,0,0,0,0,0,0,0,0,0,2,,
2026-08-30T17:13:04.357Z,1788109984357,247268,1,,83acd2e6,247280,grid,4,1362,1404,134,828,331,69,,0,0,0,0,0,0,0,0,0,0,0,0,0,0,2,,
2026-08-30T17:14:04.373Z,1788110044373,247328,1,,83acd2e6,247340,grid,4,1361,1404,134,827,331,69,,0,0,0,0,0,0,0,0,0,0,0,0,0,0,2,,
2026-08-30T17:15:04.382Z,1788110104382,247388,1,,83acd2e6,247400,grid,4,1361,1404,134,827,331,69,,0,0,0,0,0,0,0,0,0,0,0,0,0,0,2,,
2026-08-30T17:16:04.394Z,1788110164394,247448,1,,83acd2e6,247460,grid,4,1361,1404,134,827,331,69,,0,0,0,0,0,0,0,0,0,0,0,0,0,0,2,,
2026-08-30T17:17:04.413Z,1788110224413,247508,1,,83acd2e6,247520,grid,4,1361,1404,134,827,331,69,,0,0,0,0,0,0,0,0,0,0,0,0,0,0,2,,
2026-08-30T17:18:04.428Z,1788110284428,247568,1,,83acd2e6,247580,grid,4,1361,1404,134,827,331,69,,0,0,0,0,0,0,0,0,0,0,0,0,0,0,2,,
2026-08-30T17:19:04.440Z,1788110344440,247628,1,,83acd2e6,247640,grid,4,1361,1404,134,827,331,69,,0,0,0,0,0,0,0,0,0,0,0,0,0,0,2,,
2026-08-30T17:20:04.462Z,1788110404462,247688,1,,83acd2e6,247700,grid,4,1361,1404,134,827,331,69,,0,0,0,0,0,0,0,0,0,0,0,0,0,0,2,,
2026-08-30T17:21:04.472Z,1788110464472,247748,1,,83acd2e6,247760,grid,4,1361,1404,134,827,330,69,,0,0,0,0,0,0,0,0,0,0,0,0,0,0,2,,
2026-08-30T17:22:04.490Z,1788110524490,247808,1,,83acd2e6,247820,grid,4,1360,1404,134,826,330,69,,0,0,0,0,0,0,0,0,0,0,0,0,0,0,2,,
2026-08-30T17:23:04.511Z,1788110584511,247868,1,,83acd2e6,247880,grid,4,1360,1404,135,826,331,69,,0,0,0,0,0,0,0,0,0,0,0,0,0,0,2,,
2026-08-30T17:24:04.522Z,1788110644522,247928,1,,83acd2e6,247940,grid,4,1360,1404,135,826,330,69,,0,0,0,0,0,0,0,0,0,0,0,0,0,0,2,,
2026-08-30T17:25:04.543Z,1788110704543,247988,1,,83acd2e6,248000,grid,4,1360,1404,135,826,330,69,,0,0,0,0,0,0,0,0,0,0,0,0,0,0,2,,
2026-08-30T17:26:04.558Z,1788110764558,248048,1,,83acd2e6,248060,grid,4,1361,1404,135,827,330,69,,0,0,0,0,0,0,0,0,0,0,0,0,0,0,2,,
2026-08-30T17:27:04.576Z,1788110824576,248108,1,,83acd2e6,248120,grid,4,1360,1404,134,826,330,69,,0,0,0,0,0,0,0,0,0,0,0,0,0,0,2,,
2026-08-30T17:28:04.603Z,1788110884603,248168,1,,83acd2e6,248180,grid,4,1360,1404,134,827,330,69,,0,0,0,0,0,0,0,0,0,0,0,0,0,0,2,,
2026-08-30T17:29:04.629Z,1788110944629,248228,1,,83acd2e6,248240,grid,4,1360,1404,134,827,331,69,,0,0,0,0,0,0,0,0,0,0,0,0,0,0,2,,
2026-08-30T17:30:04.639Z,1788111004639,248288,1,,83acd2e6,248300,grid,4,1361,1404,134,827,330,69,,0,0,0,0,0,0,0,0,0,0,0,0,0,0,2,,
2026-08-30T17:31:04.665Z,1788111064665,248348,1,,83acd2e6,248360,grid,4,1361,1404,134,828,331,69,,0,0,0,0,0,0,0,0,0,0,0,0,0,0,2,,
2026-08-30T17:32:04.686Z,1788111124686,248408,1,,83acd2e6,248420,grid,4,1361,1404,134,827,331,69,,0,0,0,0,0,0,0,0,0,0,0,0,0,0,2,,
2026-08-30T17:33:04.708Z,1788111184708,248468,1,,83acd2e6,248480,grid,4,1378,1404,134,839,335,69,,0,0,0,0,0,0,0,0,0,0,0,0,0,0,2,,
2026-08-30T17:34:04.729Z,1788111244729,248528,1,,83acd2e6,248540,grid,4,1368,1404,134,834,331,69,,0,0,0,0,0,0,0,0,0,0,0,0,0,0,2,,
2026-08-30T17:35:04.739Z,1788111304739,248588,1,,83acd2e6,248600,grid,4,1366,1404,134,831,331,69,,0,0,0,0,0,0,0,0,0,0,0,0,0,0,2,,
2026-08-30T17:36:04.745Z,1788111364745,248648,1,,83acd2e6,248660,grid,4,1366,1404,134,832,331,69,,0,0,0,0,0,0,0,0,0,0,0,0,0,0,2,,
2026-08-30T17:37:04.762Z,1788111424762,248708,1,,83acd2e6,248720,grid,4,1366,1404,134,831,331,69,,0,0,0,0,0,0,0,0,0,0,0,0,0,0,2,,
2026-08-30T17:38:04.770Z,1788111484770,248768,1,,83acd2e6,248780,grid,4,1361,1404,134,826,331,69,,0,0,0,0,0,0,0,0,0,0,0,0,0,0,2,,
2026-08-30T17:39:04.788Z,1788111544788,248828,1,,83acd2e6,248840,grid,4,1360,1404,134,826,331,69,,0,0,0,0,0,0,0,0,0,0,0,0,0,0,2,,
2026-08-30T17:40:04.807Z,1788111604807,248888,1,,83acd2e6,248900,grid,4,1361,1404,134,826,331,69,,0,0,0,0,0,0,0,0,0,0,0,0,0,0,2,,
2026-08-30T17:41:04.829Z,1788111664829,248948,1,,83acd2e6,248960,grid,4,1359,1404,134,825,331,69,,0,0,0,0,0,0,0,0,0,0,0,0,0,0,2,,
2026-08-30T17:42:04.843Z,1788111724843,249008,1,,83acd2e6,249020,grid,4,1359,1404,134,824,331,69,,0,0,0,0,0,0,0,0,0,0,0,0,0,0,2,,
2026-08-30T17:43:04.861Z,1788111784861,249068,1,,83acd2e6,249080,grid,4,1360,1404,135,826,331,69,,0,0,0,0,0,0,0,0,0,0,0,0,0,0,2,,
2026-08-30T17:44:04.879Z,1788111844879,249128,1,,83acd2e6,249140,grid,4,1360,1404,135,825,331,69,,0,0,0,0,0,0,0,0,0,0,0,0,0,0,2,,
2026-08-30T17:45:04.888Z,1788111904888,249188,1,,83acd2e6,249200,grid,4,1360,1404,135,825,331,69,,0,0,0,0,0,0,0,0,0,0,0,0,0,0,2,,
2026-08-30T17:46:04.912Z,1788111964912,249248,1,,83acd2e6,249260,grid,4,1360,1404,135,825,331,69,,0,0,0,0,0,0,0,0,0,0,0,0,0,0,2,,
2026-08-30T17:47:04.925Z,1788112024925,249308,1,,83acd2e6,249320,grid,4,1360,1404,135,825,331,69,,0,0,0,0,0,0,0,0,0,0,0,0,0,0,2,,
2026-08-30T17:48:04.941Z,1788112084941,249368,1,,83acd2e6,249380,grid,4,1360,1404,135,825,331,69,,0,0,0,0,0,0,0,0,0,0,0,0,0,0,2,,
2026-08-30T17:49:04.958Z,1788112144958,249428,1,,83acd2e6,249440,grid,4,1359,1404,134,825,331,69,,0,0,0,0,0,0,0,0,0,0,0,0,0,0,2,,
2026-08-30T17:50:04.970Z,1788112204970,249488,1,,83acd2e6,249500,grid,4,1359,1404,134,826,331,69,,0,0,0,0,0,0,0,0,0,0,0,0,0,0,2,,
2026-08-30T17:51:04.991Z,1788112264991,249548,1,,83acd2e6,249560,grid,4,1358,1404,134,824,331,69,,0,0,0,0,0,0,0,0,0,0,0,0,0,0,2,,
2026-08-30T17:52:05.011Z,1788112325011,249608,1,,83acd2e6,249620,grid,4,1359,1404,134,825,331,69,,0,0,0,0,0,0,0,0,0,0,0,0,0,0,2,,
2026-08-30T17:53:05.028Z,1788112385028,249668,1,,83acd2e6,249680,grid,4,1359,1404,134,825,331,69,,0,0,0,0,0,0,0,0,0,0,0,0,0,0,2,,
2026-08-30T17:54:05.041Z,1788112445041,249728,1,,83acd2e6,249740,grid,4,1359,1404,134,825,331,69,,0,0,0,0,0,0,0,0,0,0,0,0,0,0,2,,
2026-08-30T17:55:05.066Z,1788112505066,249788,1,,83acd2e6,249801,grid,4,1360,1404,134,826,331,69,,0,0,0,0,0,0,0,0,0,0,0,0,0,0,2,,
2026-08-30T17:56:05.081Z,1788112565081,249848,1,,83acd2e6,249861,grid,4,1360,1404,134,826,331,69,,0,0,0,0,0,0,0,0,0,0,0,0,0,0,2,,
2026-08-30T17:57:05.093Z,1788112625093,249908,1,,83acd2e6,249921,grid,4,1360,1404,134,826,331,69,,0,0,0,0,0,0,0,0,0,0,0,0,0,0,2,,
2026-08-30T17:58:05.107Z,1788112685107,249969,1,,83acd2e6,249981,grid,4,1361,1404,134,827,331,69,,0,0,0,0,0,0,0,0,0,0,0,0,0,0,2,,
2026-08-30T17:59:05.128Z,1788112745128,250029,1,,83acd2e6,250041,grid,4,1360,1404,134,826,331,69,,0,0,0,0,0,0,0,0,0,0,0,0,0,0,2,,
2026-08-30T18:00:05.147Z,1788112805147,250089,1,,83acd2e6,250101,grid,4,1360,1404,134,826,331,69,,0,0,0,0,0,0,0,0,0,0,0,0,0,0,2,,
2026-08-30T18:01:05.161Z,1788112865161,250149,1,,83acd2e6,250161,grid,4,1359,1404,134,824,331,69,,0,0,0,0,0,0,0,0,0,0,0,0,0,0,2,,
2026-08-30T18:02:05.184Z,1788112925184,250209,1,,83acd2e6,250221,grid,4,1359,1404,134,825,331,69,,0,0,0,0,0,0,0,0,0,0,0,0,0,0,2,,
2026-08-30T18:03:05.196Z,1788112985196,250269,1,,83acd2e6,250281,grid,4,1372,1404,134,837,331,69,,0,0,0,0,0,0,0,0,0,0,0,0,0,0,2,,
2026-08-30T18:04:05.222Z,1788113045222,250329,1,,83acd2e6,250341,grid,4,1370,1404,135,835,331,69,,0,0,0,0,0,0,0,0,0,0,0,0,0,0,2,,
2026-08-30T18:05:05.239Z,1788113105239,250389,1,,83acd2e6,250401,grid,4,1367,1404,135,833,331,69,,0,0,0,0,0,0,0,0,0,0,0,0,0,0,2,,
2026-08-30T18:06:05.252Z,1788113165252,250449,1,,83acd2e6,250461,grid,4,1368,1404,135,833,331,69,,0,0,0,0,0,0,0,0,0,0,0,0,0,0,2,,
2026-08-30T18:07:05.269Z,1788113225269,250509,1,,83acd2e6,250521,grid,4,1367,1404,135,832,331,69,,0,0,0,0,0,0,0,0,0,0,0,0,0,0,2,,
2026-08-30T18:08:05.282Z,1788113285282,250569,1,,83acd2e6,250581,grid,4,1364,1404,135,829,331,69,,0,0,0,0,0,0,0,0,0,0,0,0,0,0,2,,
2026-08-30T18:09:05.304Z,1788113345304,250629,1,,83acd2e6,250641,grid,4,1364,1404,135,829,331,69,,0,0,0,0,0,0,0,0,0,0,0,0,0,0,2,,
2026-08-30T18:10:05.324Z,1788113405324,250689,1,,83acd2e6,250701,grid,4,1364,1404,135,829,331,69,,0,0,0,0,0,0,0,0,0,0,0,0,0,0,2,,
2026-08-30T18:11:05.338Z,1788113465338,250749,1,,83acd2e6,250761,grid,4,1364,1404,134,830,331,69,,0,0,0,0,0,0,0,0,0,0,0,0,0,0,2,,
2026-08-30T18:12:05.361Z,1788113525361,250809,1,,83acd2e6,250821,grid,4,1361,1404,134,827,331,69,,0,0,0,0,0,0,0,0,0,0,0,0,0,0,2,,
2026-08-30T18:13:05.373Z,1788113585373,250869,1,,83acd2e6,250881,grid,4,1361,1404,134,827,331,69,,0,0,0,0,0,0,0,0,0,0,0,0,0,0,2,,
2026-08-30T18:14:05.383Z,1788113645383,250929,1,,83acd2e6,250941,grid,4,1361,1404,134,827,331,69,,0,0,0,0,0,0,0,0,0,0,0,0,0,0,2,,
2026-08-30T18:15:05.397Z,1788113705397,250989,1,,83acd2e6,251001,grid,4,1362,1404,134,828,331,69,,0,0,0,0,0,0,0,0,0,0,0,0,0,0,2,,
2026-08-30T18:16:05.414Z,1788113765414,251049,1,,83acd2e6,251061,grid,4,1362,1404,134,828,331,69,,0,0,0,0,0,0,0,0,0,0,0,0,0,0,2,,
2026-08-30T18:17:05.433Z,1788113825433,251109,1,,83acd2e6,251121,grid,4,1362,1404,134,828,331,69,,0,0,0,0,0,0,0,0,0,0,0,0,0,0,2,,
2026-08-30T18:18:05.447Z,1788113885447,251169,1,,83acd2e6,251181,grid,4,1362,1404,134,828,331,69,,0,0,0,0,0,0,0,0,0,0,0,0,0,0,2,,
2026-08-30T18:19:05.467Z,1788113945467,251229,1,,83acd2e6,251241,grid,4,1361,1404,134,827,331,69,,0,0,0,0,0,0,0,0,0,0,0,0,0,0,2,,
2026-08-30T18:20:05.477Z,1788114005477,251289,1,,83acd2e6,251301,grid,4,1361,1404,134,827,331,69,,0,0,0,0,0,0,0,0,0,0,0,0,0,0,2,,
2026-08-30T18:21:05.493Z,1788114065493,251349,1,,83acd2e6,251361,grid,4,1361,1404,134,827,331,69,,0,0,0,0,0,0,0,0,0,0,0,0,0,0,2,,
2026-08-30T18:22:05.520Z,1788114125520,251409,1,,83acd2e6,251421,grid,4,1360,1404,134,826,331,69,,0,0,0,0,0,0,0,0,0,0,0,0,0,0,2,,
2026-08-30T18:23:05.545Z,1788114185545,251469,1,,83acd2e6,251481,grid,4,1361,1404,134,827,331,69,,0,0,0,0,0,0,0,0,0,0,0,0,0,0,2,,
2026-08-30T18:24:05.565Z,1788114245565,251529,1,,83acd2e6,251541,grid,4,1361,1404,134,826,331,69,,0,0,0,0,0,0,0,0,0,0,0,0,0,0,2,,
2026-08-30T18:25:05.589Z,1788114305589,251589,1,,83acd2e6,251601,grid,4,1361,1404,134,827,331,69,,0,0,0,0,0,0,0,0,0,0,0,0,0,0,2,,
2026-08-30T18:26:05.605Z,1788114365605,251649,1,,83acd2e6,251661,grid,4,1362,1404,135,828,331,69,,0,0,0,0,0,0,0,0,0,0,0,0,0,0,2,,
2026-08-30T18:27:05.630Z,1788114425630,251709,1,,83acd2e6,251721,grid,4,1362,1404,135,827,331,69,,0,0,0,0,0,0,0,0,0,0,0,0,0,0,2,,
2026-08-30T18:28:05.641Z,1788114485641,251769,1,,83acd2e6,251781,grid,4,1362,1404,135,828,331,69,,0,0,0,0,0,0,0,0,0,0,0,0,0,0,2,,
2026-08-30T18:29:05.660Z,1788114545660,251829,1,,83acd2e6,251841,grid,4,1362,1404,135,828,331,69,,0,0,0,0,0,0,0,0,0,0,0,0,0,0,2,,
2026-08-30T18:30:05.673Z,1788114605673,251889,1,,83acd2e6,251901,grid,4,1363,1404,135,828,331,69,,0,0,0,0,0,0,0,0,0,0,0,0,0,0,2,,
2026-08-30T18:31:05.695Z,1788114665695,251949,1,,83acd2e6,251961,grid,4,1363,1404,135,829,331,69,,0,0,0,0,0,0,0,0,0,0,0,0,0,0,2,,
2026-08-30T18:32:05.714Z,1788114725714,252009,1,,83acd2e6,252021,grid,4,1362,1404,135,828,331,69,,0,0,0,0,0,0,0,0,0,0,0,0,0,0,2,,
2026-08-30T18:33:05.739Z,1788114785739,252069,1,,83acd2e6,252081,grid,4,1372,1404,134,838,331,69,,0,0,0,0,0,0,0,0,0,0,0,0,0,0,2,,
2026-08-30T18:34:05.755Z,1788114845755,252129,1,,83acd2e6,252141,grid,4,1369,1404,134,835,331,69,,0,0,0,0,0,0,0,0,0,0,0,0,0,0,2,,
2026-08-30T18:35:05.768Z,1788114905768,252189,1,,83acd2e6,252201,grid,4,1366,1404,134,832,331,69,,0,0,0,0,0,0,0,0,0,0,0,0,0,0,2,,
2026-08-30T18:36:05.784Z,1788114965784,252249,1,,83acd2e6,252261,grid,4,1367,1404,134,832,331,69,,0,0,0,0,0,0,0,0,0,0,0,0,0,0,2,,
2026-08-30T18:37:05.801Z,1788115025801,252309,1,,83acd2e6,252321,grid,4,1366,1404,134,832,331,69,,0,0,0,0,0,0,0,0,0,0,0,0,0,0,2,,
2026-08-30T18:38:05.814Z,1788115085814,252369,1,,83acd2e6,252381,grid,4,1361,1404,134,827,331,69,,0,0,0,0,0,0,0,0,0,0,0,0,0,0,2,,
2026-08-30T18:39:05.828Z,1788115145828,252429,1,,83acd2e6,252441,grid,4,1361,1404,134,827,331,69,,0,0,0,0,0,0,0,0,0,0,0,0,0,0,2,,
2026-08-30T18:40:05.854Z,1788115205854,252489,1,,83acd2e6,252501,grid,4,1361,1404,134,827,331,69,,0,0,0,0,0,0,0,0,0,0,0,0,0,0,2,,
2026-08-30T18:41:05.868Z,1788115265868,252549,1,,83acd2e6,252561,grid,4,1361,1404,134,827,331,69,,0,0,0,0,0,0,0,0,0,0,0,0,0,0,2,,
2026-08-30T18:42:05.885Z,1788115325885,252609,1,,83acd2e6,252621,grid,4,1361,1404,134,827,331,69,,0,0,0,0,0,0,0,0,0,0,0,0,0,0,2,,
2026-08-30T18:43:05.903Z,1788115385903,252669,1,,83acd2e6,252681,grid,4,1362,1404,134,827,331,69,,0,0,0,0,0,0,0,0,0,0,0,0,0,0,2,,
2026-08-30T18:44:05.922Z,1788115445922,252729,1,,83acd2e6,252741,grid,4,1361,1404,134,827,331,69,,0,0,0,0,0,0,0,0,0,0,0,0,0,0,2,,
2026-08-30T18:45:05.948Z,1788115505948,252789,1,,83acd2e6,252801,grid,4,1362,1404,134,827,331,69,,0,0,0,0,0,0,0,0,0,0,0,0,0,0,2,,
2026-08-30T18:46:05.958Z,1788115565958,252849,1,,83acd2e6,252861,grid,4,1361,1404,134,828,330,69,,0,0,0,0,0,0,0,0,0,0,0,0,0,0,2,,
2026-08-30T18:47:05.970Z,1788115625970,252909,1,,83acd2e6,252921,grid,4,1361,1404,134,827,330,69,,0,0,0,0,0,0,0,0,0,0,0,0,0,0,2,,
2026-08-30T18:48:05.994Z,1788115685994,252969,1,,83acd2e6,252981,grid,4,1361,1404,135,827,330,69,,0,0,0,0,0,0,0,0,0,0,0,0,0,0,2,,
2026-08-30T18:49:06.014Z,1788115746014,253029,1,,83acd2e6,253041,grid,4,1361,1404,135,827,330,69,,0,0,0,0,0,0,0,0,0,0,0,0,0,0,2,,
2026-08-30T18:50:06.030Z,1788115806030,253089,1,,83acd2e6,253101,grid,4,1361,1404,135,827,330,69,,0,0,0,0,0,0,0,0,0,0,0,0,0,0,2,,
2026-08-30T18:51:06.041Z,1788115866041,253149,1,,83acd2e6,253161,grid,4,1362,1404,135,828,330,69,,0,0,0,0,0,0,0,0,0,0,0,0,0,0,2,,
2026-08-30T18:52:06.062Z,1788115926062,253209,1,,83acd2e6,253221,grid,4,1361,1404,135,827,330,69,,0,0,0,0,0,0,0,0,0,0,0,0,0,0,2,,
2026-08-30T18:53:06.074Z,1788115986074,253269,1,,83acd2e6,253282,grid,4,1362,1404,135,828,330,69,,0,0,0,0,0,0,0,0,0,0,0,0,0,0,2,,
2026-08-30T18:54:06.095Z,1788116046095,253329,1,,83acd2e6,253342,grid,4,1360,1404,135,826,330,69,,0,0,0,0,0,0,0,0,0,0,0,0,0,0,2,,
2026-08-30T18:55:06.113Z,1788116106113,253390,1,,83acd2e6,253402,grid,4,1360,1404,134,827,330,69,,0,0,0,0,0,0,0,0,0,0,0,0,0,0,2,,
2026-08-30T18:56:06.135Z,1788116166135,253450,1,,83acd2e6,253462,grid,4,1361,1404,134,827,330,69,,0,0,0,0,0,0,0,0,0,0,0,0,0,0,2,,
2026-08-30T18:57:06.150Z,1788116226150,253510,1,,83acd2e6,253522,grid,4,1360,1404,134,827,330,69,,0,0,0,0,0,0,0,0,0,0,0,0,0,0,2,,
2026-08-30T18:58:06.164Z,1788116286164,253570,1,,83acd2e6,253582,grid,4,1361,1404,134,828,330,69,,0,0,0,0,0,0,0,0,0,0,0,0,0,0,2,,
2026-08-30T18:59:06.180Z,1788116346180,253630,1,,83acd2e6,253642,grid,4,1361,1404,134,827,330,69,,0,0,0,0,0,0,0,0,0,0,0,0,0,0,2,,
2026-08-30T19:00:06.201Z,1788116406201,253690,1,,83acd2e6,253702,grid,4,1361,1404,134,828,330,69,,0,0,0,0,0,0,0,0,0,0,0,0,0,0,2,,
2026-08-30T19:01:06.222Z,1788116466222,253750,1,,83acd2e6,253762,grid,4,1362,1404,134,828,330,69,,0,0,0,0,0,0,0,0,0,0,0,0,0,0,2,,
2026-08-30T19:02:06.241Z,1788116526241,253810,1,,83acd2e6,253822,grid,4,1361,1404,134,828,330,69,,0,0,0,0,0,0,0,0,0,0,0,0,0,0,2,,
2026-08-30T19:03:06.266Z,1788116586266,253870,1,,83acd2e6,253882,grid,4,1370,1404,134,835,331,69,,0,0,0,0,0,0,0,0,0,0,0,0,0,0,2,,
2026-08-30T19:04:06.289Z,1788116646289,253930,1,,83acd2e6,253942,grid,4,1372,1404,134,833,335,69,,0,0,0,0,0,0,0,0,0,0,0,0,0,0,2,,
2026-08-30T19:05:06.302Z,1788116706302,253990,1,,83acd2e6,254002,grid,4,1372,1404,134,833,335,69,,0,0,0,0,0,0,0,0,0,0,0,0,0,0,2,,
2026-08-30T19:06:06.317Z,1788116766317,254050,1,,83acd2e6,254062,grid,4,1372,1404,134,833,335,69,,0,0,0,0,0,0,0,0,0,0,0,0,0,0,2,,
2026-08-30T19:07:06.327Z,1788116826327,254110,1,,83acd2e6,254122,grid,4,1368,1404,134,833,331,69,,0,0,0,0,0,0,0,0,0,0,0,0,0,0,2,,
2026-08-30T19:08:06.350Z,1788116886350,254170,1,,83acd2e6,254182,grid,4,1364,1404,134,829,331,69,,0,0,0,0,0,0,0,0,0,0,0,0,0,0,2,,
2026-08-30T19:09:06.358Z,1788116946358,254230,1,,83acd2e6,254242,grid,4,1364,1404,135,829,331,69,,0,0,0,0,0,0,0,0,0,0,0,0,0,0,2,,
2026-08-30T19:10:06.386Z,1788117006386,254290,1,,83acd2e6,254302,grid,4,1364,1404,135,829,331,69,,0,0,0,0,0,0,0,0,0,0,0,0,0,0,2,,
2026-08-30T19:11:06.407Z,1788117066407,254350,1,,83acd2e6,254362,grid,4,1364,1404,135,829,331,69,,0,0,0,0,0,0,0,0,0,0,0,0,0,0,2,,
2026-08-30T19:12:06.431Z,1788117126431,254410,1,,83acd2e6,254422,grid,4,1361,1404,135,826,331,69,,0,0,0,0,0,0,0,0,0,0,0,0,0,0,2,,
2026-08-30T19:13:06.452Z,1788117186452,254470,1,,83acd2e6,254482,grid,4,1361,1404,135,827,331,69,,0,0,0,0,0,0,0,0,0,0,0,0,0,0,2,,
2026-08-30T19:14:06.469Z,1788117246469,254530,1,,83acd2e6,254542,grid,4,1361,1404,135,827,331,69,,0,0,0,0,0,0,0,0,0,0,0,0,0,0,2,,
2026-08-30T19:15:06.484Z,1788117306484,254590,1,,83acd2e6,254602,grid,4,1362,1404,135,828,331,69,,0,0,0,0,0,0,0,0,0,0,0,0,0,0,2,,
2026-08-30T19:16:06.503Z,1788117366503,254650,1,,83acd2e6,254662,grid,4,1362,1404,135,827,331,69,,0,0,0,0,0,0,0,0,0,0,0,0,0,0,2,,
2026-08-30T19:17:06.516Z,1788117426516,254710,1,,83acd2e6,254722,grid,4,1360,1404,134,827,331,69,,0,0,0,0,0,0,0,0,0,0,0,0,0,0,2,,
2026-08-30T19:18:06.537Z,1788117486537,254770,1,,83acd2e6,254782,grid,4,1361,1404,134,827,331,69,,0,0,0,0,0,0,0,0,0,0,0,0,0,0,2,,
2026-08-30T19:19:06.553Z,1788117546553,254830,1,,83acd2e6,254842,grid,4,1360,1404,134,826,331,69,,0,0,0,0,0,0,0,0,0,0,0,0,0,0,2,,
2026-08-30T19:20:06.574Z,1788117606574,254890,1,,83acd2e6,254902,grid,4,1360,1404,134,826,330,69,,0,0,0,0,0,0,0,0,0,0,0,0,0,0,2,,
2026-08-30T19:21:06.596Z,1788117666596,254950,1,,83acd2e6,254962,grid,4,1361,1404,134,827,331,69,,0,0,0,0,0,0,0,0,0,0,0,0,0,0,2,,
2026-08-30T19:22:06.608Z,1788117726608,255010,1,,83acd2e6,255022,grid,4,1361,1404,134,827,331,69,,0,0,0,0,0,0,0,0,0,0,0,0,0,0,2,,
2026-08-30T19:23:06.633Z,1788117786633,255070,1,,83acd2e6,255082,grid,4,1361,1404,134,827,330,69,,0,0,0,0,0,0,0,0,0,0,0,0,0,0,2,,
2026-08-30T19:24:06.644Z,1788117846644,255130,1,,83acd2e6,255142,grid,4,1361,1404,134,827,330,69,,0,0,0,0,0,0,0,0,0,0,0,0,0,0,2,,
2026-08-30T19:25:06.653Z,1788117906653,255190,1,,83acd2e6,255202,grid,4,1361,1404,134,827,331,69,,0,0,0,0,0,0,0,0,0,0,0,0,0,0,2,,
2026-08-30T19:26:06.665Z,1788117966665,255250,1,,83acd2e6,255262,grid,4,1362,1404,134,828,330,69,,0,0,0,0,0,0,0,0,0,0,0,0,0,0,2,,
2026-08-30T19:27:06.682Z,1788118026682,255310,1,,83acd2e6,255322,grid,4,1361,1404,135,827,330,69,,0,0,0,0,0,0,0,0,0,0,0,0,0,0,2,,
2026-08-30T19:28:06.708Z,1788118086708,255370,1,,83acd2e6,255382,grid,4,1362,1404,134,828,330,69,,0,0,0,0,0,0,0,0,0,0,0,0,0,0,2,,
2026-08-30T19:29:06.723Z,1788118146723,255430,1,,83acd2e6,255442,grid,4,1360,1404,135,826,330,69,,0,0,0,0,0,0,0,0,0,0,0,0,0,0,2,,
2026-08-30T19:30:06.737Z,1788118206737,255490,1,,83acd2e6,255502,grid,4,1360,1404,135,826,330,69,,0,0,0,0,0,0,0,0,0,0,0,0,0,0,2,,
2026-08-30T19:31:06.747Z,1788118266747,255550,1,,83acd2e6,255562,grid,4,1361,1404,135,827,330,69,,0,0,0,0,0,0,0,0,0,0,0,0,0,0,2,,
2026-08-30T19:32:06.764Z,1788118326764,255610,1,,83acd2e6,255622,grid,4,1361,1404,135,827,330,69,,0,0,0,0,0,0,0,0,0,0,0,0,0,0,2,,
2026-08-30T19:33:06.788Z,1788118386788,255670,1,,83acd2e6,255682,grid,4,1376,1404,135,836,335,69,,0,0,0,0,0,0,0,0,0,0,0,0,0,0,2,,
2026-08-30T19:34:06.812Z,1788118446812,255730,1,,83acd2e6,255742,grid,4,1368,1404,135,833,331,69,,0,0,0,0,0,0,0,0,0,0,0,0,0,0,2,,
2026-08-30T19:35:06.835Z,1788118506835,255790,1,,83acd2e6,255802,grid,4,1368,1404,135,833,331,69,,0,0,0,0,0,0,0,0,0,0,0,0,0,0,2,,
2026-08-30T19:36:06.860Z,1788118566860,255850,1,,83acd2e6,255862,grid,4,1368,1404,135,833,331,69,,0,0,0,0,0,0,0,0,0,0,0,0,0,0,2,,
2026-08-30T19:37:06.879Z,1788118626879,255910,1,,83acd2e6,255922,grid,4,1372,1404,135,833,335,69,,0,0,0,0,0,0,0,0,0,0,0,0,0,0,2,,
2026-08-30T19:38:06.896Z,1788118686896,255970,1,,83acd2e6,255982,grid,4,1365,1404,135,830,331,69,,0,0,0,0,0,0,0,0,0,0,0,0,0,0,2,,
2026-08-30T19:39:06.918Z,1788118746918,256030,1,,83acd2e6,256042,grid,4,1368,1404,134,830,335,69,,0,0,0,0,0,0,0,0,0,0,0,0,0,0,2,,
2026-08-30T19:40:06.933Z,1788118806933,256090,1,,83acd2e6,256102,grid,4,1368,1404,134,830,335,69,,0,0,0,0,0,0,0,0,0,0,0,0,0,0,2,,
2026-08-30T19:41:06.947Z,1788118866947,256150,1,,83acd2e6,256162,grid,4,1365,1404,134,831,331,69,,0,0,0,0,0,0,0,0,0,0,0,0,0,0,2,,
2026-08-30T19:42:06.965Z,1788118926965,256210,1,,83acd2e6,256222,grid,4,1361,1404,134,827,331,69,,0,0,0,0,0,0,0,0,0,0,0,0,0,0,2,,
2026-08-30T19:43:06.989Z,1788118986989,256270,1,,83acd2e6,256282,grid,4,1365,1404,134,827,335,69,,0,0,0,0,0,0,0,0,0,0,0,0,0,0,2,,
2026-08-30T19:44:07.003Z,1788119047003,256330,1,,83acd2e6,256342,grid,4,1362,1404,134,827,331,69,,0,0,0,0,0,0,0,0,0,0,0,0,0,0,2,,
2026-08-30T19:45:07.014Z,1788119107014,256390,1,,83acd2e6,256402,grid,4,1366,1404,134,827,335,69,,0,0,0,0,0,0,0,0,0,0,0,0,0,0,2,,
2026-08-30T19:46:07.034Z,1788119167034,256450,1,,83acd2e6,256462,grid,4,1367,1404,134,828,335,69,,0,0,0,0,0,0,0,0,0,0,0,0,0,0,2,,
2026-08-30T19:47:07.051Z,1788119227051,256510,1,,83acd2e6,256522,grid,4,1362,1404,134,827,331,69,,0,0,0,0,0,0,0,0,0,0,0,0,0,0,2,,
2026-08-30T19:48:07.066Z,1788119287066,256570,1,,83acd2e6,256583,grid,4,1363,1404,135,828,331,69,,0,0,0,0,0,0,0,0,0,0,0,0,0,0,2,,
2026-08-30T19:49:07.080Z,1788119347080,256630,1,,83acd2e6,256643,grid,4,1361,1404,135,827,331,69,,0,0,0,0,0,0,0,0,0,0,0,0,0,0,2,,
2026-08-30T19:50:07.091Z,1788119407091,256690,1,,83acd2e6,256703,grid,4,1365,1404,135,827,335,69,,0,0,0,0,0,0,0,0,0,0,0,0,0,0,2,,
2026-08-30T19:51:07.107Z,1788119467107,256751,1,,83acd2e6,256763,grid,4,1367,1404,135,828,335,69,,0,0,0,0,0,0,0,0,0,0,0,0,0,0,2,,
2026-08-30T19:52:07.126Z,1788119527126,256811,1,,83acd2e6,256823,grid,4,1365,1404,135,826,335,69,,0,0,0,0,0,0,0,0,0,0,0,0,0,0,2,,
2026-08-30T19:53:07.143Z,1788119587143,256871,1,,83acd2e6,256883,grid,4,1362,1404,135,826,331,69,,0,0,0,0,0,0,0,0,0,0,0,0,0,0,2,,
2026-08-30T19:54:07.153Z,1788119647153,256931,1,,83acd2e6,256943,grid,4,1361,1404,135,826,330,69,,0,0,0,0,0,0,0,0,0,0,0,0,0,0,2,,
2026-08-30T19:55:07.163Z,1788119707163,256991,1,,83acd2e6,257003,grid,4,1361,1404,135,827,331,69,,0,0,0,0,0,0,0,0,0,0,0,0,0,0,2,,
2026-08-30T19:56:07.175Z,1788119767175,257051,1,,83acd2e6,257063,grid,4,1362,1404,135,827,331,69,,0,0,0,0,0,0,0,0,0,0,0,0,0,0,2,,
2026-08-30T19:57:07.195Z,1788119827195,257111,1,,83acd2e6,257123,grid,4,1362,1404,135,827,331,69,,0,0,0,0,0,0,0,0,0,0,0,0,0,0,2,,
2026-08-30T19:58:07.213Z,1788119887213,257171,1,,83acd2e6,257183,grid,4,1362,1404,135,828,330,69,,0,0,0,0,0,0,0,0,0,0,0,0,0,0,2,,
2026-08-30T19:59:07.223Z,1788119947223,257231,1,,83acd2e6,257243,grid,4,1362,1404,135,828,331,69,,0,0,0,0,0,0,0,0,0,0,0,0,0,0,2,,
2026-08-30T20:00:07.239Z,1788120007239,257291,1,,83acd2e6,257303,grid,4,1361,1404,135,827,331,69,,0,0,0,0,0,0,0,0,0,0,0,0,0,0,2,,
2026-08-30T20:01:07.249Z,1788120067249,257351,1,,83acd2e6,257363,grid,4,1361,1404,135,827,331,69,,0,0,0,0,0,0,0,0,0,0,0,0,0,0,2,,
2026-08-30T20:02:07.260Z,1788120127260,257411,1,,83acd2e6,257423,grid,4,1361,1404,135,827,331,69,,0,0,0,0,0,0,0,0,0,0,0,0,0,0,2,,
2026-08-30T20:03:07.282Z,1788120187282,257471,1,,83acd2e6,257483,grid,4,1382,1404,135,842,335,69,,0,0,0,0,0,0,0,0,0,0,0,0,0,0,2,,
2026-08-30T20:04:07.294Z,1788120247294,257531,1,,83acd2e6,257543,grid,4,1369,1404,135,833,331,69,,0,0,0,0,0,0,0,0,0,0,0,0,0,0,2,,
2026-08-30T20:05:07.307Z,1788120307307,257591,1,,83acd2e6,257603,grid,4,1366,1404,135,831,331,69,,0,0,0,0,0,0,0,0,0,0,0,0,0,0,2,,
2026-08-30T20:06:07.324Z,1788120367324,257651,1,,83acd2e6,257663,grid,4,1365,1404,135,830,331,69,,0,0,0,0,0,0,0,0,0,0,0,0,0,0,2,,
2026-08-30T20:07:07.339Z,1788120427339,257711,1,,83acd2e6,257723,grid,4,1365,1404,135,829,331,69,,0,0,0,0,0,0,0,0,0,0,0,0,0,0,2,,
2026-08-30T20:08:07.358Z,1788120487358,257771,1,,83acd2e6,257783,grid,4,1367,1404,135,827,335,69,,0,0,0,0,0,0,0,0,0,0,0,0,0,0,2,,
2026-08-30T20:09:07.367Z,1788120547367,257831,1,,83acd2e6,257843,grid,4,1362,1404,135,826,331,69,,0,0,0,0,0,0,0,0,0,0,0,0,0,0,2,,
2026-08-30T20:10:07.376Z,1788120607376,257891,1,,83acd2e6,257903,grid,4,1362,1404,135,826,331,69,,0,0,0,0,0,0,0,0,0,0,0,0,0,0,2,,
2026-08-30T20:11:07.400Z,1788120667400,257951,1,,83acd2e6,257963,grid,4,1362,1404,135,826,331,69,,0,0,0,0,0,0,0,0,0,0,0,0,0,0,2,,
2026-08-30T20:12:07.424Z,1788120727424,258011,1,,83acd2e6,258023,grid,4,1362,1404,135,826,331,69,,0,0,0,0,0,0,0,0,0,0,0,0,0,0,2,,
2026-08-30T20:13:07.438Z,1788120787438,258071,1,,83acd2e6,258083,grid,4,1362,1404,136,826,331,69,,0,0,0,0,0,0,0,0,0,0,0,0,0,0,2,,
2026-08-30T20:14:07.447Z,1788120847447,258131,1,,83acd2e6,258143,grid,4,1361,1404,136,825,331,69,,0,0,0,0,0,0,0,0,0,0,0,0,0,0,2,,
2026-08-30T20:15:07.461Z,1788120907461,258191,1,,83acd2e6,258203,grid,4,1362,1404,136,826,331,69,,0,0,0,0,0,0,0,0,0,0,0,0,0,0,2,,
2026-08-30T20:16:07.477Z,1788120967477,258251,1,,83acd2e6,258263,grid,4,1362,1404,136,826,331,69,,0,0,0,0,0,0,0,0,0,0,0,0,0,0,2,,
2026-08-30T20:17:07.495Z,1788121027495,258311,1,,83acd2e6,258323,grid,4,1362,1404,136,826,331,69,,0,0,0,0,0,0,0,0,0,0,0,0,0,0,2,,
2026-08-30T20:18:07.504Z,1788121087504,258371,1,,83acd2e6,258383,grid,4,1362,1404,136,826,331,69,,0,0,0,0,0,0,0,0,0,0,0,0,0,0,2,,
2026-08-30T20:19:07.516Z,1788121147516,258431,1,,83acd2e6,258443,grid,4,1362,1404,136,825,331,69,,0,0,0,0,0,0,0,0,0,0,0,0,0,0,2,,
2026-08-30T20:20:07.530Z,1788121207530,258491,1,,83acd2e6,258503,grid,4,1362,1404,136,826,331,69,,0,0,0,0,0,0,0,0,0,0,0,0,0,0,2,,
2026-08-30T20:21:07.551Z,1788121267551,258551,1,,83acd2e6,258563,grid,4,1362,1404,136,826,331,69,,0,0,0,0,0,0,0,0,0,0,0,0,0,0,2,,
2026-08-30T20:22:07.565Z,1788121327565,258611,1,,83acd2e6,258623,grid,4,1362,1404,136,826,331,69,,0,0,0,0,0,0,0,0,0,0,0,0,0,0,2,,
2026-08-30T20:23:07.587Z,1788121387587,258671,1,,83acd2e6,258683,grid,4,1363,1404,136,827,331,69,,0,0,0,0,0,0,0,0,0,0,0,0,0,0,2,,
2026-08-30T20:24:07.601Z,1788121447601,258731,1,,83acd2e6,258743,grid,4,1366,1404,135,826,335,69,,0,0,0,0,0,0,0,0,0,0,0,0,0,0,2,,
2026-08-30T20:25:07.618Z,1788121507618,258791,1,,83acd2e6,258803,grid,4,1367,1404,135,827,335,69,,0,0,0,0,0,0,0,0,0,0,0,0,0,0,2,,
2026-08-30T20:26:07.639Z,1788121567639,258851,1,,83acd2e6,258863,grid,4,1365,1404,135,827,335,69,,0,0,0,0,0,0,0,0,0,0,0,0,0,0,2,,
2026-08-30T20:27:07.659Z,1788121627659,258911,1,,83acd2e6,258923,grid,4,1360,1404,135,825,331,69,,0,0,0,0,0,0,0,0,0,0,0,0,0,0,2,,
2026-08-30T20:28:07.673Z,1788121687673,258971,1,,83acd2e6,258983,grid,4,1365,1404,135,826,335,69,,0,0,0,0,0,0,0,0,0,0,0,0,0,0,2,,
2026-08-30T20:29:07.697Z,1788121747697,259031,1,,83acd2e6,259043,grid,4,1360,1404,135,826,331,69,,0,0,0,0,0,0,0,0,0,0,0,0,0,0,2,,
2026-08-30T20:30:07.711Z,1788121807711,259091,1,,83acd2e6,259103,grid,4,1361,1404,135,826,331,69,,0,0,0,0,0,0,0,0,0,0,0,0,0,0,2,,
2026-08-30T20:31:07.736Z,1788121867736,259151,1,,83acd2e6,259163,grid,4,1361,1404,135,826,331,69,,0,0,0,0,0,0,0,0,0,0,0,0,0,0,2,,
2026-08-30T20:32:07.756Z,1788121927756,259211,1,,83acd2e6,259223,grid,4,1406,1404,135,864,337,69,,0,0,0,0,0,0,0,0,0,0,0,0,0,0,2,,
