2026-08-27T16:31:44.596-04:00 info diagnostics log: C:\Users\Proto\AppData\Roaming\Wallwright\logs\wallwright.log
2026-08-27T16:31:44.599-04:00 info session runId=83acd2e6 version=0.1.1 electron=43.4.1 chrome=150.0.7871.224 platform=win32-x64 release=10.0.26200 host=HQ-Proto-Mini-2 packaged=true config=C:\Users\proto\wallwright-soak\soak-config.json wall=1920x1080 panels=4
2026-08-27T16:31:44.599-04:00 info config C:\Users\proto\wallwright-soak\soak-config.json: 4 views on a 1920x1080 wall
2026-08-27T16:31:44.599-04:00 info matched display by 1920x1080: "SL4364K" (id 2715430223)
2026-08-27T16:31:44.624-04:00 info layout 1920x1080 in a 1920x1080 window, 1:1
2026-08-27T16:31:44.634-04:00 info denied media to an unknown view on persist:soak-1
2026-08-27T16:31:44.634-04:00 info denied media to an unknown view on persist:soak-1
2026-08-27T16:31:44.634-04:00 info denied web-app-installation to an unknown view on persist:soak-1
2026-08-27T16:31:44.634-04:00 info denied geolocation to an unknown view on persist:soak-1
2026-08-27T16:31:44.641-04:00 info denied media to an unknown view on persist:soak-2
2026-08-27T16:31:44.642-04:00 info denied media to an unknown view on persist:soak-2
2026-08-27T16:31:44.642-04:00 info denied web-app-installation to an unknown view on persist:soak-2
2026-08-27T16:31:44.642-04:00 info denied geolocation to an unknown view on persist:soak-2
2026-08-27T16:31:44.647-04:00 info denied media to an unknown view on persist:soak-3
2026-08-27T16:31:44.647-04:00 info denied media to an unknown view on persist:soak-3
2026-08-27T16:31:44.647-04:00 info denied web-app-installation to an unknown view on persist:soak-3
2026-08-27T16:31:44.647-04:00 info denied geolocation to an unknown view on persist:soak-3
2026-08-27T16:31:44.653-04:00 info denied media to an unknown view on persist:soak-4
2026-08-27T16:31:44.654-04:00 info denied media to an unknown view on persist:soak-4
2026-08-27T16:31:44.654-04:00 info denied web-app-installation to an unknown view on persist:soak-4
2026-08-27T16:31:44.654-04:00 info denied geolocation to an unknown view on persist:soak-4
2026-08-27T16:31:44.753-04:00 info control surface on http://127.0.0.1:8901
2026-08-27T16:31:44.832-04:00 info denied background-sync to earth on persist:soak-4
2026-08-27T16:31:45.144-04:00 info denied media to grafana on persist:soak-3
2026-08-27T16:31:45.144-04:00 info denied media to grafana on persist:soak-3
2026-08-27T16:31:45.144-04:00 info denied web-app-installation to grafana on persist:soak-3
2026-08-27T16:31:45.144-04:00 info denied geolocation to grafana on persist:soak-3
2026-08-27T16:31:45.158-04:00 info denied background-sync to grafana on persist:soak-3
2026-08-27T16:31:45.172-04:00 info denied media to grafana on persist:soak-3
2026-08-27T16:31:45.172-04:00 info denied media to grafana on persist:soak-3
2026-08-27T16:31:45.172-04:00 info denied web-app-installation to grafana on persist:soak-3
2026-08-27T16:31:45.172-04:00 info denied geolocation to grafana on persist:soak-3
2026-08-27T16:31:45.173-04:00 info denied media to grafana on persist:soak-3
2026-08-27T16:31:45.173-04:00 info denied media to grafana on persist:soak-3
2026-08-27T16:31:45.173-04:00 info denied web-app-installation to grafana on persist:soak-3
2026-08-27T16:31:45.174-04:00 info denied geolocation to grafana on persist:soak-3
2026-08-27T16:31:45.191-04:00 info denied background-sync to grafana on persist:soak-3
2026-08-27T16:31:45.251-04:00 info denied media to grafana on persist:soak-3
2026-08-27T16:31:45.251-04:00 info denied media to grafana on persist:soak-3
2026-08-27T16:31:45.251-04:00 info denied web-app-installation to grafana on persist:soak-3
2026-08-27T16:31:45.252-04:00 info denied geolocation to grafana on persist:soak-3
2026-08-27T16:31:45.436-04:00 info denied media to grafana on persist:soak-3
2026-08-27T16:31:45.436-04:00 info denied media to grafana on persist:soak-3
2026-08-27T16:31:45.436-04:00 info denied web-app-installation to grafana on persist:soak-3
2026-08-27T16:31:45.436-04:00 info denied geolocation to grafana on persist:soak-3
2026-08-27T16:31:45.940-04:00 info denied media to grafana on persist:soak-3
2026-08-27T16:31:45.940-04:00 info denied media to grafana on persist:soak-3
2026-08-27T16:31:45.941-04:00 info denied web-app-installation to grafana on persist:soak-3
2026-08-27T16:31:45.941-04:00 info denied geolocation to grafana on persist:soak-3
2026-08-27T16:31:45.941-04:00 info denied media to grafana on persist:soak-3
2026-08-27T16:31:45.941-04:00 info denied media to grafana on persist:soak-3
2026-08-27T16:31:45.942-04:00 info denied web-app-installation to grafana on persist:soak-3
2026-08-27T16:31:45.942-04:00 info denied geolocation to grafana on persist:soak-3
2026-08-27T16:31:47.109-04:00 info denied media to grafana on persist:soak-3
2026-08-27T16:31:47.109-04:00 info denied media to grafana on persist:soak-3
2026-08-27T16:31:47.109-04:00 info denied web-app-installation to grafana on persist:soak-3
2026-08-27T16:31:47.110-04:00 info denied geolocation to grafana on persist:soak-3
2026-08-27T16:31:47.837-04:00 info denied media to grafana on persist:soak-3
2026-08-27T16:31:47.837-04:00 info denied media to grafana on persist:soak-3
2026-08-27T16:31:47.837-04:00 info denied web-app-installation to grafana on persist:soak-3
2026-08-27T16:31:47.837-04:00 info denied geolocation to grafana on persist:soak-3
2026-08-27T16:31:47.907-04:00 info denied media to grafana on persist:soak-3
2026-08-27T16:31:47.908-04:00 info denied media to grafana on persist:soak-3
2026-08-27T16:31:47.908-04:00 info denied web-app-installation to grafana on persist:soak-3
2026-08-27T16:31:47.908-04:00 info denied geolocation to grafana on persist:soak-3
2026-08-27T16:31:47.918-04:00 info denied media to grafana on persist:soak-3
2026-08-27T16:31:47.918-04:00 info denied media to grafana on persist:soak-3
2026-08-27T16:31:47.919-04:00 info denied web-app-installation to grafana on persist:soak-3
2026-08-27T16:31:47.919-04:00 info denied geolocation to grafana on persist:soak-3
2026-08-27T16:31:47.922-04:00 info denied media to grafana on persist:soak-3
2026-08-27T16:31:47.922-04:00 info denied media to grafana on persist:soak-3
2026-08-27T16:31:47.922-04:00 info denied web-app-installation to grafana on persist:soak-3
2026-08-27T16:31:47.922-04:00 info denied geolocation to grafana on persist:soak-3
2026-08-27T16:31:47.923-04:00 info denied media to grafana on persist:soak-3
2026-08-27T16:31:47.923-04:00 info denied media to grafana on persist:soak-3
2026-08-27T16:31:47.924-04:00 info denied web-app-installation to grafana on persist:soak-3
2026-08-27T16:31:47.924-04:00 info denied geolocation to grafana on persist:soak-3
2026-08-27T16:31:47.930-04:00 info denied background-sync to grafana on persist:soak-3
2026-08-27T16:31:48.047-04:00 info denied media to grafana on persist:soak-3
2026-08-27T16:31:48.047-04:00 info denied media to grafana on persist:soak-3
2026-08-27T16:31:48.047-04:00 info denied web-app-installation to grafana on persist:soak-3
2026-08-27T16:31:48.047-04:00 info denied geolocation to grafana on persist:soak-3
2026-08-27T16:31:48.215-04:00 info denied background-sync to grafana on persist:soak-3
2026-08-27T16:31:50.036-04:00 info denied background-sync to heavy on persist:soak-2
2026-08-27T16:31:56.632-04:00 info layout 1920x1080 in a 1920x1079 window, scaled to 0.999
2026-08-27T16:31:57.477-04:00 info denied media to earth on persist:soak-4
2026-08-27T16:31:57.477-04:00 info denied media to earth on persist:soak-4
2026-08-27T16:31:57.477-04:00 info denied web-app-installation to earth on persist:soak-4
2026-08-27T16:31:57.477-04:00 info denied geolocation to earth on persist:soak-4
2026-08-27T16:32:44.764-04:00 info memory: 1276MB total (Tab 780MB, GPU 307MB, Browser 121MB, Utility 69MB)
2026-08-27T16:33:44.774-04:00 info memory: 1261MB total (Tab 770MB, GPU 302MB, Browser 121MB, Utility 69MB)
2026-08-27T16:34:44.785-04:00 info memory: 1263MB total (Tab 771MB, GPU 303MB, Browser 120MB, Utility 69MB)
2026-08-27T16:35:44.800-04:00 info memory: 1268MB total (Tab 771MB, GPU 307MB, Browser 120MB, Utility 69MB)
2026-08-27T16:36:44.817-04:00 info memory: 1267MB total (Tab 774MB, GPU 303MB, Browser 121MB, Utility 69MB)
2026-08-27T16:37:44.832-04:00 info memory: 1273MB total (Tab 776MB, GPU 307MB, Browser 121MB, Utility 69MB)
2026-08-27T16:38:44.833-04:00 info memory: 1266MB total (Tab 773MB, GPU 303MB, Browser 121MB, Utility 69MB)
2026-08-27T16:39:44.838-04:00 info memory: 1272MB total (Tab 774MB, GPU 308MB, Browser 121MB, Utility 69MB)
2026-08-27T16:40:44.854-04:00 info memory: 1265MB total (Tab 771MB, GPU 303MB, Browser 121MB, Utility 69MB)
2026-08-27T16:41:44.867-04:00 info memory: 1268MB total (Tab 770MB, GPU 308MB, Browser 122MB, Utility 69MB)
2026-08-27T16:42:44.880-04:00 info memory: 1265MB total (Tab 772MB, GPU 303MB, Browser 121MB, Utility 69MB)
2026-08-27T16:43:44.890-04:00 info memory: 1263MB total (Tab 770MB, GPU 303MB, Browser 121MB, Utility 69MB)
2026-08-27T16:44:44.893-04:00 info memory: 1263MB total (Tab 770MB, GPU 303MB, Browser 122MB, Utility 69MB)
2026-08-27T16:45:44.905-04:00 info memory: 1264MB total (Tab 770MB, GPU 303MB, Browser 122MB, Utility 69MB)
2026-08-27T16:46:44.912-04:00 info memory: 1264MB total (Tab 770MB, GPU 303MB, Browser 122MB, Utility 69MB)
2026-08-27T16:47:44.928-04:00 info memory: 1264MB total (Tab 771MB, GPU 303MB, Browser 121MB, Utility 68MB)
2026-08-27T16:48:44.942-04:00 info memory: 1264MB total (Tab 771MB, GPU 303MB, Browser 121MB, Utility 68MB)
2026-08-27T16:49:44.952-04:00 info memory: 1264MB total (Tab 772MB, GPU 303MB, Browser 121MB, Utility 68MB)
2026-08-27T16:50:44.953-04:00 info memory: 1263MB total (Tab 771MB, GPU 303MB, Browser 121MB, Utility 68MB)
2026-08-27T16:51:44.965-04:00 info memory: 1291MB total (Tab 785MB, GPU 318MB, Browser 121MB, Utility 68MB)
2026-08-27T16:52:44.973-04:00 info memory: 1293MB total (Tab 786MB, GPU 318MB, Browser 121MB, Utility 68MB)
2026-08-27T16:53:44.987-04:00 info memory: 1295MB total (Tab 786MB, GPU 320MB, Browser 121MB, Utility 68MB)
2026-08-27T16:54:44.989-04:00 info memory: 1297MB total (Tab 786MB, GPU 321MB, Browser 121MB, Utility 68MB)
2026-08-27T16:55:44.992-04:00 info memory: 1294MB total (Tab 787MB, GPU 317MB, Browser 121MB, Utility 68MB)
2026-08-27T16:56:44.998-04:00 info memory: 1293MB total (Tab 786MB, GPU 317MB, Browser 121MB, Utility 68MB)
2026-08-27T16:57:45.003-04:00 info memory: 1294MB total (Tab 787MB, GPU 317MB, Browser 121MB, Utility 68MB)
2026-08-27T16:58:45.007-04:00 info memory: 1294MB total (Tab 788MB, GPU 317MB, Browser 121MB, Utility 68MB)
2026-08-27T16:59:45.022-04:00 info memory: 1294MB total (Tab 787MB, GPU 317MB, Browser 122MB, Utility 68MB)
2026-08-27T17:00:45.035-04:00 info memory: 1295MB total (Tab 788MB, GPU 317MB, Browser 122MB, Utility 68MB)
2026-08-27T17:01:45.039-04:00 info memory: 1294MB total (Tab 788MB, GPU 317MB, Browser 122MB, Utility 68MB)
2026-08-27T17:02:45.039-04:00 info memory: 1300MB total (Tab 790MB, GPU 320MB, Browser 122MB, Utility 68MB)
2026-08-27T17:03:45.043-04:00 info memory: 1300MB total (Tab 791MB, GPU 320MB, Browser 122MB, Utility 68MB)
2026-08-27T17:04:45.052-04:00 info memory: 1301MB total (Tab 791MB, GPU 320MB, Browser 122MB, Utility 68MB)
2026-08-27T17:05:45.063-04:00 info memory: 1301MB total (Tab 791MB, GPU 320MB, Browser 122MB, Utility 68MB)
2026-08-27T17:06:45.063-04:00 info memory: 1301MB total (Tab 791MB, GPU 320MB, Browser 122MB, Utility 68MB)
2026-08-27T17:07:45.074-04:00 info memory: 1300MB total (Tab 791MB, GPU 319MB, Browser 122MB, Utility 68MB)
2026-08-27T17:08:45.087-04:00 info memory: 1300MB total (Tab 791MB, GPU 319MB, Browser 121MB, Utility 68MB)
2026-08-27T17:09:45.091-04:00 info memory: 1300MB total (Tab 791MB, GPU 319MB, Browser 121MB, Utility 68MB)
2026-08-27T17:10:45.098-04:00 info memory: 1303MB total (Tab 790MB, GPU 324MB, Browser 121MB, Utility 68MB)
2026-08-27T17:11:45.118-04:00 info memory: 1304MB total (Tab 791MB, GPU 324MB, Browser 121MB, Utility 68MB)
2026-08-27T17:12:45.129-04:00 info memory: 1300MB total (Tab 791MB, GPU 319MB, Browser 121MB, Utility 68MB)
2026-08-27T17:13:45.143-04:00 info memory: 1300MB total (Tab 791MB, GPU 319MB, Browser 121MB, Utility 68MB)
2026-08-27T17:14:45.155-04:00 info memory: 1301MB total (Tab 792MB, GPU 319MB, Browser 121MB, Utility 68MB)
2026-08-27T17:15:45.163-04:00 info memory: 1305MB total (Tab 792MB, GPU 324MB, Browser 122MB, Utility 68MB)
2026-08-27T17:16:45.179-04:00 info memory: 1305MB total (Tab 792MB, GPU 324MB, Browser 122MB, Utility 68MB)
2026-08-27T17:17:45.191-04:00 info memory: 1305MB total (Tab 792MB, GPU 324MB, Browser 122MB, Utility 68MB)
2026-08-27T17:18:45.206-04:00 info memory: 1301MB total (Tab 792MB, GPU 319MB, Browser 122MB, Utility 68MB)
2026-08-27T17:19:45.208-04:00 info memory: 1302MB total (Tab 793MB, GPU 319MB, Browser 122MB, Utility 68MB)
2026-08-27T17:20:45.215-04:00 info memory: 1302MB total (Tab 793MB, GPU 320MB, Browser 122MB, Utility 68MB)
2026-08-27T17:21:45.221-04:00 info memory: 1303MB total (Tab 793MB, GPU 320MB, Browser 122MB, Utility 68MB)
2026-08-27T17:22:45.234-04:00 info memory: 1307MB total (Tab 793MB, GPU 324MB, Browser 122MB, Utility 68MB)
2026-08-27T17:23:45.239-04:00 info memory: 1302MB total (Tab 792MB, GPU 320MB, Browser 122MB, Utility 68MB)
2026-08-27T17:24:45.253-04:00 info memory: 1303MB total (Tab 793MB, GPU 320MB, Browser 122MB, Utility 68MB)
2026-08-27T17:25:45.257-04:00 info memory: 1307MB total (Tab 793MB, GPU 324MB, Browser 122MB, Utility 68MB)
2026-08-27T17:26:45.261-04:00 info memory: 1303MB total (Tab 794MB, GPU 320MB, Browser 122MB, Utility 68MB)
2026-08-27T17:27:45.268-04:00 info memory: 1307MB total (Tab 793MB, GPU 324MB, Browser 121MB, Utility 68MB)
2026-08-27T17:28:45.270-04:00 info memory: 1303MB total (Tab 794MB, GPU 320MB, Browser 121MB, Utility 68MB)
2026-08-27T17:29:45.283-04:00 info memory: 1304MB total (Tab 795MB, GPU 320MB, Browser 121MB, Utility 68MB)
2026-08-27T17:30:45.294-04:00 info memory: 1307MB total (Tab 794MB, GPU 324MB, Browser 121MB, Utility 68MB)
2026-08-27T17:31:45.309-04:00 info memory: 1303MB total (Tab 794MB, GPU 319MB, Browser 122MB, Utility 68MB)
2026-08-27T17:32:45.323-04:00 info memory: 1304MB total (Tab 794MB, GPU 320MB, Browser 122MB, Utility 68MB)
2026-08-27T17:33:45.337-04:00 info memory: 1304MB total (Tab 794MB, GPU 320MB, Browser 122MB, Utility 68MB)
2026-08-27T17:34:45.348-04:00 info memory: 1305MB total (Tab 794MB, GPU 320MB, Browser 122MB, Utility 68MB)
2026-08-27T17:35:45.350-04:00 info memory: 1304MB total (Tab 794MB, GPU 320MB, Browser 122MB, Utility 68MB)
2026-08-27T17:36:45.361-04:00 info memory: 1310MB total (Tab 796MB, GPU 324MB, Browser 122MB, Utility 68MB)
2026-08-27T17:37:45.367-04:00 info memory: 1305MB total (Tab 795MB, GPU 320MB, Browser 122MB, Utility 68MB)
2026-08-27T17:38:45.383-04:00 info memory: 1305MB total (Tab 795MB, GPU 320MB, Browser 122MB, Utility 68MB)
2026-08-27T17:39:45.397-04:00 info memory: 1306MB total (Tab 796MB, GPU 320MB, Browser 122MB, Utility 68MB)
2026-08-27T17:40:45.403-04:00 info memory: 1306MB total (Tab 796MB, GPU 320MB, Browser 122MB, Utility 68MB)
2026-08-27T17:41:45.408-04:00 info memory: 1307MB total (Tab 797MB, GPU 320MB, Browser 122MB, Utility 68MB)
2026-08-27T17:42:45.416-04:00 info memory: 1307MB total (Tab 797MB, GPU 320MB, Browser 122MB, Utility 68MB)
2026-08-27T17:43:45.426-04:00 info memory: 1306MB total (Tab 797MB, GPU 319MB, Browser 122MB, Utility 68MB)
2026-08-27T17:44:45.435-04:00 info memory: 1307MB total (Tab 797MB, GPU 319MB, Browser 122MB, Utility 68MB)
2026-08-27T17:45:45.445-04:00 info memory: 1307MB total (Tab 796MB, GPU 320MB, Browser 122MB, Utility 68MB)
2026-08-27T17:46:45.451-04:00 info memory: 1306MB total (Tab 797MB, GPU 320MB, Browser 122MB, Utility 68MB)
2026-08-27T17:47:45.463-04:00 info memory: 1306MB total (Tab 796MB, GPU 320MB, Browser 122MB, Utility 68MB)
2026-08-27T17:48:45.472-04:00 info memory: 1306MB total (Tab 796MB, GPU 320MB, Browser 122MB, Utility 68MB)
2026-08-27T17:49:45.475-04:00 info memory: 1306MB total (Tab 796MB, GPU 320MB, Browser 122MB, Utility 68MB)
2026-08-27T17:50:45.485-04:00 info memory: 1305MB total (Tab 796MB, GPU 320MB, Browser 122MB, Utility 68MB)
2026-08-27T17:51:45.490-04:00 info memory: 1306MB total (Tab 796MB, GPU 320MB, Browser 122MB, Utility 68MB)
2026-08-27T17:52:45.494-04:00 info memory: 1306MB total (Tab 796MB, GPU 320MB, Browser 122MB, Utility 68MB)
2026-08-27T17:53:45.499-04:00 info memory: 1305MB total (Tab 795MB, GPU 319MB, Browser 122MB, Utility 68MB)
2026-08-27T17:54:45.514-04:00 info memory: 1305MB total (Tab 795MB, GPU 319MB, Browser 122MB, Utility 68MB)
2026-08-27T17:55:45.526-04:00 info memory: 1305MB total (Tab 795MB, GPU 319MB, Browser 122MB, Utility 68MB)
2026-08-27T17:56:45.532-04:00 info memory: 1306MB total (Tab 796MB, GPU 319MB, Browser 122MB, Utility 68MB)
2026-08-27T17:57:45.538-04:00 info memory: 1306MB total (Tab 796MB, GPU 319MB, Browser 122MB, Utility 68MB)
2026-08-27T17:58:45.550-04:00 info memory: 1306MB total (Tab 796MB, GPU 319MB, Browser 122MB, Utility 68MB)
2026-08-27T17:59:45.556-04:00 info memory: 1306MB total (Tab 795MB, GPU 320MB, Browser 122MB, Utility 68MB)
2026-08-27T18:00:45.564-04:00 info memory: 1305MB total (Tab 796MB, GPU 319MB, Browser 122MB, Utility 68MB)
2026-08-27T18:01:45.574-04:00 info memory: 1310MB total (Tab 796MB, GPU 324MB, Browser 122MB, Utility 68MB)
2026-08-27T18:02:45.583-04:00 info memory: 1304MB total (Tab 794MB, GPU 319MB, Browser 122MB, Utility 68MB)
2026-08-27T18:03:45.597-04:00 info memory: 1307MB total (Tab 796MB, GPU 320MB, Browser 123MB, Utility 68MB)
2026-08-27T18:04:45.614-04:00 info memory: 1305MB total (Tab 796MB, GPU 319MB, Browser 122MB, Utility 68MB)
2026-08-27T18:05:45.624-04:00 info memory: 1310MB total (Tab 796MB, GPU 324MB, Browser 122MB, Utility 68MB)
2026-08-27T18:06:45.638-04:00 info memory: 1306MB total (Tab 796MB, GPU 320MB, Browser 122MB, Utility 68MB)
2026-08-27T18:07:45.649-04:00 info memory: 1306MB total (Tab 796MB, GPU 320MB, Browser 122MB, Utility 68MB)
2026-08-27T18:08:45.648-04:00 info memory: 1310MB total (Tab 796MB, GPU 324MB, Browser 122MB, Utility 68MB)
2026-08-27T18:09:45.652-04:00 info memory: 1306MB total (Tab 796MB, GPU 320MB, Browser 122MB, Utility 68MB)
2026-08-27T18:10:45.658-04:00 info memory: 1306MB total (Tab 796MB, GPU 320MB, Browser 122MB, Utility 68MB)
2026-08-27T18:11:45.665-04:00 info memory: 1307MB total (Tab 797MB, GPU 320MB, Browser 122MB, Utility 68MB)
2026-08-27T18:12:45.672-04:00 info memory: 1306MB total (Tab 796MB, GPU 320MB, Browser 122MB, Utility 68MB)
2026-08-27T18:13:45.674-04:00 info memory: 1306MB total (Tab 796MB, GPU 320MB, Browser 122MB, Utility 68MB)
2026-08-27T18:14:45.684-04:00 info memory: 1306MB total (Tab 796MB, GPU 320MB, Browser 122MB, Utility 68MB)
2026-08-27T18:15:45.700-04:00 info memory: 1306MB total (Tab 796MB, GPU 320MB, Browser 122MB, Utility 68MB)
2026-08-27T18:16:45.705-04:00 info memory: 1307MB total (Tab 797MB, GPU 320MB, Browser 122MB, Utility 68MB)
2026-08-27T18:17:45.719-04:00 info memory: 1307MB total (Tab 797MB, GPU 319MB, Browser 122MB, Utility 68MB)
2026-08-27T18:18:45.724-04:00 info memory: 1308MB total (Tab 798MB, GPU 320MB, Browser 122MB, Utility 68MB)
2026-08-27T18:19:45.730-04:00 info memory: 1307MB total (Tab 797MB, GPU 319MB, Browser 122MB, Utility 68MB)
2026-08-27T18:20:45.732-04:00 info memory: 1308MB total (Tab 798MB, GPU 319MB, Browser 122MB, Utility 68MB)
2026-08-27T18:21:45.744-04:00 info memory: 1308MB total (Tab 798MB, GPU 319MB, Browser 122MB, Utility 68MB)
2026-08-27T18:22:45.755-04:00 info memory: 1308MB total (Tab 797MB, GPU 320MB, Browser 123MB, Utility 68MB)
2026-08-27T18:23:45.771-04:00 info memory: 1307MB total (Tab 797MB, GPU 319MB, Browser 123MB, Utility 68MB)
2026-08-27T18:24:45.781-04:00 info memory: 1306MB total (Tab 796MB, GPU 319MB, Browser 123MB, Utility 68MB)
2026-08-27T18:25:45.794-04:00 info memory: 1307MB total (Tab 796MB, GPU 320MB, Browser 123MB, Utility 68MB)
2026-08-27T18:26:45.809-04:00 info memory: 1308MB total (Tab 797MB, GPU 320MB, Browser 123MB, Utility 68MB)
2026-08-27T18:27:45.823-04:00 info memory: 1307MB total (Tab 797MB, GPU 319MB, Browser 123MB, Utility 68MB)
2026-08-27T18:28:45.831-04:00 info memory: 1308MB total (Tab 797MB, GPU 320MB, Browser 123MB, Utility 68MB)
2026-08-27T18:29:45.844-04:00 info memory: 1306MB total (Tab 796MB, GPU 319MB, Browser 123MB, Utility 68MB)
2026-08-27T18:30:45.851-04:00 info memory: 1307MB total (Tab 797MB, GPU 319MB, Browser 123MB, Utility 68MB)
2026-08-27T18:31:45.860-04:00 info memory: 1338MB total (Tab 826MB, GPU 322MB, Browser 123MB, Utility 68MB)
2026-08-27T18:32:45.872-04:00 info memory: 1308MB total (Tab 797MB, GPU 320MB, Browser 123MB, Utility 68MB)
2026-08-27T18:33:45.879-04:00 info memory: 1308MB total (Tab 797MB, GPU 320MB, Browser 123MB, Utility 68MB)
2026-08-27T18:34:45.889-04:00 info memory: 1309MB total (Tab 798MB, GPU 320MB, Browser 123MB, Utility 68MB)
2026-08-27T18:35:45.902-04:00 info memory: 1309MB total (Tab 798MB, GPU 320MB, Browser 123MB, Utility 68MB)
2026-08-27T18:36:45.917-04:00 info memory: 1309MB total (Tab 798MB, GPU 320MB, Browser 123MB, Utility 68MB)
2026-08-27T18:37:45.926-04:00 info memory: 1309MB total (Tab 798MB, GPU 320MB, Browser 123MB, Utility 68MB)
2026-08-27T18:38:45.941-04:00 info memory: 1309MB total (Tab 798MB, GPU 319MB, Browser 123MB, Utility 68MB)
2026-08-27T18:39:45.957-04:00 info memory: 1308MB total (Tab 797MB, GPU 320MB, Browser 123MB, Utility 68MB)
2026-08-27T18:40:45.968-04:00 info memory: 1307MB total (Tab 797MB, GPU 320MB, Browser 123MB, Utility 68MB)
2026-08-27T18:41:45.984-04:00 info memory: 1308MB total (Tab 797MB, GPU 320MB, Browser 123MB, Utility 68MB)
2026-08-27T18:42:45.993-04:00 info memory: 1306MB total (Tab 796MB, GPU 319MB, Browser 122MB, Utility 68MB)
2026-08-27T18:43:46.007-04:00 info memory: 1306MB total (Tab 797MB, GPU 319MB, Browser 122MB, Utility 68MB)
2026-08-27T18:44:46.022-04:00 info memory: 1307MB total (Tab 797MB, GPU 320MB, Browser 122MB, Utility 68MB)
2026-08-27T18:45:46.023-04:00 info memory: 1307MB total (Tab 797MB, GPU 320MB, Browser 122MB, Utility 68MB)
2026-08-27T18:46:46.026-04:00 info memory: 1311MB total (Tab 797MB, GPU 324MB, Browser 122MB, Utility 68MB)
2026-08-27T18:47:46.030-04:00 info memory: 1311MB total (Tab 797MB, GPU 324MB, Browser 122MB, Utility 68MB)
2026-08-27T18:48:46.037-04:00 info memory: 1311MB total (Tab 797MB, GPU 324MB, Browser 122MB, Utility 68MB)
2026-08-27T18:49:46.040-04:00 info memory: 1310MB total (Tab 796MB, GPU 324MB, Browser 122MB, Utility 68MB)
2026-08-27T18:50:46.053-04:00 info memory: 1310MB total (Tab 795MB, GPU 324MB, Browser 122MB, Utility 68MB)
2026-08-27T18:51:46.063-04:00 info memory: 1306MB total (Tab 796MB, GPU 320MB, Browser 122MB, Utility 68MB)
2026-08-27T18:52:46.076-04:00 info memory: 1308MB total (Tab 797MB, GPU 320MB, Browser 122MB, Utility 68MB)
2026-08-27T18:53:46.080-04:00 info memory: 1307MB total (Tab 796MB, GPU 320MB, Browser 122MB, Utility 68MB)
2026-08-27T18:54:46.083-04:00 info memory: 1306MB total (Tab 796MB, GPU 320MB, Browser 122MB, Utility 68MB)
2026-08-27T18:55:46.089-04:00 info memory: 1306MB total (Tab 795MB, GPU 320MB, Browser 122MB, Utility 68MB)
2026-08-27T18:56:46.097-04:00 info memory: 1306MB total (Tab 795MB, GPU 320MB, Browser 122MB, Utility 68MB)
2026-08-27T18:57:46.109-04:00 info memory: 1306MB total (Tab 795MB, GPU 320MB, Browser 122MB, Utility 68MB)
2026-08-27T18:58:46.119-04:00 info memory: 1306MB total (Tab 795MB, GPU 320MB, Browser 123MB, Utility 68MB)
2026-08-27T18:59:46.132-04:00 info memory: 1306MB total (Tab 796MB, GPU 320MB, Browser 123MB, Utility 68MB)
2026-08-27T19:00:46.138-04:00 info memory: 1306MB total (Tab 795MB, GPU 320MB, Browser 123MB, Utility 68MB)
2026-08-27T19:01:46.147-04:00 info memory: 1362MB total (Tab 842MB, GPU 330MB, Browser 122MB, Utility 68MB)
2026-08-27T19:02:46.148-04:00 info memory: 1305MB total (Tab 795MB, GPU 320MB, Browser 122MB, Utility 68MB)
2026-08-27T19:03:46.160-04:00 info memory: 1306MB total (Tab 796MB, GPU 320MB, Browser 122MB, Utility 68MB)
2026-08-27T19:04:46.174-04:00 info memory: 1307MB total (Tab 796MB, GPU 320MB, Browser 122MB, Utility 68MB)
2026-08-27T19:05:46.178-04:00 info memory: 1307MB total (Tab 796MB, GPU 320MB, Browser 122MB, Utility 68MB)
2026-08-27T19:06:46.179-04:00 info memory: 1307MB total (Tab 797MB, GPU 320MB, Browser 122MB, Utility 68MB)
2026-08-27T19:07:46.183-04:00 info memory: 1306MB total (Tab 796MB, GPU 320MB, Browser 122MB, Utility 68MB)
2026-08-27T19:08:46.187-04:00 info memory: 1307MB total (Tab 797MB, GPU 320MB, Browser 122MB, Utility 68MB)
2026-08-27T19:09:46.190-04:00 info memory: 1307MB total (Tab 796MB, GPU 320MB, Browser 122MB, Utility 68MB)
2026-08-27T19:10:46.196-04:00 info memory: 1307MB total (Tab 796MB, GPU 320MB, Browser 122MB, Utility 68MB)
2026-08-27T19:11:46.201-04:00 info memory: 1307MB total (Tab 797MB, GPU 320MB, Browser 122MB, Utility 68MB)
2026-08-27T19:12:46.213-04:00 info memory: 1307MB total (Tab 796MB, GPU 320MB, Browser 122MB, Utility 68MB)
2026-08-27T19:13:46.218-04:00 info memory: 1307MB total (Tab 797MB, GPU 320MB, Browser 122MB, Utility 68MB)
2026-08-27T19:14:46.230-04:00 info memory: 1307MB total (Tab 797MB, GPU 320MB, Browser 122MB, Utility 68MB)
2026-08-27T19:15:46.240-04:00 info memory: 1307MB total (Tab 797MB, GPU 320MB, Browser 122MB, Utility 68MB)
2026-08-27T19:16:46.254-04:00 info memory: 1307MB total (Tab 796MB, GPU 320MB, Browser 122MB, Utility 68MB)
2026-08-27T19:17:46.270-04:00 info memory: 1307MB total (Tab 796MB, GPU 320MB, Browser 123MB, Utility 68MB)
2026-08-27T19:18:46.280-04:00 info memory: 1308MB total (Tab 797MB, GPU 320MB, Browser 123MB, Utility 68MB)
2026-08-27T19:19:46.294-04:00 info memory: 1307MB total (Tab 796MB, GPU 320MB, Browser 123MB, Utility 68MB)
2026-08-27T19:20:46.295-04:00 info memory: 1307MB total (Tab 797MB, GPU 320MB, Browser 122MB, Utility 68MB)
2026-08-27T19:21:46.298-04:00 info memory: 1308MB total (Tab 798MB, GPU 320MB, Browser 122MB, Utility 68MB)
2026-08-27T19:22:46.311-04:00 info memory: 1308MB total (Tab 797MB, GPU 320MB, Browser 122MB, Utility 68MB)
2026-08-27T19:23:46.321-04:00 info memory: 1308MB total (Tab 798MB, GPU 320MB, Browser 122MB, Utility 68MB)
2026-08-27T19:24:46.329-04:00 info memory: 1308MB total (Tab 798MB, GPU 320MB, Browser 122MB, Utility 68MB)
2026-08-27T19:25:46.343-04:00 info memory: 1309MB total (Tab 798MB, GPU 320MB, Browser 122MB, Utility 68MB)
2026-08-27T19:26:46.355-04:00 info memory: 1307MB total (Tab 797MB, GPU 320MB, Browser 122MB, Utility 68MB)
2026-08-27T19:27:46.366-04:00 info memory: 1307MB total (Tab 797MB, GPU 320MB, Browser 122MB, Utility 68MB)
2026-08-27T19:28:46.382-04:00 info memory: 1308MB total (Tab 798MB, GPU 320MB, Browser 122MB, Utility 68MB)
2026-08-27T19:29:46.394-04:00 info memory: 1307MB total (Tab 797MB, GPU 320MB, Browser 122MB, Utility 68MB)
2026-08-27T19:30:46.395-04:00 info memory: 1308MB total (Tab 798MB, GPU 320MB, Browser 122MB, Utility 68MB)
2026-08-27T19:31:46.409-04:00 info memory: 1362MB total (Tab 842MB, GPU 330MB, Browser 122MB, Utility 68MB)
2026-08-27T19:32:46.415-04:00 info memory: 1309MB total (Tab 798MB, GPU 320MB, Browser 122MB, Utility 68MB)
2026-08-27T19:33:46.423-04:00 info memory: 1310MB total (Tab 799MB, GPU 320MB, Browser 122MB, Utility 68MB)
2026-08-27T19:34:46.437-04:00 info memory: 1310MB total (Tab 799MB, GPU 320MB, Browser 122MB, Utility 68MB)
2026-08-27T19:35:46.454-04:00 info memory: 1310MB total (Tab 799MB, GPU 320MB, Browser 123MB, Utility 68MB)
2026-08-27T19:36:46.458-04:00 info memory: 1311MB total (Tab 800MB, GPU 320MB, Browser 123MB, Utility 68MB)
2026-08-27T19:37:46.467-04:00 info memory: 1310MB total (Tab 800MB, GPU 320MB, Browser 123MB, Utility 68MB)
2026-08-27T19:38:46.480-04:00 info memory: 1310MB total (Tab 799MB, GPU 320MB, Browser 123MB, Utility 68MB)
2026-08-27T19:39:46.495-04:00 info memory: 1310MB total (Tab 799MB, GPU 320MB, Browser 122MB, Utility 68MB)
2026-08-27T19:40:46.509-04:00 info memory: 1310MB total (Tab 799MB, GPU 320MB, Browser 122MB, Utility 68MB)
2026-08-27T19:41:46.515-04:00 info memory: 1311MB total (Tab 800MB, GPU 320MB, Browser 122MB, Utility 68MB)
2026-08-27T19:42:46.524-04:00 info memory: 1309MB total (Tab 799MB, GPU 320MB, Browser 122MB, Utility 68MB)
2026-08-27T19:43:46.537-04:00 info memory: 1310MB total (Tab 799MB, GPU 320MB, Browser 122MB, Utility 68MB)
2026-08-27T19:44:46.541-04:00 info memory: 1310MB total (Tab 799MB, GPU 320MB, Browser 122MB, Utility 68MB)
2026-08-27T19:45:46.550-04:00 info memory: 1310MB total (Tab 800MB, GPU 320MB, Browser 122MB, Utility 68MB)
2026-08-27T19:46:46.566-04:00 info memory: 1310MB total (Tab 800MB, GPU 320MB, Browser 122MB, Utility 68MB)
2026-08-27T19:47:46.573-04:00 info memory: 1309MB total (Tab 799MB, GPU 320MB, Browser 122MB, Utility 68MB)
2026-08-27T19:48:46.583-04:00 info memory: 1310MB total (Tab 799MB, GPU 320MB, Browser 122MB, Utility 68MB)
2026-08-27T19:49:46.599-04:00 info memory: 1310MB total (Tab 799MB, GPU 320MB, Browser 122MB, Utility 68MB)
2026-08-27T19:50:46.616-04:00 info memory: 1309MB total (Tab 799MB, GPU 320MB, Browser 122MB, Utility 68MB)
2026-08-27T19:51:46.625-04:00 info memory: 1314MB total (Tab 799MB, GPU 325MB, Browser 122MB, Utility 68MB)
2026-08-27T19:52:46.637-04:00 info memory: 1310MB total (Tab 798MB, GPU 321MB, Browser 122MB, Utility 68MB)
2026-08-27T19:53:46.640-04:00 info memory: 1310MB total (Tab 799MB, GPU 320MB, Browser 122MB, Utility 68MB)
2026-08-27T19:54:46.651-04:00 info memory: 1310MB total (Tab 800MB, GPU 320MB, Browser 123MB, Utility 68MB)
2026-08-27T19:55:46.658-04:00 info memory: 1310MB total (Tab 800MB, GPU 320MB, Browser 123MB, Utility 68MB)
2026-08-27T19:56:46.665-04:00 info memory: 1311MB total (Tab 800MB, GPU 320MB, Browser 123MB, Utility 68MB)
2026-08-27T19:57:46.676-04:00 info memory: 1310MB total (Tab 799MB, GPU 320MB, Browser 123MB, Utility 68MB)
2026-08-27T19:58:46.680-04:00 info memory: 1310MB total (Tab 799MB, GPU 320MB, Browser 123MB, Utility 68MB)
2026-08-27T19:59:46.694-04:00 info memory: 1309MB total (Tab 799MB, GPU 320MB, Browser 122MB, Utility 68MB)
2026-08-27T20:00:46.697-04:00 info memory: 1310MB total (Tab 799MB, GPU 320MB, Browser 122MB, Utility 68MB)
2026-08-27T20:01:46.699-04:00 info memory: 1363MB total (Tab 842MB, GPU 330MB, Browser 122MB, Utility 69MB)
2026-08-27T20:02:46.711-04:00 info memory: 1311MB total (Tab 801MB, GPU 320MB, Browser 122MB, Utility 68MB)
2026-08-27T20:03:46.717-04:00 info memory: 1311MB total (Tab 800MB, GPU 320MB, Browser 122MB, Utility 68MB)
2026-08-27T20:04:46.728-04:00 info memory: 1311MB total (Tab 801MB, GPU 320MB, Browser 122MB, Utility 68MB)
2026-08-27T20:05:46.728-04:00 info memory: 1311MB total (Tab 801MB, GPU 320MB, Browser 122MB, Utility 68MB)
2026-08-27T20:06:46.743-04:00 info memory: 1311MB total (Tab 800MB, GPU 320MB, Browser 122MB, Utility 68MB)
2026-08-27T20:07:46.755-04:00 info memory: 1311MB total (Tab 800MB, GPU 320MB, Browser 122MB, Utility 68MB)
2026-08-27T20:08:46.766-04:00 info memory: 1311MB total (Tab 800MB, GPU 320MB, Browser 122MB, Utility 68MB)
2026-08-27T20:09:46.774-04:00 info memory: 1311MB total (Tab 801MB, GPU 320MB, Browser 122MB, Utility 68MB)
2026-08-27T20:10:46.785-04:00 info memory: 1311MB total (Tab 800MB, GPU 320MB, Browser 122MB, Utility 68MB)
2026-08-27T20:11:46.789-04:00 info memory: 1311MB total (Tab 801MB, GPU 320MB, Browser 122MB, Utility 68MB)
2026-08-27T20:12:46.800-04:00 info memory: 1311MB total (Tab 801MB, GPU 320MB, Browser 123MB, Utility 68MB)
2026-08-27T20:13:46.809-04:00 info memory: 1312MB total (Tab 801MB, GPU 320MB, Browser 123MB, Utility 68MB)
2026-08-27T20:14:46.823-04:00 info memory: 1311MB total (Tab 800MB, GPU 320MB, Browser 123MB, Utility 68MB)
2026-08-27T20:15:46.833-04:00 info memory: 1311MB total (Tab 800MB, GPU 320MB, Browser 123MB, Utility 68MB)
2026-08-27T20:16:46.833-04:00 info memory: 1311MB total (Tab 800MB, GPU 320MB, Browser 123MB, Utility 68MB)
2026-08-27T20:17:46.846-04:00 info memory: 1311MB total (Tab 800MB, GPU 320MB, Browser 123MB, Utility 68MB)
2026-08-27T20:18:46.849-04:00 info memory: 1310MB total (Tab 800MB, GPU 320MB, Browser 122MB, Utility 68MB)
2026-08-27T20:19:46.848-04:00 info memory: 1311MB total (Tab 800MB, GPU 320MB, Browser 122MB, Utility 68MB)
2026-08-27T20:20:46.861-04:00 info memory: 1310MB total (Tab 800MB, GPU 320MB, Browser 122MB, Utility 68MB)
2026-08-27T20:21:46.863-04:00 info memory: 1310MB total (Tab 799MB, GPU 320MB, Browser 122MB, Utility 68MB)
2026-08-27T20:22:46.872-04:00 info memory: 1310MB total (Tab 799MB, GPU 320MB, Browser 122MB, Utility 68MB)
2026-08-27T20:23:46.885-04:00 info memory: 1310MB total (Tab 800MB, GPU 320MB, Browser 122MB, Utility 68MB)
2026-08-27T20:24:46.900-04:00 info memory: 1310MB total (Tab 800MB, GPU 320MB, Browser 122MB, Utility 68MB)
2026-08-27T20:25:46.909-04:00 info memory: 1311MB total (Tab 800MB, GPU 320MB, Browser 122MB, Utility 68MB)
2026-08-27T20:26:46.920-04:00 info memory: 1310MB total (Tab 799MB, GPU 320MB, Browser 122MB, Utility 68MB)
2026-08-27T20:27:46.934-04:00 info memory: 1310MB total (Tab 799MB, GPU 320MB, Browser 122MB, Utility 68MB)
2026-08-27T20:28:46.935-04:00 info memory: 1310MB total (Tab 800MB, GPU 320MB, Browser 122MB, Utility 68MB)
2026-08-27T20:29:46.942-04:00 info memory: 1311MB total (Tab 800MB, GPU 320MB, Browser 122MB, Utility 68MB)
2026-08-27T20:30:46.956-04:00 info memory: 1311MB total (Tab 800MB, GPU 320MB, Browser 122MB, Utility 68MB)
2026-08-27T20:31:46.971-04:00 info memory: 1354MB total (Tab 833MB, GPU 330MB, Browser 123MB, Utility 68MB)
2026-08-27T20:32:46.976-04:00 info memory: 1311MB total (Tab 801MB, GPU 320MB, Browser 123MB, Utility 68MB)
2026-08-27T20:33:46.977-04:00 info memory: 1311MB total (Tab 800MB, GPU 320MB, Browser 123MB, Utility 68MB)
2026-08-27T20:34:46.979-04:00 info memory: 1312MB total (Tab 801MB, GPU 321MB, Browser 123MB, Utility 68MB)
2026-08-27T20:35:46.982-04:00 info memory: 1312MB total (Tab 800MB, GPU 320MB, Browser 123MB, Utility 68MB)
2026-08-27T20:36:46.986-04:00 info memory: 1312MB total (Tab 801MB, GPU 320MB, Browser 123MB, Utility 68MB)
2026-08-27T20:37:47.002-04:00 info memory: 1311MB total (Tab 800MB, GPU 320MB, Browser 123MB, Utility 68MB)
2026-08-27T20:38:47.010-04:00 info memory: 1311MB total (Tab 800MB, GPU 320MB, Browser 122MB, Utility 68MB)
2026-08-27T20:39:47.012-04:00 info memory: 1311MB total (Tab 800MB, GPU 320MB, Browser 122MB, Utility 68MB)
2026-08-27T20:40:47.024-04:00 info memory: 1311MB total (Tab 800MB, GPU 320MB, Browser 122MB, Utility 68MB)
2026-08-27T20:41:47.037-04:00 info memory: 1311MB total (Tab 800MB, GPU 320MB, Browser 122MB, Utility 68MB)
2026-08-27T20:42:47.043-04:00 info memory: 1311MB total (Tab 800MB, GPU 320MB, Browser 122MB, Utility 68MB)
2026-08-27T20:43:47.060-04:00 info memory: 1312MB total (Tab 801MB, GPU 320MB, Browser 122MB, Utility 68MB)
2026-08-27T20:44:47.065-04:00 info memory: 1312MB total (Tab 801MB, GPU 320MB, Browser 122MB, Utility 68MB)
2026-08-27T20:45:47.080-04:00 info memory: 1311MB total (Tab 800MB, GPU 320MB, Browser 122MB, Utility 68MB)
2026-08-27T20:46:47.092-04:00 info memory: 1312MB total (Tab 801MB, GPU 320MB, Browser 123MB, Utility 68MB)
2026-08-27T20:47:47.106-04:00 info memory: 1312MB total (Tab 801MB, GPU 320MB, Browser 123MB, Utility 68MB)
2026-08-27T20:48:47.113-04:00 info memory: 1312MB total (Tab 801MB, GPU 320MB, Browser 123MB, Utility 68MB)
2026-08-27T20:49:47.127-04:00 info memory: 1311MB total (Tab 800MB, GPU 320MB, Browser 123MB, Utility 68MB)
2026-08-27T20:50:47.143-04:00 info memory: 1311MB total (Tab 800MB, GPU 320MB, Browser 123MB, Utility 68MB)
2026-08-27T20:51:47.145-04:00 info memory: 1312MB total (Tab 801MB, GPU 320MB, Browser 123MB, Utility 68MB)
2026-08-27T20:52:47.147-04:00 info memory: 1312MB total (Tab 800MB, GPU 321MB, Browser 123MB, Utility 68MB)
2026-08-27T20:53:47.156-04:00 info memory: 1312MB total (Tab 801MB, GPU 320MB, Browser 123MB, Utility 68MB)
2026-08-27T20:54:47.165-04:00 info memory: 1313MB total (Tab 801MB, GPU 320MB, Browser 123MB, Utility 68MB)
2026-08-27T20:55:47.166-04:00 info memory: 1313MB total (Tab 801MB, GPU 321MB, Browser 123MB, Utility 68MB)
2026-08-27T20:56:47.181-04:00 info memory: 1313MB total (Tab 801MB, GPU 320MB, Browser 123MB, Utility 68MB)
2026-08-27T20:57:47.195-04:00 info memory: 1311MB total (Tab 800MB, GPU 320MB, Browser 122MB, Utility 68MB)
2026-08-27T20:58:47.210-04:00 info memory: 1312MB total (Tab 801MB, GPU 320MB, Browser 122MB, Utility 68MB)
2026-08-27T20:59:47.219-04:00 info memory: 1313MB total (Tab 801MB, GPU 321MB, Browser 122MB, Utility 68MB)
2026-08-27T21:00:47.224-04:00 info memory: 1312MB total (Tab 801MB, GPU 321MB, Browser 122MB, Utility 68MB)
2026-08-27T21:01:47.239-04:00 info memory: 1365MB total (Tab 847MB, GPU 326MB, Browser 122MB, Utility 69MB)
2026-08-27T21:02:47.255-04:00 info memory: 1313MB total (Tab 801MB, GPU 321MB, Browser 123MB, Utility 68MB)
2026-08-27T21:03:47.269-04:00 info memory: 1313MB total (Tab 801MB, GPU 321MB, Browser 123MB, Utility 68MB)
2026-08-27T21:04:47.280-04:00 info memory: 1313MB total (Tab 802MB, GPU 320MB, Browser 123MB, Utility 68MB)
2026-08-27T21:05:47.296-04:00 info memory: 1311MB total (Tab 800MB, GPU 320MB, Browser 123MB, Utility 68MB)
2026-08-27T21:06:47.304-04:00 info memory: 1312MB total (Tab 801MB, GPU 320MB, Browser 123MB, Utility 68MB)
2026-08-27T21:07:47.317-04:00 info memory: 1311MB total (Tab 800MB, GPU 320MB, Browser 123MB, Utility 68MB)
2026-08-27T21:08:47.321-04:00 info memory: 1311MB total (Tab 800MB, GPU 320MB, Browser 123MB, Utility 68MB)
2026-08-27T21:09:47.338-04:00 info memory: 1312MB total (Tab 801MB, GPU 320MB, Browser 123MB, Utility 68MB)
2026-08-27T21:10:47.346-04:00 info memory: 1312MB total (Tab 801MB, GPU 320MB, Browser 123MB, Utility 68MB)
2026-08-27T21:11:47.353-04:00 info memory: 1312MB total (Tab 801MB, GPU 320MB, Browser 123MB, Utility 68MB)
2026-08-27T21:12:47.359-04:00 info memory: 1312MB total (Tab 801MB, GPU 320MB, Browser 123MB, Utility 68MB)
2026-08-27T21:13:47.361-04:00 info memory: 1312MB total (Tab 801MB, GPU 320MB, Browser 123MB, Utility 68MB)
2026-08-27T21:14:47.361-04:00 info memory: 1312MB total (Tab 801MB, GPU 320MB, Browser 123MB, Utility 68MB)
2026-08-27T21:15:47.373-04:00 info memory: 1312MB total (Tab 801MB, GPU 320MB, Browser 123MB, Utility 68MB)
2026-08-27T21:16:47.387-04:00 info memory: 1312MB total (Tab 801MB, GPU 320MB, Browser 123MB, Utility 68MB)
2026-08-27T21:17:47.393-04:00 info memory: 1311MB total (Tab 801MB, GPU 320MB, Browser 122MB, Utility 68MB)
2026-08-27T21:18:47.403-04:00 info memory: 1312MB total (Tab 801MB, GPU 320MB, Browser 122MB, Utility 68MB)
2026-08-27T21:19:47.417-04:00 info memory: 1312MB total (Tab 801MB, GPU 320MB, Browser 122MB, Utility 68MB)
2026-08-27T21:20:47.425-04:00 info memory: 1316MB total (Tab 801MB, GPU 324MB, Browser 122MB, Utility 68MB)
2026-08-27T21:21:47.439-04:00 info memory: 1312MB total (Tab 802MB, GPU 320MB, Browser 123MB, Utility 68MB)
2026-08-27T21:22:47.449-04:00 info memory: 1313MB total (Tab 802MB, GPU 320MB, Browser 123MB, Utility 68MB)
2026-08-27T21:23:47.462-04:00 info memory: 1312MB total (Tab 801MB, GPU 320MB, Browser 123MB, Utility 68MB)
2026-08-27T21:24:47.467-04:00 info memory: 1312MB total (Tab 801MB, GPU 320MB, Browser 123MB, Utility 68MB)
2026-08-27T21:25:47.467-04:00 info memory: 1312MB total (Tab 801MB, GPU 320MB, Browser 123MB, Utility 68MB)
2026-08-27T21:26:47.483-04:00 info memory: 1316MB total (Tab 801MB, GPU 324MB, Browser 123MB, Utility 68MB)
2026-08-27T21:27:47.497-04:00 info memory: 1316MB total (Tab 801MB, GPU 324MB, Browser 123MB, Utility 68MB)
2026-08-27T21:28:47.507-04:00 info memory: 1317MB total (Tab 802MB, GPU 324MB, Browser 123MB, Utility 68MB)
2026-08-27T21:29:47.511-04:00 info memory: 1316MB total (Tab 801MB, GPU 324MB, Browser 123MB, Utility 68MB)
2026-08-27T21:30:47.528-04:00 info memory: 1312MB total (Tab 801MB, GPU 320MB, Browser 123MB, Utility 68MB)
2026-08-27T21:31:47.542-04:00 info memory: 1367MB total (Tab 846MB, GPU 330MB, Browser 123MB, Utility 68MB)
2026-08-27T21:32:47.552-04:00 info memory: 1313MB total (Tab 800MB, GPU 321MB, Browser 123MB, Utility 68MB)
2026-08-27T21:33:47.552-04:00 info memory: 1312MB total (Tab 800MB, GPU 321MB, Browser 123MB, Utility 68MB)
2026-08-27T21:34:47.555-04:00 info memory: 1313MB total (Tab 800MB, GPU 322MB, Browser 123MB, Utility 68MB)
2026-08-27T21:35:47.561-04:00 info memory: 1313MB total (Tab 800MB, GPU 322MB, Browser 123MB, Utility 68MB)
2026-08-27T21:36:47.564-04:00 info memory: 1313MB total (Tab 801MB, GPU 322MB, Browser 122MB, Utility 68MB)
2026-08-27T21:37:47.576-04:00 info memory: 1313MB total (Tab 801MB, GPU 321MB, Browser 122MB, Utility 68MB)
2026-08-27T21:38:47.580-04:00 info memory: 1313MB total (Tab 801MB, GPU 321MB, Browser 123MB, Utility 68MB)
2026-08-27T21:39:47.584-04:00 info memory: 1314MB total (Tab 801MB, GPU 321MB, Browser 123MB, Utility 68MB)
2026-08-27T21:40:47.595-04:00 info memory: 1318MB total (Tab 802MB, GPU 326MB, Browser 123MB, Utility 68MB)
2026-08-27T21:41:47.596-04:00 info memory: 1314MB total (Tab 801MB, GPU 322MB, Browser 123MB, Utility 68MB)
2026-08-27T21:42:47.601-04:00 info memory: 1313MB total (Tab 801MB, GPU 322MB, Browser 123MB, Utility 68MB)
2026-08-27T21:43:47.606-04:00 info memory: 1313MB total (Tab 801MB, GPU 321MB, Browser 123MB, Utility 68MB)
2026-08-27T21:44:47.618-04:00 info memory: 1314MB total (Tab 802MB, GPU 322MB, Browser 123MB, Utility 68MB)
2026-08-27T21:45:47.634-04:00 info memory: 1318MB total (Tab 801MB, GPU 326MB, Browser 123MB, Utility 68MB)
2026-08-27T21:46:47.648-04:00 info memory: 1317MB total (Tab 801MB, GPU 325MB, Browser 123MB, Utility 68MB)
2026-08-27T21:47:47.650-04:00 info memory: 1313MB total (Tab 800MB, GPU 321MB, Browser 123MB, Utility 68MB)
2026-08-27T21:48:47.661-04:00 info memory: 1313MB total (Tab 801MB, GPU 321MB, Browser 123MB, Utility 68MB)
2026-08-27T21:49:47.668-04:00 info memory: 1313MB total (Tab 801MB, GPU 321MB, Browser 123MB, Utility 68MB)
2026-08-27T21:50:47.676-04:00 info memory: 1312MB total (Tab 800MB, GPU 321MB, Browser 123MB, Utility 68MB)
2026-08-27T21:51:47.680-04:00 info memory: 1313MB total (Tab 800MB, GPU 322MB, Browser 123MB, Utility 68MB)
2026-08-27T21:52:47.687-04:00 info memory: 1313MB total (Tab 801MB, GPU 321MB, Browser 123MB, Utility 68MB)
2026-08-27T21:53:47.698-04:00 info memory: 1312MB total (Tab 800MB, GPU 320MB, Browser 123MB, Utility 68MB)
2026-08-27T21:54:47.701-04:00 info memory: 1312MB total (Tab 801MB, GPU 320MB, Browser 123MB, Utility 68MB)
2026-08-27T21:55:47.713-04:00 info memory: 1312MB total (Tab 801MB, GPU 320MB, Browser 122MB, Utility 68MB)
2026-08-27T21:56:47.724-04:00 info memory: 1313MB total (Tab 802MB, GPU 320MB, Browser 122MB, Utility 68MB)
2026-08-27T21:57:47.731-04:00 info memory: 1312MB total (Tab 801MB, GPU 320MB, Browser 123MB, Utility 68MB)
2026-08-27T21:58:47.734-04:00 info memory: 1312MB total (Tab 801MB, GPU 320MB, Browser 123MB, Utility 68MB)
2026-08-27T21:59:47.741-04:00 info memory: 1312MB total (Tab 801MB, GPU 320MB, Browser 123MB, Utility 68MB)
2026-08-27T22:00:47.753-04:00 info memory: 1311MB total (Tab 800MB, GPU 320MB, Browser 123MB, Utility 68MB)
2026-08-27T22:01:47.764-04:00 info memory: 1365MB total (Tab 844MB, GPU 330MB, Browser 123MB, Utility 68MB)
2026-08-27T22:02:47.768-04:00 info memory: 1315MB total (Tab 801MB, GPU 323MB, Browser 123MB, Utility 68MB)
2026-08-27T22:03:47.785-04:00 info memory: 1316MB total (Tab 801MB, GPU 323MB, Browser 123MB, Utility 68MB)
2026-08-27T22:04:47.793-04:00 info memory: 1313MB total (Tab 801MB, GPU 321MB, Browser 123MB, Utility 68MB)
2026-08-27T22:05:47.804-04:00 info memory: 1313MB total (Tab 801MB, GPU 320MB, Browser 123MB, Utility 68MB)
2026-08-27T22:06:47.808-04:00 info memory: 1312MB total (Tab 801MB, GPU 320MB, Browser 123MB, Utility 68MB)
2026-08-27T22:07:47.820-04:00 info memory: 1312MB total (Tab 801MB, GPU 320MB, Browser 123MB, Utility 68MB)
2026-08-27T22:08:47.826-04:00 info memory: 1313MB total (Tab 801MB, GPU 320MB, Browser 123MB, Utility 68MB)
2026-08-27T22:09:47.838-04:00 info memory: 1312MB total (Tab 801MB, GPU 320MB, Browser 123MB, Utility 68MB)
2026-08-27T22:10:47.842-04:00 info memory: 1313MB total (Tab 801MB, GPU 320MB, Browser 123MB, Utility 68MB)
2026-08-27T22:11:47.843-04:00 info memory: 1313MB total (Tab 802MB, GPU 320MB, Browser 123MB, Utility 68MB)
2026-08-27T22:12:47.846-04:00 info memory: 1313MB total (Tab 801MB, GPU 320MB, Browser 123MB, Utility 68MB)
2026-08-27T22:13:47.856-04:00 info memory: 1314MB total (Tab 802MB, GPU 320MB, Browser 123MB, Utility 68MB)
2026-08-27T22:14:47.868-04:00 info memory: 1313MB total (Tab 802MB, GPU 320MB, Browser 122MB, Utility 68MB)
2026-08-27T22:15:47.870-04:00 info memory: 1316MB total (Tab 801MB, GPU 324MB, Browser 123MB, Utility 68MB)
2026-08-27T22:16:47.879-04:00 info memory: 1311MB total (Tab 801MB, GPU 320MB, Browser 123MB, Utility 68MB)
2026-08-27T22:17:47.885-04:00 info memory: 1311MB total (Tab 801MB, GPU 320MB, Browser 123MB, Utility 68MB)
2026-08-27T22:18:47.897-04:00 info memory: 1313MB total (Tab 802MB, GPU 320MB, Browser 123MB, Utility 68MB)
2026-08-27T22:19:47.905-04:00 info memory: 1313MB total (Tab 802MB, GPU 320MB, Browser 123MB, Utility 68MB)
2026-08-27T22:20:47.913-04:00 info memory: 1314MB total (Tab 803MB, GPU 320MB, Browser 123MB, Utility 68MB)
2026-08-27T22:21:47.928-04:00 info memory: 1314MB total (Tab 803MB, GPU 320MB, Browser 123MB, Utility 68MB)
2026-08-27T22:22:47.940-04:00 info memory: 1314MB total (Tab 802MB, GPU 321MB, Browser 123MB, Utility 68MB)
2026-08-27T22:23:47.946-04:00 info memory: 1315MB total (Tab 803MB, GPU 321MB, Browser 123MB, Utility 68MB)
2026-08-27T22:24:47.959-04:00 info memory: 1313MB total (Tab 802MB, GPU 321MB, Browser 123MB, Utility 68MB)
2026-08-27T22:25:47.960-04:00 info memory: 1314MB total (Tab 802MB, GPU 321MB, Browser 123MB, Utility 68MB)
2026-08-27T22:26:47.961-04:00 info memory: 1314MB total (Tab 802MB, GPU 320MB, Browser 123MB, Utility 68MB)
2026-08-27T22:27:47.967-04:00 info memory: 1314MB total (Tab 802MB, GPU 320MB, Browser 123MB, Utility 68MB)
2026-08-27T22:28:47.976-04:00 info memory: 1314MB total (Tab 803MB, GPU 320MB, Browser 123MB, Utility 68MB)
2026-08-27T22:29:47.997-04:00 info memory: 1314MB total (Tab 802MB, GPU 320MB, Browser 123MB, Utility 68MB)
2026-08-27T22:30:48.008-04:00 info memory: 1314MB total (Tab 802MB, GPU 321MB, Browser 123MB, Utility 68MB)
2026-08-27T22:31:48.031-04:00 info memory: 1326MB total (Tab 804MB, GPU 330MB, Browser 123MB, Utility 68MB)
2026-08-27T22:32:48.044-04:00 info memory: 1322MB total (Tab 809MB, GPU 322MB, Browser 123MB, Utility 68MB)
2026-08-27T22:33:48.055-04:00 info memory: 1322MB total (Tab 809MB, GPU 322MB, Browser 123MB, Utility 68MB)
2026-08-27T22:34:48.073-04:00 info memory: 1321MB total (Tab 808MB, GPU 322MB, Browser 123MB, Utility 68MB)
2026-08-27T22:35:48.093-04:00 info memory: 1322MB total (Tab 809MB, GPU 322MB, Browser 123MB, Utility 68MB)
2026-08-27T22:36:48.115-04:00 info memory: 1322MB total (Tab 809MB, GPU 322MB, Browser 123MB, Utility 68MB)
2026-08-27T22:37:48.132-04:00 info memory: 1322MB total (Tab 809MB, GPU 322MB, Browser 123MB, Utility 68MB)
2026-08-27T22:38:48.152-04:00 info memory: 1321MB total (Tab 808MB, GPU 322MB, Browser 123MB, Utility 68MB)
2026-08-27T22:39:48.174-04:00 info memory: 1321MB total (Tab 808MB, GPU 322MB, Browser 123MB, Utility 68MB)
2026-08-27T22:40:48.187-04:00 info memory: 1322MB total (Tab 808MB, GPU 322MB, Browser 123MB, Utility 68MB)
2026-08-27T22:41:48.207-04:00 info memory: 1321MB total (Tab 808MB, GPU 322MB, Browser 123MB, Utility 68MB)
2026-08-27T22:42:48.217-04:00 info memory: 1322MB total (Tab 808MB, GPU 322MB, Browser 123MB, Utility 68MB)
2026-08-27T22:43:48.233-04:00 info memory: 1322MB total (Tab 808MB, GPU 322MB, Browser 123MB, Utility 68MB)
2026-08-27T22:44:48.247-04:00 info memory: 1321MB total (Tab 808MB, GPU 322MB, Browser 123MB, Utility 68MB)
2026-08-27T22:45:48.263-04:00 info memory: 1323MB total (Tab 809MB, GPU 322MB, Browser 124MB, Utility 69MB)
2026-08-27T22:46:48.283-04:00 info memory: 1322MB total (Tab 808MB, GPU 322MB, Browser 124MB, Utility 69MB)
2026-08-27T22:47:48.291-04:00 info memory: 1323MB total (Tab 809MB, GPU 322MB, Browser 124MB, Utility 69MB)
2026-08-27T22:48:48.314-04:00 info memory: 1323MB total (Tab 809MB, GPU 322MB, Browser 124MB, Utility 69MB)
2026-08-27T22:49:48.325-04:00 info memory: 1322MB total (Tab 808MB, GPU 322MB, Browser 124MB, Utility 69MB)
2026-08-27T22:50:48.345-04:00 info memory: 1323MB total (Tab 809MB, GPU 322MB, Browser 124MB, Utility 68MB)
2026-08-27T22:51:48.358-04:00 info memory: 1322MB total (Tab 808MB, GPU 322MB, Browser 123MB, Utility 68MB)
2026-08-27T22:52:48.381-04:00 info memory: 1319MB total (Tab 806MB, GPU 322MB, Browser 123MB, Utility 68MB)
2026-08-27T22:53:48.400-04:00 info memory: 1319MB total (Tab 805MB, GPU 322MB, Browser 123MB, Utility 68MB)
2026-08-27T22:54:48.416-04:00 info memory: 1319MB total (Tab 805MB, GPU 322MB, Browser 123MB, Utility 68MB)
2026-08-27T22:55:48.435-04:00 info memory: 1320MB total (Tab 806MB, GPU 322MB, Browser 123MB, Utility 68MB)
2026-08-27T22:56:48.446-04:00 info memory: 1319MB total (Tab 805MB, GPU 322MB, Browser 123MB, Utility 68MB)
2026-08-27T22:57:48.459-04:00 info memory: 1320MB total (Tab 806MB, GPU 322MB, Browser 123MB, Utility 68MB)
2026-08-27T22:58:48.482-04:00 info memory: 1320MB total (Tab 806MB, GPU 322MB, Browser 123MB, Utility 68MB)
2026-08-27T22:59:48.491-04:00 info memory: 1320MB total (Tab 806MB, GPU 322MB, Browser 123MB, Utility 68MB)
2026-08-27T23:00:48.505-04:00 info memory: 1321MB total (Tab 806MB, GPU 322MB, Browser 123MB, Utility 68MB)
2026-08-27T23:01:48.523-04:00 info memory: 1334MB total (Tab 810MB, GPU 332MB, Browser 124MB, Utility 69MB)
2026-08-27T23:02:48.528-04:00 info memory: 1321MB total (Tab 806MB, GPU 323MB, Browser 124MB, Utility 69MB)
2026-08-27T23:03:48.533-04:00 info memory: 1321MB total (Tab 806MB, GPU 322MB, Browser 124MB, Utility 68MB)
2026-08-27T23:04:48.542-04:00 info memory: 1320MB total (Tab 806MB, GPU 322MB, Browser 124MB, Utility 68MB)
2026-08-27T23:05:48.555-04:00 info memory: 1320MB total (Tab 805MB, GPU 322MB, Browser 124MB, Utility 68MB)
2026-08-27T23:06:48.560-04:00 info memory: 1320MB total (Tab 805MB, GPU 322MB, Browser 124MB, Utility 68MB)
2026-08-27T23:07:48.568-04:00 info memory: 1320MB total (Tab 806MB, GPU 322MB, Browser 124MB, Utility 68MB)
2026-08-27T23:08:48.572-04:00 info memory: 1318MB total (Tab 806MB, GPU 321MB, Browser 124MB, Utility 68MB)
2026-08-27T23:09:48.589-04:00 info memory: 1317MB total (Tab 804MB, GPU 321MB, Browser 124MB, Utility 68MB)
2026-08-27T23:10:48.597-04:00 info memory: 1318MB total (Tab 805MB, GPU 321MB, Browser 124MB, Utility 68MB)
2026-08-27T23:11:48.600-04:00 info memory: 1318MB total (Tab 805MB, GPU 321MB, Browser 124MB, Utility 68MB)
2026-08-27T23:12:48.618-04:00 info memory: 1318MB total (Tab 805MB, GPU 321MB, Browser 124MB, Utility 68MB)
2026-08-27T23:13:48.631-04:00 info memory: 1318MB total (Tab 805MB, GPU 321MB, Browser 124MB, Utility 68MB)
2026-08-27T23:14:48.641-04:00 info memory: 1318MB total (Tab 805MB, GPU 321MB, Browser 124MB, Utility 68MB)
2026-08-27T23:15:48.654-04:00 info memory: 1318MB total (Tab 805MB, GPU 321MB, Browser 124MB, Utility 68MB)
2026-08-27T23:16:48.672-04:00 info memory: 1318MB total (Tab 804MB, GPU 321MB, Browser 124MB, Utility 68MB)
2026-08-27T23:17:48.685-04:00 info memory: 1318MB total (Tab 805MB, GPU 321MB, Browser 124MB, Utility 68MB)
2026-08-27T23:18:48.692-04:00 info memory: 1318MB total (Tab 805MB, GPU 321MB, Browser 124MB, Utility 68MB)
2026-08-27T23:19:48.698-04:00 info memory: 1318MB total (Tab 805MB, GPU 320MB, Browser 124MB, Utility 68MB)
2026-08-27T23:20:48.714-04:00 info memory: 1319MB total (Tab 805MB, GPU 320MB, Browser 124MB, Utility 68MB)
2026-08-27T23:21:48.730-04:00 info memory: 1318MB total (Tab 805MB, GPU 320MB, Browser 124MB, Utility 68MB)
2026-08-27T23:22:48.739-04:00 info memory: 1319MB total (Tab 805MB, GPU 321MB, Browser 124MB, Utility 68MB)
2026-08-27T23:23:48.753-04:00 info memory: 1323MB total (Tab 805MB, GPU 325MB, Browser 124MB, Utility 68MB)
2026-08-27T23:24:48.767-04:00 info memory: 1319MB total (Tab 805MB, GPU 321MB, Browser 125MB, Utility 68MB)
2026-08-27T23:25:48.781-04:00 info memory: 1319MB total (Tab 805MB, GPU 321MB, Browser 125MB, Utility 68MB)
2026-08-27T23:26:48.792-04:00 info memory: 1319MB total (Tab 805MB, GPU 321MB, Browser 125MB, Utility 68MB)
2026-08-27T23:27:48.812-04:00 info memory: 1319MB total (Tab 806MB, GPU 320MB, Browser 125MB, Utility 68MB)
2026-08-27T23:28:48.822-04:00 info memory: 1318MB total (Tab 805MB, GPU 321MB, Browser 125MB, Utility 68MB)
2026-08-27T23:29:48.830-04:00 info memory: 1319MB total (Tab 805MB, GPU 321MB, Browser 125MB, Utility 68MB)
2026-08-27T23:30:48.849-04:00 info memory: 1319MB total (Tab 806MB, GPU 321MB, Browser 124MB, Utility 68MB)
2026-08-27T23:31:48.864-04:00 info memory: 1330MB total (Tab 810MB, GPU 327MB, Browser 124MB, Utility 69MB)
2026-08-27T23:32:48.870-04:00 info memory: 1319MB total (Tab 806MB, GPU 320MB, Browser 124MB, Utility 69MB)
2026-08-27T23:33:48.874-04:00 info memory: 1319MB total (Tab 806MB, GPU 320MB, Browser 124MB, Utility 69MB)
2026-08-27T23:34:48.880-04:00 info memory: 1317MB total (Tab 804MB, GPU 320MB, Browser 124MB, Utility 69MB)
2026-08-27T23:35:48.886-04:00 info memory: 1318MB total (Tab 805MB, GPU 320MB, Browser 124MB, Utility 69MB)
2026-08-27T23:36:48.895-04:00 info memory: 1318MB total (Tab 805MB, GPU 320MB, Browser 124MB, Utility 69MB)
2026-08-27T23:37:48.908-04:00 info memory: 1319MB total (Tab 805MB, GPU 321MB, Browser 124MB, Utility 69MB)
2026-08-27T23:38:48.916-04:00 info memory: 1319MB total (Tab 805MB, GPU 321MB, Browser 124MB, Utility 69MB)
2026-08-27T23:39:48.932-04:00 info memory: 1323MB total (Tab 805MB, GPU 325MB, Browser 124MB, Utility 69MB)
2026-08-27T23:40:48.936-04:00 info memory: 1323MB total (Tab 806MB, GPU 325MB, Browser 124MB, Utility 69MB)
2026-08-27T23:41:48.952-04:00 info memory: 1323MB total (Tab 805MB, GPU 324MB, Browser 124MB, Utility 69MB)
2026-08-27T23:42:48.960-04:00 info memory: 1319MB total (Tab 806MB, GPU 320MB, Browser 124MB, Utility 69MB)
2026-08-27T23:43:48.970-04:00 info memory: 1319MB total (Tab 806MB, GPU 320MB, Browser 124MB, Utility 69MB)
2026-08-27T23:44:48.983-04:00 info memory: 1318MB total (Tab 805MB, GPU 320MB, Browser 124MB, Utility 69MB)
2026-08-27T23:45:48.988-04:00 info memory: 1323MB total (Tab 806MB, GPU 325MB, Browser 124MB, Utility 69MB)
2026-08-27T23:46:48.996-04:00 info memory: 1319MB total (Tab 806MB, GPU 320MB, Browser 124MB, Utility 69MB)
2026-08-27T23:47:49.007-04:00 info memory: 1318MB total (Tab 805MB, GPU 320MB, Browser 124MB, Utility 69MB)
2026-08-27T23:48:49.015-04:00 info memory: 1318MB total (Tab 805MB, GPU 320MB, Browser 124MB, Utility 69MB)
2026-08-27T23:49:49.021-04:00 info memory: 1319MB total (Tab 806MB, GPU 320MB, Browser 124MB, Utility 69MB)
2026-08-27T23:50:49.028-04:00 info memory: 1318MB total (Tab 806MB, GPU 320MB, Browser 124MB, Utility 69MB)
2026-08-27T23:51:49.035-04:00 info memory: 1318MB total (Tab 806MB, GPU 320MB, Browser 124MB, Utility 69MB)
2026-08-27T23:52:49.050-04:00 info memory: 1318MB total (Tab 805MB, GPU 320MB, Browser 124MB, Utility 69MB)
2026-08-27T23:53:49.060-04:00 info memory: 1322MB total (Tab 805MB, GPU 324MB, Browser 124MB, Utility 69MB)
2026-08-27T23:54:49.077-04:00 info memory: 1322MB total (Tab 806MB, GPU 324MB, Browser 124MB, Utility 69MB)
2026-08-27T23:55:49.094-04:00 info memory: 1319MB total (Tab 806MB, GPU 320MB, Browser 124MB, Utility 69MB)
2026-08-27T23:56:49.098-04:00 info memory: 1318MB total (Tab 806MB, GPU 320MB, Browser 124MB, Utility 69MB)
2026-08-27T23:57:49.113-04:00 info memory: 1318MB total (Tab 805MB, GPU 320MB, Browser 124MB, Utility 69MB)
2026-08-27T23:58:49.125-04:00 info memory: 1317MB total (Tab 805MB, GPU 320MB, Browser 124MB, Utility 69MB)
2026-08-27T23:59:49.137-04:00 info memory: 1318MB total (Tab 805MB, GPU 320MB, Browser 124MB, Utility 69MB)
2026-08-28T00:00:49.155-04:00 info memory: 1319MB total (Tab 806MB, GPU 320MB, Browser 124MB, Utility 69MB)
2026-08-28T00:01:49.168-04:00 info memory: 1332MB total (Tab 812MB, GPU 327MB, Browser 124MB, Utility 69MB)
2026-08-28T00:02:49.174-04:00 info memory: 1319MB total (Tab 806MB, GPU 320MB, Browser 124MB, Utility 69MB)
2026-08-28T00:03:49.180-04:00 info memory: 1318MB total (Tab 805MB, GPU 320MB, Browser 124MB, Utility 69MB)
2026-08-28T00:04:49.187-04:00 info memory: 1317MB total (Tab 804MB, GPU 320MB, Browser 124MB, Utility 69MB)
2026-08-28T00:05:49.200-04:00 info memory: 1318MB total (Tab 805MB, GPU 320MB, Browser 124MB, Utility 69MB)
2026-08-28T00:06:49.202-04:00 info memory: 1322MB total (Tab 805MB, GPU 325MB, Browser 124MB, Utility 69MB)
2026-08-28T00:07:49.217-04:00 info memory: 1322MB total (Tab 805MB, GPU 325MB, Browser 124MB, Utility 69MB)
2026-08-28T00:08:49.228-04:00 info memory: 1322MB total (Tab 805MB, GPU 325MB, Browser 124MB, Utility 69MB)
2026-08-28T00:09:49.240-04:00 info memory: 1317MB total (Tab 804MB, GPU 320MB, Browser 124MB, Utility 69MB)
2026-08-28T00:10:49.248-04:00 info memory: 1317MB total (Tab 805MB, GPU 320MB, Browser 124MB, Utility 69MB)
2026-08-28T00:11:49.261-04:00 info memory: 1317MB total (Tab 804MB, GPU 320MB, Browser 124MB, Utility 69MB)
2026-08-28T00:12:49.273-04:00 info memory: 1318MB total (Tab 805MB, GPU 321MB, Browser 124MB, Utility 69MB)
2026-08-28T00:13:49.288-04:00 info memory: 1318MB total (Tab 805MB, GPU 321MB, Browser 124MB, Utility 69MB)
2026-08-28T00:14:49.298-04:00 info memory: 1317MB total (Tab 805MB, GPU 320MB, Browser 124MB, Utility 69MB)
2026-08-28T00:15:49.304-04:00 info memory: 1318MB total (Tab 805MB, GPU 320MB, Browser 124MB, Utility 69MB)
2026-08-28T00:16:49.312-04:00 info memory: 1318MB total (Tab 805MB, GPU 320MB, Browser 124MB, Utility 69MB)
2026-08-28T00:17:49.318-04:00 info memory: 1319MB total (Tab 806MB, GPU 320MB, Browser 124MB, Utility 69MB)
2026-08-28T00:18:49.324-04:00 info memory: 1318MB total (Tab 805MB, GPU 321MB, Browser 124MB, Utility 69MB)
2026-08-28T00:19:49.336-04:00 info memory: 1318MB total (Tab 805MB, GPU 321MB, Browser 124MB, Utility 69MB)
2026-08-28T00:20:49.341-04:00 info memory: 1318MB total (Tab 805MB, GPU 320MB, Browser 124MB, Utility 69MB)
2026-08-28T00:21:49.355-04:00 info memory: 1318MB total (Tab 805MB, GPU 321MB, Browser 124MB, Utility 69MB)
2026-08-28T00:22:49.367-04:00 info memory: 1318MB total (Tab 805MB, GPU 321MB, Browser 124MB, Utility 69MB)
2026-08-28T00:23:49.373-04:00 info memory: 1318MB total (Tab 805MB, GPU 321MB, Browser 124MB, Utility 69MB)
2026-08-28T00:24:49.385-04:00 info memory: 1318MB total (Tab 805MB, GPU 321MB, Browser 124MB, Utility 69MB)
2026-08-28T00:25:49.388-04:00 info memory: 1316MB total (Tab 802MB, GPU 321MB, Browser 124MB, Utility 69MB)
2026-08-28T00:26:49.400-04:00 info memory: 1316MB total (Tab 803MB, GPU 321MB, Browser 124MB, Utility 69MB)
2026-08-28T00:27:49.417-04:00 info memory: 1320MB total (Tab 803MB, GPU 325MB, Browser 124MB, Utility 69MB)
2026-08-28T00:28:49.424-04:00 info memory: 1315MB total (Tab 802MB, GPU 321MB, Browser 124MB, Utility 69MB)
2026-08-28T00:29:49.432-04:00 info memory: 1316MB total (Tab 803MB, GPU 320MB, Browser 124MB, Utility 69MB)
2026-08-28T00:30:49.444-04:00 info memory: 1315MB total (Tab 803MB, GPU 321MB, Browser 124MB, Utility 69MB)
2026-08-28T00:31:49.460-04:00 info memory: 1369MB total (Tab 849MB, GPU 328MB, Browser 124MB, Utility 69MB)
2026-08-28T00:32:49.464-04:00 info memory: 1320MB total (Tab 803MB, GPU 325MB, Browser 124MB, Utility 69MB)
2026-08-28T00:33:49.473-04:00 info memory: 1316MB total (Tab 803MB, GPU 321MB, Browser 124MB, Utility 69MB)
2026-08-28T00:34:49.489-04:00 info memory: 1318MB total (Tab 803MB, GPU 321MB, Browser 125MB, Utility 69MB)
2026-08-28T00:35:49.500-04:00 info memory: 1317MB total (Tab 803MB, GPU 321MB, Browser 126MB, Utility 69MB)
2026-08-28T00:36:49.504-04:00 info memory: 1317MB total (Tab 803MB, GPU 321MB, Browser 126MB, Utility 69MB)
2026-08-28T00:37:49.519-04:00 info memory: 1318MB total (Tab 803MB, GPU 320MB, Browser 126MB, Utility 69MB)
2026-08-28T00:38:49.523-04:00 info memory: 1318MB total (Tab 804MB, GPU 321MB, Browser 126MB, Utility 69MB)
2026-08-28T00:39:49.531-04:00 info memory: 1318MB total (Tab 803MB, GPU 321MB, Browser 126MB, Utility 69MB)
2026-08-28T00:40:49.535-04:00 info memory: 1317MB total (Tab 803MB, GPU 320MB, Browser 126MB, Utility 69MB)
2026-08-28T00:41:49.537-04:00 info memory: 1317MB total (Tab 803MB, GPU 320MB, Browser 126MB, Utility 69MB)
2026-08-28T00:42:49.544-04:00 info memory: 1321MB total (Tab 802MB, GPU 325MB, Browser 126MB, Utility 69MB)
2026-08-28T00:43:49.546-04:00 info memory: 1318MB total (Tab 803MB, GPU 320MB, Browser 126MB, Utility 69MB)
2026-08-28T00:44:49.558-04:00 info memory: 1317MB total (Tab 803MB, GPU 320MB, Browser 126MB, Utility 69MB)
2026-08-28T00:45:49.572-04:00 info memory: 1318MB total (Tab 803MB, GPU 320MB, Browser 126MB, Utility 69MB)
2026-08-28T00:46:49.577-04:00 info memory: 1318MB total (Tab 803MB, GPU 320MB, Browser 126MB, Utility 69MB)
2026-08-28T00:47:49.584-04:00 info memory: 1317MB total (Tab 802MB, GPU 321MB, Browser 125MB, Utility 69MB)
2026-08-28T00:48:49.585-04:00 info memory: 1317MB total (Tab 803MB, GPU 320MB, Browser 125MB, Utility 69MB)
2026-08-28T00:49:49.596-04:00 info memory: 1317MB total (Tab 803MB, GPU 320MB, Browser 125MB, Utility 69MB)
2026-08-28T00:50:49.600-04:00 info memory: 1318MB total (Tab 804MB, GPU 320MB, Browser 125MB, Utility 69MB)
2026-08-28T00:51:49.601-04:00 info memory: 1317MB total (Tab 803MB, GPU 320MB, Browser 125MB, Utility 69MB)
2026-08-28T00:52:49.614-04:00 info memory: 1317MB total (Tab 803MB, GPU 320MB, Browser 126MB, Utility 69MB)
2026-08-28T00:53:49.618-04:00 info memory: 1317MB total (Tab 803MB, GPU 320MB, Browser 126MB, Utility 69MB)
2026-08-28T00:54:49.624-04:00 info memory: 1317MB total (Tab 803MB, GPU 320MB, Browser 126MB, Utility 69MB)
2026-08-28T00:55:49.632-04:00 info memory: 1318MB total (Tab 804MB, GPU 320MB, Browser 126MB, Utility 69MB)
2026-08-28T00:56:49.643-04:00 info memory: 1318MB total (Tab 803MB, GPU 320MB, Browser 126MB, Utility 69MB)
2026-08-28T00:57:49.659-04:00 info memory: 1318MB total (Tab 804MB, GPU 320MB, Browser 126MB, Utility 69MB)
2026-08-28T00:58:49.672-04:00 info memory: 1319MB total (Tab 804MB, GPU 320MB, Browser 126MB, Utility 69MB)
2026-08-28T00:59:49.687-04:00 info memory: 1318MB total (Tab 804MB, GPU 320MB, Browser 126MB, Utility 69MB)
2026-08-28T01:00:49.690-04:00 info memory: 1318MB total (Tab 804MB, GPU 320MB, Browser 126MB, Utility 69MB)
2026-08-28T01:01:49.700-04:00 info memory: 1328MB total (Tab 807MB, GPU 327MB, Browser 126MB, Utility 69MB)
2026-08-28T01:02:49.708-04:00 info memory: 1319MB total (Tab 804MB, GPU 320MB, Browser 126MB, Utility 69MB)
2026-08-28T01:03:49.710-04:00 info memory: 1319MB total (Tab 804MB, GPU 320MB, Browser 126MB, Utility 69MB)
2026-08-28T01:04:49.717-04:00 info memory: 1319MB total (Tab 804MB, GPU 321MB, Browser 126MB, Utility 69MB)
2026-08-28T01:05:49.728-04:00 info memory: 1324MB total (Tab 805MB, GPU 324MB, Browser 126MB, Utility 69MB)
2026-08-28T01:06:49.735-04:00 info memory: 1318MB total (Tab 804MB, GPU 320MB, Browser 126MB, Utility 69MB)
2026-08-28T01:07:49.740-04:00 info memory: 1318MB total (Tab 804MB, GPU 320MB, Browser 126MB, Utility 69MB)
2026-08-28T01:08:49.744-04:00 info memory: 1317MB total (Tab 802MB, GPU 320MB, Browser 126MB, Utility 69MB)
2026-08-28T01:09:49.756-04:00 info memory: 1318MB total (Tab 803MB, GPU 320MB, Browser 126MB, Utility 69MB)
2026-08-28T01:10:49.765-04:00 info memory: 1318MB total (Tab 804MB, GPU 320MB, Browser 126MB, Utility 69MB)
2026-08-28T01:11:49.779-04:00 info memory: 1318MB total (Tab 803MB, GPU 320MB, Browser 126MB, Utility 69MB)
2026-08-28T01:12:49.785-04:00 info memory: 1318MB total (Tab 804MB, GPU 320MB, Browser 126MB, Utility 69MB)
2026-08-28T01:13:49.795-04:00 info memory: 1318MB total (Tab 803MB, GPU 320MB, Browser 126MB, Utility 69MB)
2026-08-28T01:14:49.811-04:00 info memory: 1318MB total (Tab 803MB, GPU 320MB, Browser 126MB, Utility 69MB)
2026-08-28T01:15:49.822-04:00 info memory: 1318MB total (Tab 804MB, GPU 320MB, Browser 126MB, Utility 69MB)
2026-08-28T01:16:49.824-04:00 info memory: 1317MB total (Tab 802MB, GPU 320MB, Browser 126MB, Utility 69MB)
2026-08-28T01:17:49.833-04:00 info memory: 1318MB total (Tab 803MB, GPU 320MB, Browser 126MB, Utility 69MB)
2026-08-28T01:18:49.850-04:00 info memory: 1322MB total (Tab 803MB, GPU 324MB, Browser 126MB, Utility 69MB)
2026-08-28T01:19:49.858-04:00 info memory: 1318MB total (Tab 803MB, GPU 320MB, Browser 126MB, Utility 69MB)
2026-08-28T01:20:49.867-04:00 info memory: 1318MB total (Tab 803MB, GPU 320MB, Browser 126MB, Utility 69MB)
2026-08-28T01:21:49.868-04:00 info memory: 1318MB total (Tab 803MB, GPU 320MB, Browser 126MB, Utility 69MB)
2026-08-28T01:22:49.885-04:00 info memory: 1319MB total (Tab 804MB, GPU 320MB, Browser 126MB, Utility 69MB)
2026-08-28T01:23:49.900-04:00 info memory: 1318MB total (Tab 803MB, GPU 320MB, Browser 126MB, Utility 69MB)
2026-08-28T01:24:49.914-04:00 info memory: 1318MB total (Tab 803MB, GPU 321MB, Browser 126MB, Utility 69MB)
2026-08-28T01:25:49.924-04:00 info memory: 1318MB total (Tab 803MB, GPU 321MB, Browser 126MB, Utility 69MB)
2026-08-28T01:26:49.933-04:00 info memory: 1318MB total (Tab 803MB, GPU 321MB, Browser 126MB, Utility 69MB)
2026-08-28T01:27:49.947-04:00 info memory: 1318MB total (Tab 803MB, GPU 320MB, Browser 126MB, Utility 69MB)
2026-08-28T01:28:49.952-04:00 info memory: 1318MB total (Tab 804MB, GPU 321MB, Browser 126MB, Utility 69MB)
2026-08-28T01:29:49.963-04:00 info memory: 1319MB total (Tab 804MB, GPU 321MB, Browser 126MB, Utility 69MB)
2026-08-28T01:30:49.976-04:00 info memory: 1318MB total (Tab 803MB, GPU 320MB, Browser 126MB, Utility 69MB)
2026-08-28T01:31:49.992-04:00 info memory: 1330MB total (Tab 808MB, GPU 327MB, Browser 126MB, Utility 69MB)
2026-08-28T01:32:50.000-04:00 info memory: 1319MB total (Tab 804MB, GPU 321MB, Browser 126MB, Utility 69MB)
2026-08-28T01:33:50.012-04:00 info memory: 1318MB total (Tab 803MB, GPU 321MB, Browser 126MB, Utility 69MB)
2026-08-28T01:34:50.019-04:00 info memory: 1319MB total (Tab 803MB, GPU 321MB, Browser 126MB, Utility 69MB)
2026-08-28T01:35:50.029-04:00 info memory: 1319MB total (Tab 804MB, GPU 321MB, Browser 126MB, Utility 69MB)
2026-08-28T01:36:50.033-04:00 info memory: 1318MB total (Tab 803MB, GPU 321MB, Browser 126MB, Utility 69MB)
2026-08-28T01:37:50.040-04:00 info memory: 1319MB total (Tab 804MB, GPU 320MB, Browser 126MB, Utility 69MB)
2026-08-28T01:38:50.049-04:00 info memory: 1319MB total (Tab 804MB, GPU 320MB, Browser 126MB, Utility 69MB)
2026-08-28T01:39:50.061-04:00 info memory: 1319MB total (Tab 803MB, GPU 321MB, Browser 126MB, Utility 69MB)
2026-08-28T01:40:50.073-04:00 info memory: 1318MB total (Tab 803MB, GPU 321MB, Browser 126MB, Utility 69MB)
2026-08-28T01:41:50.086-04:00 info memory: 1318MB total (Tab 803MB, GPU 320MB, Browser 126MB, Utility 69MB)
2026-08-28T01:42:50.098-04:00 info memory: 1319MB total (Tab 803MB, GPU 320MB, Browser 126MB, Utility 69MB)
2026-08-28T01:43:50.108-04:00 info memory: 1319MB total (Tab 803MB, GPU 321MB, Browser 126MB, Utility 69MB)
2026-08-28T01:44:50.114-04:00 info memory: 1319MB total (Tab 804MB, GPU 321MB, Browser 126MB, Utility 69MB)
2026-08-28T01:45:50.117-04:00 info memory: 1318MB total (Tab 804MB, GPU 320MB, Browser 126MB, Utility 69MB)
2026-08-28T01:46:50.123-04:00 info memory: 1319MB total (Tab 804MB, GPU 320MB, Browser 126MB, Utility 69MB)
2026-08-28T01:47:50.127-04:00 info memory: 1320MB total (Tab 805MB, GPU 320MB, Browser 126MB, Utility 69MB)
2026-08-28T01:48:50.133-04:00 info memory: 1319MB total (Tab 804MB, GPU 320MB, Browser 126MB, Utility 69MB)
2026-08-28T01:49:50.141-04:00 info memory: 1322MB total (Tab 804MB, GPU 324MB, Browser 126MB, Utility 69MB)
2026-08-28T01:50:50.146-04:00 info memory: 1319MB total (Tab 804MB, GPU 320MB, Browser 126MB, Utility 69MB)
2026-08-28T01:51:50.156-04:00 info memory: 1319MB total (Tab 804MB, GPU 321MB, Browser 126MB, Utility 69MB)
2026-08-28T01:52:50.160-04:00 info memory: 1319MB total (Tab 804MB, GPU 320MB, Browser 126MB, Utility 69MB)
2026-08-28T01:53:50.173-04:00 info memory: 1318MB total (Tab 804MB, GPU 320MB, Browser 126MB, Utility 69MB)
2026-08-28T01:54:50.188-04:00 info memory: 1319MB total (Tab 804MB, GPU 320MB, Browser 126MB, Utility 69MB)
2026-08-28T01:55:50.201-04:00 info memory: 1319MB total (Tab 804MB, GPU 320MB, Browser 126MB, Utility 69MB)
2026-08-28T01:56:50.211-04:00 info memory: 1319MB total (Tab 804MB, GPU 320MB, Browser 126MB, Utility 69MB)
2026-08-28T01:57:50.221-04:00 info memory: 1319MB total (Tab 804MB, GPU 321MB, Browser 126MB, Utility 69MB)
2026-08-28T01:58:50.229-04:00 info memory: 1319MB total (Tab 804MB, GPU 320MB, Browser 126MB, Utility 69MB)
2026-08-28T01:59:50.239-04:00 info memory: 1319MB total (Tab 804MB, GPU 320MB, Browser 126MB, Utility 69MB)
2026-08-28T02:00:50.253-04:00 info memory: 1319MB total (Tab 804MB, GPU 320MB, Browser 126MB, Utility 69MB)
2026-08-28T02:01:50.260-04:00 info memory: 1370MB total (Tab 849MB, GPU 326MB, Browser 126MB, Utility 69MB)
2026-08-28T02:02:50.272-04:00 info memory: 1319MB total (Tab 804MB, GPU 321MB, Browser 126MB, Utility 69MB)
2026-08-28T02:03:50.283-04:00 info memory: 1319MB total (Tab 804MB, GPU 321MB, Browser 126MB, Utility 69MB)
2026-08-28T02:04:50.295-04:00 info memory: 1319MB total (Tab 804MB, GPU 321MB, Browser 126MB, Utility 69MB)
2026-08-28T02:05:50.310-04:00 info memory: 1319MB total (Tab 804MB, GPU 321MB, Browser 126MB, Utility 69MB)
2026-08-28T02:06:50.326-04:00 info memory: 1319MB total (Tab 804MB, GPU 321MB, Browser 126MB, Utility 69MB)
2026-08-28T02:07:50.341-04:00 info memory: 1319MB total (Tab 804MB, GPU 320MB, Browser 126MB, Utility 69MB)
2026-08-28T02:08:50.353-04:00 info memory: 1319MB total (Tab 805MB, GPU 320MB, Browser 126MB, Utility 69MB)
2026-08-28T02:09:50.355-04:00 info memory: 1319MB total (Tab 804MB, GPU 321MB, Browser 126MB, Utility 69MB)
2026-08-28T02:10:50.365-04:00 info memory: 1319MB total (Tab 804MB, GPU 321MB, Browser 126MB, Utility 69MB)
2026-08-28T02:11:50.380-04:00 info memory: 1319MB total (Tab 805MB, GPU 320MB, Browser 126MB, Utility 69MB)
2026-08-28T02:12:50.394-04:00 info memory: 1323MB total (Tab 804MB, GPU 325MB, Browser 126MB, Utility 69MB)
2026-08-28T02:13:50.397-04:00 info memory: 1324MB total (Tab 805MB, GPU 325MB, Browser 126MB, Utility 69MB)
2026-08-28T02:14:50.410-04:00 info memory: 1319MB total (Tab 804MB, GPU 321MB, Browser 126MB, Utility 69MB)
2026-08-28T02:15:50.411-04:00 info memory: 1319MB total (Tab 804MB, GPU 320MB, Browser 126MB, Utility 69MB)
2026-08-28T02:16:50.428-04:00 info memory: 1320MB total (Tab 805MB, GPU 321MB, Browser 126MB, Utility 69MB)
2026-08-28T02:17:50.443-04:00 info memory: 1319MB total (Tab 804MB, GPU 320MB, Browser 126MB, Utility 69MB)
2026-08-28T02:18:50.456-04:00 info memory: 1319MB total (Tab 804MB, GPU 320MB, Browser 126MB, Utility 69MB)
2026-08-28T02:19:50.466-04:00 info memory: 1319MB total (Tab 804MB, GPU 320MB, Browser 126MB, Utility 69MB)
2026-08-28T02:20:50.471-04:00 info memory: 1319MB total (Tab 804MB, GPU 320MB, Browser 126MB, Utility 69MB)
2026-08-28T02:21:50.473-04:00 info memory: 1318MB total (Tab 803MB, GPU 320MB, Browser 126MB, Utility 69MB)
2026-08-28T02:22:50.478-04:00 info memory: 1319MB total (Tab 804MB, GPU 321MB, Browser 126MB, Utility 69MB)
2026-08-28T02:23:50.489-04:00 info memory: 1320MB total (Tab 804MB, GPU 321MB, Browser 126MB, Utility 69MB)
2026-08-28T02:24:50.491-04:00 info memory: 1320MB total (Tab 804MB, GPU 321MB, Browser 126MB, Utility 69MB)
2026-08-28T02:25:50.505-04:00 info memory: 1326MB total (Tab 806MB, GPU 326MB, Browser 126MB, Utility 69MB)
2026-08-28T02:26:50.510-04:00 info memory: 1322MB total (Tab 805MB, GPU 322MB, Browser 126MB, Utility 69MB)
2026-08-28T02:27:50.521-04:00 info memory: 1322MB total (Tab 805MB, GPU 323MB, Browser 126MB, Utility 69MB)
2026-08-28T02:28:50.535-04:00 info memory: 1321MB total (Tab 804MB, GPU 323MB, Browser 126MB, Utility 69MB)
2026-08-28T02:29:50.540-04:00 info memory: 1321MB total (Tab 804MB, GPU 322MB, Browser 126MB, Utility 69MB)
2026-08-28T02:30:50.548-04:00 info memory: 1321MB total (Tab 804MB, GPU 322MB, Browser 126MB, Utility 69MB)
2026-08-28T02:31:50.560-04:00 info memory: 1371MB total (Tab 847MB, GPU 329MB, Browser 126MB, Utility 69MB)
2026-08-28T02:32:50.564-04:00 info memory: 1320MB total (Tab 804MB, GPU 322MB, Browser 126MB, Utility 69MB)
2026-08-28T02:33:50.576-04:00 info memory: 1320MB total (Tab 804MB, GPU 322MB, Browser 126MB, Utility 69MB)
2026-08-28T02:34:50.588-04:00 info memory: 1320MB total (Tab 804MB, GPU 322MB, Browser 126MB, Utility 69MB)
2026-08-28T02:35:50.597-04:00 info memory: 1325MB total (Tab 804MB, GPU 326MB, Browser 126MB, Utility 69MB)
2026-08-28T02:36:50.612-04:00 info memory: 1325MB total (Tab 805MB, GPU 325MB, Browser 126MB, Utility 69MB)
2026-08-28T02:37:50.623-04:00 info memory: 1325MB total (Tab 804MB, GPU 326MB, Browser 126MB, Utility 69MB)
2026-08-28T02:38:50.627-04:00 info memory: 1325MB total (Tab 804MB, GPU 326MB, Browser 126MB, Utility 69MB)
2026-08-28T02:39:50.636-04:00 info memory: 1320MB total (Tab 804MB, GPU 322MB, Browser 126MB, Utility 69MB)
2026-08-28T02:40:50.636-04:00 info memory: 1321MB total (Tab 804MB, GPU 322MB, Browser 126MB, Utility 69MB)
2026-08-28T02:41:50.640-04:00 info memory: 1321MB total (Tab 804MB, GPU 322MB, Browser 126MB, Utility 69MB)
2026-08-28T02:42:50.656-04:00 info memory: 1320MB total (Tab 804MB, GPU 322MB, Browser 126MB, Utility 69MB)
2026-08-28T02:43:50.660-04:00 info memory: 1321MB total (Tab 804MB, GPU 322MB, Browser 126MB, Utility 69MB)
2026-08-28T02:44:50.669-04:00 info memory: 1321MB total (Tab 804MB, GPU 322MB, Browser 126MB, Utility 69MB)
2026-08-28T02:45:50.671-04:00 info memory: 1321MB total (Tab 805MB, GPU 322MB, Browser 126MB, Utility 69MB)
2026-08-28T02:46:50.678-04:00 info memory: 1321MB total (Tab 805MB, GPU 322MB, Browser 126MB, Utility 69MB)
2026-08-28T02:47:50.692-04:00 info memory: 1321MB total (Tab 805MB, GPU 322MB, Browser 126MB, Utility 69MB)
2026-08-28T02:48:50.699-04:00 info memory: 1322MB total (Tab 805MB, GPU 322MB, Browser 126MB, Utility 69MB)
2026-08-28T02:49:50.706-04:00 info memory: 1321MB total (Tab 804MB, GPU 322MB, Browser 126MB, Utility 69MB)
2026-08-28T02:50:50.722-04:00 info memory: 1321MB total (Tab 805MB, GPU 322MB, Browser 126MB, Utility 69MB)
2026-08-28T02:51:50.735-04:00 info memory: 1321MB total (Tab 805MB, GPU 322MB, Browser 126MB, Utility 69MB)
2026-08-28T02:52:50.747-04:00 info memory: 1321MB total (Tab 805MB, GPU 322MB, Browser 126MB, Utility 69MB)
2026-08-28T02:53:50.752-04:00 info memory: 1322MB total (Tab 806MB, GPU 322MB, Browser 126MB, Utility 69MB)
2026-08-28T02:54:50.753-04:00 info memory: 1321MB total (Tab 804MB, GPU 322MB, Browser 126MB, Utility 69MB)
2026-08-28T02:55:50.753-04:00 info memory: 1321MB total (Tab 804MB, GPU 322MB, Browser 126MB, Utility 69MB)
2026-08-28T02:56:50.766-04:00 info memory: 1322MB total (Tab 805MB, GPU 322MB, Browser 126MB, Utility 69MB)
2026-08-28T02:57:50.767-04:00 info memory: 1320MB total (Tab 803MB, GPU 322MB, Browser 126MB, Utility 69MB)
2026-08-28T02:58:50.775-04:00 info memory: 1321MB total (Tab 804MB, GPU 322MB, Browser 126MB, Utility 69MB)
2026-08-28T02:59:50.786-04:00 info memory: 1321MB total (Tab 804MB, GPU 322MB, Browser 126MB, Utility 69MB)
2026-08-28T03:00:50.795-04:00 info memory: 1321MB total (Tab 804MB, GPU 322MB, Browser 126MB, Utility 69MB)
2026-08-28T03:01:50.806-04:00 info memory: 1370MB total (Tab 846MB, GPU 329MB, Browser 126MB, Utility 69MB)
2026-08-28T03:02:50.820-04:00 info memory: 1325MB total (Tab 804MB, GPU 326MB, Browser 127MB, Utility 69MB)
2026-08-28T03:03:50.834-04:00 info memory: 1322MB total (Tab 805MB, GPU 322MB, Browser 127MB, Utility 69MB)
2026-08-28T03:04:50.847-04:00 info memory: 1322MB total (Tab 805MB, GPU 322MB, Browser 126MB, Utility 69MB)
2026-08-28T03:05:50.859-04:00 info memory: 1322MB total (Tab 805MB, GPU 322MB, Browser 126MB, Utility 69MB)
2026-08-28T03:06:50.873-04:00 info memory: 1322MB total (Tab 806MB, GPU 322MB, Browser 126MB, Utility 69MB)
2026-08-28T03:07:50.881-04:00 info memory: 1325MB total (Tab 804MB, GPU 326MB, Browser 126MB, Utility 69MB)
2026-08-28T03:08:50.898-04:00 info memory: 1322MB total (Tab 805MB, GPU 322MB, Browser 126MB, Utility 69MB)
2026-08-28T03:09:50.908-04:00 info memory: 1326MB total (Tab 805MB, GPU 326MB, Browser 126MB, Utility 69MB)
2026-08-28T03:10:50.925-04:00 info memory: 1326MB total (Tab 805MB, GPU 326MB, Browser 126MB, Utility 69MB)
2026-08-28T03:11:50.928-04:00 info memory: 1322MB total (Tab 805MB, GPU 322MB, Browser 126MB, Utility 69MB)
2026-08-28T03:12:50.937-04:00 info memory: 1323MB total (Tab 805MB, GPU 322MB, Browser 126MB, Utility 69MB)
2026-08-28T03:13:50.948-04:00 info memory: 1323MB total (Tab 806MB, GPU 322MB, Browser 126MB, Utility 69MB)
2026-08-28T03:14:50.958-04:00 info memory: 1322MB total (Tab 805MB, GPU 322MB, Browser 126MB, Utility 69MB)
2026-08-28T03:15:50.962-04:00 info memory: 1322MB total (Tab 805MB, GPU 322MB, Browser 126MB, Utility 69MB)
2026-08-28T03:16:50.966-04:00 info memory: 1322MB total (Tab 805MB, GPU 322MB, Browser 126MB, Utility 69MB)
2026-08-28T03:17:50.980-04:00 info memory: 1323MB total (Tab 806MB, GPU 322MB, Browser 126MB, Utility 69MB)
2026-08-28T03:18:50.992-04:00 info memory: 1323MB total (Tab 806MB, GPU 322MB, Browser 126MB, Utility 69MB)
2026-08-28T03:19:51.005-04:00 info memory: 1323MB total (Tab 806MB, GPU 322MB, Browser 126MB, Utility 69MB)
2026-08-28T03:20:51.010-04:00 info memory: 1321MB total (Tab 804MB, GPU 322MB, Browser 127MB, Utility 69MB)
2026-08-28T03:21:51.025-04:00 info memory: 1321MB total (Tab 804MB, GPU 322MB, Browser 127MB, Utility 69MB)
2026-08-28T03:22:51.032-04:00 info memory: 1321MB total (Tab 804MB, GPU 322MB, Browser 127MB, Utility 69MB)
2026-08-28T03:23:51.037-04:00 info memory: 1326MB total (Tab 805MB, GPU 326MB, Browser 126MB, Utility 69MB)
2026-08-28T03:24:51.042-04:00 info memory: 1325MB total (Tab 805MB, GPU 326MB, Browser 126MB, Utility 69MB)
2026-08-28T03:25:51.056-04:00 info memory: 1325MB total (Tab 805MB, GPU 326MB, Browser 126MB, Utility 69MB)
2026-08-28T03:26:51.063-04:00 info memory: 1325MB total (Tab 805MB, GPU 326MB, Browser 126MB, Utility 69MB)
2026-08-28T03:27:51.066-04:00 info memory: 1322MB total (Tab 805MB, GPU 322MB, Browser 126MB, Utility 69MB)
2026-08-28T03:28:51.070-04:00 info memory: 1322MB total (Tab 806MB, GPU 322MB, Browser 126MB, Utility 69MB)
2026-08-28T03:29:51.075-04:00 info memory: 1321MB total (Tab 804MB, GPU 322MB, Browser 126MB, Utility 69MB)
2026-08-28T03:30:51.083-04:00 info memory: 1321MB total (Tab 804MB, GPU 322MB, Browser 126MB, Utility 69MB)
2026-08-28T03:31:51.096-04:00 info memory: 1332MB total (Tab 809MB, GPU 329MB, Browser 126MB, Utility 69MB)
2026-08-28T03:32:51.111-04:00 info memory: 1321MB total (Tab 805MB, GPU 322MB, Browser 126MB, Utility 69MB)
2026-08-28T03:33:51.115-04:00 info memory: 1322MB total (Tab 805MB, GPU 322MB, Browser 126MB, Utility 69MB)
2026-08-28T03:34:51.119-04:00 info memory: 1322MB total (Tab 805MB, GPU 322MB, Browser 126MB, Utility 69MB)
2026-08-28T03:35:51.133-04:00 info memory: 1322MB total (Tab 805MB, GPU 322MB, Browser 126MB, Utility 69MB)
2026-08-28T03:36:51.146-04:00 info memory: 1322MB total (Tab 805MB, GPU 322MB, Browser 126MB, Utility 69MB)
2026-08-28T03:37:51.149-04:00 info memory: 1321MB total (Tab 804MB, GPU 322MB, Browser 126MB, Utility 69MB)
2026-08-28T03:38:51.153-04:00 info memory: 1321MB total (Tab 804MB, GPU 322MB, Browser 126MB, Utility 69MB)
2026-08-28T03:39:51.164-04:00 info memory: 1321MB total (Tab 804MB, GPU 322MB, Browser 126MB, Utility 69MB)
2026-08-28T03:40:51.177-04:00 info memory: 1321MB total (Tab 804MB, GPU 322MB, Browser 127MB, Utility 69MB)
2026-08-28T03:41:51.180-04:00 info memory: 1321MB total (Tab 804MB, GPU 322MB, Browser 127MB, Utility 69MB)
2026-08-28T03:42:51.190-04:00 info memory: 1322MB total (Tab 805MB, GPU 322MB, Browser 127MB, Utility 69MB)
2026-08-28T03:43:51.192-04:00 info memory: 1321MB total (Tab 805MB, GPU 322MB, Browser 126MB, Utility 69MB)
2026-08-28T03:44:51.207-04:00 info memory: 1325MB total (Tab 805MB, GPU 326MB, Browser 126MB, Utility 69MB)
2026-08-28T03:45:51.220-04:00 info memory: 1326MB total (Tab 806MB, GPU 326MB, Browser 126MB, Utility 69MB)
2026-08-28T03:46:51.232-04:00 info memory: 1321MB total (Tab 805MB, GPU 322MB, Browser 126MB, Utility 69MB)
2026-08-28T03:47:51.248-04:00 info memory: 1322MB total (Tab 805MB, GPU 322MB, Browser 126MB, Utility 69MB)
2026-08-28T03:48:51.262-04:00 info memory: 1322MB total (Tab 805MB, GPU 322MB, Browser 126MB, Utility 69MB)
2026-08-28T03:49:51.266-04:00 info memory: 1322MB total (Tab 805MB, GPU 322MB, Browser 126MB, Utility 69MB)
2026-08-28T03:50:51.267-04:00 info memory: 1322MB total (Tab 806MB, GPU 322MB, Browser 126MB, Utility 69MB)
2026-08-28T03:51:51.277-04:00 info memory: 1320MB total (Tab 804MB, GPU 322MB, Browser 126MB, Utility 69MB)
2026-08-28T03:52:51.288-04:00 info memory: 1322MB total (Tab 805MB, GPU 322MB, Browser 126MB, Utility 69MB)
2026-08-28T03:53:51.302-04:00 info memory: 1326MB total (Tab 805MB, GPU 326MB, Browser 126MB, Utility 69MB)
2026-08-28T03:54:51.315-04:00 info memory: 1322MB total (Tab 804MB, GPU 323MB, Browser 126MB, Utility 69MB)
2026-08-28T03:55:51.331-04:00 info memory: 1322MB total (Tab 804MB, GPU 323MB, Browser 126MB, Utility 69MB)
2026-08-28T03:56:51.346-04:00 info memory: 1321MB total (Tab 804MB, GPU 322MB, Browser 126MB, Utility 69MB)
2026-08-28T03:57:51.362-04:00 info memory: 1321MB total (Tab 804MB, GPU 322MB, Browser 126MB, Utility 69MB)
2026-08-28T03:58:51.376-04:00 info memory: 1322MB total (Tab 804MB, GPU 322MB, Browser 127MB, Utility 69MB)
2026-08-28T03:59:51.386-04:00 info memory: 1322MB total (Tab 804MB, GPU 322MB, Browser 127MB, Utility 69MB)
2026-08-28T04:00:51.401-04:00 info memory: 1322MB total (Tab 805MB, GPU 322MB, Browser 127MB, Utility 69MB)
2026-08-28T04:01:51.415-04:00 info memory: 1338MB total (Tab 814MB, GPU 329MB, Browser 127MB, Utility 69MB)
2026-08-28T04:02:51.419-04:00 info memory: 1323MB total (Tab 806MB, GPU 322MB, Browser 127MB, Utility 69MB)
2026-08-28T04:03:51.435-04:00 info memory: 1323MB total (Tab 806MB, GPU 322MB, Browser 126MB, Utility 69MB)
2026-08-28T04:04:51.437-04:00 info memory: 1322MB total (Tab 805MB, GPU 322MB, Browser 126MB, Utility 69MB)
2026-08-28T04:05:51.442-04:00 info memory: 1323MB total (Tab 806MB, GPU 322MB, Browser 126MB, Utility 69MB)
2026-08-28T04:06:51.457-04:00 info memory: 1322MB total (Tab 806MB, GPU 322MB, Browser 126MB, Utility 69MB)
2026-08-28T04:07:51.461-04:00 info memory: 1322MB total (Tab 806MB, GPU 322MB, Browser 126MB, Utility 69MB)
2026-08-28T04:08:51.469-04:00 info memory: 1323MB total (Tab 806MB, GPU 322MB, Browser 126MB, Utility 69MB)
2026-08-28T04:09:51.483-04:00 info memory: 1322MB total (Tab 805MB, GPU 322MB, Browser 126MB, Utility 69MB)
2026-08-28T04:10:51.499-04:00 info memory: 1322MB total (Tab 805MB, GPU 322MB, Browser 126MB, Utility 69MB)
2026-08-28T04:11:51.502-04:00 info memory: 1321MB total (Tab 805MB, GPU 322MB, Browser 126MB, Utility 69MB)
2026-08-28T04:12:51.506-04:00 info memory: 1322MB total (Tab 805MB, GPU 322MB, Browser 126MB, Utility 69MB)
2026-08-28T04:13:51.518-04:00 info memory: 1321MB total (Tab 804MB, GPU 322MB, Browser 126MB, Utility 69MB)
2026-08-28T04:14:51.529-04:00 info memory: 1325MB total (Tab 804MB, GPU 326MB, Browser 126MB, Utility 69MB)
2026-08-28T04:15:51.535-04:00 info memory: 1326MB total (Tab 805MB, GPU 326MB, Browser 126MB, Utility 69MB)
2026-08-28T04:16:51.549-04:00 info memory: 1321MB total (Tab 804MB, GPU 322MB, Browser 126MB, Utility 69MB)
2026-08-28T04:17:51.557-04:00 info memory: 1322MB total (Tab 805MB, GPU 322MB, Browser 126MB, Utility 69MB)
2026-08-28T04:18:51.564-04:00 info memory: 1322MB total (Tab 805MB, GPU 322MB, Browser 127MB, Utility 69MB)
2026-08-28T04:19:51.577-04:00 info memory: 1322MB total (Tab 805MB, GPU 322MB, Browser 127MB, Utility 69MB)
2026-08-28T04:20:51.585-04:00 info memory: 1322MB total (Tab 805MB, GPU 322MB, Browser 127MB, Utility 69MB)
2026-08-28T04:21:51.597-04:00 info memory: 1322MB total (Tab 805MB, GPU 322MB, Browser 127MB, Utility 69MB)
2026-08-28T04:22:51.610-04:00 info memory: 1322MB total (Tab 805MB, GPU 322MB, Browser 127MB, Utility 69MB)
2026-08-28T04:23:51.625-04:00 info memory: 1322MB total (Tab 806MB, GPU 322MB, Browser 126MB, Utility 69MB)
2026-08-28T04:24:51.631-04:00 info memory: 1326MB total (Tab 805MB, GPU 326MB, Browser 126MB, Utility 69MB)
2026-08-28T04:25:51.637-04:00 info memory: 1323MB total (Tab 806MB, GPU 322MB, Browser 126MB, Utility 69MB)
2026-08-28T04:26:51.648-04:00 info memory: 1323MB total (Tab 806MB, GPU 322MB, Browser 126MB, Utility 69MB)
2026-08-28T04:27:51.661-04:00 info memory: 1321MB total (Tab 805MB, GPU 322MB, Browser 126MB, Utility 69MB)
2026-08-28T04:28:51.675-04:00 info memory: 1322MB total (Tab 805MB, GPU 322MB, Browser 126MB, Utility 69MB)
2026-08-28T04:29:51.691-04:00 info memory: 1326MB total (Tab 805MB, GPU 326MB, Browser 126MB, Utility 69MB)
2026-08-28T04:30:51.697-04:00 info memory: 1327MB total (Tab 805MB, GPU 326MB, Browser 126MB, Utility 69MB)
2026-08-28T04:31:51.701-04:00 info memory: 1347MB total (Tab 819MB, GPU 333MB, Browser 126MB, Utility 69MB)
2026-08-28T04:32:51.703-04:00 info memory: 1329MB total (Tab 811MB, GPU 322MB, Browser 126MB, Utility 69MB)
2026-08-28T04:33:51.712-04:00 info memory: 1327MB total (Tab 810MB, GPU 323MB, Browser 126MB, Utility 69MB)
2026-08-28T04:34:51.728-04:00 info memory: 1328MB total (Tab 810MB, GPU 323MB, Browser 126MB, Utility 69MB)
2026-08-28T04:35:51.735-04:00 info memory: 1328MB total (Tab 811MB, GPU 323MB, Browser 126MB, Utility 69MB)
2026-08-28T04:36:51.742-04:00 info memory: 1332MB total (Tab 810MB, GPU 327MB, Browser 127MB, Utility 69MB)
2026-08-28T04:37:51.757-04:00 info memory: 1328MB total (Tab 810MB, GPU 322MB, Browser 127MB, Utility 69MB)
2026-08-28T04:38:51.764-04:00 info memory: 1328MB total (Tab 810MB, GPU 322MB, Browser 127MB, Utility 69MB)
2026-08-28T04:39:51.778-04:00 info memory: 1327MB total (Tab 810MB, GPU 322MB, Browser 127MB, Utility 69MB)
2026-08-28T04:40:51.789-04:00 info memory: 1328MB total (Tab 810MB, GPU 322MB, Browser 127MB, Utility 69MB)
2026-08-28T04:41:51.801-04:00 info memory: 1328MB total (Tab 810MB, GPU 322MB, Browser 127MB, Utility 69MB)
2026-08-28T04:42:51.803-04:00 info memory: 1327MB total (Tab 810MB, GPU 322MB, Browser 126MB, Utility 69MB)
2026-08-28T04:43:51.817-04:00 info memory: 1327MB total (Tab 810MB, GPU 322MB, Browser 126MB, Utility 69MB)
2026-08-28T04:44:51.826-04:00 info memory: 1327MB total (Tab 810MB, GPU 322MB, Browser 126MB, Utility 69MB)
2026-08-28T04:45:51.841-04:00 info memory: 1326MB total (Tab 809MB, GPU 322MB, Browser 126MB, Utility 69MB)
2026-08-28T04:46:51.846-04:00 info memory: 1327MB total (Tab 810MB, GPU 322MB, Browser 126MB, Utility 69MB)
2026-08-28T04:47:51.850-04:00 info memory: 1327MB total (Tab 810MB, GPU 322MB, Browser 126MB, Utility 69MB)
2026-08-28T04:48:51.861-04:00 info memory: 1331MB total (Tab 810MB, GPU 326MB, Browser 126MB, Utility 69MB)
2026-08-28T04:49:51.876-04:00 info memory: 1332MB total (Tab 810MB, GPU 326MB, Browser 126MB, Utility 69MB)
2026-08-28T04:50:51.884-04:00 info memory: 1331MB total (Tab 810MB, GPU 326MB, Browser 126MB, Utility 69MB)
2026-08-28T04:51:51.899-04:00 info memory: 1329MB total (Tab 808MB, GPU 326MB, Browser 126MB, Utility 69MB)
2026-08-28T04:52:51.910-04:00 info memory: 1330MB total (Tab 808MB, GPU 326MB, Browser 126MB, Utility 69MB)
2026-08-28T04:53:51.924-04:00 info memory: 1329MB total (Tab 807MB, GPU 326MB, Browser 126MB, Utility 69MB)
2026-08-28T04:54:51.926-04:00 info memory: 1328MB total (Tab 808MB, GPU 325MB, Browser 126MB, Utility 69MB)
2026-08-28T04:55:51.928-04:00 info memory: 1326MB total (Tab 808MB, GPU 323MB, Browser 127MB, Utility 69MB)
2026-08-28T04:56:51.939-04:00 info memory: 1326MB total (Tab 808MB, GPU 322MB, Browser 127MB, Utility 69MB)
2026-08-28T04:57:51.943-04:00 info memory: 1326MB total (Tab 809MB, GPU 322MB, Browser 127MB, Utility 69MB)
2026-08-28T04:58:51.951-04:00 info memory: 1325MB total (Tab 807MB, GPU 323MB, Browser 127MB, Utility 69MB)
2026-08-28T04:59:51.963-04:00 info memory: 1326MB total (Tab 808MB, GPU 322MB, Browser 127MB, Utility 69MB)
2026-08-28T05:00:51.978-04:00 info memory: 1325MB total (Tab 808MB, GPU 322MB, Browser 127MB, Utility 69MB)
2026-08-28T05:01:51.982-04:00 info memory: 1357MB total (Tab 833MB, GPU 329MB, Browser 127MB, Utility 69MB)
2026-08-28T05:02:51.990-04:00 info memory: 1324MB total (Tab 807MB, GPU 322MB, Browser 126MB, Utility 69MB)
2026-08-28T05:03:52.006-04:00 info memory: 1324MB total (Tab 808MB, GPU 322MB, Browser 126MB, Utility 69MB)
2026-08-28T05:04:52.018-04:00 info memory: 1325MB total (Tab 807MB, GPU 322MB, Browser 126MB, Utility 69MB)
2026-08-28T05:05:52.023-04:00 info memory: 1324MB total (Tab 807MB, GPU 322MB, Browser 126MB, Utility 69MB)
2026-08-28T05:06:52.036-04:00 info memory: 1329MB total (Tab 808MB, GPU 327MB, Browser 126MB, Utility 69MB)
2026-08-28T05:07:52.052-04:00 info memory: 1325MB total (Tab 808MB, GPU 322MB, Browser 126MB, Utility 69MB)
2026-08-28T05:08:52.061-04:00 info memory: 1325MB total (Tab 808MB, GPU 322MB, Browser 126MB, Utility 69MB)
2026-08-28T05:09:52.067-04:00 info memory: 1325MB total (Tab 807MB, GPU 322MB, Browser 126MB, Utility 69MB)
2026-08-28T05:10:52.073-04:00 info memory: 1325MB total (Tab 807MB, GPU 322MB, Browser 126MB, Utility 69MB)
2026-08-28T05:11:52.078-04:00 info memory: 1325MB total (Tab 808MB, GPU 322MB, Browser 126MB, Utility 69MB)
2026-08-28T05:12:52.080-04:00 info memory: 1329MB total (Tab 807MB, GPU 326MB, Browser 126MB, Utility 69MB)
2026-08-28T05:13:52.085-04:00 info memory: 1325MB total (Tab 808MB, GPU 322MB, Browser 126MB, Utility 69MB)
2026-08-28T05:14:52.087-04:00 info memory: 1324MB total (Tab 807MB, GPU 322MB, Browser 127MB, Utility 69MB)
2026-08-28T05:15:52.094-04:00 info memory: 1324MB total (Tab 807MB, GPU 322MB, Browser 127MB, Utility 69MB)
2026-08-28T05:16:52.106-04:00 info memory: 1325MB total (Tab 807MB, GPU 322MB, Browser 127MB, Utility 69MB)
2026-08-28T05:17:52.113-04:00 info memory: 1324MB total (Tab 807MB, GPU 322MB, Browser 127MB, Utility 69MB)
2026-08-28T05:18:52.119-04:00 info memory: 1325MB total (Tab 808MB, GPU 322MB, Browser 127MB, Utility 69MB)
2026-08-28T05:19:52.126-04:00 info memory: 1325MB total (Tab 808MB, GPU 322MB, Browser 127MB, Utility 69MB)
2026-08-28T05:20:52.139-04:00 info memory: 1325MB total (Tab 808MB, GPU 322MB, Browser 127MB, Utility 69MB)
2026-08-28T05:21:52.153-04:00 info memory: 1330MB total (Tab 808MB, GPU 326MB, Browser 127MB, Utility 69MB)
2026-08-28T05:22:52.157-04:00 info memory: 1324MB total (Tab 808MB, GPU 322MB, Browser 126MB, Utility 69MB)
2026-08-28T05:23:52.158-04:00 info memory: 1325MB total (Tab 808MB, GPU 322MB, Browser 126MB, Utility 69MB)
2026-08-28T05:24:52.173-04:00 info memory: 1325MB total (Tab 808MB, GPU 322MB, Browser 126MB, Utility 69MB)
2026-08-28T05:25:52.179-04:00 info memory: 1325MB total (Tab 808MB, GPU 322MB, Browser 126MB, Utility 69MB)
2026-08-28T05:26:52.195-04:00 info memory: 1328MB total (Tab 807MB, GPU 326MB, Browser 126MB, Utility 69MB)
2026-08-28T05:27:52.205-04:00 info memory: 1322MB total (Tab 806MB, GPU 322MB, Browser 126MB, Utility 69MB)
2026-08-28T05:28:52.221-04:00 info memory: 1323MB total (Tab 806MB, GPU 322MB, Browser 126MB, Utility 69MB)
2026-08-28T05:29:52.234-04:00 info memory: 1327MB total (Tab 806MB, GPU 326MB, Browser 126MB, Utility 69MB)
2026-08-28T05:30:52.241-04:00 info memory: 1323MB total (Tab 807MB, GPU 322MB, Browser 126MB, Utility 69MB)
2026-08-28T05:31:52.245-04:00 info memory: 1376MB total (Tab 848MB, GPU 333MB, Browser 127MB, Utility 69MB)
2026-08-28T05:32:52.263-04:00 info memory: 1324MB total (Tab 807MB, GPU 322MB, Browser 127MB, Utility 69MB)
2026-08-28T05:33:52.273-04:00 info memory: 1329MB total (Tab 807MB, GPU 326MB, Browser 127MB, Utility 69MB)
2026-08-28T05:34:52.282-04:00 info memory: 1324MB total (Tab 806MB, GPU 322MB, Browser 127MB, Utility 69MB)
2026-08-28T05:35:52.282-04:00 info memory: 1324MB total (Tab 806MB, GPU 322MB, Browser 127MB, Utility 69MB)
2026-08-28T05:36:52.284-04:00 info memory: 1324MB total (Tab 806MB, GPU 322MB, Browser 127MB, Utility 69MB)
2026-08-28T05:37:52.299-04:00 info memory: 1323MB total (Tab 806MB, GPU 322MB, Browser 127MB, Utility 69MB)
2026-08-28T05:38:52.315-04:00 info memory: 1324MB total (Tab 807MB, GPU 322MB, Browser 127MB, Utility 69MB)
2026-08-28T05:39:52.321-04:00 info memory: 1324MB total (Tab 806MB, GPU 322MB, Browser 127MB, Utility 69MB)
2026-08-28T05:40:52.333-04:00 info memory: 1323MB total (Tab 806MB, GPU 322MB, Browser 127MB, Utility 69MB)
2026-08-28T05:41:52.350-04:00 info memory: 1322MB total (Tab 805MB, GPU 322MB, Browser 126MB, Utility 69MB)
2026-08-28T05:42:52.359-04:00 info memory: 1323MB total (Tab 806MB, GPU 322MB, Browser 127MB, Utility 69MB)
2026-08-28T05:43:52.366-04:00 info memory: 1323MB total (Tab 806MB, GPU 322MB, Browser 127MB, Utility 69MB)
2026-08-28T05:44:52.383-04:00 info memory: 1323MB total (Tab 806MB, GPU 322MB, Browser 127MB, Utility 69MB)
2026-08-28T05:45:52.395-04:00 info memory: 1323MB total (Tab 806MB, GPU 322MB, Browser 127MB, Utility 69MB)
2026-08-28T05:46:52.401-04:00 info memory: 1323MB total (Tab 806MB, GPU 322MB, Browser 127MB, Utility 69MB)
2026-08-28T05:47:52.410-04:00 info memory: 1323MB total (Tab 806MB, GPU 322MB, Browser 127MB, Utility 69MB)
2026-08-28T05:48:52.426-04:00 info memory: 1324MB total (Tab 806MB, GPU 322MB, Browser 127MB, Utility 69MB)
2026-08-28T05:49:52.435-04:00 info memory: 1323MB total (Tab 806MB, GPU 322MB, Browser 127MB, Utility 69MB)
2026-08-28T05:50:52.447-04:00 info memory: 1325MB total (Tab 807MB, GPU 322MB, Browser 127MB, Utility 69MB)
2026-08-28T05:51:52.460-04:00 info memory: 1324MB total (Tab 807MB, GPU 322MB, Browser 127MB, Utility 69MB)
2026-08-28T05:52:52.466-04:00 info memory: 1324MB total (Tab 807MB, GPU 322MB, Browser 127MB, Utility 69MB)
2026-08-28T05:53:52.482-04:00 info memory: 1325MB total (Tab 807MB, GPU 322MB, Browser 127MB, Utility 69MB)
2026-08-28T05:54:52.492-04:00 info memory: 1329MB total (Tab 807MB, GPU 326MB, Browser 127MB, Utility 69MB)
2026-08-28T05:55:52.495-04:00 info memory: 1325MB total (Tab 807MB, GPU 322MB, Browser 127MB, Utility 69MB)
2026-08-28T05:56:52.509-04:00 info memory: 1325MB total (Tab 807MB, GPU 322MB, Browser 127MB, Utility 69MB)
2026-08-28T05:57:52.512-04:00 info memory: 1324MB total (Tab 807MB, GPU 322MB, Browser 127MB, Utility 69MB)
2026-08-28T05:58:52.521-04:00 info memory: 1324MB total (Tab 807MB, GPU 322MB, Browser 127MB, Utility 69MB)
2026-08-28T05:59:52.533-04:00 info memory: 1324MB total (Tab 806MB, GPU 322MB, Browser 127MB, Utility 69MB)
2026-08-28T06:00:52.535-04:00 info memory: 1329MB total (Tab 807MB, GPU 326MB, Browser 127MB, Utility 69MB)
2026-08-28T06:01:52.544-04:00 info memory: 1373MB total (Tab 849MB, GPU 329MB, Browser 126MB, Utility 69MB)
2026-08-28T06:02:52.555-04:00 info memory: 1324MB total (Tab 807MB, GPU 322MB, Browser 127MB, Utility 69MB)
2026-08-28T06:03:52.557-04:00 info memory: 1324MB total (Tab 807MB, GPU 322MB, Browser 127MB, Utility 69MB)
2026-08-28T06:04:52.565-04:00 info memory: 1328MB total (Tab 807MB, GPU 326MB, Browser 127MB, Utility 69MB)
2026-08-28T06:05:52.578-04:00 info memory: 1329MB total (Tab 808MB, GPU 326MB, Browser 127MB, Utility 69MB)
2026-08-28T06:06:52.590-04:00 info memory: 1325MB total (Tab 807MB, GPU 322MB, Browser 127MB, Utility 69MB)
2026-08-28T06:07:52.607-04:00 info memory: 1323MB total (Tab 806MB, GPU 322MB, Browser 127MB, Utility 69MB)
2026-08-28T06:08:52.620-04:00 info memory: 1324MB total (Tab 807MB, GPU 322MB, Browser 127MB, Utility 69MB)
2026-08-28T06:09:52.630-04:00 info memory: 1324MB total (Tab 807MB, GPU 322MB, Browser 127MB, Utility 69MB)
2026-08-28T06:10:52.639-04:00 info memory: 1324MB total (Tab 807MB, GPU 322MB, Browser 127MB, Utility 69MB)
2026-08-28T06:11:52.652-04:00 info memory: 1325MB total (Tab 807MB, GPU 322MB, Browser 127MB, Utility 69MB)
2026-08-28T06:12:52.665-04:00 info memory: 1324MB total (Tab 807MB, GPU 322MB, Browser 127MB, Utility 69MB)
2026-08-28T06:13:52.669-04:00 info memory: 1325MB total (Tab 807MB, GPU 322MB, Browser 127MB, Utility 69MB)
2026-08-28T06:14:52.677-04:00 info memory: 1324MB total (Tab 807MB, GPU 322MB, Browser 127MB, Utility 69MB)
2026-08-28T06:15:52.681-04:00 info memory: 1323MB total (Tab 806MB, GPU 322MB, Browser 127MB, Utility 69MB)
2026-08-28T06:16:52.693-04:00 info memory: 1324MB total (Tab 806MB, GPU 322MB, Browser 127MB, Utility 69MB)
2026-08-28T06:17:52.695-04:00 info memory: 1324MB total (Tab 806MB, GPU 322MB, Browser 127MB, Utility 69MB)
2026-08-28T06:18:52.704-04:00 info memory: 1324MB total (Tab 807MB, GPU 322MB, Browser 127MB, Utility 69MB)
2026-08-28T06:19:52.715-04:00 info memory: 1325MB total (Tab 807MB, GPU 322MB, Browser 127MB, Utility 69MB)
2026-08-28T06:20:52.730-04:00 info memory: 1325MB total (Tab 807MB, GPU 322MB, Browser 127MB, Utility 69MB)
2026-08-28T06:21:52.738-04:00 info memory: 1324MB total (Tab 807MB, GPU 322MB, Browser 127MB, Utility 69MB)
2026-08-28T06:22:52.754-04:00 info memory: 1324MB total (Tab 807MB, GPU 321MB, Browser 127MB, Utility 69MB)
2026-08-28T06:23:52.757-04:00 info memory: 1326MB total (Tab 808MB, GPU 322MB, Browser 127MB, Utility 69MB)
2026-08-28T06:24:52.758-04:00 info memory: 1325MB total (Tab 806MB, GPU 323MB, Browser 127MB, Utility 69MB)
2026-08-28T06:25:52.771-04:00 info memory: 1324MB total (Tab 806MB, GPU 322MB, Browser 127MB, Utility 69MB)
2026-08-28T06:26:52.787-04:00 info memory: 1324MB total (Tab 806MB, GPU 322MB, Browser 127MB, Utility 69MB)
2026-08-28T06:27:52.791-04:00 info memory: 1324MB total (Tab 806MB, GPU 322MB, Browser 127MB, Utility 69MB)
2026-08-28T06:28:52.800-04:00 info memory: 1325MB total (Tab 807MB, GPU 322MB, Browser 127MB, Utility 69MB)
2026-08-28T06:29:52.804-04:00 info memory: 1324MB total (Tab 806MB, GPU 322MB, Browser 127MB, Utility 69MB)
2026-08-28T06:30:52.812-04:00 info memory: 1325MB total (Tab 807MB, GPU 322MB, Browser 127MB, Utility 69MB)
2026-08-28T06:31:52.816-04:00 info memory: 1370MB total (Tab 849MB, GPU 325MB, Browser 127MB, Utility 69MB)
2026-08-28T06:32:52.830-04:00 info memory: 1324MB total (Tab 806MB, GPU 322MB, Browser 127MB, Utility 69MB)
2026-08-28T06:33:52.847-04:00 info memory: 1325MB total (Tab 807MB, GPU 322MB, Browser 127MB, Utility 69MB)
2026-08-28T06:34:52.861-04:00 info memory: 1325MB total (Tab 807MB, GPU 322MB, Browser 127MB, Utility 69MB)
2026-08-28T06:35:52.874-04:00 info memory: 1325MB total (Tab 807MB, GPU 322MB, Browser 127MB, Utility 69MB)
2026-08-28T06:36:52.879-04:00 info memory: 1325MB total (Tab 807MB, GPU 322MB, Browser 127MB, Utility 69MB)
2026-08-28T06:37:52.886-04:00 info memory: 1325MB total (Tab 807MB, GPU 322MB, Browser 127MB, Utility 69MB)
2026-08-28T06:38:52.889-04:00 info memory: 1326MB total (Tab 807MB, GPU 322MB, Browser 127MB, Utility 69MB)
2026-08-28T06:39:52.901-04:00 info memory: 1325MB total (Tab 807MB, GPU 322MB, Browser 128MB, Utility 69MB)
2026-08-28T06:40:52.907-04:00 info memory: 1326MB total (Tab 807MB, GPU 322MB, Browser 128MB, Utility 69MB)
2026-08-28T06:41:52.917-04:00 info memory: 1324MB total (Tab 807MB, GPU 322MB, Browser 127MB, Utility 69MB)
2026-08-28T06:42:52.920-04:00 info memory: 1324MB total (Tab 806MB, GPU 322MB, Browser 127MB, Utility 69MB)
2026-08-28T06:43:52.923-04:00 info memory: 1325MB total (Tab 807MB, GPU 322MB, Browser 127MB, Utility 69MB)
2026-08-28T06:44:52.929-04:00 info memory: 1324MB total (Tab 806MB, GPU 322MB, Browser 127MB, Utility 69MB)
2026-08-28T06:45:52.935-04:00 info memory: 1325MB total (Tab 807MB, GPU 322MB, Browser 127MB, Utility 69MB)
2026-08-28T06:46:52.948-04:00 info memory: 1325MB total (Tab 807MB, GPU 322MB, Browser 127MB, Utility 69MB)
2026-08-28T06:47:52.951-04:00 info memory: 1325MB total (Tab 807MB, GPU 322MB, Browser 127MB, Utility 69MB)
2026-08-28T06:48:52.956-04:00 info memory: 1325MB total (Tab 807MB, GPU 322MB, Browser 127MB, Utility 69MB)
2026-08-28T06:49:52.959-04:00 info memory: 1325MB total (Tab 807MB, GPU 322MB, Browser 127MB, Utility 69MB)
2026-08-28T06:50:52.962-04:00 info memory: 1325MB total (Tab 807MB, GPU 322MB, Browser 127MB, Utility 69MB)
2026-08-28T06:51:52.974-04:00 info memory: 1325MB total (Tab 807MB, GPU 322MB, Browser 127MB, Utility 69MB)
2026-08-28T06:52:52.981-04:00 info memory: 1324MB total (Tab 806MB, GPU 322MB, Browser 127MB, Utility 69MB)
2026-08-28T06:53:52.994-04:00 info memory: 1325MB total (Tab 807MB, GPU 322MB, Browser 127MB, Utility 69MB)
2026-08-28T06:54:53.005-04:00 info memory: 1325MB total (Tab 806MB, GPU 323MB, Browser 127MB, Utility 69MB)
2026-08-28T06:55:53.015-04:00 info memory: 1329MB total (Tab 806MB, GPU 326MB, Browser 127MB, Utility 69MB)
2026-08-28T06:56:53.022-04:00 info memory: 1326MB total (Tab 807MB, GPU 323MB, Browser 127MB, Utility 69MB)
2026-08-28T06:57:53.026-04:00 info memory: 1324MB total (Tab 805MB, GPU 322MB, Browser 127MB, Utility 69MB)
2026-08-28T06:58:53.041-04:00 info memory: 1324MB total (Tab 806MB, GPU 322MB, Browser 127MB, Utility 69MB)
2026-08-28T06:59:53.053-04:00 info memory: 1324MB total (Tab 806MB, GPU 322MB, Browser 127MB, Utility 69MB)
2026-08-28T07:00:53.061-04:00 info memory: 1324MB total (Tab 806MB, GPU 322MB, Browser 127MB, Utility 69MB)
2026-08-28T07:01:53.067-04:00 info memory: 1329MB total (Tab 809MB, GPU 325MB, Browser 127MB, Utility 69MB)
2026-08-28T07:02:53.081-04:00 info memory: 1324MB total (Tab 807MB, GPU 322MB, Browser 127MB, Utility 69MB)
2026-08-28T07:03:53.084-04:00 info memory: 1325MB total (Tab 807MB, GPU 322MB, Browser 127MB, Utility 69MB)
2026-08-28T07:04:53.090-04:00 info memory: 1324MB total (Tab 807MB, GPU 322MB, Browser 127MB, Utility 69MB)
2026-08-28T07:05:53.098-04:00 info memory: 1324MB total (Tab 806MB, GPU 322MB, Browser 127MB, Utility 69MB)
2026-08-28T07:06:53.112-04:00 info memory: 1324MB total (Tab 806MB, GPU 322MB, Browser 127MB, Utility 69MB)
2026-08-28T07:07:53.126-04:00 info memory: 1325MB total (Tab 807MB, GPU 322MB, Browser 127MB, Utility 69MB)
2026-08-28T07:08:53.129-04:00 info memory: 1324MB total (Tab 806MB, GPU 322MB, Browser 127MB, Utility 69MB)
2026-08-28T07:09:53.144-04:00 info memory: 1325MB total (Tab 807MB, GPU 322MB, Browser 127MB, Utility 69MB)
2026-08-28T07:10:53.151-04:00 info memory: 1325MB total (Tab 807MB, GPU 322MB, Browser 127MB, Utility 69MB)
2026-08-28T07:11:53.162-04:00 info memory: 1325MB total (Tab 807MB, GPU 322MB, Browser 127MB, Utility 69MB)
2026-08-28T07:12:53.172-04:00 info memory: 1325MB total (Tab 807MB, GPU 322MB, Browser 127MB, Utility 69MB)
2026-08-28T07:13:53.184-04:00 info memory: 1325MB total (Tab 807MB, GPU 322MB, Browser 127MB, Utility 69MB)
2026-08-28T07:14:53.196-04:00 info memory: 1329MB total (Tab 807MB, GPU 326MB, Browser 127MB, Utility 69MB)
2026-08-28T07:15:53.211-04:00 info memory: 1326MB total (Tab 808MB, GPU 322MB, Browser 127MB, Utility 69MB)
2026-08-28T07:16:53.222-04:00 info memory: 1326MB total (Tab 808MB, GPU 322MB, Browser 127MB, Utility 69MB)
2026-08-28T07:17:53.231-04:00 info memory: 1326MB total (Tab 808MB, GPU 322MB, Browser 127MB, Utility 69MB)
2026-08-28T07:18:53.237-04:00 info memory: 1329MB total (Tab 807MB, GPU 326MB, Browser 128MB, Utility 69MB)
2026-08-28T07:19:53.246-04:00 info memory: 1325MB total (Tab 807MB, GPU 322MB, Browser 128MB, Utility 69MB)
2026-08-28T07:20:53.254-04:00 info memory: 1325MB total (Tab 807MB, GPU 322MB, Browser 128MB, Utility 69MB)
2026-08-28T07:21:53.265-04:00 info memory: 1330MB total (Tab 807MB, GPU 326MB, Browser 128MB, Utility 69MB)
2026-08-28T07:22:53.280-04:00 info memory: 1326MB total (Tab 808MB, GPU 322MB, Browser 128MB, Utility 69MB)
2026-08-28T07:23:53.288-04:00 info memory: 1329MB total (Tab 807MB, GPU 326MB, Browser 128MB, Utility 69MB)
2026-08-28T07:24:53.299-04:00 info memory: 1325MB total (Tab 807MB, GPU 322MB, Browser 128MB, Utility 69MB)
2026-08-28T07:25:53.315-04:00 info memory: 1325MB total (Tab 807MB, GPU 322MB, Browser 128MB, Utility 69MB)
2026-08-28T07:26:53.326-04:00 info memory: 1326MB total (Tab 807MB, GPU 322MB, Browser 128MB, Utility 69MB)
2026-08-28T07:27:53.329-04:00 info memory: 1326MB total (Tab 807MB, GPU 322MB, Browser 128MB, Utility 69MB)
2026-08-28T07:28:53.331-04:00 info memory: 1325MB total (Tab 807MB, GPU 322MB, Browser 128MB, Utility 69MB)
2026-08-28T07:29:53.346-04:00 info memory: 1326MB total (Tab 807MB, GPU 322MB, Browser 128MB, Utility 69MB)
2026-08-28T07:30:53.357-04:00 info memory: 1325MB total (Tab 807MB, GPU 322MB, Browser 128MB, Utility 69MB)
2026-08-28T07:31:53.366-04:00 info memory: 1337MB total (Tab 811MB, GPU 329MB, Browser 128MB, Utility 69MB)
2026-08-28T07:32:53.371-04:00 info memory: 1325MB total (Tab 807MB, GPU 322MB, Browser 128MB, Utility 69MB)
2026-08-28T07:33:53.386-04:00 info memory: 1326MB total (Tab 807MB, GPU 322MB, Browser 128MB, Utility 69MB)
2026-08-28T07:34:53.392-04:00 info memory: 1326MB total (Tab 807MB, GPU 322MB, Browser 128MB, Utility 69MB)
2026-08-28T07:35:53.407-04:00 info memory: 1327MB total (Tab 808MB, GPU 322MB, Browser 128MB, Utility 69MB)
2026-08-28T07:36:53.421-04:00 info memory: 1326MB total (Tab 807MB, GPU 322MB, Browser 128MB, Utility 69MB)
2026-08-28T07:37:53.432-04:00 info memory: 1327MB total (Tab 808MB, GPU 322MB, Browser 128MB, Utility 69MB)
2026-08-28T07:38:53.444-04:00 info memory: 1326MB total (Tab 808MB, GPU 322MB, Browser 128MB, Utility 69MB)
2026-08-28T07:39:53.458-04:00 info memory: 1331MB total (Tab 808MB, GPU 326MB, Browser 128MB, Utility 69MB)
2026-08-28T07:40:53.469-04:00 info memory: 1326MB total (Tab 807MB, GPU 322MB, Browser 128MB, Utility 69MB)
2026-08-28T07:41:53.485-04:00 info memory: 1324MB total (Tab 806MB, GPU 322MB, Browser 128MB, Utility 69MB)
2026-08-28T07:42:53.499-04:00 info memory: 1325MB total (Tab 807MB, GPU 322MB, Browser 128MB, Utility 69MB)
2026-08-28T07:43:53.503-04:00 info memory: 1325MB total (Tab 806MB, GPU 322MB, Browser 128MB, Utility 69MB)
2026-08-28T07:44:53.520-04:00 info memory: 1325MB total (Tab 807MB, GPU 322MB, Browser 128MB, Utility 69MB)
2026-08-28T07:45:53.533-04:00 info memory: 1325MB total (Tab 807MB, GPU 322MB, Browser 128MB, Utility 69MB)
2026-08-28T07:46:53.549-04:00 info memory: 1325MB total (Tab 807MB, GPU 322MB, Browser 128MB, Utility 69MB)
2026-08-28T07:47:53.559-04:00 info memory: 1326MB total (Tab 808MB, GPU 322MB, Browser 128MB, Utility 69MB)
2026-08-28T07:48:53.563-04:00 info memory: 1326MB total (Tab 807MB, GPU 322MB, Browser 128MB, Utility 69MB)
2026-08-28T07:49:53.577-04:00 info memory: 1325MB total (Tab 807MB, GPU 322MB, Browser 128MB, Utility 69MB)
2026-08-28T07:50:53.588-04:00 info memory: 1325MB total (Tab 807MB, GPU 322MB, Browser 128MB, Utility 69MB)
2026-08-28T07:51:53.593-04:00 info memory: 1324MB total (Tab 806MB, GPU 322MB, Browser 128MB, Utility 69MB)
2026-08-28T07:52:53.605-04:00 info memory: 1329MB total (Tab 807MB, GPU 326MB, Browser 128MB, Utility 69MB)
2026-08-28T07:53:53.617-04:00 info memory: 1325MB total (Tab 806MB, GPU 322MB, Browser 128MB, Utility 69MB)
2026-08-28T07:54:53.632-04:00 info memory: 1325MB total (Tab 807MB, GPU 322MB, Browser 128MB, Utility 69MB)
2026-08-28T07:55:53.634-04:00 info memory: 1325MB total (Tab 807MB, GPU 322MB, Browser 128MB, Utility 69MB)
2026-08-28T07:56:53.639-04:00 info memory: 1326MB total (Tab 807MB, GPU 322MB, Browser 128MB, Utility 69MB)
2026-08-28T07:57:53.643-04:00 info memory: 1326MB total (Tab 808MB, GPU 322MB, Browser 128MB, Utility 69MB)
2026-08-28T07:58:53.654-04:00 info memory: 1326MB total (Tab 807MB, GPU 322MB, Browser 128MB, Utility 69MB)
2026-08-28T07:59:53.658-04:00 info memory: 1327MB total (Tab 808MB, GPU 322MB, Browser 128MB, Utility 69MB)
2026-08-28T08:00:53.669-04:00 info memory: 1325MB total (Tab 807MB, GPU 322MB, Browser 128MB, Utility 69MB)
2026-08-28T08:01:53.683-04:00 info memory: 1359MB total (Tab 835MB, GPU 328MB, Browser 128MB, Utility 69MB)
2026-08-28T08:02:53.697-04:00 info memory: 1324MB total (Tab 807MB, GPU 322MB, Browser 127MB, Utility 69MB)
2026-08-28T08:03:53.699-04:00 info memory: 1325MB total (Tab 807MB, GPU 322MB, Browser 127MB, Utility 69MB)
2026-08-28T08:04:53.711-04:00 info memory: 1324MB total (Tab 806MB, GPU 322MB, Browser 127MB, Utility 69MB)
2026-08-28T08:05:53.720-04:00 info memory: 1325MB total (Tab 807MB, GPU 322MB, Browser 127MB, Utility 69MB)
2026-08-28T08:06:53.736-04:00 info memory: 1324MB total (Tab 807MB, GPU 322MB, Browser 127MB, Utility 69MB)
2026-08-28T08:07:53.742-04:00 info memory: 1325MB total (Tab 807MB, GPU 322MB, Browser 127MB, Utility 69MB)
2026-08-28T08:08:53.756-04:00 info memory: 1326MB total (Tab 808MB, GPU 322MB, Browser 127MB, Utility 69MB)
2026-08-28T08:09:53.760-04:00 info memory: 1329MB total (Tab 807MB, GPU 326MB, Browser 127MB, Utility 69MB)
2026-08-28T08:10:53.774-04:00 info memory: 1325MB total (Tab 807MB, GPU 322MB, Browser 127MB, Utility 69MB)
2026-08-28T08:11:53.778-04:00 info memory: 1325MB total (Tab 807MB, GPU 322MB, Browser 127MB, Utility 69MB)
2026-08-28T08:12:53.787-04:00 info memory: 1324MB total (Tab 806MB, GPU 322MB, Browser 127MB, Utility 69MB)
2026-08-28T08:13:53.798-04:00 info memory: 1323MB total (Tab 806MB, GPU 322MB, Browser 127MB, Utility 69MB)
2026-08-28T08:14:53.816-04:00 info memory: 1323MB total (Tab 805MB, GPU 322MB, Browser 127MB, Utility 69MB)
2026-08-28T08:15:53.826-04:00 info memory: 1324MB total (Tab 806MB, GPU 322MB, Browser 127MB, Utility 69MB)
2026-08-28T08:16:53.836-04:00 info memory: 1324MB total (Tab 806MB, GPU 322MB, Browser 127MB, Utility 69MB)
2026-08-28T08:17:53.843-04:00 info memory: 1324MB total (Tab 806MB, GPU 322MB, Browser 127MB, Utility 69MB)
2026-08-28T08:18:53.849-04:00 info memory: 1325MB total (Tab 807MB, GPU 322MB, Browser 127MB, Utility 69MB)
2026-08-28T08:19:53.866-04:00 info memory: 1324MB total (Tab 806MB, GPU 322MB, Browser 128MB, Utility 69MB)
2026-08-28T08:20:53.875-04:00 info memory: 1325MB total (Tab 807MB, GPU 322MB, Browser 128MB, Utility 69MB)
2026-08-28T08:21:53.886-04:00 info memory: 1325MB total (Tab 807MB, GPU 322MB, Browser 128MB, Utility 69MB)
2026-08-28T08:22:53.893-04:00 info memory: 1325MB total (Tab 807MB, GPU 322MB, Browser 127MB, Utility 69MB)
2026-08-28T08:23:53.908-04:00 info memory: 1324MB total (Tab 806MB, GPU 322MB, Browser 127MB, Utility 69MB)
2026-08-28T08:24:53.912-04:00 info memory: 1324MB total (Tab 806MB, GPU 322MB, Browser 127MB, Utility 69MB)
2026-08-28T08:25:53.927-04:00 info memory: 1325MB total (Tab 807MB, GPU 322MB, Browser 127MB, Utility 69MB)
2026-08-28T08:26:53.929-04:00 info memory: 1323MB total (Tab 806MB, GPU 322MB, Browser 127MB, Utility 69MB)
2026-08-28T08:27:53.945-04:00 info memory: 1324MB total (Tab 806MB, GPU 322MB, Browser 127MB, Utility 69MB)
2026-08-28T08:28:53.957-04:00 info memory: 1324MB total (Tab 806MB, GPU 322MB, Browser 127MB, Utility 69MB)
2026-08-28T08:29:53.960-04:00 info memory: 1325MB total (Tab 807MB, GPU 322MB, Browser 127MB, Utility 69MB)
2026-08-28T08:30:53.968-04:00 info memory: 1325MB total (Tab 807MB, GPU 322MB, Browser 127MB, Utility 69MB)
2026-08-28T08:31:53.969-04:00 info memory: 1339MB total (Tab 814MB, GPU 329MB, Browser 127MB, Utility 69MB)
2026-08-28T08:32:53.982-04:00 info memory: 1325MB total (Tab 807MB, GPU 322MB, Browser 127MB, Utility 69MB)
2026-08-28T08:33:53.987-04:00 info memory: 1326MB total (Tab 808MB, GPU 322MB, Browser 127MB, Utility 69MB)
2026-08-28T08:34:53.989-04:00 info memory: 1329MB total (Tab 807MB, GPU 326MB, Browser 127MB, Utility 69MB)
2026-08-28T08:35:54.005-04:00 info memory: 1330MB total (Tab 807MB, GPU 326MB, Browser 127MB, Utility 69MB)
2026-08-28T08:36:54.013-04:00 info memory: 1330MB total (Tab 807MB, GPU 327MB, Browser 128MB, Utility 69MB)
2026-08-28T08:37:54.023-04:00 info memory: 1325MB total (Tab 807MB, GPU 322MB, Browser 128MB, Utility 69MB)
2026-08-28T08:38:54.038-04:00 info memory: 1326MB total (Tab 808MB, GPU 322MB, Browser 128MB, Utility 69MB)
2026-08-28T08:39:54.044-04:00 info memory: 1323MB total (Tab 805MB, GPU 322MB, Browser 128MB, Utility 69MB)
2026-08-28T08:40:54.051-04:00 info memory: 1324MB total (Tab 806MB, GPU 322MB, Browser 128MB, Utility 69MB)
2026-08-28T08:41:54.065-04:00 info memory: 1324MB total (Tab 806MB, GPU 322MB, Browser 128MB, Utility 69MB)
2026-08-28T08:42:54.069-04:00 info memory: 1324MB total (Tab 806MB, GPU 322MB, Browser 128MB, Utility 69MB)
2026-08-28T08:43:54.082-04:00 info memory: 1323MB total (Tab 806MB, GPU 322MB, Browser 127MB, Utility 69MB)
2026-08-28T08:44:54.098-04:00 info memory: 1324MB total (Tab 806MB, GPU 322MB, Browser 127MB, Utility 69MB)
2026-08-28T08:45:54.109-04:00 info memory: 1324MB total (Tab 807MB, GPU 322MB, Browser 127MB, Utility 69MB)
2026-08-28T08:46:54.120-04:00 info memory: 1324MB total (Tab 807MB, GPU 322MB, Browser 127MB, Utility 69MB)
2026-08-28T08:47:54.121-04:00 info memory: 1324MB total (Tab 807MB, GPU 322MB, Browser 127MB, Utility 69MB)
2026-08-28T08:48:54.129-04:00 info memory: 1325MB total (Tab 807MB, GPU 322MB, Browser 127MB, Utility 69MB)
2026-08-28T08:49:54.138-04:00 info memory: 1324MB total (Tab 806MB, GPU 322MB, Browser 127MB, Utility 69MB)
2026-08-28T08:50:54.141-04:00 info memory: 1325MB total (Tab 806MB, GPU 322MB, Browser 127MB, Utility 69MB)
2026-08-28T08:51:54.150-04:00 info memory: 1324MB total (Tab 806MB, GPU 322MB, Browser 127MB, Utility 69MB)
2026-08-28T08:52:54.160-04:00 info memory: 1325MB total (Tab 807MB, GPU 322MB, Browser 127MB, Utility 69MB)
2026-08-28T08:53:54.168-04:00 info memory: 1325MB total (Tab 806MB, GPU 322MB, Browser 128MB, Utility 69MB)
2026-08-28T08:54:54.185-04:00 info memory: 1330MB total (Tab 807MB, GPU 327MB, Browser 128MB, Utility 69MB)
2026-08-28T08:55:54.194-04:00 info memory: 1326MB total (Tab 807MB, GPU 323MB, Browser 128MB, Utility 69MB)
2026-08-28T08:56:54.210-04:00 info memory: 1330MB total (Tab 806MB, GPU 327MB, Browser 128MB, Utility 69MB)
2026-08-28T08:57:54.222-04:00 info memory: 1325MB total (Tab 806MB, GPU 323MB, Browser 128MB, Utility 69MB)
2026-08-28T08:58:54.225-04:00 info memory: 1326MB total (Tab 807MB, GPU 322MB, Browser 128MB, Utility 69MB)
2026-08-28T08:59:54.239-04:00 info memory: 1325MB total (Tab 806MB, GPU 323MB, Browser 128MB, Utility 69MB)
2026-08-28T09:00:54.243-04:00 info memory: 1330MB total (Tab 806MB, GPU 327MB, Browser 128MB, Utility 69MB)
2026-08-28T09:01:54.251-04:00 info memory: 1374MB total (Tab 848MB, GPU 329MB, Browser 128MB, Utility 69MB)
2026-08-28T09:02:54.260-04:00 info memory: 1326MB total (Tab 807MB, GPU 323MB, Browser 128MB, Utility 69MB)
2026-08-28T09:03:54.273-04:00 info memory: 1330MB total (Tab 807MB, GPU 326MB, Browser 127MB, Utility 69MB)
2026-08-28T09:04:54.285-04:00 info memory: 1326MB total (Tab 807MB, GPU 323MB, Browser 127MB, Utility 69MB)
2026-08-28T09:05:54.287-04:00 info memory: 1325MB total (Tab 807MB, GPU 322MB, Browser 127MB, Utility 69MB)
2026-08-28T09:06:54.302-04:00 info memory: 1324MB total (Tab 805MB, GPU 322MB, Browser 127MB, Utility 69MB)
2026-08-28T09:07:54.310-04:00 info memory: 1325MB total (Tab 806MB, GPU 322MB, Browser 127MB, Utility 69MB)
2026-08-28T09:08:54.316-04:00 info memory: 1325MB total (Tab 807MB, GPU 322MB, Browser 127MB, Utility 69MB)
2026-08-28T09:09:54.326-04:00 info memory: 1325MB total (Tab 807MB, GPU 322MB, Browser 128MB, Utility 69MB)
2026-08-28T09:10:54.330-04:00 info memory: 1330MB total (Tab 807MB, GPU 327MB, Browser 128MB, Utility 69MB)
2026-08-28T09:11:54.338-04:00 info memory: 1330MB total (Tab 807MB, GPU 327MB, Browser 128MB, Utility 69MB)
2026-08-28T09:12:54.343-04:00 info memory: 1325MB total (Tab 806MB, GPU 323MB, Browser 128MB, Utility 69MB)
2026-08-28T09:13:54.353-04:00 info memory: 1325MB total (Tab 806MB, GPU 322MB, Browser 128MB, Utility 69MB)
2026-08-28T09:14:54.370-04:00 info memory: 1325MB total (Tab 806MB, GPU 323MB, Browser 128MB, Utility 69MB)
2026-08-28T09:15:54.383-04:00 info memory: 1325MB total (Tab 807MB, GPU 322MB, Browser 128MB, Utility 69MB)
2026-08-28T09:16:54.397-04:00 info memory: 1326MB total (Tab 807MB, GPU 323MB, Browser 128MB, Utility 69MB)
2026-08-28T09:17:54.408-04:00 info memory: 1326MB total (Tab 807MB, GPU 322MB, Browser 128MB, Utility 69MB)
2026-08-28T09:18:54.420-04:00 info memory: 1326MB total (Tab 807MB, GPU 322MB, Browser 128MB, Utility 69MB)
2026-08-28T09:19:54.435-04:00 info memory: 1325MB total (Tab 806MB, GPU 323MB, Browser 128MB, Utility 69MB)
2026-08-28T09:20:54.445-04:00 info memory: 1326MB total (Tab 807MB, GPU 322MB, Browser 128MB, Utility 69MB)
2026-08-28T09:21:54.452-04:00 info memory: 1326MB total (Tab 807MB, GPU 322MB, Browser 128MB, Utility 69MB)
2026-08-28T09:22:54.456-04:00 info memory: 1330MB total (Tab 807MB, GPU 327MB, Browser 128MB, Utility 69MB)
2026-08-28T09:23:54.471-04:00 info memory: 1326MB total (Tab 807MB, GPU 322MB, Browser 128MB, Utility 69MB)
2026-08-28T09:24:54.474-04:00 info memory: 1330MB total (Tab 807MB, GPU 327MB, Browser 127MB, Utility 69MB)
2026-08-28T09:25:54.484-04:00 info memory: 1326MB total (Tab 808MB, GPU 323MB, Browser 127MB, Utility 69MB)
2026-08-28T09:26:54.498-04:00 info memory: 1326MB total (Tab 807MB, GPU 323MB, Browser 127MB, Utility 69MB)
2026-08-28T09:27:54.502-04:00 info memory: 1327MB total (Tab 808MB, GPU 323MB, Browser 127MB, Utility 69MB)
2026-08-28T09:28:54.509-04:00 info memory: 1326MB total (Tab 808MB, GPU 322MB, Browser 127MB, Utility 69MB)
2026-08-28T09:29:54.511-04:00 info memory: 1324MB total (Tab 806MB, GPU 323MB, Browser 128MB, Utility 69MB)
2026-08-28T09:30:54.518-04:00 info memory: 1324MB total (Tab 805MB, GPU 323MB, Browser 128MB, Utility 69MB)
2026-08-28T09:31:54.528-04:00 info memory: 1334MB total (Tab 809MB, GPU 329MB, Browser 128MB, Utility 69MB)
2026-08-28T09:32:54.542-04:00 info memory: 1326MB total (Tab 807MB, GPU 323MB, Browser 128MB, Utility 69MB)
2026-08-28T09:33:54.545-04:00 info memory: 1325MB total (Tab 806MB, GPU 322MB, Browser 128MB, Utility 69MB)
2026-08-28T09:34:54.554-04:00 info memory: 1326MB total (Tab 807MB, GPU 323MB, Browser 128MB, Utility 69MB)
2026-08-28T09:35:54.568-04:00 info memory: 1326MB total (Tab 807MB, GPU 322MB, Browser 128MB, Utility 69MB)
2026-08-28T09:36:54.581-04:00 info memory: 1326MB total (Tab 807MB, GPU 322MB, Browser 128MB, Utility 69MB)
2026-08-28T09:37:54.595-04:00 info memory: 1326MB total (Tab 807MB, GPU 322MB, Browser 128MB, Utility 69MB)
2026-08-28T09:38:54.606-04:00 info memory: 1325MB total (Tab 807MB, GPU 322MB, Browser 128MB, Utility 69MB)
2026-08-28T09:39:54.608-04:00 info memory: 1325MB total (Tab 807MB, GPU 322MB, Browser 128MB, Utility 69MB)
2026-08-28T09:40:54.621-04:00 info memory: 1326MB total (Tab 807MB, GPU 322MB, Browser 128MB, Utility 69MB)
2026-08-28T09:41:54.632-04:00 info memory: 1326MB total (Tab 807MB, GPU 322MB, Browser 128MB, Utility 69MB)
2026-08-28T09:42:54.648-04:00 info memory: 1326MB total (Tab 807MB, GPU 323MB, Browser 128MB, Utility 69MB)
2026-08-28T09:43:54.650-04:00 info memory: 1326MB total (Tab 807MB, GPU 322MB, Browser 128MB, Utility 69MB)
2026-08-28T09:44:54.661-04:00 info memory: 1330MB total (Tab 807MB, GPU 327MB, Browser 128MB, Utility 69MB)
2026-08-28T09:45:54.673-04:00 info memory: 1326MB total (Tab 808MB, GPU 322MB, Browser 127MB, Utility 69MB)
2026-08-28T09:46:54.678-04:00 info memory: 1325MB total (Tab 806MB, GPU 322MB, Browser 127MB, Utility 69MB)
2026-08-28T09:47:54.689-04:00 info memory: 1326MB total (Tab 807MB, GPU 322MB, Browser 128MB, Utility 69MB)
2026-08-28T09:48:54.695-04:00 info memory: 1325MB total (Tab 807MB, GPU 322MB, Browser 128MB, Utility 69MB)
2026-08-28T09:49:54.703-04:00 info memory: 1326MB total (Tab 807MB, GPU 322MB, Browser 128MB, Utility 69MB)
2026-08-28T09:50:54.706-04:00 info memory: 1326MB total (Tab 807MB, GPU 322MB, Browser 128MB, Utility 69MB)
2026-08-28T09:51:54.710-04:00 info memory: 1325MB total (Tab 807MB, GPU 322MB, Browser 128MB, Utility 69MB)
2026-08-28T09:52:54.724-04:00 info memory: 1325MB total (Tab 807MB, GPU 322MB, Browser 128MB, Utility 69MB)
2026-08-28T09:53:54.738-04:00 info memory: 1325MB total (Tab 806MB, GPU 322MB, Browser 128MB, Utility 69MB)
2026-08-28T09:54:54.754-04:00 info memory: 1326MB total (Tab 807MB, GPU 323MB, Browser 128MB, Utility 69MB)
2026-08-28T09:55:54.767-04:00 info memory: 1325MB total (Tab 806MB, GPU 322MB, Browser 128MB, Utility 69MB)
2026-08-28T09:56:54.775-04:00 info memory: 1326MB total (Tab 807MB, GPU 322MB, Browser 128MB, Utility 69MB)
2026-08-28T09:57:54.787-04:00 info memory: 1326MB total (Tab 807MB, GPU 322MB, Browser 128MB, Utility 69MB)
2026-08-28T09:58:54.800-04:00 info memory: 1330MB total (Tab 807MB, GPU 326MB, Browser 128MB, Utility 69MB)
2026-08-28T09:59:54.808-04:00 info memory: 1325MB total (Tab 806MB, GPU 322MB, Browser 128MB, Utility 69MB)
2026-08-28T10:00:54.822-04:00 info memory: 1325MB total (Tab 806MB, GPU 322MB, Browser 128MB, Utility 69MB)
2026-08-28T10:01:54.838-04:00 info memory: 1364MB total (Tab 834MB, GPU 333MB, Browser 128MB, Utility 69MB)
2026-08-28T10:02:54.844-04:00 info memory: 1331MB total (Tab 807MB, GPU 327MB, Browser 128MB, Utility 69MB)
2026-08-28T10:03:54.856-04:00 info memory: 1332MB total (Tab 808MB, GPU 327MB, Browser 128MB, Utility 69MB)
2026-08-28T10:04:54.870-04:00 info memory: 1326MB total (Tab 807MB, GPU 322MB, Browser 128MB, Utility 69MB)
2026-08-28T10:05:54.884-04:00 info memory: 1326MB total (Tab 807MB, GPU 322MB, Browser 128MB, Utility 69MB)
2026-08-28T10:06:54.895-04:00 info memory: 1326MB total (Tab 807MB, GPU 323MB, Browser 127MB, Utility 69MB)
2026-08-28T10:07:54.904-04:00 info memory: 1325MB total (Tab 807MB, GPU 323MB, Browser 127MB, Utility 69MB)
2026-08-28T10:08:54.914-04:00 info memory: 1326MB total (Tab 807MB, GPU 323MB, Browser 128MB, Utility 69MB)
2026-08-28T10:09:54.928-04:00 info memory: 1325MB total (Tab 807MB, GPU 323MB, Browser 128MB, Utility 69MB)
2026-08-28T10:10:54.941-04:00 info memory: 1326MB total (Tab 808MB, GPU 323MB, Browser 128MB, Utility 69MB)
2026-08-28T10:11:54.946-04:00 info memory: 1326MB total (Tab 807MB, GPU 323MB, Browser 128MB, Utility 69MB)
2026-08-28T10:12:54.960-04:00 info memory: 1325MB total (Tab 806MB, GPU 323MB, Browser 128MB, Utility 69MB)
2026-08-28T10:13:54.974-04:00 info memory: 1326MB total (Tab 807MB, GPU 322MB, Browser 128MB, Utility 69MB)
2026-08-28T10:14:54.982-04:00 info memory: 1325MB total (Tab 806MB, GPU 322MB, Browser 128MB, Utility 69MB)
2026-08-28T10:15:54.992-04:00 info memory: 1325MB total (Tab 807MB, GPU 322MB, Browser 128MB, Utility 69MB)
2026-08-28T10:16:54.995-04:00 info memory: 1326MB total (Tab 807MB, GPU 322MB, Browser 128MB, Utility 69MB)
2026-08-28T10:17:55.002-04:00 info memory: 1326MB total (Tab 807MB, GPU 323MB, Browser 128MB, Utility 69MB)
2026-08-28T10:18:55.004-04:00 info memory: 1326MB total (Tab 807MB, GPU 322MB, Browser 128MB, Utility 69MB)
2026-08-28T10:19:55.010-04:00 info memory: 1327MB total (Tab 808MB, GPU 323MB, Browser 128MB, Utility 69MB)
2026-08-28T10:20:55.021-04:00 info memory: 1327MB total (Tab 808MB, GPU 322MB, Browser 128MB, Utility 69MB)
2026-08-28T10:21:55.027-04:00 info memory: 1325MB total (Tab 806MB, GPU 322MB, Browser 128MB, Utility 69MB)
2026-08-28T10:22:55.042-04:00 info memory: 1326MB total (Tab 807MB, GPU 323MB, Browser 128MB, Utility 69MB)
2026-08-28T10:23:55.056-04:00 info memory: 1326MB total (Tab 807MB, GPU 322MB, Browser 128MB, Utility 69MB)
2026-08-28T10:24:55.062-04:00 info memory: 1327MB total (Tab 807MB, GPU 322MB, Browser 128MB, Utility 69MB)
2026-08-28T10:25:55.067-04:00 info memory: 1327MB total (Tab 808MB, GPU 322MB, Browser 128MB, Utility 69MB)
2026-08-28T10:26:55.084-04:00 info memory: 1326MB total (Tab 807MB, GPU 322MB, Browser 128MB, Utility 69MB)
2026-08-28T10:27:55.090-04:00 info memory: 1327MB total (Tab 808MB, GPU 322MB, Browser 128MB, Utility 69MB)
2026-08-28T10:28:55.106-04:00 info memory: 1327MB total (Tab 808MB, GPU 322MB, Browser 127MB, Utility 69MB)
2026-08-28T10:29:55.105-04:00 info memory: 1327MB total (Tab 808MB, GPU 322MB, Browser 128MB, Utility 69MB)
2026-08-28T10:30:55.118-04:00 info memory: 1327MB total (Tab 808MB, GPU 323MB, Browser 128MB, Utility 69MB)
2026-08-28T10:31:55.125-04:00 info memory: 1344MB total (Tab 819MB, GPU 329MB, Browser 128MB, Utility 69MB)
2026-08-28T10:32:55.127-04:00 info memory: 1333MB total (Tab 814MB, GPU 323MB, Browser 128MB, Utility 69MB)
2026-08-28T10:33:55.130-04:00 info memory: 1332MB total (Tab 813MB, GPU 322MB, Browser 128MB, Utility 69MB)
2026-08-28T10:34:55.147-04:00 info memory: 1331MB total (Tab 812MB, GPU 323MB, Browser 128MB, Utility 69MB)
2026-08-28T10:35:55.149-04:00 info memory: 1332MB total (Tab 813MB, GPU 323MB, Browser 128MB, Utility 69MB)
2026-08-28T10:36:55.157-04:00 info memory: 1336MB total (Tab 812MB, GPU 327MB, Browser 128MB, Utility 69MB)
2026-08-28T10:37:55.164-04:00 info memory: 1332MB total (Tab 813MB, GPU 323MB, Browser 128MB, Utility 69MB)
2026-08-28T10:38:55.170-04:00 info memory: 1332MB total (Tab 813MB, GPU 323MB, Browser 128MB, Utility 69MB)
2026-08-28T10:39:55.184-04:00 info memory: 1332MB total (Tab 813MB, GPU 323MB, Browser 128MB, Utility 69MB)
2026-08-28T10:40:55.193-04:00 info memory: 1333MB total (Tab 814MB, GPU 323MB, Browser 128MB, Utility 69MB)
2026-08-28T10:41:55.203-04:00 info memory: 1333MB total (Tab 813MB, GPU 323MB, Browser 128MB, Utility 69MB)
2026-08-28T10:42:55.213-04:00 info memory: 1333MB total (Tab 814MB, GPU 323MB, Browser 128MB, Utility 69MB)
2026-08-28T10:43:55.220-04:00 info memory: 1333MB total (Tab 813MB, GPU 322MB, Browser 128MB, Utility 69MB)
2026-08-28T10:44:55.221-04:00 info memory: 1332MB total (Tab 813MB, GPU 323MB, Browser 128MB, Utility 69MB)
2026-08-28T10:45:55.228-04:00 info memory: 1331MB total (Tab 812MB, GPU 322MB, Browser 128MB, Utility 69MB)
2026-08-28T10:46:55.240-04:00 info memory: 1336MB total (Tab 813MB, GPU 327MB, Browser 128MB, Utility 69MB)
2026-08-28T10:47:55.240-04:00 info memory: 1333MB total (Tab 813MB, GPU 323MB, Browser 128MB, Utility 69MB)
2026-08-28T10:48:55.254-04:00 info memory: 1332MB total (Tab 813MB, GPU 323MB, Browser 128MB, Utility 69MB)
2026-08-28T10:49:55.259-04:00 info memory: 1333MB total (Tab 813MB, GPU 323MB, Browser 128MB, Utility 69MB)
2026-08-28T10:50:55.266-04:00 info memory: 1332MB total (Tab 813MB, GPU 322MB, Browser 127MB, Utility 69MB)
2026-08-28T10:51:55.280-04:00 info memory: 1332MB total (Tab 814MB, GPU 323MB, Browser 127MB, Utility 69MB)
2026-08-28T10:52:55.290-04:00 info memory: 1330MB total (Tab 811MB, GPU 323MB, Browser 128MB, Utility 69MB)
2026-08-28T10:53:55.305-04:00 info memory: 1329MB total (Tab 810MB, GPU 323MB, Browser 128MB, Utility 69MB)
2026-08-28T10:54:55.318-04:00 info memory: 1333MB total (Tab 811MB, GPU 327MB, Browser 128MB, Utility 69MB)
2026-08-28T10:55:55.320-04:00 info memory: 1329MB total (Tab 811MB, GPU 322MB, Browser 128MB, Utility 69MB)
2026-08-28T10:56:55.327-04:00 info memory: 1334MB total (Tab 811MB, GPU 327MB, Browser 128MB, Utility 69MB)
2026-08-28T10:57:55.340-04:00 info memory: 1330MB total (Tab 811MB, GPU 323MB, Browser 128MB, Utility 69MB)
2026-08-28T10:58:55.343-04:00 info memory: 1330MB total (Tab 811MB, GPU 323MB, Browser 128MB, Utility 69MB)
2026-08-28T10:59:55.353-04:00 info memory: 1331MB total (Tab 812MB, GPU 323MB, Browser 128MB, Utility 69MB)
2026-08-28T11:00:55.360-04:00 info memory: 1329MB total (Tab 810MB, GPU 323MB, Browser 128MB, Utility 69MB)
2026-08-28T11:01:55.372-04:00 info memory: 1381MB total (Tab 856MB, GPU 329MB, Browser 128MB, Utility 69MB)
2026-08-28T11:02:55.376-04:00 info memory: 1333MB total (Tab 810MB, GPU 327MB, Browser 128MB, Utility 69MB)
2026-08-28T11:03:55.379-04:00 info memory: 1330MB total (Tab 811MB, GPU 323MB, Browser 128MB, Utility 69MB)
2026-08-28T11:04:55.393-04:00 info memory: 1329MB total (Tab 810MB, GPU 323MB, Browser 128MB, Utility 69MB)
2026-08-28T11:05:55.402-04:00 info memory: 1329MB total (Tab 810MB, GPU 322MB, Browser 128MB, Utility 69MB)
2026-08-28T11:06:55.416-04:00 info memory: 1330MB total (Tab 811MB, GPU 323MB, Browser 128MB, Utility 69MB)
2026-08-28T11:07:55.424-04:00 info memory: 1330MB total (Tab 810MB, GPU 323MB, Browser 128MB, Utility 69MB)
2026-08-28T11:08:55.432-04:00 info memory: 1328MB total (Tab 809MB, GPU 322MB, Browser 128MB, Utility 69MB)
2026-08-28T11:09:55.442-04:00 info memory: 1328MB total (Tab 809MB, GPU 322MB, Browser 128MB, Utility 69MB)
2026-08-28T11:10:55.445-04:00 info memory: 1328MB total (Tab 809MB, GPU 322MB, Browser 128MB, Utility 69MB)
2026-08-28T11:11:55.459-04:00 info memory: 1328MB total (Tab 809MB, GPU 322MB, Browser 128MB, Utility 69MB)
2026-08-28T11:12:55.472-04:00 info memory: 1331MB total (Tab 809MB, GPU 327MB, Browser 128MB, Utility 69MB)
2026-08-28T11:13:55.478-04:00 info memory: 1328MB total (Tab 809MB, GPU 322MB, Browser 128MB, Utility 69MB)
2026-08-28T11:14:55.494-04:00 info memory: 1328MB total (Tab 809MB, GPU 323MB, Browser 128MB, Utility 69MB)
2026-08-28T11:15:55.503-04:00 info memory: 1328MB total (Tab 809MB, GPU 322MB, Browser 128MB, Utility 69MB)
2026-08-28T11:16:55.509-04:00 info memory: 1327MB total (Tab 809MB, GPU 322MB, Browser 128MB, Utility 69MB)
2026-08-28T11:17:55.512-04:00 info memory: 1327MB total (Tab 808MB, GPU 322MB, Browser 128MB, Utility 69MB)
2026-08-28T11:18:55.518-04:00 info memory: 1331MB total (Tab 808MB, GPU 326MB, Browser 128MB, Utility 69MB)
2026-08-28T11:19:55.534-04:00 info memory: 1327MB total (Tab 808MB, GPU 322MB, Browser 128MB, Utility 69MB)
2026-08-28T11:20:55.537-04:00 info memory: 1327MB total (Tab 808MB, GPU 322MB, Browser 128MB, Utility 69MB)
2026-08-28T11:21:55.544-04:00 info memory: 1327MB total (Tab 809MB, GPU 322MB, Browser 128MB, Utility 69MB)
2026-08-28T11:22:55.553-04:00 info memory: 1327MB total (Tab 809MB, GPU 322MB, Browser 128MB, Utility 69MB)
2026-08-28T11:23:55.560-04:00 info memory: 1331MB total (Tab 808MB, GPU 326MB, Browser 128MB, Utility 69MB)
2026-08-28T11:24:55.570-04:00 info memory: 1332MB total (Tab 809MB, GPU 326MB, Browser 128MB, Utility 69MB)
2026-08-28T11:25:55.582-04:00 info memory: 1329MB total (Tab 809MB, GPU 323MB, Browser 128MB, Utility 69MB)
2026-08-28T11:26:55.589-04:00 info memory: 1330MB total (Tab 809MB, GPU 323MB, Browser 128MB, Utility 69MB)
2026-08-28T11:27:55.595-04:00 info memory: 1329MB total (Tab 809MB, GPU 323MB, Browser 128MB, Utility 69MB)
2026-08-28T11:28:55.605-04:00 info memory: 1330MB total (Tab 810MB, GPU 323MB, Browser 128MB, Utility 69MB)
2026-08-28T11:29:55.619-04:00 info memory: 1330MB total (Tab 809MB, GPU 323MB, Browser 128MB, Utility 69MB)
2026-08-28T11:30:55.629-04:00 info memory: 1329MB total (Tab 809MB, GPU 323MB, Browser 128MB, Utility 69MB)
2026-08-28T11:31:55.642-04:00 info memory: 1377MB total (Tab 850MB, GPU 329MB, Browser 128MB, Utility 69MB)
2026-08-28T11:32:55.647-04:00 info memory: 1330MB total (Tab 810MB, GPU 323MB, Browser 128MB, Utility 69MB)
2026-08-28T11:33:55.650-04:00 info memory: 1329MB total (Tab 809MB, GPU 323MB, Browser 128MB, Utility 69MB)
2026-08-28T11:34:55.662-04:00 info memory: 1328MB total (Tab 809MB, GPU 323MB, Browser 128MB, Utility 69MB)
2026-08-28T11:35:55.668-04:00 info memory: 1329MB total (Tab 809MB, GPU 323MB, Browser 128MB, Utility 69MB)
2026-08-28T11:36:55.679-04:00 info memory: 1329MB total (Tab 810MB, GPU 323MB, Browser 128MB, Utility 69MB)
2026-08-28T11:37:55.683-04:00 info memory: 1328MB total (Tab 809MB, GPU 323MB, Browser 128MB, Utility 69MB)
2026-08-28T11:38:55.698-04:00 info memory: 1329MB total (Tab 810MB, GPU 323MB, Browser 128MB, Utility 69MB)
2026-08-28T11:39:55.707-04:00 info memory: 1328MB total (Tab 809MB, GPU 323MB, Browser 128MB, Utility 69MB)
2026-08-28T11:40:55.718-04:00 info memory: 1329MB total (Tab 809MB, GPU 323MB, Browser 128MB, Utility 69MB)
2026-08-28T11:41:55.727-04:00 info memory: 1328MB total (Tab 809MB, GPU 322MB, Browser 128MB, Utility 69MB)
2026-08-28T11:42:55.739-04:00 info memory: 1333MB total (Tab 809MB, GPU 327MB, Browser 128MB, Utility 69MB)
2026-08-28T11:43:55.739-04:00 info memory: 1329MB total (Tab 809MB, GPU 323MB, Browser 128MB, Utility 69MB)
2026-08-28T11:44:55.754-04:00 info memory: 1328MB total (Tab 809MB, GPU 323MB, Browser 128MB, Utility 69MB)
2026-08-28T11:45:55.758-04:00 info memory: 1329MB total (Tab 810MB, GPU 323MB, Browser 128MB, Utility 69MB)
2026-08-28T11:46:55.769-04:00 info memory: 1329MB total (Tab 810MB, GPU 323MB, Browser 128MB, Utility 69MB)
2026-08-28T11:47:55.779-04:00 info memory: 1329MB total (Tab 810MB, GPU 322MB, Browser 128MB, Utility 69MB)
2026-08-28T11:48:55.780-04:00 info memory: 1329MB total (Tab 810MB, GPU 322MB, Browser 128MB, Utility 69MB)
2026-08-28T11:49:55.790-04:00 info memory: 1329MB total (Tab 810MB, GPU 322MB, Browser 128MB, Utility 69MB)
2026-08-28T11:50:55.795-04:00 info memory: 1329MB total (Tab 810MB, GPU 322MB, Browser 128MB, Utility 69MB)
2026-08-28T11:51:55.809-04:00 info memory: 1329MB total (Tab 810MB, GPU 322MB, Browser 128MB, Utility 69MB)
2026-08-28T11:52:55.819-04:00 info memory: 1329MB total (Tab 809MB, GPU 322MB, Browser 128MB, Utility 69MB)
2026-08-28T11:53:55.834-04:00 info memory: 1328MB total (Tab 809MB, GPU 322MB, Browser 128MB, Utility 69MB)
2026-08-28T11:54:55.842-04:00 info memory: 1329MB total (Tab 809MB, GPU 322MB, Browser 128MB, Utility 69MB)
2026-08-28T11:55:55.855-04:00 info memory: 1329MB total (Tab 809MB, GPU 322MB, Browser 128MB, Utility 69MB)
2026-08-28T11:56:55.861-04:00 info memory: 1328MB total (Tab 809MB, GPU 322MB, Browser 128MB, Utility 69MB)
2026-08-28T11:57:55.866-04:00 info memory: 1329MB total (Tab 809MB, GPU 323MB, Browser 128MB, Utility 69MB)
2026-08-28T11:58:55.877-04:00 info memory: 1329MB total (Tab 809MB, GPU 323MB, Browser 128MB, Utility 69MB)
2026-08-28T11:59:55.887-04:00 info memory: 1328MB total (Tab 809MB, GPU 322MB, Browser 128MB, Utility 69MB)
2026-08-28T12:00:55.902-04:00 info memory: 1328MB total (Tab 809MB, GPU 322MB, Browser 128MB, Utility 69MB)
2026-08-28T12:01:55.913-04:00 info memory: 1338MB total (Tab 812MB, GPU 330MB, Browser 128MB, Utility 69MB)
2026-08-28T12:02:55.919-04:00 info memory: 1330MB total (Tab 810MB, GPU 323MB, Browser 128MB, Utility 69MB)
2026-08-28T12:03:55.926-04:00 info memory: 1329MB total (Tab 810MB, GPU 323MB, Browser 128MB, Utility 69MB)
2026-08-28T12:04:55.936-04:00 info memory: 1330MB total (Tab 810MB, GPU 323MB, Browser 128MB, Utility 69MB)
2026-08-28T12:05:55.939-04:00 info memory: 1330MB total (Tab 810MB, GPU 323MB, Browser 128MB, Utility 69MB)
2026-08-28T12:06:55.942-04:00 info memory: 1328MB total (Tab 809MB, GPU 323MB, Browser 128MB, Utility 69MB)
2026-08-28T12:07:55.952-04:00 info memory: 1329MB total (Tab 809MB, GPU 323MB, Browser 128MB, Utility 69MB)
2026-08-28T12:08:55.964-04:00 info memory: 1332MB total (Tab 809MB, GPU 327MB, Browser 128MB, Utility 69MB)
2026-08-28T12:09:55.979-04:00 info memory: 1332MB total (Tab 809MB, GPU 327MB, Browser 128MB, Utility 69MB)
2026-08-28T12:10:55.993-04:00 info memory: 1328MB total (Tab 809MB, GPU 323MB, Browser 128MB, Utility 69MB)
2026-08-28T12:11:56.010-04:00 info memory: 1328MB total (Tab 809MB, GPU 323MB, Browser 128MB, Utility 69MB)
2026-08-28T12:12:56.021-04:00 info memory: 1329MB total (Tab 809MB, GPU 323MB, Browser 128MB, Utility 69MB)
2026-08-28T12:13:56.023-04:00 info memory: 1328MB total (Tab 808MB, GPU 323MB, Browser 128MB, Utility 69MB)
2026-08-28T12:14:56.039-04:00 info memory: 1329MB total (Tab 809MB, GPU 323MB, Browser 128MB, Utility 69MB)
2026-08-28T12:15:56.044-04:00 info memory: 1329MB total (Tab 809MB, GPU 323MB, Browser 128MB, Utility 69MB)
2026-08-28T12:16:56.059-04:00 info memory: 1329MB total (Tab 809MB, GPU 323MB, Browser 128MB, Utility 69MB)
2026-08-28T12:17:56.065-04:00 info memory: 1330MB total (Tab 810MB, GPU 323MB, Browser 128MB, Utility 69MB)
2026-08-28T12:18:56.067-04:00 info memory: 1328MB total (Tab 809MB, GPU 322MB, Browser 128MB, Utility 69MB)
2026-08-28T12:19:56.077-04:00 info memory: 1332MB total (Tab 809MB, GPU 327MB, Browser 128MB, Utility 69MB)
2026-08-28T12:20:56.085-04:00 info memory: 1328MB total (Tab 809MB, GPU 323MB, Browser 128MB, Utility 69MB)
2026-08-28T12:21:56.091-04:00 info memory: 1329MB total (Tab 809MB, GPU 323MB, Browser 128MB, Utility 69MB)
2026-08-28T12:22:56.102-04:00 info memory: 1329MB total (Tab 810MB, GPU 322MB, Browser 128MB, Utility 69MB)
2026-08-28T12:23:56.111-04:00 info memory: 1329MB total (Tab 810MB, GPU 323MB, Browser 128MB, Utility 69MB)
2026-08-28T12:24:56.125-04:00 info memory: 1327MB total (Tab 808MB, GPU 323MB, Browser 128MB, Utility 69MB)
2026-08-28T12:25:56.130-04:00 info memory: 1327MB total (Tab 807MB, GPU 323MB, Browser 128MB, Utility 69MB)
2026-08-28T12:26:56.141-04:00 info memory: 1326MB total (Tab 807MB, GPU 322MB, Browser 128MB, Utility 69MB)
2026-08-28T12:27:56.159-04:00 info memory: 1327MB total (Tab 808MB, GPU 322MB, Browser 128MB, Utility 69MB)
2026-08-28T12:28:56.168-04:00 info memory: 1327MB total (Tab 807MB, GPU 322MB, Browser 128MB, Utility 69MB)
2026-08-28T12:29:56.179-04:00 info memory: 1327MB total (Tab 808MB, GPU 322MB, Browser 128MB, Utility 69MB)
2026-08-28T12:30:56.187-04:00 info memory: 1331MB total (Tab 808MB, GPU 327MB, Browser 128MB, Utility 69MB)
2026-08-28T12:31:56.196-04:00 info memory: 1360MB total (Tab 834MB, GPU 329MB, Browser 128MB, Utility 69MB)
2026-08-28T12:32:56.212-04:00 info memory: 1327MB total (Tab 808MB, GPU 322MB, Browser 128MB, Utility 69MB)
2026-08-28T12:33:56.224-04:00 info memory: 1328MB total (Tab 809MB, GPU 323MB, Browser 128MB, Utility 69MB)
2026-08-28T12:34:56.233-04:00 info memory: 1328MB total (Tab 808MB, GPU 323MB, Browser 128MB, Utility 69MB)
2026-08-28T12:35:56.245-04:00 info memory: 1329MB total (Tab 809MB, GPU 323MB, Browser 128MB, Utility 69MB)
2026-08-28T12:36:56.248-04:00 info memory: 1327MB total (Tab 808MB, GPU 323MB, Browser 128MB, Utility 69MB)
2026-08-28T12:37:56.252-04:00 info memory: 1328MB total (Tab 808MB, GPU 323MB, Browser 128MB, Utility 69MB)
2026-08-28T12:38:56.258-04:00 info memory: 1328MB total (Tab 809MB, GPU 323MB, Browser 128MB, Utility 69MB)
2026-08-28T12:39:56.268-04:00 info memory: 1328MB total (Tab 808MB, GPU 323MB, Browser 128MB, Utility 69MB)
2026-08-28T12:40:56.278-04:00 info memory: 1328MB total (Tab 809MB, GPU 323MB, Browser 128MB, Utility 69MB)
2026-08-28T12:41:56.288-04:00 info memory: 1328MB total (Tab 808MB, GPU 323MB, Browser 128MB, Utility 69MB)
2026-08-28T12:42:56.296-04:00 info memory: 1327MB total (Tab 808MB, GPU 323MB, Browser 128MB, Utility 69MB)
2026-08-28T12:43:56.303-04:00 info memory: 1327MB total (Tab 808MB, GPU 323MB, Browser 128MB, Utility 69MB)
2026-08-28T12:44:56.320-04:00 info memory: 1327MB total (Tab 808MB, GPU 323MB, Browser 128MB, Utility 69MB)
2026-08-28T12:45:56.331-04:00 info memory: 1327MB total (Tab 808MB, GPU 323MB, Browser 128MB, Utility 69MB)
2026-08-28T12:46:56.333-04:00 info memory: 1327MB total (Tab 807MB, GPU 323MB, Browser 128MB, Utility 69MB)
2026-08-28T12:47:56.338-04:00 info memory: 1328MB total (Tab 808MB, GPU 323MB, Browser 128MB, Utility 69MB)
2026-08-28T12:48:56.350-04:00 info memory: 1331MB total (Tab 807MB, GPU 327MB, Browser 128MB, Utility 69MB)
2026-08-28T12:49:56.358-04:00 info memory: 1332MB total (Tab 807MB, GPU 328MB, Browser 128MB, Utility 69MB)
2026-08-28T12:50:56.365-04:00 info memory: 1328MB total (Tab 808MB, GPU 323MB, Browser 128MB, Utility 69MB)
2026-08-28T12:51:56.376-04:00 info memory: 1332MB total (Tab 807MB, GPU 328MB, Browser 128MB, Utility 69MB)
2026-08-28T12:52:56.383-04:00 info memory: 1328MB total (Tab 808MB, GPU 323MB, Browser 128MB, Utility 69MB)
2026-08-28T12:53:56.387-04:00 info memory: 1327MB total (Tab 808MB, GPU 323MB, Browser 128MB, Utility 69MB)
2026-08-28T12:54:56.401-04:00 info memory: 1328MB total (Tab 808MB, GPU 323MB, Browser 128MB, Utility 69MB)
2026-08-28T12:55:56.407-04:00 info memory: 1328MB total (Tab 808MB, GPU 323MB, Browser 128MB, Utility 69MB)
2026-08-28T12:56:56.418-04:00 info memory: 1328MB total (Tab 808MB, GPU 323MB, Browser 128MB, Utility 69MB)
2026-08-28T12:57:56.424-04:00 info memory: 1328MB total (Tab 808MB, GPU 323MB, Browser 128MB, Utility 69MB)
2026-08-28T12:58:56.435-04:00 info memory: 1328MB total (Tab 808MB, GPU 323MB, Browser 128MB, Utility 69MB)
2026-08-28T12:59:56.442-04:00 info memory: 1328MB total (Tab 808MB, GPU 323MB, Browser 128MB, Utility 69MB)
2026-08-28T13:00:56.451-04:00 info memory: 1328MB total (Tab 808MB, GPU 323MB, Browser 128MB, Utility 69MB)
2026-08-28T13:01:56.463-04:00 info memory: 1334MB total (Tab 811MB, GPU 326MB, Browser 128MB, Utility 69MB)
2026-08-28T13:02:56.468-04:00 info memory: 1327MB total (Tab 808MB, GPU 323MB, Browser 128MB, Utility 69MB)
2026-08-28T13:03:56.476-04:00 info memory: 1328MB total (Tab 808MB, GPU 323MB, Browser 128MB, Utility 69MB)
2026-08-28T13:04:56.491-04:00 info memory: 1327MB total (Tab 808MB, GPU 323MB, Browser 128MB, Utility 69MB)
2026-08-28T13:05:56.493-04:00 info memory: 1328MB total (Tab 809MB, GPU 323MB, Browser 128MB, Utility 69MB)
2026-08-28T13:06:56.508-04:00 info memory: 1328MB total (Tab 808MB, GPU 323MB, Browser 128MB, Utility 69MB)
2026-08-28T13:07:56.513-04:00 info memory: 1328MB total (Tab 809MB, GPU 323MB, Browser 128MB, Utility 69MB)
2026-08-28T13:08:56.520-04:00 info memory: 1328MB total (Tab 808MB, GPU 323MB, Browser 128MB, Utility 69MB)
2026-08-28T13:09:56.535-04:00 info memory: 1327MB total (Tab 807MB, GPU 323MB, Browser 128MB, Utility 69MB)
2026-08-28T13:10:56.539-04:00 info memory: 1328MB total (Tab 808MB, GPU 323MB, Browser 128MB, Utility 69MB)
2026-08-28T13:11:56.548-04:00 info memory: 1328MB total (Tab 808MB, GPU 323MB, Browser 128MB, Utility 69MB)
2026-08-28T13:12:56.564-04:00 info memory: 1328MB total (Tab 808MB, GPU 323MB, Browser 128MB, Utility 69MB)
2026-08-28T13:13:56.573-04:00 info memory: 1328MB total (Tab 808MB, GPU 323MB, Browser 128MB, Utility 69MB)
2026-08-28T13:14:56.582-04:00 info memory: 1328MB total (Tab 808MB, GPU 323MB, Browser 128MB, Utility 69MB)
2026-08-28T13:15:56.594-04:00 info memory: 1328MB total (Tab 809MB, GPU 323MB, Browser 128MB, Utility 69MB)
2026-08-28T13:16:56.600-04:00 info memory: 1328MB total (Tab 808MB, GPU 323MB, Browser 128MB, Utility 69MB)
2026-08-28T13:17:56.611-04:00 info memory: 1329MB total (Tab 809MB, GPU 323MB, Browser 128MB, Utility 69MB)
2026-08-28T13:18:56.615-04:00 info memory: 1329MB total (Tab 809MB, GPU 323MB, Browser 128MB, Utility 69MB)
2026-08-28T13:19:56.617-04:00 info memory: 1329MB total (Tab 809MB, GPU 323MB, Browser 128MB, Utility 69MB)
2026-08-28T13:20:56.623-04:00 info memory: 1329MB total (Tab 809MB, GPU 323MB, Browser 128MB, Utility 69MB)
2026-08-28T13:21:56.635-04:00 info memory: 1328MB total (Tab 808MB, GPU 323MB, Browser 128MB, Utility 69MB)
2026-08-28T13:22:56.651-04:00 info memory: 1328MB total (Tab 808MB, GPU 323MB, Browser 128MB, Utility 69MB)
2026-08-28T13:23:56.659-04:00 info memory: 1328MB total (Tab 808MB, GPU 323MB, Browser 128MB, Utility 69MB)
2026-08-28T13:24:56.672-04:00 info memory: 1328MB total (Tab 808MB, GPU 323MB, Browser 128MB, Utility 69MB)
2026-08-28T13:25:56.682-04:00 info memory: 1328MB total (Tab 809MB, GPU 323MB, Browser 128MB, Utility 69MB)
2026-08-28T13:26:56.689-04:00 info memory: 1327MB total (Tab 808MB, GPU 323MB, Browser 128MB, Utility 69MB)
2026-08-28T13:27:56.700-04:00 info memory: 1328MB total (Tab 808MB, GPU 323MB, Browser 128MB, Utility 69MB)
2026-08-28T13:28:56.708-04:00 info memory: 1326MB total (Tab 807MB, GPU 323MB, Browser 128MB, Utility 69MB)
2026-08-28T13:29:56.710-04:00 info memory: 1327MB total (Tab 808MB, GPU 323MB, Browser 128MB, Utility 69MB)
2026-08-28T13:30:56.713-04:00 info memory: 1327MB total (Tab 807MB, GPU 323MB, Browser 128MB, Utility 69MB)
2026-08-28T13:31:56.718-04:00 info memory: 1337MB total (Tab 811MB, GPU 329MB, Browser 128MB, Utility 69MB)
2026-08-28T13:32:56.720-04:00 info memory: 1328MB total (Tab 808MB, GPU 323MB, Browser 128MB, Utility 69MB)
2026-08-28T13:33:56.724-04:00 info memory: 1328MB total (Tab 808MB, GPU 323MB, Browser 128MB, Utility 69MB)
2026-08-28T13:34:56.733-04:00 info memory: 1329MB total (Tab 808MB, GPU 323MB, Browser 128MB, Utility 69MB)
2026-08-28T13:35:56.735-04:00 info memory: 1328MB total (Tab 808MB, GPU 323MB, Browser 128MB, Utility 69MB)
2026-08-28T13:36:56.744-04:00 info memory: 1328MB total (Tab 808MB, GPU 323MB, Browser 128MB, Utility 69MB)
2026-08-28T13:37:56.748-04:00 info memory: 1329MB total (Tab 809MB, GPU 323MB, Browser 128MB, Utility 69MB)
2026-08-28T13:38:56.752-04:00 info memory: 1329MB total (Tab 809MB, GPU 323MB, Browser 128MB, Utility 69MB)
2026-08-28T13:39:56.768-04:00 info memory: 1329MB total (Tab 809MB, GPU 323MB, Browser 128MB, Utility 69MB)
2026-08-28T13:40:56.780-04:00 info memory: 1328MB total (Tab 808MB, GPU 323MB, Browser 128MB, Utility 69MB)
2026-08-28T13:41:56.796-04:00 info memory: 1327MB total (Tab 807MB, GPU 323MB, Browser 128MB, Utility 69MB)
2026-08-28T13:42:56.810-04:00 info memory: 1329MB total (Tab 808MB, GPU 323MB, Browser 128MB, Utility 69MB)
2026-08-28T13:43:56.816-04:00 info memory: 1328MB total (Tab 808MB, GPU 323MB, Browser 128MB, Utility 69MB)
2026-08-28T13:44:56.826-04:00 info memory: 1329MB total (Tab 808MB, GPU 323MB, Browser 129MB, Utility 69MB)
2026-08-28T13:45:56.830-04:00 info memory: 1327MB total (Tab 807MB, GPU 323MB, Browser 129MB, Utility 69MB)
2026-08-28T13:46:56.847-04:00 info memory: 1327MB total (Tab 807MB, GPU 323MB, Browser 128MB, Utility 69MB)
2026-08-28T13:47:56.862-04:00 info memory: 1328MB total (Tab 808MB, GPU 323MB, Browser 128MB, Utility 69MB)
2026-08-28T13:48:56.866-04:00 info memory: 1327MB total (Tab 807MB, GPU 323MB, Browser 128MB, Utility 69MB)
2026-08-28T13:49:56.867-04:00 info memory: 1327MB total (Tab 808MB, GPU 323MB, Browser 128MB, Utility 69MB)
2026-08-28T13:50:56.871-04:00 info memory: 1328MB total (Tab 808MB, GPU 323MB, Browser 128MB, Utility 69MB)
2026-08-28T13:51:56.886-04:00 info memory: 1328MB total (Tab 808MB, GPU 323MB, Browser 128MB, Utility 69MB)
2026-08-28T13:52:56.889-04:00 info memory: 1328MB total (Tab 808MB, GPU 323MB, Browser 128MB, Utility 69MB)
2026-08-28T13:53:56.903-04:00 info memory: 1327MB total (Tab 808MB, GPU 323MB, Browser 128MB, Utility 69MB)
2026-08-28T13:54:56.917-04:00 info memory: 1328MB total (Tab 809MB, GPU 323MB, Browser 128MB, Utility 69MB)
2026-08-28T13:55:56.924-04:00 info memory: 1328MB total (Tab 808MB, GPU 323MB, Browser 128MB, Utility 69MB)
2026-08-28T13:56:56.930-04:00 info memory: 1328MB total (Tab 808MB, GPU 323MB, Browser 128MB, Utility 69MB)
2026-08-28T13:57:56.942-04:00 info memory: 1329MB total (Tab 809MB, GPU 323MB, Browser 128MB, Utility 69MB)
2026-08-28T13:58:56.947-04:00 info memory: 1328MB total (Tab 808MB, GPU 323MB, Browser 128MB, Utility 69MB)
2026-08-28T13:59:56.959-04:00 info memory: 1329MB total (Tab 809MB, GPU 323MB, Browser 128MB, Utility 69MB)
2026-08-28T14:00:56.961-04:00 info memory: 1328MB total (Tab 808MB, GPU 323MB, Browser 128MB, Utility 69MB)
2026-08-28T14:01:56.972-04:00 info memory: 1365MB total (Tab 838MB, GPU 330MB, Browser 128MB, Utility 69MB)
2026-08-28T14:02:56.981-04:00 info memory: 1333MB total (Tab 809MB, GPU 327MB, Browser 128MB, Utility 69MB)
2026-08-28T14:03:56.985-04:00 info memory: 1333MB total (Tab 809MB, GPU 327MB, Browser 128MB, Utility 69MB)
2026-08-28T14:04:56.987-04:00 info memory: 1333MB total (Tab 809MB, GPU 327MB, Browser 128MB, Utility 69MB)
2026-08-28T14:05:57.000-04:00 info memory: 1333MB total (Tab 808MB, GPU 327MB, Browser 128MB, Utility 69MB)
2026-08-28T14:06:57.007-04:00 info memory: 1332MB total (Tab 808MB, GPU 327MB, Browser 128MB, Utility 69MB)
2026-08-28T14:07:57.019-04:00 info memory: 1332MB total (Tab 807MB, GPU 327MB, Browser 128MB, Utility 69MB)
2026-08-28T14:08:57.031-04:00 info memory: 1331MB total (Tab 807MB, GPU 327MB, Browser 128MB, Utility 69MB)
2026-08-28T14:09:57.040-04:00 info memory: 1327MB total (Tab 807MB, GPU 323MB, Browser 128MB, Utility 69MB)
2026-08-28T14:10:57.044-04:00 info memory: 1327MB total (Tab 807MB, GPU 323MB, Browser 128MB, Utility 69MB)
2026-08-28T14:11:57.044-04:00 info memory: 1328MB total (Tab 808MB, GPU 323MB, Browser 128MB, Utility 69MB)
2026-08-28T14:12:57.051-04:00 info memory: 1327MB total (Tab 807MB, GPU 323MB, Browser 128MB, Utility 69MB)
2026-08-28T14:13:57.065-04:00 info memory: 1328MB total (Tab 808MB, GPU 323MB, Browser 128MB, Utility 69MB)
2026-08-28T14:14:57.076-04:00 info memory: 1328MB total (Tab 808MB, GPU 323MB, Browser 128MB, Utility 69MB)
2026-08-28T14:15:57.083-04:00 info memory: 1328MB total (Tab 807MB, GPU 323MB, Browser 128MB, Utility 69MB)
2026-08-28T14:16:57.095-04:00 info memory: 1328MB total (Tab 808MB, GPU 323MB, Browser 128MB, Utility 69MB)
2026-08-28T14:17:57.105-04:00 info memory: 1328MB total (Tab 807MB, GPU 323MB, Browser 128MB, Utility 69MB)
2026-08-28T14:18:57.112-04:00 info memory: 1328MB total (Tab 808MB, GPU 323MB, Browser 128MB, Utility 69MB)
2026-08-28T14:19:57.126-04:00 info memory: 1328MB total (Tab 808MB, GPU 323MB, Browser 128MB, Utility 69MB)
2026-08-28T14:20:57.130-04:00 info memory: 1328MB total (Tab 808MB, GPU 323MB, Browser 128MB, Utility 69MB)
2026-08-28T14:21:57.137-04:00 info memory: 1329MB total (Tab 809MB, GPU 323MB, Browser 128MB, Utility 69MB)
2026-08-28T14:22:57.148-04:00 info memory: 1328MB total (Tab 808MB, GPU 323MB, Browser 128MB, Utility 69MB)
2026-08-28T14:23:57.159-04:00 info memory: 1329MB total (Tab 809MB, GPU 323MB, Browser 128MB, Utility 69MB)
2026-08-28T14:24:57.163-04:00 info memory: 1328MB total (Tab 808MB, GPU 323MB, Browser 128MB, Utility 69MB)
2026-08-28T14:25:57.174-04:00 info memory: 1327MB total (Tab 807MB, GPU 323MB, Browser 128MB, Utility 69MB)
2026-08-28T14:26:57.180-04:00 info memory: 1328MB total (Tab 808MB, GPU 323MB, Browser 128MB, Utility 69MB)
2026-08-28T14:27:57.181-04:00 info memory: 1327MB total (Tab 807MB, GPU 323MB, Browser 128MB, Utility 69MB)
2026-08-28T14:28:57.195-04:00 info memory: 1327MB total (Tab 807MB, GPU 323MB, Browser 128MB, Utility 69MB)
2026-08-28T14:29:57.199-04:00 info memory: 1327MB total (Tab 807MB, GPU 323MB, Browser 129MB, Utility 69MB)
2026-08-28T14:30:57.218-04:00 info memory: 1327MB total (Tab 808MB, GPU 323MB, Browser 128MB, Utility 69MB)
2026-08-28T14:31:57.232-04:00 info memory: 1376MB total (Tab 850MB, GPU 329MB, Browser 128MB, Utility 69MB)
2026-08-28T14:32:57.242-04:00 info memory: 1326MB total (Tab 807MB, GPU 323MB, Browser 128MB, Utility 69MB)
2026-08-28T14:33:57.251-04:00 info memory: 1327MB total (Tab 807MB, GPU 323MB, Browser 128MB, Utility 69MB)
2026-08-28T14:34:57.262-04:00 info memory: 1327MB total (Tab 807MB, GPU 323MB, Browser 128MB, Utility 69MB)
2026-08-28T14:35:57.275-04:00 info memory: 1327MB total (Tab 807MB, GPU 323MB, Browser 128MB, Utility 69MB)
2026-08-28T14:36:57.292-04:00 info memory: 1327MB total (Tab 808MB, GPU 323MB, Browser 128MB, Utility 69MB)
2026-08-28T14:37:57.303-04:00 info memory: 1327MB total (Tab 807MB, GPU 323MB, Browser 128MB, Utility 69MB)
2026-08-28T14:38:57.316-04:00 info memory: 1328MB total (Tab 808MB, GPU 323MB, Browser 128MB, Utility 69MB)
2026-08-28T14:39:57.317-04:00 info memory: 1328MB total (Tab 808MB, GPU 323MB, Browser 128MB, Utility 69MB)
2026-08-28T14:40:57.323-04:00 info memory: 1328MB total (Tab 808MB, GPU 323MB, Browser 128MB, Utility 69MB)
2026-08-28T14:41:57.327-04:00 info memory: 1328MB total (Tab 808MB, GPU 323MB, Browser 128MB, Utility 69MB)
2026-08-28T14:42:57.336-04:00 info memory: 1327MB total (Tab 807MB, GPU 323MB, Browser 128MB, Utility 69MB)
2026-08-28T14:43:57.345-04:00 info memory: 1327MB total (Tab 807MB, GPU 323MB, Browser 128MB, Utility 69MB)
2026-08-28T14:44:57.365-04:00 info memory: 1327MB total (Tab 808MB, GPU 323MB, Browser 128MB, Utility 69MB)
2026-08-28T14:45:57.373-04:00 info memory: 1327MB total (Tab 807MB, GPU 323MB, Browser 128MB, Utility 69MB)
2026-08-28T14:46:57.388-04:00 info memory: 1328MB total (Tab 808MB, GPU 323MB, Browser 128MB, Utility 69MB)
2026-08-28T14:47:57.395-04:00 info memory: 1327MB total (Tab 808MB, GPU 323MB, Browser 128MB, Utility 69MB)
2026-08-28T14:48:57.406-04:00 info memory: 1328MB total (Tab 808MB, GPU 323MB, Browser 128MB, Utility 69MB)
2026-08-28T14:49:57.419-04:00 info memory: 1328MB total (Tab 808MB, GPU 323MB, Browser 128MB, Utility 69MB)
2026-08-28T14:50:57.426-04:00 info memory: 1327MB total (Tab 807MB, GPU 323MB, Browser 128MB, Utility 69MB)
2026-08-28T14:51:57.428-04:00 info memory: 1328MB total (Tab 808MB, GPU 323MB, Browser 129MB, Utility 69MB)
2026-08-28T14:52:57.444-04:00 info memory: 1327MB total (Tab 808MB, GPU 323MB, Browser 128MB, Utility 69MB)
2026-08-28T14:53:57.460-04:00 info memory: 1328MB total (Tab 808MB, GPU 323MB, Browser 128MB, Utility 69MB)
2026-08-28T14:54:57.468-04:00 info memory: 1327MB total (Tab 808MB, GPU 323MB, Browser 128MB, Utility 69MB)
2026-08-28T14:55:57.480-04:00 info memory: 1327MB total (Tab 808MB, GPU 323MB, Browser 128MB, Utility 69MB)
2026-08-28T14:56:57.487-04:00 info memory: 1328MB total (Tab 809MB, GPU 323MB, Browser 128MB, Utility 69MB)
2026-08-28T14:57:57.500-04:00 info memory: 1327MB total (Tab 807MB, GPU 323MB, Browser 128MB, Utility 69MB)
2026-08-28T14:58:57.504-04:00 info memory: 1327MB total (Tab 807MB, GPU 323MB, Browser 128MB, Utility 69MB)
2026-08-28T14:59:57.520-04:00 info memory: 1327MB total (Tab 807MB, GPU 323MB, Browser 128MB, Utility 69MB)
2026-08-28T15:00:57.533-04:00 info memory: 1327MB total (Tab 808MB, GPU 323MB, Browser 128MB, Utility 69MB)
2026-08-28T15:01:57.540-04:00 info memory: 1378MB total (Tab 851MB, GPU 330MB, Browser 128MB, Utility 69MB)
2026-08-28T15:02:57.548-04:00 info memory: 1327MB total (Tab 807MB, GPU 323MB, Browser 128MB, Utility 69MB)
2026-08-28T15:03:57.558-04:00 info memory: 1328MB total (Tab 808MB, GPU 323MB, Browser 128MB, Utility 69MB)
2026-08-28T15:04:57.560-04:00 info memory: 1328MB total (Tab 808MB, GPU 323MB, Browser 128MB, Utility 69MB)
2026-08-28T15:05:57.576-04:00 info memory: 1329MB total (Tab 809MB, GPU 323MB, Browser 128MB, Utility 69MB)
2026-08-28T15:06:57.584-04:00 info memory: 1328MB total (Tab 808MB, GPU 323MB, Browser 128MB, Utility 69MB)
2026-08-28T15:07:57.588-04:00 info memory: 1328MB total (Tab 808MB, GPU 323MB, Browser 128MB, Utility 69MB)
2026-08-28T15:08:57.600-04:00 info memory: 1328MB total (Tab 808MB, GPU 323MB, Browser 128MB, Utility 69MB)
2026-08-28T15:09:57.602-04:00 info memory: 1328MB total (Tab 808MB, GPU 323MB, Browser 128MB, Utility 69MB)
2026-08-28T15:10:57.604-04:00 info memory: 1328MB total (Tab 808MB, GPU 323MB, Browser 128MB, Utility 69MB)
2026-08-28T15:11:57.610-04:00 info memory: 1328MB total (Tab 808MB, GPU 323MB, Browser 129MB, Utility 69MB)
2026-08-28T15:12:57.613-04:00 info memory: 1328MB total (Tab 807MB, GPU 323MB, Browser 129MB, Utility 69MB)
2026-08-28T15:13:57.615-04:00 info memory: 1329MB total (Tab 808MB, GPU 323MB, Browser 129MB, Utility 69MB)
2026-08-28T15:14:57.627-04:00 info memory: 1327MB total (Tab 807MB, GPU 323MB, Browser 128MB, Utility 69MB)
2026-08-28T15:15:57.643-04:00 info memory: 1327MB total (Tab 807MB, GPU 323MB, Browser 128MB, Utility 69MB)
2026-08-28T15:16:57.646-04:00 info memory: 1327MB total (Tab 808MB, GPU 323MB, Browser 128MB, Utility 69MB)
2026-08-28T15:17:57.657-04:00 info memory: 1327MB total (Tab 807MB, GPU 323MB, Browser 128MB, Utility 69MB)
2026-08-28T15:18:57.672-04:00 info memory: 1328MB total (Tab 808MB, GPU 323MB, Browser 128MB, Utility 69MB)
2026-08-28T15:19:57.684-04:00 info memory: 1328MB total (Tab 808MB, GPU 323MB, Browser 128MB, Utility 69MB)
2026-08-28T15:20:57.694-04:00 info memory: 1328MB total (Tab 809MB, GPU 323MB, Browser 128MB, Utility 69MB)
2026-08-28T15:21:57.708-04:00 info memory: 1329MB total (Tab 809MB, GPU 323MB, Browser 128MB, Utility 69MB)
2026-08-28T15:22:57.713-04:00 info memory: 1329MB total (Tab 809MB, GPU 323MB, Browser 128MB, Utility 69MB)
2026-08-28T15:23:57.719-04:00 info memory: 1329MB total (Tab 809MB, GPU 323MB, Browser 128MB, Utility 69MB)
2026-08-28T15:24:57.731-04:00 info memory: 1329MB total (Tab 809MB, GPU 323MB, Browser 128MB, Utility 69MB)
2026-08-28T15:25:57.734-04:00 info memory: 1329MB total (Tab 808MB, GPU 323MB, Browser 128MB, Utility 69MB)
2026-08-28T15:26:57.751-04:00 info memory: 1329MB total (Tab 809MB, GPU 324MB, Browser 128MB, Utility 69MB)
2026-08-28T15:27:57.762-04:00 info memory: 1329MB total (Tab 808MB, GPU 323MB, Browser 128MB, Utility 69MB)
2026-08-28T15:28:57.765-04:00 info memory: 1334MB total (Tab 809MB, GPU 328MB, Browser 128MB, Utility 69MB)
2026-08-28T15:29:57.767-04:00 info memory: 1333MB total (Tab 809MB, GPU 328MB, Browser 128MB, Utility 69MB)
2026-08-28T15:30:57.769-04:00 info memory: 1333MB total (Tab 809MB, GPU 327MB, Browser 128MB, Utility 69MB)
2026-08-28T15:31:57.785-04:00 info memory: 1377MB total (Tab 850MB, GPU 330MB, Browser 129MB, Utility 69MB)
2026-08-28T15:32:57.793-04:00 info memory: 1328MB total (Tab 808MB, GPU 323MB, Browser 129MB, Utility 69MB)
2026-08-28T15:33:57.808-04:00 info memory: 1333MB total (Tab 808MB, GPU 327MB, Browser 129MB, Utility 69MB)
2026-08-28T15:34:57.826-04:00 info memory: 1333MB total (Tab 808MB, GPU 327MB, Browser 129MB, Utility 69MB)
2026-08-28T15:35:57.838-04:00 info memory: 1328MB total (Tab 808MB, GPU 323MB, Browser 129MB, Utility 69MB)
2026-08-28T15:36:57.848-04:00 info memory: 1328MB total (Tab 808MB, GPU 323MB, Browser 128MB, Utility 69MB)
2026-08-28T15:37:57.856-04:00 info memory: 1328MB total (Tab 808MB, GPU 323MB, Browser 128MB, Utility 69MB)
2026-08-28T15:38:57.870-04:00 info memory: 1327MB total (Tab 808MB, GPU 323MB, Browser 128MB, Utility 69MB)
2026-08-28T15:39:57.878-04:00 info memory: 1327MB total (Tab 807MB, GPU 323MB, Browser 128MB, Utility 69MB)
2026-08-28T15:40:57.893-04:00 info memory: 1327MB total (Tab 808MB, GPU 323MB, Browser 128MB, Utility 69MB)
2026-08-28T15:41:57.894-04:00 info memory: 1327MB total (Tab 808MB, GPU 323MB, Browser 128MB, Utility 69MB)
2026-08-28T15:42:57.906-04:00 info memory: 1328MB total (Tab 808MB, GPU 323MB, Browser 128MB, Utility 69MB)
2026-08-28T15:43:57.914-04:00 info memory: 1328MB total (Tab 808MB, GPU 323MB, Browser 128MB, Utility 69MB)
2026-08-28T15:44:57.931-04:00 info memory: 1328MB total (Tab 808MB, GPU 323MB, Browser 128MB, Utility 69MB)
2026-08-28T15:45:57.938-04:00 info memory: 1328MB total (Tab 809MB, GPU 323MB, Browser 128MB, Utility 69MB)
2026-08-28T15:46:57.950-04:00 info memory: 1328MB total (Tab 808MB, GPU 323MB, Browser 128MB, Utility 69MB)
2026-08-28T15:47:57.964-04:00 info memory: 1329MB total (Tab 808MB, GPU 323MB, Browser 128MB, Utility 69MB)
2026-08-28T15:48:57.978-04:00 info memory: 1328MB total (Tab 808MB, GPU 323MB, Browser 128MB, Utility 69MB)
2026-08-28T15:49:57.985-04:00 info memory: 1328MB total (Tab 808MB, GPU 323MB, Browser 128MB, Utility 69MB)
2026-08-28T15:50:57.992-04:00 info memory: 1329MB total (Tab 809MB, GPU 323MB, Browser 128MB, Utility 69MB)
2026-08-28T15:51:58.007-04:00 info memory: 1333MB total (Tab 808MB, GPU 327MB, Browser 128MB, Utility 69MB)
2026-08-28T15:52:58.011-04:00 info memory: 1329MB total (Tab 809MB, GPU 323MB, Browser 129MB, Utility 69MB)
2026-08-28T15:53:58.024-04:00 info memory: 1329MB total (Tab 809MB, GPU 323MB, Browser 129MB, Utility 69MB)
2026-08-28T15:54:58.026-04:00 info memory: 1329MB total (Tab 809MB, GPU 323MB, Browser 129MB, Utility 69MB)
2026-08-28T15:55:58.034-04:00 info memory: 1328MB total (Tab 808MB, GPU 323MB, Browser 129MB, Utility 69MB)
2026-08-28T15:56:58.049-04:00 info memory: 1328MB total (Tab 808MB, GPU 323MB, Browser 129MB, Utility 69MB)
2026-08-28T15:57:58.051-04:00 info memory: 1328MB total (Tab 808MB, GPU 323MB, Browser 129MB, Utility 69MB)
2026-08-28T15:58:58.064-04:00 info memory: 1333MB total (Tab 809MB, GPU 327MB, Browser 129MB, Utility 69MB)
2026-08-28T15:59:58.068-04:00 info memory: 1332MB total (Tab 808MB, GPU 327MB, Browser 129MB, Utility 69MB)
2026-08-28T16:00:58.078-04:00 info memory: 1329MB total (Tab 809MB, GPU 323MB, Browser 129MB, Utility 69MB)
2026-08-28T16:01:58.092-04:00 info memory: 1338MB total (Tab 811MB, GPU 329MB, Browser 129MB, Utility 69MB)
2026-08-28T16:02:58.104-04:00 info memory: 1330MB total (Tab 810MB, GPU 323MB, Browser 129MB, Utility 69MB)
2026-08-28T16:03:58.117-04:00 info memory: 1329MB total (Tab 809MB, GPU 323MB, Browser 129MB, Utility 69MB)
2026-08-28T16:04:58.128-04:00 info memory: 1330MB total (Tab 809MB, GPU 323MB, Browser 129MB, Utility 69MB)
2026-08-28T16:05:58.143-04:00 info memory: 1329MB total (Tab 809MB, GPU 322MB, Browser 129MB, Utility 69MB)
2026-08-28T16:06:58.154-04:00 info memory: 1329MB total (Tab 809MB, GPU 323MB, Browser 129MB, Utility 69MB)
2026-08-28T16:07:58.170-04:00 info memory: 1330MB total (Tab 809MB, GPU 323MB, Browser 129MB, Utility 69MB)
2026-08-28T16:08:58.178-04:00 info memory: 1330MB total (Tab 809MB, GPU 322MB, Browser 129MB, Utility 69MB)
2026-08-28T16:09:58.185-04:00 info memory: 1330MB total (Tab 810MB, GPU 323MB, Browser 129MB, Utility 69MB)
2026-08-28T16:10:58.201-04:00 info memory: 1331MB total (Tab 810MB, GPU 323MB, Browser 129MB, Utility 69MB)
2026-08-28T16:11:58.208-04:00 info memory: 1330MB total (Tab 809MB, GPU 323MB, Browser 129MB, Utility 69MB)
2026-08-28T16:12:58.213-04:00 info memory: 1333MB total (Tab 808MB, GPU 327MB, Browser 129MB, Utility 69MB)
2026-08-28T16:13:58.219-04:00 info memory: 1333MB total (Tab 808MB, GPU 327MB, Browser 129MB, Utility 69MB)
2026-08-28T16:14:58.228-04:00 info memory: 1330MB total (Tab 808MB, GPU 323MB, Browser 129MB, Utility 69MB)
2026-08-28T16:15:58.240-04:00 info memory: 1328MB total (Tab 807MB, GPU 323MB, Browser 129MB, Utility 69MB)
2026-08-28T16:16:58.248-04:00 info memory: 1329MB total (Tab 808MB, GPU 323MB, Browser 129MB, Utility 69MB)
2026-08-28T16:17:58.249-04:00 info memory: 1330MB total (Tab 808MB, GPU 323MB, Browser 130MB, Utility 69MB)
2026-08-28T16:18:58.264-04:00 info memory: 1329MB total (Tab 808MB, GPU 323MB, Browser 130MB, Utility 69MB)
2026-08-28T16:19:58.272-04:00 info memory: 1329MB total (Tab 808MB, GPU 323MB, Browser 130MB, Utility 69MB)
2026-08-28T16:20:58.287-04:00 info memory: 1328MB total (Tab 808MB, GPU 323MB, Browser 129MB, Utility 69MB)
2026-08-28T16:21:58.303-04:00 info memory: 1329MB total (Tab 809MB, GPU 323MB, Browser 129MB, Utility 69MB)
2026-08-28T16:22:58.315-04:00 info memory: 1329MB total (Tab 808MB, GPU 323MB, Browser 129MB, Utility 69MB)
2026-08-28T16:23:58.318-04:00 info memory: 1328MB total (Tab 808MB, GPU 323MB, Browser 129MB, Utility 69MB)
2026-08-28T16:24:58.324-04:00 info memory: 1329MB total (Tab 809MB, GPU 323MB, Browser 129MB, Utility 69MB)
2026-08-28T16:25:58.329-04:00 info memory: 1328MB total (Tab 807MB, GPU 323MB, Browser 129MB, Utility 69MB)
2026-08-28T16:26:58.336-04:00 info memory: 1328MB total (Tab 808MB, GPU 323MB, Browser 129MB, Utility 69MB)
2026-08-28T16:27:58.337-04:00 info memory: 1329MB total (Tab 809MB, GPU 323MB, Browser 129MB, Utility 69MB)
2026-08-28T16:28:58.341-04:00 info memory: 1329MB total (Tab 808MB, GPU 323MB, Browser 129MB, Utility 69MB)
2026-08-28T16:29:58.357-04:00 info memory: 1329MB total (Tab 809MB, GPU 323MB, Browser 129MB, Utility 69MB)
2026-08-28T16:30:58.369-04:00 info memory: 1328MB total (Tab 808MB, GPU 323MB, Browser 129MB, Utility 69MB)
2026-08-28T16:31:58.372-04:00 info memory: 1372MB total (Tab 845MB, GPU 330MB, Browser 129MB, Utility 69MB)
2026-08-28T16:32:58.388-04:00 info memory: 1333MB total (Tab 813MB, GPU 323MB, Browser 129MB, Utility 69MB)
2026-08-28T16:33:58.402-04:00 info memory: 1334MB total (Tab 813MB, GPU 323MB, Browser 129MB, Utility 69MB)
2026-08-28T16:34:58.417-04:00 info memory: 1333MB total (Tab 813MB, GPU 323MB, Browser 129MB, Utility 69MB)
2026-08-28T16:35:58.428-04:00 info memory: 1333MB total (Tab 812MB, GPU 323MB, Browser 129MB, Utility 69MB)
2026-08-28T16:36:58.442-04:00 info memory: 1333MB total (Tab 813MB, GPU 323MB, Browser 129MB, Utility 69MB)
2026-08-28T16:37:58.447-04:00 info memory: 1333MB total (Tab 812MB, GPU 323MB, Browser 129MB, Utility 69MB)
2026-08-28T16:38:58.453-04:00 info memory: 1333MB total (Tab 813MB, GPU 323MB, Browser 129MB, Utility 69MB)
2026-08-28T16:39:58.459-04:00 info memory: 1333MB total (Tab 813MB, GPU 323MB, Browser 129MB, Utility 69MB)
2026-08-28T16:40:58.466-04:00 info memory: 1333MB total (Tab 813MB, GPU 323MB, Browser 129MB, Utility 69MB)
2026-08-28T16:41:58.478-04:00 info memory: 1333MB total (Tab 813MB, GPU 323MB, Browser 129MB, Utility 69MB)
2026-08-28T16:42:58.488-04:00 info memory: 1332MB total (Tab 812MB, GPU 323MB, Browser 128MB, Utility 69MB)
2026-08-28T16:43:58.492-04:00 info memory: 1332MB total (Tab 813MB, GPU 323MB, Browser 128MB, Utility 69MB)
2026-08-28T16:44:58.505-04:00 info memory: 1332MB total (Tab 813MB, GPU 323MB, Browser 128MB, Utility 69MB)
2026-08-28T16:45:58.510-04:00 info memory: 1332MB total (Tab 812MB, GPU 323MB, Browser 128MB, Utility 69MB)
2026-08-28T16:46:58.514-04:00 info memory: 1332MB total (Tab 812MB, GPU 323MB, Browser 128MB, Utility 69MB)
2026-08-28T16:47:58.519-04:00 info memory: 1332MB total (Tab 813MB, GPU 323MB, Browser 128MB, Utility 69MB)
2026-08-28T16:48:58.526-04:00 info memory: 1334MB total (Tab 813MB, GPU 324MB, Browser 128MB, Utility 69MB)
2026-08-28T16:49:58.543-04:00 info memory: 1331MB total (Tab 810MB, GPU 324MB, Browser 128MB, Utility 69MB)
2026-08-28T16:50:58.552-04:00 info memory: 1331MB total (Tab 810MB, GPU 323MB, Browser 128MB, Utility 69MB)
2026-08-28T16:51:58.563-04:00 info memory: 1331MB total (Tab 810MB, GPU 323MB, Browser 128MB, Utility 69MB)
2026-08-28T16:52:58.572-04:00 info memory: 1330MB total (Tab 809MB, GPU 324MB, Browser 128MB, Utility 69MB)
2026-08-28T16:53:58.582-04:00 info memory: 1330MB total (Tab 810MB, GPU 323MB, Browser 128MB, Utility 69MB)
2026-08-28T16:54:58.584-04:00 info memory: 1330MB total (Tab 810MB, GPU 323MB, Browser 128MB, Utility 69MB)
2026-08-28T16:55:58.590-04:00 info memory: 1330MB total (Tab 810MB, GPU 323MB, Browser 128MB, Utility 69MB)
2026-08-28T16:56:58.596-04:00 info memory: 1331MB total (Tab 810MB, GPU 324MB, Browser 128MB, Utility 69MB)
2026-08-28T16:57:58.605-04:00 info memory: 1331MB total (Tab 810MB, GPU 323MB, Browser 129MB, Utility 69MB)
2026-08-28T16:58:58.608-04:00 info memory: 1330MB total (Tab 810MB, GPU 323MB, Browser 129MB, Utility 69MB)
2026-08-28T16:59:58.619-04:00 info memory: 1329MB total (Tab 809MB, GPU 323MB, Browser 129MB, Utility 69MB)
2026-08-28T17:00:58.631-04:00 info memory: 1330MB total (Tab 810MB, GPU 323MB, Browser 129MB, Utility 69MB)
2026-08-28T17:01:58.633-04:00 info memory: 1378MB total (Tab 851MB, GPU 329MB, Browser 129MB, Utility 69MB)
2026-08-28T17:02:58.646-04:00 info memory: 1330MB total (Tab 810MB, GPU 323MB, Browser 129MB, Utility 69MB)
2026-08-28T17:03:58.652-04:00 info memory: 1331MB total (Tab 811MB, GPU 323MB, Browser 129MB, Utility 69MB)
2026-08-28T17:04:58.663-04:00 info memory: 1330MB total (Tab 810MB, GPU 323MB, Browser 128MB, Utility 69MB)
2026-08-28T17:05:58.677-04:00 info memory: 1330MB total (Tab 810MB, GPU 323MB, Browser 128MB, Utility 69MB)
2026-08-28T17:06:58.684-04:00 info memory: 1330MB total (Tab 810MB, GPU 323MB, Browser 128MB, Utility 69MB)
2026-08-28T17:07:58.690-04:00 info memory: 1330MB total (Tab 810MB, GPU 323MB, Browser 128MB, Utility 69MB)
2026-08-28T17:08:58.705-04:00 info memory: 1331MB total (Tab 811MB, GPU 323MB, Browser 128MB, Utility 69MB)
2026-08-28T17:09:58.714-04:00 info memory: 1329MB total (Tab 809MB, GPU 323MB, Browser 128MB, Utility 69MB)
2026-08-28T17:10:58.726-04:00 info memory: 1334MB total (Tab 810MB, GPU 327MB, Browser 128MB, Utility 69MB)
2026-08-28T17:11:58.741-04:00 info memory: 1330MB total (Tab 810MB, GPU 323MB, Browser 128MB, Utility 69MB)
2026-08-28T17:12:58.745-04:00 info memory: 1330MB total (Tab 810MB, GPU 323MB, Browser 128MB, Utility 69MB)
2026-08-28T17:13:58.751-04:00 info memory: 1331MB total (Tab 811MB, GPU 323MB, Browser 128MB, Utility 69MB)
2026-08-28T17:14:58.764-04:00 info memory: 1330MB total (Tab 810MB, GPU 322MB, Browser 128MB, Utility 69MB)
2026-08-28T17:15:58.777-04:00 info memory: 1329MB total (Tab 809MB, GPU 322MB, Browser 128MB, Utility 69MB)
2026-08-28T17:16:58.790-04:00 info memory: 1328MB total (Tab 808MB, GPU 323MB, Browser 129MB, Utility 69MB)
2026-08-28T17:17:58.808-04:00 info memory: 1333MB total (Tab 809MB, GPU 327MB, Browser 129MB, Utility 69MB)
2026-08-28T17:18:58.821-04:00 info memory: 1329MB total (Tab 809MB, GPU 323MB, Browser 129MB, Utility 69MB)
2026-08-28T17:19:58.826-04:00 info memory: 1329MB total (Tab 809MB, GPU 323MB, Browser 129MB, Utility 69MB)
2026-08-28T17:20:58.830-04:00 info memory: 1330MB total (Tab 810MB, GPU 323MB, Browser 129MB, Utility 69MB)
2026-08-28T17:21:58.835-04:00 info memory: 1330MB total (Tab 810MB, GPU 323MB, Browser 129MB, Utility 69MB)
2026-08-28T17:22:58.843-04:00 info memory: 1330MB total (Tab 810MB, GPU 323MB, Browser 129MB, Utility 69MB)
2026-08-28T17:23:58.852-04:00 info memory: 1331MB total (Tab 811MB, GPU 323MB, Browser 129MB, Utility 69MB)
2026-08-28T17:24:58.856-04:00 info memory: 1330MB total (Tab 810MB, GPU 323MB, Browser 129MB, Utility 69MB)
2026-08-28T17:25:58.863-04:00 info memory: 1331MB total (Tab 811MB, GPU 323MB, Browser 129MB, Utility 69MB)
2026-08-28T17:26:58.877-04:00 info memory: 1329MB total (Tab 809MB, GPU 323MB, Browser 128MB, Utility 69MB)
2026-08-28T17:27:58.879-04:00 info memory: 1329MB total (Tab 810MB, GPU 323MB, Browser 128MB, Utility 69MB)
2026-08-28T17:28:58.895-04:00 info memory: 1334MB total (Tab 810MB, GPU 327MB, Browser 128MB, Utility 69MB)
2026-08-28T17:29:58.897-04:00 info memory: 1329MB total (Tab 809MB, GPU 323MB, Browser 128MB, Utility 69MB)
2026-08-28T17:30:58.913-04:00 info memory: 1330MB total (Tab 810MB, GPU 323MB, Browser 128MB, Utility 69MB)
2026-08-28T17:31:58.923-04:00 info memory: 1377MB total (Tab 850MB, GPU 329MB, Browser 128MB, Utility 69MB)
2026-08-28T17:32:58.933-04:00 info memory: 1329MB total (Tab 809MB, GPU 323MB, Browser 128MB, Utility 69MB)
2026-08-28T17:33:58.955-04:00 info memory: 1329MB total (Tab 809MB, GPU 323MB, Browser 128MB, Utility 69MB)
2026-08-28T17:34:58.957-04:00 info memory: 1329MB total (Tab 809MB, GPU 323MB, Browser 128MB, Utility 69MB)
2026-08-28T17:35:58.965-04:00 info memory: 1329MB total (Tab 809MB, GPU 323MB, Browser 128MB, Utility 69MB)
2026-08-28T17:36:58.978-04:00 info memory: 1330MB total (Tab 810MB, GPU 323MB, Browser 128MB, Utility 69MB)
2026-08-28T17:37:58.984-04:00 info memory: 1330MB total (Tab 810MB, GPU 323MB, Browser 128MB, Utility 69MB)
2026-08-28T17:38:58.995-04:00 info memory: 1330MB total (Tab 810MB, GPU 323MB, Browser 129MB, Utility 69MB)
2026-08-28T17:39:59.008-04:00 info memory: 1330MB total (Tab 810MB, GPU 323MB, Browser 129MB, Utility 69MB)
2026-08-28T17:40:59.017-04:00 info memory: 1331MB total (Tab 810MB, GPU 323MB, Browser 129MB, Utility 69MB)
2026-08-28T17:41:59.026-04:00 info memory: 1335MB total (Tab 811MB, GPU 327MB, Browser 129MB, Utility 69MB)
2026-08-28T17:42:59.034-04:00 info memory: 1331MB total (Tab 810MB, GPU 323MB, Browser 129MB, Utility 69MB)
2026-08-28T17:43:59.036-04:00 info memory: 1330MB total (Tab 810MB, GPU 323MB, Browser 129MB, Utility 69MB)
2026-08-28T17:44:59.046-04:00 info memory: 1330MB total (Tab 809MB, GPU 323MB, Browser 129MB, Utility 69MB)
2026-08-28T17:45:59.049-04:00 info memory: 1329MB total (Tab 809MB, GPU 323MB, Browser 129MB, Utility 69MB)
2026-08-28T17:46:59.058-04:00 info memory: 1329MB total (Tab 808MB, GPU 323MB, Browser 129MB, Utility 69MB)
2026-08-28T17:47:59.070-04:00 info memory: 1328MB total (Tab 808MB, GPU 323MB, Browser 129MB, Utility 69MB)
2026-08-28T17:48:59.078-04:00 info memory: 1329MB total (Tab 809MB, GPU 323MB, Browser 128MB, Utility 69MB)
2026-08-28T17:49:59.091-04:00 info memory: 1329MB total (Tab 809MB, GPU 323MB, Browser 128MB, Utility 69MB)
2026-08-28T17:50:59.102-04:00 info memory: 1328MB total (Tab 809MB, GPU 323MB, Browser 128MB, Utility 69MB)
2026-08-28T17:51:59.111-04:00 info memory: 1329MB total (Tab 809MB, GPU 323MB, Browser 128MB, Utility 69MB)
2026-08-28T17:52:59.126-04:00 info memory: 1333MB total (Tab 809MB, GPU 327MB, Browser 128MB, Utility 69MB)
2026-08-28T17:53:59.133-04:00 info memory: 1330MB total (Tab 810MB, GPU 323MB, Browser 128MB, Utility 69MB)
2026-08-28T17:54:59.138-04:00 info memory: 1329MB total (Tab 810MB, GPU 323MB, Browser 128MB, Utility 69MB)
2026-08-28T17:55:59.146-04:00 info memory: 1330MB total (Tab 810MB, GPU 323MB, Browser 128MB, Utility 69MB)
2026-08-28T17:56:59.147-04:00 info memory: 1330MB total (Tab 809MB, GPU 323MB, Browser 128MB, Utility 69MB)
2026-08-28T17:57:59.158-04:00 info memory: 1330MB total (Tab 809MB, GPU 324MB, Browser 128MB, Utility 69MB)
2026-08-28T17:58:59.161-04:00 info memory: 1330MB total (Tab 810MB, GPU 324MB, Browser 128MB, Utility 69MB)
2026-08-28T17:59:59.169-04:00 info memory: 1330MB total (Tab 810MB, GPU 324MB, Browser 129MB, Utility 69MB)
2026-08-28T18:00:59.179-04:00 info memory: 1335MB total (Tab 810MB, GPU 328MB, Browser 129MB, Utility 69MB)
2026-08-28T18:01:59.186-04:00 info memory: 1373MB total (Tab 847MB, GPU 329MB, Browser 129MB, Utility 69MB)
2026-08-28T18:02:59.189-04:00 info memory: 1333MB total (Tab 809MB, GPU 327MB, Browser 129MB, Utility 69MB)
2026-08-28T18:03:59.192-04:00 info memory: 1330MB total (Tab 809MB, GPU 323MB, Browser 129MB, Utility 69MB)
2026-08-28T18:04:59.200-04:00 info memory: 1330MB total (Tab 809MB, GPU 324MB, Browser 129MB, Utility 69MB)
2026-08-28T18:05:59.208-04:00 info memory: 1330MB total (Tab 809MB, GPU 323MB, Browser 129MB, Utility 69MB)
2026-08-28T18:06:59.210-04:00 info memory: 1330MB total (Tab 810MB, GPU 323MB, Browser 129MB, Utility 69MB)
2026-08-28T18:07:59.216-04:00 info memory: 1330MB total (Tab 809MB, GPU 323MB, Browser 129MB, Utility 69MB)
2026-08-28T18:08:59.222-04:00 info memory: 1330MB total (Tab 810MB, GPU 323MB, Browser 129MB, Utility 69MB)
2026-08-28T18:09:59.231-04:00 info memory: 1334MB total (Tab 810MB, GPU 327MB, Browser 129MB, Utility 69MB)
2026-08-28T18:10:59.241-04:00 info memory: 1329MB total (Tab 809MB, GPU 323MB, Browser 128MB, Utility 69MB)
2026-08-28T18:11:59.253-04:00 info memory: 1333MB total (Tab 809MB, GPU 327MB, Browser 128MB, Utility 69MB)
2026-08-28T18:12:59.265-04:00 info memory: 1332MB total (Tab 809MB, GPU 327MB, Browser 128MB, Utility 69MB)
2026-08-28T18:13:59.269-04:00 info memory: 1328MB total (Tab 809MB, GPU 323MB, Browser 128MB, Utility 69MB)
2026-08-28T18:14:59.285-04:00 info memory: 1328MB total (Tab 809MB, GPU 323MB, Browser 128MB, Utility 69MB)
2026-08-28T18:15:59.297-04:00 info memory: 1329MB total (Tab 809MB, GPU 323MB, Browser 128MB, Utility 69MB)
2026-08-28T18:16:59.302-04:00 info memory: 1330MB total (Tab 810MB, GPU 323MB, Browser 128MB, Utility 69MB)
2026-08-28T18:17:59.308-04:00 info memory: 1330MB total (Tab 810MB, GPU 323MB, Browser 128MB, Utility 69MB)
2026-08-28T18:18:59.314-04:00 info memory: 1330MB total (Tab 810MB, GPU 323MB, Browser 128MB, Utility 69MB)
2026-08-28T18:19:59.327-04:00 info memory: 1330MB total (Tab 810MB, GPU 323MB, Browser 128MB, Utility 69MB)
2026-08-28T18:20:59.335-04:00 info memory: 1330MB total (Tab 810MB, GPU 323MB, Browser 129MB, Utility 69MB)
2026-08-28T18:21:59.340-04:00 info memory: 1330MB total (Tab 810MB, GPU 323MB, Browser 129MB, Utility 69MB)
2026-08-28T18:22:59.346-04:00 info memory: 1330MB total (Tab 810MB, GPU 323MB, Browser 129MB, Utility 69MB)
2026-08-28T18:23:59.355-04:00 info memory: 1334MB total (Tab 809MB, GPU 327MB, Browser 129MB, Utility 69MB)
2026-08-28T18:24:59.372-04:00 info memory: 1329MB total (Tab 809MB, GPU 323MB, Browser 129MB, Utility 69MB)
2026-08-28T18:25:59.386-04:00 info memory: 1333MB total (Tab 810MB, GPU 326MB, Browser 129MB, Utility 69MB)
2026-08-28T18:26:59.397-04:00 info memory: 1334MB total (Tab 810MB, GPU 326MB, Browser 129MB, Utility 69MB)
2026-08-28T18:27:59.405-04:00 info memory: 1330MB total (Tab 810MB, GPU 323MB, Browser 129MB, Utility 69MB)
2026-08-28T18:28:59.408-04:00 info memory: 1330MB total (Tab 810MB, GPU 323MB, Browser 129MB, Utility 69MB)
2026-08-28T18:29:59.411-04:00 info memory: 1330MB total (Tab 809MB, GPU 323MB, Browser 129MB, Utility 69MB)
2026-08-28T18:30:59.414-04:00 info memory: 1330MB total (Tab 809MB, GPU 323MB, Browser 129MB, Utility 69MB)
2026-08-28T18:31:59.416-04:00 info memory: 1376MB total (Tab 850MB, GPU 329MB, Browser 128MB, Utility 69MB)
2026-08-28T18:32:59.418-04:00 info memory: 1334MB total (Tab 809MB, GPU 327MB, Browser 128MB, Utility 69MB)
2026-08-28T18:33:59.421-04:00 info memory: 1330MB total (Tab 810MB, GPU 323MB, Browser 128MB, Utility 69MB)
2026-08-28T18:34:59.426-04:00 info memory: 1330MB total (Tab 810MB, GPU 323MB, Browser 128MB, Utility 69MB)
2026-08-28T18:35:59.439-04:00 info memory: 1330MB total (Tab 810MB, GPU 323MB, Browser 128MB, Utility 69MB)
2026-08-28T18:36:59.442-04:00 info memory: 1330MB total (Tab 810MB, GPU 323MB, Browser 128MB, Utility 69MB)
2026-08-28T18:37:59.448-04:00 info memory: 1329MB total (Tab 809MB, GPU 323MB, Browser 128MB, Utility 69MB)
2026-08-28T18:38:59.460-04:00 info memory: 1329MB total (Tab 809MB, GPU 323MB, Browser 128MB, Utility 69MB)
2026-08-28T18:39:59.468-04:00 info memory: 1329MB total (Tab 809MB, GPU 323MB, Browser 128MB, Utility 69MB)
2026-08-28T18:40:59.469-04:00 info memory: 1330MB total (Tab 809MB, GPU 323MB, Browser 129MB, Utility 69MB)
2026-08-28T18:41:59.483-04:00 info memory: 1330MB total (Tab 810MB, GPU 323MB, Browser 129MB, Utility 69MB)
2026-08-28T18:42:59.489-04:00 info memory: 1329MB total (Tab 809MB, GPU 323MB, Browser 129MB, Utility 69MB)
2026-08-28T18:43:59.491-04:00 info memory: 1330MB total (Tab 810MB, GPU 323MB, Browser 129MB, Utility 69MB)
2026-08-28T18:44:59.503-04:00 info memory: 1330MB total (Tab 809MB, GPU 323MB, Browser 129MB, Utility 69MB)
2026-08-28T18:45:59.504-04:00 info memory: 1329MB total (Tab 809MB, GPU 323MB, Browser 129MB, Utility 69MB)
2026-08-28T18:46:59.514-04:00 info memory: 1330MB total (Tab 809MB, GPU 323MB, Browser 129MB, Utility 69MB)
2026-08-28T18:47:59.518-04:00 info memory: 1330MB total (Tab 809MB, GPU 323MB, Browser 129MB, Utility 69MB)
2026-08-28T18:48:59.524-04:00 info memory: 1330MB total (Tab 809MB, GPU 323MB, Browser 129MB, Utility 69MB)
2026-08-28T18:49:59.538-04:00 info memory: 1330MB total (Tab 809MB, GPU 323MB, Browser 129MB, Utility 69MB)
2026-08-28T18:50:59.550-04:00 info memory: 1330MB total (Tab 809MB, GPU 323MB, Browser 129MB, Utility 69MB)
2026-08-28T18:51:59.562-04:00 info memory: 1330MB total (Tab 809MB, GPU 323MB, Browser 129MB, Utility 69MB)
2026-08-28T18:52:59.577-04:00 info memory: 1330MB total (Tab 809MB, GPU 323MB, Browser 129MB, Utility 69MB)
2026-08-28T18:53:59.580-04:00 info memory: 1330MB total (Tab 810MB, GPU 323MB, Browser 128MB, Utility 69MB)
2026-08-28T18:54:59.587-04:00 info memory: 1330MB total (Tab 810MB, GPU 323MB, Browser 128MB, Utility 69MB)
2026-08-28T18:55:59.589-04:00 info memory: 1330MB total (Tab 810MB, GPU 323MB, Browser 128MB, Utility 69MB)
2026-08-28T18:56:59.607-04:00 info memory: 1330MB total (Tab 810MB, GPU 323MB, Browser 128MB, Utility 69MB)
2026-08-28T18:57:59.618-04:00 info memory: 1330MB total (Tab 810MB, GPU 323MB, Browser 128MB, Utility 69MB)
2026-08-28T18:58:59.633-04:00 info memory: 1331MB total (Tab 811MB, GPU 323MB, Browser 128MB, Utility 69MB)
2026-08-28T18:59:59.648-04:00 info memory: 1330MB total (Tab 810MB, GPU 323MB, Browser 128MB, Utility 69MB)
2026-08-28T19:00:59.660-04:00 info memory: 1331MB total (Tab 811MB, GPU 323MB, Browser 129MB, Utility 69MB)
2026-08-28T19:01:59.671-04:00 info memory: 1377MB total (Tab 850MB, GPU 330MB, Browser 129MB, Utility 69MB)
2026-08-28T19:02:59.674-04:00 info memory: 1328MB total (Tab 808MB, GPU 323MB, Browser 129MB, Utility 69MB)
2026-08-28T19:03:59.684-04:00 info memory: 1329MB total (Tab 809MB, GPU 323MB, Browser 129MB, Utility 69MB)
2026-08-28T19:04:59.689-04:00 info memory: 1329MB total (Tab 809MB, GPU 323MB, Browser 129MB, Utility 69MB)
2026-08-28T19:05:59.706-04:00 info memory: 1329MB total (Tab 809MB, GPU 323MB, Browser 129MB, Utility 69MB)
2026-08-28T19:06:59.718-04:00 info memory: 1330MB total (Tab 809MB, GPU 323MB, Browser 129MB, Utility 69MB)
2026-08-28T19:07:59.723-04:00 info memory: 1330MB total (Tab 809MB, GPU 323MB, Browser 129MB, Utility 69MB)
2026-08-28T19:08:59.731-04:00 info memory: 1330MB total (Tab 810MB, GPU 323MB, Browser 129MB, Utility 69MB)
2026-08-28T19:09:59.733-04:00 info memory: 1330MB total (Tab 810MB, GPU 323MB, Browser 129MB, Utility 69MB)
2026-08-28T19:10:59.737-04:00 info memory: 1330MB total (Tab 809MB, GPU 323MB, Browser 129MB, Utility 69MB)
2026-08-28T19:11:59.743-04:00 info memory: 1330MB total (Tab 810MB, GPU 323MB, Browser 129MB, Utility 69MB)
2026-08-28T19:12:59.746-04:00 info memory: 1330MB total (Tab 809MB, GPU 323MB, Browser 129MB, Utility 69MB)
2026-08-28T19:13:59.748-04:00 info memory: 1331MB total (Tab 810MB, GPU 323MB, Browser 129MB, Utility 69MB)
2026-08-28T19:14:59.755-04:00 info memory: 1330MB total (Tab 810MB, GPU 323MB, Browser 129MB, Utility 69MB)
2026-08-28T19:15:59.768-04:00 info memory: 1330MB total (Tab 810MB, GPU 323MB, Browser 128MB, Utility 69MB)
2026-08-28T19:16:59.771-04:00 info memory: 1330MB total (Tab 810MB, GPU 323MB, Browser 128MB, Utility 69MB)
2026-08-28T19:17:59.775-04:00 info memory: 1330MB total (Tab 810MB, GPU 323MB, Browser 128MB, Utility 69MB)
2026-08-28T19:18:59.781-04:00 info memory: 1330MB total (Tab 809MB, GPU 323MB, Browser 128MB, Utility 69MB)
2026-08-28T19:19:59.788-04:00 info memory: 1329MB total (Tab 809MB, GPU 323MB, Browser 128MB, Utility 69MB)
2026-08-28T19:20:59.808-04:00 info memory: 1330MB total (Tab 810MB, GPU 323MB, Browser 128MB, Utility 69MB)
2026-08-28T19:21:59.820-04:00 info memory: 1335MB total (Tab 810MB, GPU 327MB, Browser 128MB, Utility 69MB)
2026-08-28T19:22:59.830-04:00 info memory: 1329MB total (Tab 809MB, GPU 323MB, Browser 129MB, Utility 69MB)
2026-08-28T19:23:59.839-04:00 info memory: 1330MB total (Tab 810MB, GPU 323MB, Browser 129MB, Utility 69MB)
2026-08-28T19:24:59.853-04:00 info memory: 1330MB total (Tab 810MB, GPU 323MB, Browser 129MB, Utility 69MB)
2026-08-28T19:25:59.868-04:00 info memory: 1330MB total (Tab 809MB, GPU 323MB, Browser 129MB, Utility 69MB)
2026-08-28T19:26:59.883-04:00 info memory: 1331MB total (Tab 810MB, GPU 323MB, Browser 129MB, Utility 69MB)
2026-08-28T19:27:59.887-04:00 info memory: 1329MB total (Tab 808MB, GPU 324MB, Browser 129MB, Utility 69MB)
2026-08-28T19:28:59.889-04:00 info memory: 1334MB total (Tab 809MB, GPU 327MB, Browser 129MB, Utility 69MB)
2026-08-28T19:29:59.900-04:00 info memory: 1329MB total (Tab 809MB, GPU 323MB, Browser 129MB, Utility 69MB)
2026-08-28T19:30:59.904-04:00 info memory: 1334MB total (Tab 809MB, GPU 327MB, Browser 129MB, Utility 69MB)
2026-08-28T19:31:59.919-04:00 info memory: 1352MB total (Tab 825MB, GPU 330MB, Browser 129MB, Utility 69MB)
2026-08-28T19:32:59.933-04:00 info memory: 1334MB total (Tab 809MB, GPU 328MB, Browser 129MB, Utility 69MB)
2026-08-28T19:33:59.941-04:00 info memory: 1331MB total (Tab 809MB, GPU 324MB, Browser 129MB, Utility 69MB)
2026-08-28T19:34:59.950-04:00 info memory: 1332MB total (Tab 811MB, GPU 323MB, Browser 129MB, Utility 69MB)
2026-08-28T19:35:59.954-04:00 info memory: 1335MB total (Tab 809MB, GPU 328MB, Browser 129MB, Utility 69MB)
2026-08-28T19:36:59.969-04:00 info memory: 1331MB total (Tab 809MB, GPU 323MB, Browser 129MB, Utility 69MB)
2026-08-28T19:37:59.972-04:00 info memory: 1334MB total (Tab 809MB, GPU 328MB, Browser 128MB, Utility 69MB)
2026-08-28T19:38:59.974-04:00 info memory: 1331MB total (Tab 810MB, GPU 323MB, Browser 128MB, Utility 69MB)
2026-08-28T19:39:59.978-04:00 info memory: 1335MB total (Tab 810MB, GPU 327MB, Browser 128MB, Utility 69MB)
2026-08-28T19:40:59.992-04:00 info memory: 1331MB total (Tab 810MB, GPU 324MB, Browser 128MB, Utility 69MB)
2026-08-28T19:42:00.001-04:00 info memory: 1332MB total (Tab 811MB, GPU 323MB, Browser 129MB, Utility 69MB)
2026-08-28T19:43:00.017-04:00 info memory: 1331MB total (Tab 809MB, GPU 324MB, Browser 129MB, Utility 69MB)
2026-08-28T19:44:00.026-04:00 info memory: 1331MB total (Tab 810MB, GPU 324MB, Browser 129MB, Utility 69MB)
2026-08-28T19:45:00.034-04:00 info memory: 1330MB total (Tab 810MB, GPU 323MB, Browser 129MB, Utility 69MB)
2026-08-28T19:46:00.047-04:00 info memory: 1334MB total (Tab 809MB, GPU 328MB, Browser 129MB, Utility 69MB)
2026-08-28T19:47:00.051-04:00 info memory: 1331MB total (Tab 810MB, GPU 324MB, Browser 129MB, Utility 69MB)
2026-08-28T19:48:00.058-04:00 info memory: 1331MB total (Tab 810MB, GPU 323MB, Browser 129MB, Utility 69MB)
2026-08-28T19:49:00.075-04:00 info memory: 1331MB total (Tab 810MB, GPU 323MB, Browser 129MB, Utility 69MB)
2026-08-28T19:50:00.089-04:00 info memory: 1331MB total (Tab 810MB, GPU 323MB, Browser 129MB, Utility 69MB)
2026-08-28T19:51:00.099-04:00 info memory: 1335MB total (Tab 810MB, GPU 328MB, Browser 129MB, Utility 69MB)
2026-08-28T19:52:00.109-04:00 info memory: 1332MB total (Tab 810MB, GPU 324MB, Browser 129MB, Utility 69MB)
2026-08-28T19:53:00.119-04:00 info memory: 1331MB total (Tab 810MB, GPU 323MB, Browser 129MB, Utility 69MB)
2026-08-28T19:54:00.125-04:00 info memory: 1331MB total (Tab 810MB, GPU 323MB, Browser 129MB, Utility 69MB)
2026-08-28T19:55:00.131-04:00 info memory: 1332MB total (Tab 811MB, GPU 323MB, Browser 129MB, Utility 69MB)
2026-08-28T19:56:00.134-04:00 info memory: 1335MB total (Tab 810MB, GPU 328MB, Browser 129MB, Utility 69MB)
2026-08-28T19:57:00.140-04:00 info memory: 1332MB total (Tab 810MB, GPU 324MB, Browser 129MB, Utility 69MB)
2026-08-28T19:58:00.152-04:00 info memory: 1332MB total (Tab 810MB, GPU 324MB, Browser 129MB, Utility 69MB)
2026-08-28T19:59:00.154-04:00 info memory: 1336MB total (Tab 811MB, GPU 328MB, Browser 128MB, Utility 69MB)
2026-08-28T20:00:00.164-04:00 info memory: 1331MB total (Tab 810MB, GPU 323MB, Browser 128MB, Utility 69MB)
2026-08-28T20:01:00.179-04:00 info memory: 1331MB total (Tab 810MB, GPU 324MB, Browser 128MB, Utility 69MB)
2026-08-28T20:02:00.181-04:00 info memory: 1376MB total (Tab 852MB, GPU 326MB, Browser 129MB, Utility 69MB)
2026-08-28T20:03:00.186-04:00 info memory: 1330MB total (Tab 810MB, GPU 324MB, Browser 129MB, Utility 69MB)
2026-08-28T20:04:00.189-04:00 info memory: 1331MB total (Tab 810MB, GPU 323MB, Browser 129MB, Utility 69MB)
2026-08-28T20:05:00.191-04:00 info memory: 1331MB total (Tab 810MB, GPU 323MB, Browser 129MB, Utility 69MB)
2026-08-28T20:06:00.202-04:00 info memory: 1331MB total (Tab 811MB, GPU 323MB, Browser 129MB, Utility 69MB)
2026-08-28T20:07:00.206-04:00 info memory: 1331MB total (Tab 810MB, GPU 323MB, Browser 129MB, Utility 69MB)
2026-08-28T20:08:00.218-04:00 info memory: 1331MB total (Tab 810MB, GPU 323MB, Browser 129MB, Utility 69MB)
2026-08-28T20:09:00.234-04:00 info memory: 1335MB total (Tab 811MB, GPU 327MB, Browser 129MB, Utility 69MB)
2026-08-28T20:10:00.238-04:00 info memory: 1335MB total (Tab 811MB, GPU 327MB, Browser 129MB, Utility 69MB)
2026-08-28T20:11:00.241-04:00 info memory: 1334MB total (Tab 809MB, GPU 327MB, Browser 129MB, Utility 69MB)
2026-08-28T20:12:00.248-04:00 info memory: 1334MB total (Tab 809MB, GPU 327MB, Browser 129MB, Utility 69MB)
2026-08-28T20:13:00.260-04:00 info memory: 1334MB total (Tab 809MB, GPU 327MB, Browser 129MB, Utility 69MB)
2026-08-28T20:14:00.263-04:00 info memory: 1335MB total (Tab 810MB, GPU 327MB, Browser 129MB, Utility 69MB)
2026-08-28T20:15:00.275-04:00 info memory: 1335MB total (Tab 810MB, GPU 327MB, Browser 129MB, Utility 69MB)
2026-08-28T20:16:00.279-04:00 info memory: 1335MB total (Tab 810MB, GPU 327MB, Browser 129MB, Utility 69MB)
2026-08-28T20:17:00.296-04:00 info memory: 1331MB total (Tab 810MB, GPU 323MB, Browser 129MB, Utility 69MB)
2026-08-28T20:18:00.307-04:00 info memory: 1331MB total (Tab 810MB, GPU 323MB, Browser 129MB, Utility 69MB)
2026-08-28T20:19:00.313-04:00 info memory: 1331MB total (Tab 810MB, GPU 323MB, Browser 129MB, Utility 69MB)
2026-08-28T20:20:00.316-04:00 info memory: 1331MB total (Tab 809MB, GPU 323MB, Browser 129MB, Utility 69MB)
2026-08-28T20:21:00.320-04:00 info memory: 1329MB total (Tab 809MB, GPU 323MB, Browser 128MB, Utility 69MB)
2026-08-28T20:22:00.332-04:00 info memory: 1329MB total (Tab 809MB, GPU 323MB, Browser 129MB, Utility 69MB)
2026-08-28T20:23:00.342-04:00 info memory: 1330MB total (Tab 809MB, GPU 323MB, Browser 129MB, Utility 69MB)
2026-08-28T20:24:00.349-04:00 info memory: 1330MB total (Tab 810MB, GPU 323MB, Browser 129MB, Utility 69MB)
2026-08-28T20:25:00.361-04:00 info memory: 1330MB total (Tab 810MB, GPU 323MB, Browser 129MB, Utility 69MB)
2026-08-28T20:26:00.363-04:00 info memory: 1331MB total (Tab 810MB, GPU 323MB, Browser 129MB, Utility 69MB)
2026-08-28T20:27:00.377-04:00 info memory: 1331MB total (Tab 810MB, GPU 324MB, Browser 129MB, Utility 69MB)
2026-08-28T20:28:00.380-04:00 info memory: 1331MB total (Tab 810MB, GPU 323MB, Browser 129MB, Utility 69MB)
2026-08-28T20:29:00.391-04:00 info memory: 1331MB total (Tab 810MB, GPU 323MB, Browser 129MB, Utility 69MB)
2026-08-28T20:30:00.404-04:00 info memory: 1335MB total (Tab 810MB, GPU 328MB, Browser 129MB, Utility 69MB)
2026-08-28T20:31:00.415-04:00 info memory: 1331MB total (Tab 810MB, GPU 324MB, Browser 129MB, Utility 69MB)
2026-08-28T20:32:00.428-04:00 info memory: 1336MB total (Tab 812MB, GPU 327MB, Browser 129MB, Utility 69MB)
2026-08-28T20:33:00.442-04:00 info memory: 1336MB total (Tab 811MB, GPU 328MB, Browser 129MB, Utility 69MB)
2026-08-28T20:34:00.446-04:00 info memory: 1331MB total (Tab 809MB, GPU 324MB, Browser 129MB, Utility 69MB)
2026-08-28T20:35:00.458-04:00 info memory: 1332MB total (Tab 810MB, GPU 325MB, Browser 129MB, Utility 69MB)
2026-08-28T20:36:00.473-04:00 info memory: 1331MB total (Tab 810MB, GPU 323MB, Browser 129MB, Utility 69MB)
2026-08-28T20:37:00.479-04:00 info memory: 1330MB total (Tab 809MB, GPU 323MB, Browser 129MB, Utility 69MB)
2026-08-28T20:38:00.493-04:00 info memory: 1330MB total (Tab 809MB, GPU 324MB, Browser 129MB, Utility 69MB)
2026-08-28T20:39:00.495-04:00 info memory: 1331MB total (Tab 809MB, GPU 323MB, Browser 129MB, Utility 69MB)
2026-08-28T20:40:00.495-04:00 info memory: 1331MB total (Tab 810MB, GPU 323MB, Browser 129MB, Utility 69MB)
2026-08-28T20:41:00.505-04:00 info memory: 1331MB total (Tab 810MB, GPU 323MB, Browser 129MB, Utility 69MB)
2026-08-28T20:42:00.510-04:00 info memory: 1330MB total (Tab 809MB, GPU 323MB, Browser 128MB, Utility 69MB)
2026-08-28T20:43:00.519-04:00 info memory: 1330MB total (Tab 810MB, GPU 323MB, Browser 128MB, Utility 69MB)
2026-08-28T20:44:00.522-04:00 info memory: 1328MB total (Tab 809MB, GPU 321MB, Browser 128MB, Utility 69MB)
2026-08-28T20:45:00.538-04:00 info memory: 1333MB total (Tab 810MB, GPU 326MB, Browser 128MB, Utility 69MB)
2026-08-28T20:46:00.550-04:00 info memory: 1327MB total (Tab 810MB, GPU 319MB, Browser 129MB, Utility 69MB)
2026-08-28T20:47:00.554-04:00 info memory: 1327MB total (Tab 810MB, GPU 319MB, Browser 129MB, Utility 69MB)
2026-08-28T20:48:00.557-04:00 info memory: 1327MB total (Tab 811MB, GPU 319MB, Browser 129MB, Utility 69MB)
2026-08-28T20:49:00.568-04:00 info memory: 1317MB total (Tab 800MB, GPU 319MB, Browser 129MB, Utility 69MB)
2026-08-28T20:50:00.577-04:00 info memory: 1315MB total (Tab 800MB, GPU 318MB, Browser 129MB, Utility 69MB)
2026-08-28T20:51:00.580-04:00 info memory: 1311MB total (Tab 800MB, GPU 313MB, Browser 129MB, Utility 69MB)
2026-08-28T20:52:00.594-04:00 info memory: 1311MB total (Tab 800MB, GPU 313MB, Browser 129MB, Utility 69MB)
2026-08-28T20:53:00.602-04:00 info memory: 1311MB total (Tab 800MB, GPU 313MB, Browser 129MB, Utility 69MB)
2026-08-28T20:54:00.618-04:00 info memory: 1309MB total (Tab 799MB, GPU 313MB, Browser 129MB, Utility 69MB)
2026-08-28T20:55:00.628-04:00 info memory: 1310MB total (Tab 799MB, GPU 313MB, Browser 129MB, Utility 69MB)
2026-08-28T20:56:00.639-04:00 info memory: 1309MB total (Tab 798MB, GPU 313MB, Browser 129MB, Utility 69MB)
2026-08-28T20:57:00.655-04:00 info memory: 1310MB total (Tab 798MB, GPU 314MB, Browser 129MB, Utility 69MB)
2026-08-28T20:58:00.668-04:00 info memory: 1310MB total (Tab 799MB, GPU 313MB, Browser 129MB, Utility 69MB)
2026-08-28T20:58:14.648-04:00 info layout 1920x1080 in a 1920x1080 window, 1:1
2026-08-28T20:58:17.207-04:00 info layout 1920x1080 in a 1920x1079 window, scaled to 0.999
2026-08-28T20:59:00.670-04:00 info memory: 1325MB total (Tab 808MB, GPU 319MB, Browser 130MB, Utility 69MB)
2026-08-28T20:59:23.872-04:00 info layout 1920x1080 in a 1920x1080 window, 1:1
2026-08-28T21:00:00.677-04:00 info memory: 1334MB total (Tab 812MB, GPU 325MB, Browser 129MB, Utility 69MB)
2026-08-28T21:01:00.678-04:00 info memory: 1327MB total (Tab 804MB, GPU 324MB, Browser 129MB, Utility 69MB)
2026-08-28T21:02:00.683-04:00 info memory: 1370MB total (Tab 847MB, GPU 325MB, Browser 129MB, Utility 69MB)
2026-08-28T21:02:40.497-04:00 info layout 1920x1080 in a 1920x1079 window, scaled to 0.999
2026-08-28T21:02:41.012-04:00 info layout 1920x1080 in a 1920x1080 window, 1:1
2026-08-28T21:03:00.687-04:00 info memory: 1353MB total (Tab 833MB, GPU 322MB, Browser 129MB, Utility 69MB)
2026-08-28T21:04:00.690-04:00 info memory: 1329MB total (Tab 809MB, GPU 322MB, Browser 129MB, Utility 69MB)
2026-08-28T21:05:00.706-04:00 info memory: 1330MB total (Tab 807MB, GPU 324MB, Browser 129MB, Utility 69MB)
2026-08-28T21:06:00.716-04:00 info memory: 1331MB total (Tab 808MB, GPU 325MB, Browser 129MB, Utility 69MB)
2026-08-28T21:07:00.722-04:00 info memory: 1334MB total (Tab 807MB, GPU 329MB, Browser 129MB, Utility 69MB)
2026-08-28T21:08:00.733-04:00 info memory: 1327MB total (Tab 808MB, GPU 321MB, Browser 129MB, Utility 69MB)
2026-08-28T21:09:00.750-04:00 info memory: 1322MB total (Tab 802MB, GPU 321MB, Browser 129MB, Utility 69MB)
2026-08-28T21:10:00.764-04:00 info memory: 1321MB total (Tab 802MB, GPU 321MB, Browser 129MB, Utility 69MB)
2026-08-28T21:11:00.770-04:00 info memory: 1326MB total (Tab 802MB, GPU 325MB, Browser 130MB, Utility 69MB)
2026-08-28T21:12:00.783-04:00 info memory: 1321MB total (Tab 802MB, GPU 321MB, Browser 130MB, Utility 69MB)
2026-08-28T21:13:00.794-04:00 info memory: 1325MB total (Tab 802MB, GPU 325MB, Browser 130MB, Utility 69MB)
2026-08-28T21:14:00.800-04:00 info memory: 1318MB total (Tab 799MB, GPU 320MB, Browser 130MB, Utility 69MB)
2026-08-28T21:15:00.807-04:00 info memory: 1319MB total (Tab 800MB, GPU 320MB, Browser 130MB, Utility 69MB)
2026-08-28T21:16:00.810-04:00 info memory: 1319MB total (Tab 800MB, GPU 320MB, Browser 130MB, Utility 69MB)
2026-08-28T21:17:00.817-04:00 info memory: 1318MB total (Tab 799MB, GPU 320MB, Browser 130MB, Utility 69MB)
2026-08-28T21:18:00.820-04:00 info memory: 1319MB total (Tab 800MB, GPU 321MB, Browser 130MB, Utility 69MB)
2026-08-28T21:19:00.835-04:00 info memory: 1318MB total (Tab 799MB, GPU 321MB, Browser 129MB, Utility 69MB)
2026-08-28T21:20:00.847-04:00 info memory: 1317MB total (Tab 799MB, GPU 320MB, Browser 129MB, Utility 69MB)
2026-08-28T21:21:00.862-04:00 info memory: 1318MB total (Tab 800MB, GPU 320MB, Browser 129MB, Utility 69MB)
2026-08-28T21:22:00.870-04:00 info memory: 1317MB total (Tab 799MB, GPU 320MB, Browser 129MB, Utility 69MB)
2026-08-28T21:23:00.886-04:00 info memory: 1318MB total (Tab 799MB, GPU 320MB, Browser 129MB, Utility 69MB)
2026-08-28T21:24:00.892-04:00 info memory: 1317MB total (Tab 799MB, GPU 320MB, Browser 129MB, Utility 69MB)
2026-08-28T21:25:00.910-04:00 info memory: 1318MB total (Tab 800MB, GPU 320MB, Browser 129MB, Utility 69MB)
2026-08-28T21:26:00.925-04:00 info memory: 1319MB total (Tab 800MB, GPU 320MB, Browser 129MB, Utility 69MB)
2026-08-28T21:27:00.941-04:00 info memory: 1322MB total (Tab 800MB, GPU 325MB, Browser 129MB, Utility 69MB)
2026-08-28T21:28:00.957-04:00 info memory: 1319MB total (Tab 800MB, GPU 321MB, Browser 129MB, Utility 69MB)
2026-08-28T21:29:00.964-04:00 info memory: 1319MB total (Tab 800MB, GPU 321MB, Browser 129MB, Utility 69MB)
2026-08-28T21:30:00.977-04:00 info memory: 1319MB total (Tab 800MB, GPU 321MB, Browser 129MB, Utility 69MB)
2026-08-28T21:31:01.004-04:00 info memory: 1319MB total (Tab 800MB, GPU 321MB, Browser 129MB, Utility 69MB)
2026-08-28T21:32:01.015-04:00 info memory: 1321MB total (Tab 802MB, GPU 321MB, Browser 130MB, Utility 69MB)
2026-08-28T21:32:40.513-04:00 info layout 1920x1080 in a 1920x1079 window, scaled to 0.999
2026-08-28T21:32:41.024-04:00 info layout 1920x1080 in a 1920x1080 window, 1:1
2026-08-28T21:33:01.024-04:00 info memory: 1332MB total (Tab 811MB, GPU 322MB, Browser 130MB, Utility 69MB)
2026-08-28T21:34:01.037-04:00 info memory: 1328MB total (Tab 808MB, GPU 322MB, Browser 130MB, Utility 69MB)
2026-08-28T21:35:01.045-04:00 info memory: 1328MB total (Tab 807MB, GPU 322MB, Browser 130MB, Utility 69MB)
2026-08-28T21:36:01.050-04:00 info memory: 1328MB total (Tab 808MB, GPU 322MB, Browser 130MB, Utility 69MB)
2026-08-28T21:37:01.065-04:00 info memory: 1328MB total (Tab 808MB, GPU 322MB, Browser 130MB, Utility 69MB)
2026-08-28T21:38:01.084-04:00 info memory: 1325MB total (Tab 804MB, GPU 322MB, Browser 130MB, Utility 69MB)
2026-08-28T21:39:01.087-04:00 info memory: 1325MB total (Tab 805MB, GPU 322MB, Browser 130MB, Utility 69MB)
2026-08-28T21:40:01.097-04:00 info memory: 1322MB total (Tab 802MB, GPU 322MB, Browser 129MB, Utility 69MB)
2026-08-28T21:41:01.114-04:00 info memory: 1323MB total (Tab 803MB, GPU 322MB, Browser 129MB, Utility 69MB)
2026-08-28T21:42:01.119-04:00 info memory: 1322MB total (Tab 802MB, GPU 322MB, Browser 129MB, Utility 69MB)
2026-08-28T21:43:01.132-04:00 info memory: 1323MB total (Tab 803MB, GPU 322MB, Browser 129MB, Utility 69MB)
2026-08-28T21:44:01.145-04:00 info memory: 1322MB total (Tab 802MB, GPU 322MB, Browser 129MB, Utility 69MB)
2026-08-28T21:45:01.150-04:00 info memory: 1323MB total (Tab 802MB, GPU 322MB, Browser 129MB, Utility 69MB)
2026-08-28T21:46:01.167-04:00 info memory: 1323MB total (Tab 803MB, GPU 322MB, Browser 129MB, Utility 69MB)
2026-08-28T21:47:01.178-04:00 info memory: 1321MB total (Tab 801MB, GPU 322MB, Browser 129MB, Utility 69MB)
2026-08-28T21:48:01.193-04:00 info memory: 1322MB total (Tab 802MB, GPU 322MB, Browser 129MB, Utility 69MB)
2026-08-28T21:49:01.200-04:00 info memory: 1322MB total (Tab 802MB, GPU 322MB, Browser 129MB, Utility 69MB)
2026-08-28T21:50:01.210-04:00 info memory: 1323MB total (Tab 802MB, GPU 322MB, Browser 130MB, Utility 69MB)
2026-08-28T21:51:01.224-04:00 info memory: 1322MB total (Tab 802MB, GPU 322MB, Browser 130MB, Utility 69MB)
2026-08-28T21:52:01.238-04:00 info memory: 1321MB total (Tab 801MB, GPU 322MB, Browser 130MB, Utility 69MB)
2026-08-28T21:53:01.243-04:00 info memory: 1322MB total (Tab 802MB, GPU 322MB, Browser 130MB, Utility 69MB)
2026-08-28T21:54:01.245-04:00 info memory: 1322MB total (Tab 802MB, GPU 322MB, Browser 130MB, Utility 69MB)
2026-08-28T21:55:01.257-04:00 info memory: 1322MB total (Tab 802MB, GPU 322MB, Browser 130MB, Utility 69MB)
2026-08-28T21:56:01.259-04:00 info memory: 1322MB total (Tab 802MB, GPU 322MB, Browser 130MB, Utility 69MB)
2026-08-28T21:57:01.270-04:00 info memory: 1321MB total (Tab 801MB, GPU 322MB, Browser 130MB, Utility 69MB)
2026-08-28T21:58:01.286-04:00 info memory: 1322MB total (Tab 802MB, GPU 322MB, Browser 130MB, Utility 69MB)
2026-08-28T21:59:01.292-04:00 info memory: 1322MB total (Tab 801MB, GPU 322MB, Browser 130MB, Utility 69MB)
2026-08-28T22:00:01.296-04:00 info memory: 1322MB total (Tab 802MB, GPU 322MB, Browser 130MB, Utility 69MB)
2026-08-28T22:01:01.302-04:00 info memory: 1321MB total (Tab 801MB, GPU 322MB, Browser 129MB, Utility 69MB)
2026-08-28T22:02:01.315-04:00 info memory: 1324MB total (Tab 804MB, GPU 322MB, Browser 129MB, Utility 69MB)
2026-08-28T22:02:40.529-04:00 info layout 1920x1080 in a 1920x1079 window, scaled to 0.999
2026-08-28T22:02:41.042-04:00 info layout 1920x1080 in a 1920x1080 window, 1:1
2026-08-28T22:03:01.330-04:00 info memory: 1335MB total (Tab 814MB, GPU 323MB, Browser 129MB, Utility 69MB)
2026-08-28T22:04:01.340-04:00 info memory: 1330MB total (Tab 809MB, GPU 323MB, Browser 129MB, Utility 69MB)
2026-08-28T22:05:01.354-04:00 info memory: 1330MB total (Tab 809MB, GPU 323MB, Browser 129MB, Utility 69MB)
2026-08-28T22:06:01.359-04:00 info memory: 1330MB total (Tab 809MB, GPU 323MB, Browser 129MB, Utility 69MB)
2026-08-28T22:07:01.373-04:00 info memory: 1329MB total (Tab 808MB, GPU 323MB, Browser 130MB, Utility 69MB)
2026-08-28T22:08:01.385-04:00 info memory: 1327MB total (Tab 806MB, GPU 323MB, Browser 130MB, Utility 69MB)
2026-08-28T22:09:01.393-04:00 info memory: 1325MB total (Tab 804MB, GPU 323MB, Browser 130MB, Utility 69MB)
2026-08-28T22:10:01.406-04:00 info memory: 1330MB total (Tab 805MB, GPU 327MB, Browser 130MB, Utility 69MB)
2026-08-28T22:11:01.408-04:00 info memory: 1323MB total (Tab 803MB, GPU 323MB, Browser 130MB, Utility 69MB)
2026-08-28T22:12:01.421-04:00 info memory: 1327MB total (Tab 802MB, GPU 327MB, Browser 130MB, Utility 69MB)
2026-08-28T22:13:01.436-04:00 info memory: 1324MB total (Tab 803MB, GPU 323MB, Browser 130MB, Utility 69MB)
2026-08-28T22:14:01.440-04:00 info memory: 1324MB total (Tab 803MB, GPU 323MB, Browser 130MB, Utility 69MB)
2026-08-28T22:15:01.441-04:00 info memory: 1324MB total (Tab 803MB, GPU 323MB, Browser 130MB, Utility 69MB)
2026-08-28T22:16:01.456-04:00 info memory: 1329MB total (Tab 803MB, GPU 327MB, Browser 130MB, Utility 69MB)
2026-08-28T22:17:01.467-04:00 info memory: 1324MB total (Tab 802MB, GPU 323MB, Browser 130MB, Utility 69MB)
2026-08-28T22:18:01.482-04:00 info memory: 1324MB total (Tab 803MB, GPU 323MB, Browser 130MB, Utility 69MB)
2026-08-28T22:19:01.499-04:00 info memory: 1324MB total (Tab 802MB, GPU 323MB, Browser 130MB, Utility 69MB)
2026-08-28T22:20:01.506-04:00 info memory: 1323MB total (Tab 802MB, GPU 323MB, Browser 130MB, Utility 69MB)
2026-08-28T22:21:01.514-04:00 info memory: 1323MB total (Tab 801MB, GPU 322MB, Browser 130MB, Utility 69MB)
2026-08-28T22:22:01.526-04:00 info memory: 1322MB total (Tab 801MB, GPU 322MB, Browser 129MB, Utility 69MB)
2026-08-28T22:23:01.537-04:00 info memory: 1322MB total (Tab 802MB, GPU 322MB, Browser 129MB, Utility 69MB)
2026-08-28T22:24:01.540-04:00 info memory: 1321MB total (Tab 801MB, GPU 322MB, Browser 129MB, Utility 69MB)
2026-08-28T22:25:01.554-04:00 info memory: 1322MB total (Tab 802MB, GPU 322MB, Browser 129MB, Utility 69MB)
2026-08-28T22:26:01.560-04:00 info memory: 1322MB total (Tab 802MB, GPU 322MB, Browser 129MB, Utility 69MB)
2026-08-28T22:27:01.564-04:00 info memory: 1322MB total (Tab 802MB, GPU 322MB, Browser 129MB, Utility 69MB)
2026-08-28T22:28:01.572-04:00 info memory: 1323MB total (Tab 802MB, GPU 322MB, Browser 129MB, Utility 69MB)
2026-08-28T22:29:01.584-04:00 info memory: 1321MB total (Tab 801MB, GPU 322MB, Browser 129MB, Utility 69MB)
2026-08-28T22:30:01.595-04:00 info memory: 1322MB total (Tab 802MB, GPU 322MB, Browser 130MB, Utility 69MB)
2026-08-28T22:31:01.601-04:00 info memory: 1322MB total (Tab 801MB, GPU 322MB, Browser 130MB, Utility 69MB)
2026-08-28T22:32:01.616-04:00 info memory: 1333MB total (Tab 813MB, GPU 322MB, Browser 130MB, Utility 69MB)
2026-08-28T22:32:40.526-04:00 info layout 1920x1080 in a 1920x1079 window, scaled to 0.999
2026-08-28T22:32:41.046-04:00 info layout 1920x1080 in a 1920x1080 window, 1:1
2026-08-28T22:33:01.629-04:00 info memory: 1338MB total (Tab 816MB, GPU 324MB, Browser 130MB, Utility 69MB)
2026-08-28T22:34:01.632-04:00 info memory: 1335MB total (Tab 812MB, GPU 324MB, Browser 130MB, Utility 69MB)
2026-08-28T22:35:01.638-04:00 info memory: 1335MB total (Tab 812MB, GPU 324MB, Browser 130MB, Utility 69MB)
2026-08-28T22:36:01.649-04:00 info memory: 1336MB total (Tab 813MB, GPU 324MB, Browser 130MB, Utility 69MB)
2026-08-28T22:37:01.663-04:00 info memory: 1339MB total (Tab 812MB, GPU 328MB, Browser 130MB, Utility 69MB)
2026-08-28T22:38:01.677-04:00 info memory: 1337MB total (Tab 810MB, GPU 328MB, Browser 130MB, Utility 69MB)
2026-08-28T22:39:01.683-04:00 info memory: 1337MB total (Tab 810MB, GPU 328MB, Browser 130MB, Utility 69MB)
2026-08-28T22:40:01.687-04:00 info memory: 1332MB total (Tab 810MB, GPU 323MB, Browser 130MB, Utility 69MB)
2026-08-28T22:41:01.691-04:00 info memory: 1332MB total (Tab 810MB, GPU 323MB, Browser 130MB, Utility 69MB)
2026-08-28T22:42:01.703-04:00 info memory: 1330MB total (Tab 808MB, GPU 323MB, Browser 130MB, Utility 69MB)
2026-08-28T22:43:01.716-04:00 info memory: 1330MB total (Tab 808MB, GPU 323MB, Browser 129MB, Utility 69MB)
2026-08-28T22:44:01.731-04:00 info memory: 1330MB total (Tab 808MB, GPU 323MB, Browser 129MB, Utility 69MB)
2026-08-28T22:45:01.744-04:00 info memory: 1329MB total (Tab 808MB, GPU 323MB, Browser 129MB, Utility 69MB)
2026-08-28T22:46:01.759-04:00 info memory: 1330MB total (Tab 808MB, GPU 323MB, Browser 130MB, Utility 69MB)
2026-08-28T22:47:01.772-04:00 info memory: 1329MB total (Tab 808MB, GPU 323MB, Browser 130MB, Utility 69MB)
2026-08-28T22:48:01.780-04:00 info memory: 1330MB total (Tab 808MB, GPU 323MB, Browser 130MB, Utility 69MB)
2026-08-28T22:49:01.788-04:00 info memory: 1329MB total (Tab 808MB, GPU 323MB, Browser 130MB, Utility 69MB)
2026-08-28T22:50:01.796-04:00 info memory: 1330MB total (Tab 808MB, GPU 323MB, Browser 130MB, Utility 69MB)
2026-08-28T22:51:01.804-04:00 info memory: 1326MB total (Tab 805MB, GPU 323MB, Browser 130MB, Utility 69MB)
2026-08-28T22:52:01.812-04:00 info memory: 1326MB total (Tab 805MB, GPU 323MB, Browser 130MB, Utility 69MB)
2026-08-28T22:53:01.819-04:00 info memory: 1327MB total (Tab 805MB, GPU 323MB, Browser 130MB, Utility 69MB)
2026-08-28T22:54:01.835-04:00 info memory: 1327MB total (Tab 805MB, GPU 323MB, Browser 130MB, Utility 69MB)
2026-08-28T22:55:01.853-04:00 info memory: 1326MB total (Tab 804MB, GPU 323MB, Browser 130MB, Utility 69MB)
2026-08-28T22:56:01.859-04:00 info memory: 1326MB total (Tab 804MB, GPU 323MB, Browser 130MB, Utility 69MB)
2026-08-28T22:57:01.872-04:00 info memory: 1327MB total (Tab 805MB, GPU 323MB, Browser 130MB, Utility 69MB)
2026-08-28T22:58:01.887-04:00 info memory: 1328MB total (Tab 806MB, GPU 323MB, Browser 130MB, Utility 69MB)
2026-08-28T22:59:01.889-04:00 info memory: 1327MB total (Tab 804MB, GPU 323MB, Browser 130MB, Utility 69MB)
2026-08-28T23:00:01.901-04:00 info memory: 1327MB total (Tab 805MB, GPU 323MB, Browser 130MB, Utility 69MB)
2026-08-28T23:01:01.902-04:00 info memory: 1327MB total (Tab 805MB, GPU 324MB, Browser 130MB, Utility 69MB)
2026-08-28T23:02:01.909-04:00 info memory: 1329MB total (Tab 807MB, GPU 324MB, Browser 130MB, Utility 69MB)
2026-08-28T23:02:40.535-04:00 info layout 1920x1080 in a 1920x1079 window, scaled to 0.999
2026-08-28T23:02:41.050-04:00 info layout 1920x1080 in a 1920x1080 window, 1:1
2026-08-28T23:03:01.914-04:00 info memory: 1343MB total (Tab 820MB, GPU 324MB, Browser 130MB, Utility 69MB)
2026-08-28T23:04:01.924-04:00 info memory: 1336MB total (Tab 813MB, GPU 324MB, Browser 129MB, Utility 69MB)
2026-08-28T23:05:01.934-04:00 info memory: 1333MB total (Tab 810MB, GPU 325MB, Browser 129MB, Utility 69MB)
2026-08-28T23:06:01.948-04:00 info memory: 1333MB total (Tab 811MB, GPU 324MB, Browser 129MB, Utility 69MB)
2026-08-28T23:07:01.957-04:00 info memory: 1330MB total (Tab 807MB, GPU 324MB, Browser 130MB, Utility 69MB)
2026-08-28T23:08:01.973-04:00 info memory: 1328MB total (Tab 805MB, GPU 324MB, Browser 130MB, Utility 69MB)
2026-08-28T23:09:01.987-04:00 info memory: 1327MB total (Tab 805MB, GPU 324MB, Browser 130MB, Utility 69MB)
2026-08-28T23:10:02.003-04:00 info memory: 1328MB total (Tab 805MB, GPU 324MB, Browser 130MB, Utility 69MB)
2026-08-28T23:11:02.014-04:00 info memory: 1328MB total (Tab 806MB, GPU 324MB, Browser 130MB, Utility 69MB)
2026-08-28T23:12:02.019-04:00 info memory: 1328MB total (Tab 805MB, GPU 324MB, Browser 130MB, Utility 69MB)
2026-08-28T23:13:02.033-04:00 info memory: 1328MB total (Tab 806MB, GPU 324MB, Browser 130MB, Utility 69MB)
2026-08-28T23:14:02.047-04:00 info memory: 1327MB total (Tab 805MB, GPU 324MB, Browser 130MB, Utility 69MB)
2026-08-28T23:15:02.061-04:00 info memory: 1327MB total (Tab 805MB, GPU 324MB, Browser 130MB, Utility 69MB)
2026-08-28T23:16:02.072-04:00 info memory: 1327MB total (Tab 804MB, GPU 324MB, Browser 130MB, Utility 69MB)
2026-08-28T23:17:02.081-04:00 info memory: 1325MB total (Tab 803MB, GPU 324MB, Browser 130MB, Utility 69MB)
2026-08-28T23:18:02.085-04:00 info memory: 1326MB total (Tab 803MB, GPU 324MB, Browser 130MB, Utility 69MB)
2026-08-28T23:19:02.101-04:00 info memory: 1326MB total (Tab 803MB, GPU 324MB, Browser 130MB, Utility 69MB)
2026-08-28T23:20:02.109-04:00 info memory: 1326MB total (Tab 803MB, GPU 324MB, Browser 130MB, Utility 69MB)
2026-08-28T23:21:02.122-04:00 info memory: 1327MB total (Tab 804MB, GPU 324MB, Browser 130MB, Utility 69MB)
2026-08-28T23:22:02.132-04:00 info memory: 1327MB total (Tab 804MB, GPU 324MB, Browser 130MB, Utility 69MB)
2026-08-28T23:23:02.140-04:00 info memory: 1327MB total (Tab 805MB, GPU 324MB, Browser 130MB, Utility 69MB)
2026-08-28T23:24:02.156-04:00 info memory: 1327MB total (Tab 804MB, GPU 324MB, Browser 130MB, Utility 69MB)
2026-08-28T23:25:02.170-04:00 info memory: 1327MB total (Tab 804MB, GPU 324MB, Browser 130MB, Utility 69MB)
2026-08-28T23:26:02.176-04:00 info memory: 1326MB total (Tab 804MB, GPU 324MB, Browser 129MB, Utility 69MB)
2026-08-28T23:27:02.190-04:00 info memory: 1326MB total (Tab 804MB, GPU 324MB, Browser 129MB, Utility 69MB)
2026-08-28T23:28:02.192-04:00 info memory: 1326MB total (Tab 804MB, GPU 324MB, Browser 130MB, Utility 69MB)
2026-08-28T23:29:02.208-04:00 info memory: 1326MB total (Tab 803MB, GPU 324MB, Browser 130MB, Utility 69MB)
2026-08-28T23:30:02.210-04:00 info memory: 1327MB total (Tab 804MB, GPU 324MB, Browser 130MB, Utility 69MB)
2026-08-28T23:31:02.211-04:00 info memory: 1326MB total (Tab 804MB, GPU 324MB, Browser 130MB, Utility 69MB)
2026-08-28T23:32:02.214-04:00 info memory: 1329MB total (Tab 806MB, GPU 324MB, Browser 130MB, Utility 69MB)
2026-08-28T23:32:40.545-04:00 info layout 1920x1080 in a 1920x1079 window, scaled to 0.999
2026-08-28T23:32:41.061-04:00 info layout 1920x1080 in a 1920x1080 window, 1:1
2026-08-28T23:33:02.226-04:00 info memory: 1327MB total (Tab 804MB, GPU 324MB, Browser 130MB, Utility 69MB)
2026-08-28T23:34:02.239-04:00 info memory: 1334MB total (Tab 812MB, GPU 324MB, Browser 130MB, Utility 69MB)
2026-08-28T23:35:02.251-04:00 info memory: 1338MB total (Tab 811MB, GPU 328MB, Browser 130MB, Utility 69MB)
2026-08-28T23:36:02.265-04:00 info memory: 1338MB total (Tab 812MB, GPU 328MB, Browser 130MB, Utility 69MB)
2026-08-28T23:37:02.279-04:00 info memory: 1331MB total (Tab 809MB, GPU 324MB, Browser 130MB, Utility 69MB)
2026-08-28T23:38:02.293-04:00 info memory: 1328MB total (Tab 806MB, GPU 324MB, Browser 130MB, Utility 69MB)
2026-08-28T23:39:02.302-04:00 info memory: 1328MB total (Tab 805MB, GPU 324MB, Browser 130MB, Utility 69MB)
2026-08-28T23:40:02.312-04:00 info memory: 1327MB total (Tab 805MB, GPU 324MB, Browser 130MB, Utility 69MB)
2026-08-28T23:41:02.314-04:00 info memory: 1328MB total (Tab 805MB, GPU 324MB, Browser 130MB, Utility 69MB)
2026-08-28T23:42:02.319-04:00 info memory: 1328MB total (Tab 805MB, GPU 324MB, Browser 130MB, Utility 69MB)
2026-08-28T23:43:02.324-04:00 info memory: 1328MB total (Tab 805MB, GPU 324MB, Browser 130MB, Utility 69MB)
2026-08-28T23:44:02.334-04:00 info memory: 1328MB total (Tab 806MB, GPU 324MB, Browser 130MB, Utility 69MB)
2026-08-28T23:45:02.343-04:00 info memory: 1328MB total (Tab 805MB, GPU 324MB, Browser 130MB, Utility 69MB)
2026-08-28T23:46:02.356-04:00 info memory: 1328MB total (Tab 806MB, GPU 324MB, Browser 130MB, Utility 69MB)
2026-08-28T23:47:02.361-04:00 info memory: 1327MB total (Tab 805MB, GPU 324MB, Browser 130MB, Utility 69MB)
2026-08-28T23:48:02.365-04:00 info memory: 1328MB total (Tab 805MB, GPU 324MB, Browser 130MB, Utility 69MB)
2026-08-28T23:49:02.372-04:00 info memory: 1328MB total (Tab 805MB, GPU 324MB, Browser 130MB, Utility 69MB)
2026-08-28T23:50:02.385-04:00 info memory: 1328MB total (Tab 805MB, GPU 324MB, Browser 130MB, Utility 69MB)
2026-08-28T23:51:02.391-04:00 info memory: 1328MB total (Tab 806MB, GPU 324MB, Browser 130MB, Utility 69MB)
2026-08-28T23:52:02.394-04:00 info memory: 1328MB total (Tab 805MB, GPU 324MB, Browser 130MB, Utility 69MB)
2026-08-28T23:53:02.402-04:00 info memory: 1329MB total (Tab 806MB, GPU 324MB, Browser 131MB, Utility 69MB)
2026-08-28T23:54:02.409-04:00 info memory: 1329MB total (Tab 806MB, GPU 323MB, Browser 131MB, Utility 69MB)
2026-08-28T23:55:02.411-04:00 info memory: 1329MB total (Tab 806MB, GPU 324MB, Browser 131MB, Utility 69MB)
2026-08-28T23:56:02.422-04:00 info memory: 1328MB total (Tab 806MB, GPU 324MB, Browser 131MB, Utility 69MB)
2026-08-28T23:57:02.438-04:00 info memory: 1328MB total (Tab 805MB, GPU 324MB, Browser 131MB, Utility 69MB)
2026-08-28T23:58:02.441-04:00 info memory: 1329MB total (Tab 805MB, GPU 324MB, Browser 131MB, Utility 69MB)
2026-08-28T23:59:02.454-04:00 info memory: 1329MB total (Tab 805MB, GPU 324MB, Browser 131MB, Utility 69MB)
2026-08-29T00:00:02.463-04:00 info memory: 1329MB total (Tab 805MB, GPU 324MB, Browser 131MB, Utility 69MB)
2026-08-29T00:01:02.477-04:00 info memory: 1329MB total (Tab 806MB, GPU 324MB, Browser 131MB, Utility 69MB)
2026-08-29T00:02:02.484-04:00 info memory: 1336MB total (Tab 813MB, GPU 324MB, Browser 131MB, Utility 69MB)
2026-08-29T00:02:40.551-04:00 info layout 1920x1080 in a 1920x1079 window, scaled to 0.999
2026-08-29T00:02:41.072-04:00 info layout 1920x1080 in a 1920x1080 window, 1:1
2026-08-29T00:03:02.493-04:00 info memory: 1365MB total (Tab 837MB, GPU 328MB, Browser 131MB, Utility 69MB)
2026-08-29T00:04:02.503-04:00 info memory: 1337MB total (Tab 814MB, GPU 324MB, Browser 131MB, Utility 69MB)
2026-08-29T00:05:02.508-04:00 info memory: 1340MB total (Tab 812MB, GPU 328MB, Browser 131MB, Utility 69MB)
2026-08-29T00:06:02.511-04:00 info memory: 1336MB total (Tab 812MB, GPU 324MB, Browser 131MB, Utility 69MB)
2026-08-29T00:07:02.519-04:00 info memory: 1335MB total (Tab 811MB, GPU 324MB, Browser 131MB, Utility 69MB)
2026-08-29T00:08:02.531-04:00 info memory: 1332MB total (Tab 809MB, GPU 324MB, Browser 131MB, Utility 69MB)
2026-08-29T00:09:02.540-04:00 info memory: 1332MB total (Tab 809MB, GPU 324MB, Browser 130MB, Utility 69MB)
2026-08-29T00:10:02.556-04:00 info memory: 1332MB total (Tab 809MB, GPU 324MB, Browser 130MB, Utility 69MB)
2026-08-29T00:11:02.559-04:00 info memory: 1332MB total (Tab 809MB, GPU 324MB, Browser 130MB, Utility 69MB)
2026-08-29T00:12:02.562-04:00 info memory: 1329MB total (Tab 806MB, GPU 324MB, Browser 130MB, Utility 69MB)
2026-08-29T00:13:02.577-04:00 info memory: 1329MB total (Tab 806MB, GPU 324MB, Browser 130MB, Utility 69MB)
2026-08-29T00:14:02.594-04:00 info memory: 1329MB total (Tab 806MB, GPU 324MB, Browser 130MB, Utility 69MB)
2026-08-29T00:15:02.610-04:00 info memory: 1330MB total (Tab 807MB, GPU 324MB, Browser 130MB, Utility 69MB)
2026-08-29T00:16:02.622-04:00 info memory: 1330MB total (Tab 807MB, GPU 324MB, Browser 130MB, Utility 69MB)
2026-08-29T00:17:02.634-04:00 info memory: 1330MB total (Tab 806MB, GPU 324MB, Browser 130MB, Utility 69MB)
2026-08-29T00:18:02.640-04:00 info memory: 1330MB total (Tab 807MB, GPU 324MB, Browser 130MB, Utility 69MB)
2026-08-29T00:19:02.646-04:00 info memory: 1328MB total (Tab 805MB, GPU 324MB, Browser 130MB, Utility 69MB)
2026-08-29T00:20:02.656-04:00 info memory: 1329MB total (Tab 806MB, GPU 324MB, Browser 130MB, Utility 69MB)
2026-08-29T00:21:02.669-04:00 info memory: 1329MB total (Tab 806MB, GPU 324MB, Browser 130MB, Utility 69MB)
2026-08-29T00:22:02.675-04:00 info memory: 1328MB total (Tab 805MB, GPU 324MB, Browser 131MB, Utility 69MB)
2026-08-29T00:23:02.683-04:00 info memory: 1329MB total (Tab 806MB, GPU 324MB, Browser 131MB, Utility 69MB)
2026-08-29T00:24:02.687-04:00 info memory: 1329MB total (Tab 806MB, GPU 324MB, Browser 131MB, Utility 69MB)
2026-08-29T00:25:02.700-04:00 info memory: 1329MB total (Tab 806MB, GPU 324MB, Browser 131MB, Utility 69MB)
2026-08-29T00:26:02.714-04:00 info memory: 1329MB total (Tab 806MB, GPU 324MB, Browser 131MB, Utility 69MB)
2026-08-29T00:27:02.727-04:00 info memory: 1329MB total (Tab 806MB, GPU 324MB, Browser 131MB, Utility 69MB)
2026-08-29T00:28:02.729-04:00 info memory: 1330MB total (Tab 807MB, GPU 324MB, Browser 131MB, Utility 69MB)
2026-08-29T00:29:02.745-04:00 info memory: 1328MB total (Tab 805MB, GPU 324MB, Browser 131MB, Utility 69MB)
2026-08-29T00:30:02.756-04:00 info memory: 1328MB total (Tab 805MB, GPU 324MB, Browser 131MB, Utility 69MB)
2026-08-29T00:31:02.770-04:00 info memory: 1327MB total (Tab 805MB, GPU 324MB, Browser 130MB, Utility 69MB)
2026-08-29T00:32:02.777-04:00 info memory: 1328MB total (Tab 806MB, GPU 324MB, Browser 130MB, Utility 69MB)
2026-08-29T00:32:40.560-04:00 info layout 1920x1080 in a 1920x1079 window, scaled to 0.999
2026-08-29T00:32:41.084-04:00 info layout 1920x1080 in a 1920x1080 window, 1:1
2026-08-29T00:33:02.780-04:00 info memory: 1340MB total (Tab 817MB, GPU 325MB, Browser 130MB, Utility 69MB)
2026-08-29T00:34:02.801-04:00 info memory: 1336MB total (Tab 812MB, GPU 325MB, Browser 130MB, Utility 69MB)
2026-08-29T00:35:02.812-04:00 info memory: 1336MB total (Tab 812MB, GPU 325MB, Browser 130MB, Utility 69MB)
2026-08-29T00:36:02.816-04:00 info memory: 1337MB total (Tab 813MB, GPU 325MB, Browser 130MB, Utility 69MB)
2026-08-29T00:37:02.833-04:00 info memory: 1336MB total (Tab 812MB, GPU 325MB, Browser 130MB, Utility 69MB)
2026-08-29T00:38:02.835-04:00 info memory: 1333MB total (Tab 809MB, GPU 324MB, Browser 130MB, Utility 69MB)
2026-08-29T00:39:02.844-04:00 info memory: 1333MB total (Tab 809MB, GPU 324MB, Browser 130MB, Utility 69MB)
2026-08-29T00:40:02.859-04:00 info memory: 1332MB total (Tab 809MB, GPU 324MB, Browser 130MB, Utility 69MB)
2026-08-29T00:41:02.876-04:00 info memory: 1333MB total (Tab 810MB, GPU 324MB, Browser 130MB, Utility 69MB)
2026-08-29T00:42:02.877-04:00 info memory: 1328MB total (Tab 805MB, GPU 324MB, Browser 130MB, Utility 69MB)
2026-08-29T00:43:02.891-04:00 info memory: 1328MB total (Tab 805MB, GPU 324MB, Browser 130MB, Utility 69MB)
2026-08-29T00:44:02.906-04:00 info memory: 1329MB total (Tab 806MB, GPU 324MB, Browser 130MB, Utility 69MB)
2026-08-29T00:45:02.917-04:00 info memory: 1328MB total (Tab 805MB, GPU 324MB, Browser 130MB, Utility 69MB)
2026-08-29T00:46:02.932-04:00 info memory: 1329MB total (Tab 806MB, GPU 324MB, Browser 130MB, Utility 69MB)
2026-08-29T00:47:02.947-04:00 info memory: 1329MB total (Tab 806MB, GPU 324MB, Browser 130MB, Utility 69MB)
2026-08-29T00:48:02.958-04:00 info memory: 1329MB total (Tab 806MB, GPU 324MB, Browser 130MB, Utility 69MB)
2026-08-29T00:49:02.962-04:00 info memory: 1330MB total (Tab 807MB, GPU 325MB, Browser 130MB, Utility 69MB)
2026-08-29T00:50:02.967-04:00 info memory: 1330MB total (Tab 806MB, GPU 325MB, Browser 130MB, Utility 69MB)
2026-08-29T00:51:02.972-04:00 info memory: 1330MB total (Tab 806MB, GPU 325MB, Browser 130MB, Utility 69MB)
2026-08-29T00:52:02.988-04:00 info memory: 1330MB total (Tab 806MB, GPU 325MB, Browser 130MB, Utility 69MB)
2026-08-29T00:53:03.002-04:00 info memory: 1329MB total (Tab 806MB, GPU 325MB, Browser 130MB, Utility 69MB)
2026-08-29T00:54:03.018-04:00 info memory: 1330MB total (Tab 806MB, GPU 325MB, Browser 130MB, Utility 69MB)
2026-08-29T00:55:03.027-04:00 info memory: 1328MB total (Tab 805MB, GPU 325MB, Browser 130MB, Utility 69MB)
2026-08-29T00:56:03.033-04:00 info memory: 1329MB total (Tab 806MB, GPU 325MB, Browser 130MB, Utility 69MB)
2026-08-29T00:57:03.044-04:00 info memory: 1329MB total (Tab 806MB, GPU 325MB, Browser 130MB, Utility 69MB)
2026-08-29T00:58:03.058-04:00 info memory: 1330MB total (Tab 806MB, GPU 325MB, Browser 130MB, Utility 69MB)
2026-08-29T00:59:03.070-04:00 info memory: 1330MB total (Tab 806MB, GPU 325MB, Browser 130MB, Utility 69MB)
2026-08-29T01:00:03.073-04:00 info memory: 1330MB total (Tab 806MB, GPU 325MB, Browser 130MB, Utility 69MB)
2026-08-29T01:01:03.077-04:00 info memory: 1330MB total (Tab 807MB, GPU 325MB, Browser 130MB, Utility 69MB)
2026-08-29T01:02:03.088-04:00 info memory: 1332MB total (Tab 808MB, GPU 325MB, Browser 130MB, Utility 69MB)
2026-08-29T01:02:40.562-04:00 info layout 1920x1080 in a 1920x1079 window, scaled to 0.999
2026-08-29T01:02:41.079-04:00 info layout 1920x1080 in a 1920x1080 window, 1:1
2026-08-29T01:03:03.102-04:00 info memory: 1344MB total (Tab 819MB, GPU 325MB, Browser 130MB, Utility 69MB)
2026-08-29T01:04:03.110-04:00 info memory: 1339MB total (Tab 815MB, GPU 325MB, Browser 130MB, Utility 69MB)
2026-08-29T01:05:03.118-04:00 info memory: 1340MB total (Tab 812MB, GPU 329MB, Browser 130MB, Utility 69MB)
2026-08-29T01:06:03.121-04:00 info memory: 1341MB total (Tab 813MB, GPU 329MB, Browser 130MB, Utility 69MB)
2026-08-29T01:07:03.129-04:00 info memory: 1336MB total (Tab 812MB, GPU 325MB, Browser 130MB, Utility 69MB)
2026-08-29T01:08:03.138-04:00 info memory: 1333MB total (Tab 809MB, GPU 325MB, Browser 130MB, Utility 69MB)
2026-08-29T01:09:03.150-04:00 info memory: 1332MB total (Tab 808MB, GPU 325MB, Browser 130MB, Utility 69MB)
2026-08-29T01:10:03.158-04:00 info memory: 1332MB total (Tab 808MB, GPU 325MB, Browser 130MB, Utility 69MB)
2026-08-29T01:11:03.162-04:00 info memory: 1332MB total (Tab 808MB, GPU 325MB, Browser 130MB, Utility 69MB)
2026-08-29T01:12:03.168-04:00 info memory: 1332MB total (Tab 808MB, GPU 325MB, Browser 130MB, Utility 69MB)
2026-08-29T01:13:03.182-04:00 info memory: 1332MB total (Tab 808MB, GPU 325MB, Browser 130MB, Utility 69MB)
2026-08-29T01:14:03.198-04:00 info memory: 1332MB total (Tab 808MB, GPU 325MB, Browser 130MB, Utility 69MB)
2026-08-29T01:15:03.200-04:00 info memory: 1331MB total (Tab 808MB, GPU 325MB, Browser 130MB, Utility 69MB)
2026-08-29T01:16:03.206-04:00 info memory: 1331MB total (Tab 807MB, GPU 325MB, Browser 130MB, Utility 69MB)
2026-08-29T01:17:03.210-04:00 info memory: 1330MB total (Tab 807MB, GPU 325MB, Browser 130MB, Utility 69MB)
2026-08-29T01:18:03.225-04:00 info memory: 1331MB total (Tab 807MB, GPU 325MB, Browser 130MB, Utility 69MB)
2026-08-29T01:19:03.235-04:00 info memory: 1331MB total (Tab 807MB, GPU 325MB, Browser 130MB, Utility 69MB)
2026-08-29T01:20:03.247-04:00 info memory: 1331MB total (Tab 808MB, GPU 325MB, Browser 130MB, Utility 69MB)
2026-08-29T01:21:03.262-04:00 info memory: 1332MB total (Tab 808MB, GPU 325MB, Browser 130MB, Utility 69MB)
2026-08-29T01:22:03.273-04:00 info memory: 1332MB total (Tab 808MB, GPU 325MB, Browser 130MB, Utility 69MB)
2026-08-29T01:23:03.282-04:00 info memory: 1332MB total (Tab 808MB, GPU 325MB, Browser 130MB, Utility 69MB)
2026-08-29T01:24:03.283-04:00 info memory: 1332MB total (Tab 808MB, GPU 325MB, Browser 130MB, Utility 69MB)
2026-08-29T01:25:03.299-04:00 info memory: 1332MB total (Tab 808MB, GPU 325MB, Browser 130MB, Utility 69MB)
2026-08-29T01:26:03.311-04:00 info memory: 1333MB total (Tab 808MB, GPU 325MB, Browser 130MB, Utility 69MB)
2026-08-29T01:27:03.322-04:00 info memory: 1332MB total (Tab 808MB, GPU 325MB, Browser 130MB, Utility 69MB)
2026-08-29T01:28:03.324-04:00 info memory: 1333MB total (Tab 809MB, GPU 325MB, Browser 130MB, Utility 69MB)
2026-08-29T01:29:03.331-04:00 info memory: 1332MB total (Tab 808MB, GPU 325MB, Browser 130MB, Utility 69MB)
2026-08-29T01:30:03.339-04:00 info memory: 1332MB total (Tab 808MB, GPU 325MB, Browser 130MB, Utility 69MB)
2026-08-29T01:31:03.349-04:00 info memory: 1332MB total (Tab 807MB, GPU 325MB, Browser 130MB, Utility 69MB)
2026-08-29T01:32:03.350-04:00 info memory: 1334MB total (Tab 809MB, GPU 325MB, Browser 131MB, Utility 69MB)
2026-08-29T01:32:40.573-04:00 info layout 1920x1080 in a 1920x1079 window, scaled to 0.999
2026-08-29T01:32:41.091-04:00 info layout 1920x1080 in a 1920x1080 window, 1:1
2026-08-29T01:33:03.355-04:00 info memory: 1343MB total (Tab 818MB, GPU 325MB, Browser 131MB, Utility 69MB)
2026-08-29T01:34:03.366-04:00 info memory: 1337MB total (Tab 813MB, GPU 325MB, Browser 131MB, Utility 69MB)
2026-08-29T01:35:03.380-04:00 info memory: 1337MB total (Tab 813MB, GPU 325MB, Browser 131MB, Utility 69MB)
2026-08-29T01:36:03.394-04:00 info memory: 1337MB total (Tab 813MB, GPU 324MB, Browser 131MB, Utility 69MB)
2026-08-29T01:37:03.405-04:00 info memory: 1336MB total (Tab 813MB, GPU 324MB, Browser 130MB, Utility 69MB)
2026-08-29T01:38:03.410-04:00 info memory: 1334MB total (Tab 810MB, GPU 324MB, Browser 130MB, Utility 69MB)
2026-08-29T01:39:03.421-04:00 info memory: 1334MB total (Tab 810MB, GPU 324MB, Browser 130MB, Utility 69MB)
2026-08-29T01:40:03.430-04:00 info memory: 1333MB total (Tab 809MB, GPU 324MB, Browser 130MB, Utility 69MB)
2026-08-29T01:41:03.432-04:00 info memory: 1331MB total (Tab 808MB, GPU 324MB, Browser 130MB, Utility 69MB)
2026-08-29T01:42:03.446-04:00 info memory: 1331MB total (Tab 807MB, GPU 324MB, Browser 130MB, Utility 69MB)
2026-08-29T01:43:03.461-04:00 info memory: 1332MB total (Tab 808MB, GPU 324MB, Browser 130MB, Utility 69MB)
2026-08-29T01:44:03.468-04:00 info memory: 1332MB total (Tab 808MB, GPU 324MB, Browser 130MB, Utility 69MB)
2026-08-29T01:45:03.474-04:00 info memory: 1332MB total (Tab 808MB, GPU 324MB, Browser 130MB, Utility 69MB)
2026-08-29T01:46:03.483-04:00 info memory: 1332MB total (Tab 808MB, GPU 324MB, Browser 130MB, Utility 69MB)
2026-08-29T01:47:03.495-04:00 info memory: 1331MB total (Tab 807MB, GPU 324MB, Browser 130MB, Utility 69MB)
2026-08-29T01:48:03.502-04:00 info memory: 1331MB total (Tab 807MB, GPU 324MB, Browser 130MB, Utility 69MB)
2026-08-29T01:49:03.515-04:00 info memory: 1331MB total (Tab 807MB, GPU 324MB, Browser 130MB, Utility 69MB)
2026-08-29T01:50:03.518-04:00 info memory: 1332MB total (Tab 808MB, GPU 324MB, Browser 130MB, Utility 69MB)
2026-08-29T01:51:03.529-04:00 info memory: 1332MB total (Tab 807MB, GPU 324MB, Browser 130MB, Utility 69MB)
2026-08-29T01:52:03.540-04:00 info memory: 1332MB total (Tab 808MB, GPU 324MB, Browser 131MB, Utility 69MB)
2026-08-29T01:53:03.547-04:00 info memory: 1332MB total (Tab 808MB, GPU 324MB, Browser 131MB, Utility 69MB)
2026-08-29T01:54:03.552-04:00 info memory: 1331MB total (Tab 807MB, GPU 324MB, Browser 131MB, Utility 69MB)
2026-08-29T01:55:03.558-04:00 info memory: 1332MB total (Tab 808MB, GPU 324MB, Browser 131MB, Utility 69MB)
2026-08-29T01:56:03.567-04:00 info memory: 1332MB total (Tab 808MB, GPU 324MB, Browser 131MB, Utility 69MB)
2026-08-29T01:57:03.578-04:00 info memory: 1332MB total (Tab 808MB, GPU 324MB, Browser 131MB, Utility 69MB)
2026-08-29T01:58:03.589-04:00 info memory: 1333MB total (Tab 809MB, GPU 324MB, Browser 131MB, Utility 69MB)
2026-08-29T01:59:03.595-04:00 info memory: 1332MB total (Tab 808MB, GPU 324MB, Browser 130MB, Utility 69MB)
2026-08-29T02:00:03.599-04:00 info memory: 1332MB total (Tab 808MB, GPU 324MB, Browser 130MB, Utility 69MB)
2026-08-29T02:01:03.604-04:00 info memory: 1332MB total (Tab 808MB, GPU 324MB, Browser 130MB, Utility 69MB)
2026-08-29T02:02:03.617-04:00 info memory: 1334MB total (Tab 810MB, GPU 325MB, Browser 130MB, Utility 69MB)
2026-08-29T02:02:40.589-04:00 info layout 1920x1080 in a 1920x1079 window, scaled to 0.999
2026-08-29T02:02:41.114-04:00 info layout 1920x1080 in a 1920x1080 window, 1:1
2026-08-29T02:03:03.621-04:00 info memory: 1344MB total (Tab 819MB, GPU 326MB, Browser 130MB, Utility 69MB)
2026-08-29T02:04:03.628-04:00 info memory: 1340MB total (Tab 816MB, GPU 326MB, Browser 130MB, Utility 69MB)
2026-08-29T02:05:03.645-04:00 info memory: 1340MB total (Tab 815MB, GPU 326MB, Browser 130MB, Utility 69MB)
2026-08-29T02:06:03.653-04:00 info memory: 1341MB total (Tab 816MB, GPU 326MB, Browser 130MB, Utility 69MB)
2026-08-29T02:07:03.667-04:00 info memory: 1340MB total (Tab 815MB, GPU 326MB, Browser 130MB, Utility 69MB)
2026-08-29T02:08:03.678-04:00 info memory: 1338MB total (Tab 813MB, GPU 326MB, Browser 130MB, Utility 69MB)
2026-08-29T02:09:03.690-04:00 info memory: 1337MB total (Tab 812MB, GPU 326MB, Browser 130MB, Utility 69MB)
2026-08-29T02:10:03.697-04:00 info memory: 1337MB total (Tab 812MB, GPU 325MB, Browser 130MB, Utility 69MB)
2026-08-29T02:11:03.704-04:00 info memory: 1338MB total (Tab 813MB, GPU 326MB, Browser 130MB, Utility 69MB)
2026-08-29T02:12:03.720-04:00 info memory: 1337MB total (Tab 812MB, GPU 325MB, Browser 130MB, Utility 69MB)
2026-08-29T02:13:03.738-04:00 info memory: 1335MB total (Tab 810MB, GPU 325MB, Browser 130MB, Utility 69MB)
2026-08-29T02:14:03.746-04:00 info memory: 1335MB total (Tab 810MB, GPU 325MB, Browser 130MB, Utility 69MB)
2026-08-29T02:15:03.758-04:00 info memory: 1335MB total (Tab 810MB, GPU 326MB, Browser 130MB, Utility 69MB)
2026-08-29T02:16:03.769-04:00 info memory: 1334MB total (Tab 809MB, GPU 325MB, Browser 131MB, Utility 69MB)
2026-08-29T02:17:03.783-04:00 info memory: 1334MB total (Tab 809MB, GPU 325MB, Browser 131MB, Utility 69MB)
2026-08-29T02:18:03.790-04:00 info memory: 1334MB total (Tab 809MB, GPU 325MB, Browser 131MB, Utility 69MB)
2026-08-29T02:19:03.804-04:00 info memory: 1334MB total (Tab 809MB, GPU 326MB, Browser 131MB, Utility 69MB)
2026-08-29T02:20:03.816-04:00 info memory: 1334MB total (Tab 809MB, GPU 326MB, Browser 131MB, Utility 69MB)
2026-08-29T02:21:03.819-04:00 info memory: 1334MB total (Tab 810MB, GPU 325MB, Browser 130MB, Utility 69MB)
2026-08-29T02:22:03.833-04:00 info memory: 1334MB total (Tab 809MB, GPU 325MB, Browser 130MB, Utility 69MB)
2026-08-29T02:23:03.841-04:00 info memory: 1337MB total (Tab 809MB, GPU 329MB, Browser 130MB, Utility 69MB)
2026-08-29T02:24:03.843-04:00 info memory: 1337MB total (Tab 809MB, GPU 330MB, Browser 130MB, Utility 69MB)
2026-08-29T02:25:03.858-04:00 info memory: 1333MB total (Tab 808MB, GPU 325MB, Browser 130MB, Utility 69MB)
2026-08-29T02:26:03.865-04:00 info memory: 1333MB total (Tab 809MB, GPU 325MB, Browser 130MB, Utility 69MB)
2026-08-29T02:27:03.873-04:00 info memory: 1333MB total (Tab 809MB, GPU 325MB, Browser 130MB, Utility 69MB)
2026-08-29T02:28:03.881-04:00 info memory: 1333MB total (Tab 809MB, GPU 325MB, Browser 130MB, Utility 69MB)
2026-08-29T02:29:03.888-04:00 info memory: 1333MB total (Tab 809MB, GPU 325MB, Browser 130MB, Utility 69MB)
2026-08-29T02:30:03.901-04:00 info memory: 1333MB total (Tab 809MB, GPU 325MB, Browser 130MB, Utility 69MB)
2026-08-29T02:31:03.917-04:00 info memory: 1334MB total (Tab 810MB, GPU 325MB, Browser 130MB, Utility 69MB)
2026-08-29T02:32:03.925-04:00 info memory: 1378MB total (Tab 849MB, GPU 329MB, Browser 130MB, Utility 69MB)
2026-08-29T02:32:40.600-04:00 info layout 1920x1080 in a 1920x1079 window, scaled to 0.999
2026-08-29T02:32:41.115-04:00 info layout 1920x1080 in a 1920x1080 window, 1:1
2026-08-29T02:33:03.940-04:00 info memory: 1341MB total (Tab 812MB, GPU 330MB, Browser 131MB, Utility 69MB)
2026-08-29T02:34:03.951-04:00 info memory: 1339MB total (Tab 814MB, GPU 325MB, Browser 131MB, Utility 69MB)
2026-08-29T02:35:03.960-04:00 info memory: 1337MB total (Tab 812MB, GPU 325MB, Browser 131MB, Utility 69MB)
2026-08-29T02:36:03.965-04:00 info memory: 1338MB total (Tab 813MB, GPU 325MB, Browser 131MB, Utility 69MB)
2026-08-29T02:37:03.979-04:00 info memory: 1342MB total (Tab 813MB, GPU 329MB, Browser 131MB, Utility 69MB)
2026-08-29T02:38:03.995-04:00 info memory: 1335MB total (Tab 810MB, GPU 325MB, Browser 131MB, Utility 69MB)
2026-08-29T02:39:04.003-04:00 info memory: 1335MB total (Tab 810MB, GPU 325MB, Browser 131MB, Utility 69MB)
2026-08-29T02:40:04.015-04:00 info memory: 1335MB total (Tab 810MB, GPU 325MB, Browser 131MB, Utility 69MB)
2026-08-29T02:41:04.019-04:00 info memory: 1339MB total (Tab 811MB, GPU 329MB, Browser 131MB, Utility 69MB)
2026-08-29T02:42:04.025-04:00 info memory: 1333MB total (Tab 808MB, GPU 325MB, Browser 130MB, Utility 69MB)
2026-08-29T02:43:04.037-04:00 info memory: 1332MB total (Tab 807MB, GPU 325MB, Browser 130MB, Utility 69MB)
2026-08-29T02:44:04.055-04:00 info memory: 1332MB total (Tab 807MB, GPU 325MB, Browser 130MB, Utility 69MB)
2026-08-29T02:45:04.060-04:00 info memory: 1332MB total (Tab 807MB, GPU 325MB, Browser 130MB, Utility 69MB)
2026-08-29T02:46:04.075-04:00 info memory: 1337MB total (Tab 808MB, GPU 330MB, Browser 130MB, Utility 69MB)
2026-08-29T02:47:04.086-04:00 info memory: 1337MB total (Tab 808MB, GPU 330MB, Browser 130MB, Utility 69MB)
2026-08-29T02:48:04.094-04:00 info memory: 1332MB total (Tab 808MB, GPU 325MB, Browser 130MB, Utility 69MB)
2026-08-29T02:49:04.109-04:00 info memory: 1332MB total (Tab 807MB, GPU 325MB, Browser 130MB, Utility 69MB)
2026-08-29T02:50:04.123-04:00 info memory: 1331MB total (Tab 807MB, GPU 325MB, Browser 130MB, Utility 69MB)
2026-08-29T02:51:04.137-04:00 info memory: 1332MB total (Tab 808MB, GPU 325MB, Browser 130MB, Utility 69MB)
2026-08-29T02:52:04.152-04:00 info memory: 1332MB total (Tab 808MB, GPU 325MB, Browser 130MB, Utility 69MB)
2026-08-29T02:53:04.159-04:00 info memory: 1332MB total (Tab 807MB, GPU 325MB, Browser 130MB, Utility 69MB)
2026-08-29T02:54:04.166-04:00 info memory: 1333MB total (Tab 808MB, GPU 325MB, Browser 131MB, Utility 69MB)
2026-08-29T02:55:04.174-04:00 info memory: 1332MB total (Tab 808MB, GPU 325MB, Browser 131MB, Utility 69MB)
2026-08-29T02:56:04.183-04:00 info memory: 1333MB total (Tab 809MB, GPU 325MB, Browser 131MB, Utility 69MB)
2026-08-29T02:57:04.189-04:00 info memory: 1333MB total (Tab 809MB, GPU 325MB, Browser 131MB, Utility 69MB)
2026-08-29T02:58:04.202-04:00 info memory: 1333MB total (Tab 809MB, GPU 325MB, Browser 131MB, Utility 69MB)
2026-08-29T02:59:04.214-04:00 info memory: 1333MB total (Tab 808MB, GPU 325MB, Browser 131MB, Utility 69MB)
2026-08-29T03:00:04.230-04:00 info memory: 1332MB total (Tab 808MB, GPU 325MB, Browser 131MB, Utility 69MB)
2026-08-29T03:01:04.237-04:00 info memory: 1333MB total (Tab 809MB, GPU 325MB, Browser 131MB, Utility 69MB)
2026-08-29T03:02:04.248-04:00 info memory: 1375MB total (Tab 850MB, GPU 325MB, Browser 131MB, Utility 69MB)
2026-08-29T03:02:40.625-04:00 info layout 1920x1080 in a 1920x1079 window, scaled to 0.999
2026-08-29T03:02:41.142-04:00 info layout 1920x1080 in a 1920x1080 window, 1:1
2026-08-29T03:03:04.262-04:00 info memory: 1339MB total (Tab 813MB, GPU 327MB, Browser 131MB, Utility 69MB)
2026-08-29T03:04:04.276-04:00 info memory: 1341MB total (Tab 815MB, GPU 326MB, Browser 130MB, Utility 69MB)
2026-08-29T03:05:04.280-04:00 info memory: 1340MB total (Tab 815MB, GPU 326MB, Browser 130MB, Utility 69MB)
2026-08-29T03:06:04.282-04:00 info memory: 1341MB total (Tab 815MB, GPU 326MB, Browser 130MB, Utility 69MB)
2026-08-29T03:07:04.288-04:00 info memory: 1338MB total (Tab 812MB, GPU 326MB, Browser 130MB, Utility 69MB)
2026-08-29T03:08:04.290-04:00 info memory: 1335MB total (Tab 809MB, GPU 326MB, Browser 130MB, Utility 69MB)
2026-08-29T03:09:04.296-04:00 info memory: 1335MB total (Tab 809MB, GPU 326MB, Browser 130MB, Utility 69MB)
2026-08-29T03:10:04.309-04:00 info memory: 1333MB total (Tab 808MB, GPU 326MB, Browser 130MB, Utility 69MB)
2026-08-29T03:11:04.325-04:00 info memory: 1333MB total (Tab 808MB, GPU 326MB, Browser 130MB, Utility 69MB)
2026-08-29T03:12:04.335-04:00 info memory: 1332MB total (Tab 807MB, GPU 326MB, Browser 130MB, Utility 69MB)
2026-08-29T03:13:04.337-04:00 info memory: 1333MB total (Tab 808MB, GPU 325MB, Browser 130MB, Utility 69MB)
2026-08-29T03:14:04.345-04:00 info memory: 1333MB total (Tab 808MB, GPU 325MB, Browser 131MB, Utility 69MB)
2026-08-29T03:15:04.349-04:00 info memory: 1333MB total (Tab 808MB, GPU 325MB, Browser 131MB, Utility 69MB)
2026-08-29T03:16:04.358-04:00 info memory: 1334MB total (Tab 809MB, GPU 325MB, Browser 131MB, Utility 69MB)
2026-08-29T03:17:04.368-04:00 info memory: 1334MB total (Tab 809MB, GPU 325MB, Browser 131MB, Utility 69MB)
2026-08-29T03:18:04.380-04:00 info memory: 1334MB total (Tab 809MB, GPU 325MB, Browser 131MB, Utility 69MB)
2026-08-29T03:19:04.391-04:00 info memory: 1334MB total (Tab 809MB, GPU 325MB, Browser 131MB, Utility 69MB)
2026-08-29T03:20:04.405-04:00 info memory: 1334MB total (Tab 809MB, GPU 325MB, Browser 131MB, Utility 69MB)
2026-08-29T03:21:04.414-04:00 info memory: 1335MB total (Tab 809MB, GPU 325MB, Browser 131MB, Utility 69MB)
2026-08-29T03:22:04.417-04:00 info memory: 1334MB total (Tab 809MB, GPU 325MB, Browser 131MB, Utility 69MB)
2026-08-29T03:23:04.430-04:00 info memory: 1335MB total (Tab 809MB, GPU 325MB, Browser 131MB, Utility 69MB)
2026-08-29T03:24:04.434-04:00 info memory: 1334MB total (Tab 809MB, GPU 325MB, Browser 131MB, Utility 69MB)
2026-08-29T03:25:04.438-04:00 info memory: 1334MB total (Tab 809MB, GPU 325MB, Browser 131MB, Utility 69MB)
2026-08-29T03:26:04.453-04:00 info memory: 1335MB total (Tab 809MB, GPU 325MB, Browser 131MB, Utility 69MB)
2026-08-29T03:27:04.456-04:00 info memory: 1333MB total (Tab 808MB, GPU 325MB, Browser 130MB, Utility 69MB)
2026-08-29T03:28:04.463-04:00 info memory: 1333MB total (Tab 809MB, GPU 325MB, Browser 130MB, Utility 69MB)
2026-08-29T03:29:04.476-04:00 info memory: 1333MB total (Tab 808MB, GPU 325MB, Browser 130MB, Utility 69MB)
2026-08-29T03:30:04.489-04:00 info memory: 1333MB total (Tab 808MB, GPU 325MB, Browser 130MB, Utility 69MB)
2026-08-29T03:31:04.497-04:00 info memory: 1332MB total (Tab 808MB, GPU 325MB, Browser 130MB, Utility 69MB)
2026-08-29T03:32:04.504-04:00 info memory: 1337MB total (Tab 812MB, GPU 326MB, Browser 130MB, Utility 69MB)
2026-08-29T03:32:40.618-04:00 info layout 1920x1080 in a 1920x1079 window, scaled to 0.999
2026-08-29T03:32:41.133-04:00 info layout 1920x1080 in a 1920x1080 window, 1:1
2026-08-29T03:33:04.506-04:00 info memory: 1347MB total (Tab 817MB, GPU 330MB, Browser 130MB, Utility 69MB)
2026-08-29T03:34:04.514-04:00 info memory: 1342MB total (Tab 816MB, GPU 326MB, Browser 131MB, Utility 69MB)
2026-08-29T03:35:04.520-04:00 info memory: 1341MB total (Tab 815MB, GPU 326MB, Browser 131MB, Utility 69MB)
2026-08-29T03:36:04.534-04:00 info memory: 1342MB total (Tab 816MB, GPU 326MB, Browser 131MB, Utility 69MB)
2026-08-29T03:37:04.549-04:00 info memory: 1339MB total (Tab 813MB, GPU 326MB, Browser 131MB, Utility 69MB)
2026-08-29T03:38:04.552-04:00 info memory: 1335MB total (Tab 809MB, GPU 326MB, Browser 131MB, Utility 69MB)
2026-08-29T03:39:04.554-04:00 info memory: 1334MB total (Tab 809MB, GPU 326MB, Browser 131MB, Utility 69MB)
2026-08-29T03:40:04.569-04:00 info memory: 1338MB total (Tab 808MB, GPU 330MB, Browser 131MB, Utility 69MB)
2026-08-29T03:41:04.578-04:00 info memory: 1339MB total (Tab 809MB, GPU 330MB, Browser 131MB, Utility 69MB)
2026-08-29T03:42:04.587-04:00 info memory: 1334MB total (Tab 808MB, GPU 326MB, Browser 131MB, Utility 69MB)
2026-08-29T03:43:04.598-04:00 info memory: 1339MB total (Tab 809MB, GPU 330MB, Browser 131MB, Utility 69MB)
2026-08-29T03:44:04.612-04:00 info memory: 1339MB total (Tab 809MB, GPU 330MB, Browser 131MB, Utility 69MB)
2026-08-29T03:45:04.613-04:00 info memory: 1339MB total (Tab 809MB, GPU 330MB, Browser 131MB, Utility 69MB)
2026-08-29T03:46:04.617-04:00 info memory: 1339MB total (Tab 809MB, GPU 330MB, Browser 131MB, Utility 69MB)
2026-08-29T03:47:04.620-04:00 info memory: 1338MB total (Tab 808MB, GPU 330MB, Browser 131MB, Utility 69MB)
2026-08-29T03:48:04.628-04:00 info memory: 1338MB total (Tab 808MB, GPU 330MB, Browser 130MB, Utility 69MB)
2026-08-29T03:49:04.641-04:00 info memory: 1338MB total (Tab 808MB, GPU 330MB, Browser 130MB, Utility 69MB)
2026-08-29T03:50:04.655-04:00 info memory: 1338MB total (Tab 808MB, GPU 330MB, Browser 130MB, Utility 69MB)
2026-08-29T03:51:04.659-04:00 info memory: 1334MB total (Tab 809MB, GPU 326MB, Browser 130MB, Utility 69MB)
2026-08-29T03:52:04.671-04:00 info memory: 1334MB total (Tab 809MB, GPU 326MB, Browser 130MB, Utility 69MB)
2026-08-29T03:53:04.674-04:00 info memory: 1339MB total (Tab 809MB, GPU 330MB, Browser 130MB, Utility 69MB)
2026-08-29T03:54:04.686-04:00 info memory: 1334MB total (Tab 809MB, GPU 325MB, Browser 130MB, Utility 69MB)
2026-08-29T03:55:04.698-04:00 info memory: 1334MB total (Tab 809MB, GPU 325MB, Browser 130MB, Utility 69MB)
2026-08-29T03:56:04.705-04:00 info memory: 1335MB total (Tab 810MB, GPU 325MB, Browser 131MB, Utility 69MB)
2026-08-29T03:57:04.715-04:00 info memory: 1334MB total (Tab 809MB, GPU 325MB, Browser 131MB, Utility 69MB)
2026-08-29T03:58:04.729-04:00 info memory: 1334MB total (Tab 809MB, GPU 325MB, Browser 131MB, Utility 69MB)
2026-08-29T03:59:04.736-04:00 info memory: 1334MB total (Tab 809MB, GPU 325MB, Browser 131MB, Utility 69MB)
2026-08-29T04:00:04.749-04:00 info memory: 1334MB total (Tab 809MB, GPU 326MB, Browser 131MB, Utility 69MB)
2026-08-29T04:01:04.753-04:00 info memory: 1335MB total (Tab 810MB, GPU 326MB, Browser 131MB, Utility 69MB)
2026-08-29T04:02:04.764-04:00 info memory: 1337MB total (Tab 811MB, GPU 326MB, Browser 131MB, Utility 69MB)
2026-08-29T04:02:40.625-04:00 info layout 1920x1080 in a 1920x1079 window, scaled to 0.999
2026-08-29T04:02:41.192-04:00 info layout 1920x1080 in a 1920x1080 window, 1:1
2026-08-29T04:03:04.765-04:00 info memory: 1351MB total (Tab 821MB, GPU 331MB, Browser 131MB, Utility 69MB)
2026-08-29T04:04:04.775-04:00 info memory: 1343MB total (Tab 817MB, GPU 327MB, Browser 131MB, Utility 69MB)
2026-08-29T04:05:04.783-04:00 info memory: 1344MB total (Tab 817MB, GPU 326MB, Browser 131MB, Utility 69MB)
2026-08-29T04:06:04.789-04:00 info memory: 1344MB total (Tab 817MB, GPU 326MB, Browser 131MB, Utility 69MB)
2026-08-29T04:07:04.797-04:00 info memory: 1341MB total (Tab 814MB, GPU 327MB, Browser 131MB, Utility 69MB)
2026-08-29T04:08:04.799-04:00 info memory: 1337MB total (Tab 811MB, GPU 327MB, Browser 131MB, Utility 69MB)
2026-08-29T04:09:04.813-04:00 info memory: 1337MB total (Tab 811MB, GPU 327MB, Browser 131MB, Utility 69MB)
2026-08-29T04:10:04.830-04:00 info memory: 1336MB total (Tab 811MB, GPU 326MB, Browser 130MB, Utility 69MB)
2026-08-29T04:11:04.843-04:00 info memory: 1337MB total (Tab 811MB, GPU 326MB, Browser 130MB, Utility 69MB)
2026-08-29T04:12:04.846-04:00 info memory: 1337MB total (Tab 811MB, GPU 326MB, Browser 130MB, Utility 69MB)
2026-08-29T04:13:04.856-04:00 info memory: 1337MB total (Tab 811MB, GPU 327MB, Browser 130MB, Utility 69MB)
2026-08-29T04:14:04.859-04:00 info memory: 1336MB total (Tab 810MB, GPU 326MB, Browser 130MB, Utility 69MB)
2026-08-29T04:15:04.870-04:00 info memory: 1337MB total (Tab 810MB, GPU 327MB, Browser 130MB, Utility 69MB)
2026-08-29T04:16:04.874-04:00 info memory: 1336MB total (Tab 810MB, GPU 326MB, Browser 131MB, Utility 69MB)
2026-08-29T04:17:04.881-04:00 info memory: 1337MB total (Tab 811MB, GPU 326MB, Browser 131MB, Utility 69MB)
2026-08-29T04:18:04.889-04:00 info memory: 1341MB total (Tab 811MB, GPU 330MB, Browser 131MB, Utility 69MB)
2026-08-29T04:19:04.900-04:00 info memory: 1340MB total (Tab 810MB, GPU 330MB, Browser 131MB, Utility 69MB)
2026-08-29T04:20:04.900-04:00 info memory: 1335MB total (Tab 810MB, GPU 326MB, Browser 131MB, Utility 69MB)
2026-08-29T04:21:04.902-04:00 info memory: 1335MB total (Tab 810MB, GPU 326MB, Browser 131MB, Utility 69MB)
2026-08-29T04:22:04.906-04:00 info memory: 1335MB total (Tab 810MB, GPU 326MB, Browser 131MB, Utility 69MB)
2026-08-29T04:23:04.917-04:00 info memory: 1336MB total (Tab 810MB, GPU 326MB, Browser 131MB, Utility 69MB)
2026-08-29T04:24:04.924-04:00 info memory: 1336MB total (Tab 810MB, GPU 326MB, Browser 131MB, Utility 69MB)
2026-08-29T04:25:04.933-04:00 info memory: 1336MB total (Tab 811MB, GPU 326MB, Browser 131MB, Utility 69MB)
2026-08-29T04:26:04.942-04:00 info memory: 1336MB total (Tab 810MB, GPU 326MB, Browser 131MB, Utility 69MB)
2026-08-29T04:27:04.957-04:00 info memory: 1336MB total (Tab 811MB, GPU 326MB, Browser 131MB, Utility 69MB)
2026-08-29T04:28:04.963-04:00 info memory: 1337MB total (Tab 811MB, GPU 326MB, Browser 131MB, Utility 69MB)
2026-08-29T04:29:04.970-04:00 info memory: 1336MB total (Tab 811MB, GPU 326MB, Browser 131MB, Utility 69MB)
2026-08-29T04:30:04.981-04:00 info memory: 1341MB total (Tab 811MB, GPU 330MB, Browser 131MB, Utility 69MB)
2026-08-29T04:31:04.987-04:00 info memory: 1335MB total (Tab 809MB, GPU 326MB, Browser 131MB, Utility 69MB)
2026-08-29T04:32:05.004-04:00 info memory: 1344MB total (Tab 818MB, GPU 326MB, Browser 131MB, Utility 69MB)
2026-08-29T04:32:40.634-04:00 info layout 1920x1080 in a 1920x1079 window, scaled to 0.999
2026-08-29T04:32:41.139-04:00 info layout 1920x1080 in a 1920x1080 window, 1:1
2026-08-29T04:33:05.008-04:00 info memory: 1349MB total (Tab 823MB, GPU 327MB, Browser 130MB, Utility 69MB)
2026-08-29T04:34:05.019-04:00 info memory: 1348MB total (Tab 822MB, GPU 326MB, Browser 131MB, Utility 69MB)
2026-08-29T04:35:05.030-04:00 info memory: 1347MB total (Tab 821MB, GPU 326MB, Browser 131MB, Utility 69MB)
2026-08-29T04:36:05.041-04:00 info memory: 1348MB total (Tab 822MB, GPU 326MB, Browser 131MB, Utility 69MB)
2026-08-29T04:37:05.045-04:00 info memory: 1349MB total (Tab 819MB, GPU 330MB, Browser 131MB, Utility 69MB)
2026-08-29T04:38:05.061-04:00 info memory: 1346MB total (Tab 816MB, GPU 331MB, Browser 131MB, Utility 69MB)
2026-08-29T04:39:05.073-04:00 info memory: 1342MB total (Tab 816MB, GPU 326MB, Browser 131MB, Utility 69MB)
2026-08-29T04:40:05.083-04:00 info memory: 1341MB total (Tab 815MB, GPU 326MB, Browser 131MB, Utility 69MB)
2026-08-29T04:41:05.087-04:00 info memory: 1342MB total (Tab 815MB, GPU 326MB, Browser 131MB, Utility 69MB)
2026-08-29T04:42:05.099-04:00 info memory: 1345MB total (Tab 815MB, GPU 330MB, Browser 131MB, Utility 69MB)
2026-08-29T04:43:05.114-04:00 info memory: 1346MB total (Tab 815MB, GPU 330MB, Browser 131MB, Utility 69MB)
2026-08-29T04:44:05.114-04:00 info memory: 1345MB total (Tab 815MB, GPU 331MB, Browser 131MB, Utility 69MB)
2026-08-29T04:45:05.131-04:00 info memory: 1342MB total (Tab 812MB, GPU 330MB, Browser 131MB, Utility 69MB)
2026-08-29T04:46:05.135-04:00 info memory: 1339MB total (Tab 813MB, GPU 326MB, Browser 131MB, Utility 69MB)
2026-08-29T04:47:05.147-04:00 info memory: 1339MB total (Tab 813MB, GPU 326MB, Browser 131MB, Utility 69MB)
2026-08-29T04:48:05.160-04:00 info memory: 1339MB total (Tab 813MB, GPU 326MB, Browser 131MB, Utility 69MB)
2026-08-29T04:49:05.183-04:00 info memory: 1340MB total (Tab 813MB, GPU 326MB, Browser 131MB, Utility 69MB)
2026-08-29T04:50:05.199-04:00 info memory: 1340MB total (Tab 813MB, GPU 326MB, Browser 131MB, Utility 69MB)
2026-08-29T04:51:05.213-04:00 info memory: 1344MB total (Tab 814MB, GPU 330MB, Browser 131MB, Utility 69MB)
2026-08-29T04:52:05.228-04:00 info memory: 1344MB total (Tab 813MB, GPU 330MB, Browser 131MB, Utility 69MB)
2026-08-29T04:53:05.236-04:00 info memory: 1340MB total (Tab 813MB, GPU 326MB, Browser 131MB, Utility 69MB)
2026-08-29T04:54:05.250-04:00 info memory: 1343MB total (Tab 813MB, GPU 331MB, Browser 130MB, Utility 69MB)
2026-08-29T04:55:05.262-04:00 info memory: 1339MB total (Tab 813MB, GPU 326MB, Browser 130MB, Utility 69MB)
2026-08-29T04:56:05.268-04:00 info memory: 1339MB total (Tab 814MB, GPU 326MB, Browser 131MB, Utility 69MB)
2026-08-29T04:57:05.272-04:00 info memory: 1343MB total (Tab 813MB, GPU 330MB, Browser 131MB, Utility 69MB)
2026-08-29T04:58:05.274-04:00 info memory: 1340MB total (Tab 814MB, GPU 326MB, Browser 131MB, Utility 69MB)
2026-08-29T04:59:05.281-04:00 info memory: 1339MB total (Tab 813MB, GPU 326MB, Browser 131MB, Utility 69MB)
2026-08-29T05:00:05.290-04:00 info memory: 1339MB total (Tab 814MB, GPU 326MB, Browser 131MB, Utility 69MB)
2026-08-29T05:01:05.295-04:00 info memory: 1340MB total (Tab 814MB, GPU 326MB, Browser 131MB, Utility 69MB)
2026-08-29T05:02:05.305-04:00 info memory: 1342MB total (Tab 816MB, GPU 326MB, Browser 131MB, Utility 69MB)
2026-08-29T05:02:40.635-04:00 info layout 1920x1080 in a 1920x1079 window, scaled to 0.999
2026-08-29T05:02:41.167-04:00 info layout 1920x1080 in a 1920x1080 window, 1:1
2026-08-29T05:03:05.307-04:00 info memory: 1372MB total (Tab 842MB, GPU 331MB, Browser 131MB, Utility 69MB)
2026-08-29T05:04:05.319-04:00 info memory: 1346MB total (Tab 819MB, GPU 326MB, Browser 131MB, Utility 69MB)
2026-08-29T05:05:05.331-04:00 info memory: 1348MB total (Tab 817MB, GPU 330MB, Browser 131MB, Utility 69MB)
2026-08-29T05:06:05.346-04:00 info memory: 1348MB total (Tab 818MB, GPU 331MB, Browser 131MB, Utility 69MB)
2026-08-29T05:07:05.354-04:00 info memory: 1343MB total (Tab 817MB, GPU 326MB, Browser 131MB, Utility 69MB)
2026-08-29T05:08:05.363-04:00 info memory: 1345MB total (Tab 815MB, GPU 330MB, Browser 131MB, Utility 69MB)
2026-08-29T05:09:05.368-04:00 info memory: 1345MB total (Tab 814MB, GPU 330MB, Browser 131MB, Utility 69MB)
2026-08-29T05:10:05.380-04:00 info memory: 1345MB total (Tab 815MB, GPU 330MB, Browser 131MB, Utility 69MB)
2026-08-29T05:11:05.392-04:00 info memory: 1339MB total (Tab 813MB, GPU 326MB, Browser 131MB, Utility 69MB)
2026-08-29T05:12:05.401-04:00 info memory: 1342MB total (Tab 811MB, GPU 330MB, Browser 131MB, Utility 69MB)
2026-08-29T05:13:05.408-04:00 info memory: 1338MB total (Tab 812MB, GPU 326MB, Browser 131MB, Utility 69MB)
2026-08-29T05:14:05.421-04:00 info memory: 1338MB total (Tab 812MB, GPU 326MB, Browser 131MB, Utility 69MB)
2026-08-29T05:15:05.428-04:00 info memory: 1337MB total (Tab 811MB, GPU 326MB, Browser 131MB, Utility 69MB)
2026-08-29T05:16:05.442-04:00 info memory: 1337MB total (Tab 812MB, GPU 326MB, Browser 131MB, Utility 69MB)
2026-08-29T05:17:05.448-04:00 info memory: 1337MB total (Tab 811MB, GPU 326MB, Browser 131MB, Utility 69MB)
2026-08-29T05:18:05.452-04:00 info memory: 1338MB total (Tab 812MB, GPU 326MB, Browser 131MB, Utility 69MB)
2026-08-29T05:19:05.455-04:00 info memory: 1338MB total (Tab 812MB, GPU 326MB, Browser 131MB, Utility 69MB)
2026-08-29T05:20:05.469-04:00 info memory: 1338MB total (Tab 812MB, GPU 326MB, Browser 131MB, Utility 69MB)
2026-08-29T05:21:05.483-04:00 info memory: 1338MB total (Tab 812MB, GPU 326MB, Browser 131MB, Utility 69MB)
2026-08-29T05:22:05.491-04:00 info memory: 1337MB total (Tab 811MB, GPU 326MB, Browser 131MB, Utility 69MB)
2026-08-29T05:23:05.503-04:00 info memory: 1338MB total (Tab 812MB, GPU 326MB, Browser 131MB, Utility 69MB)
2026-08-29T05:24:05.520-04:00 info memory: 1338MB total (Tab 812MB, GPU 326MB, Browser 131MB, Utility 69MB)
2026-08-29T05:25:05.521-04:00 info memory: 1338MB total (Tab 812MB, GPU 326MB, Browser 131MB, Utility 69MB)
2026-08-29T05:26:05.523-04:00 info memory: 1338MB total (Tab 812MB, GPU 326MB, Browser 131MB, Utility 69MB)
2026-08-29T05:27:05.529-04:00 info memory: 1338MB total (Tab 812MB, GPU 326MB, Browser 131MB, Utility 69MB)
2026-08-29T05:28:05.536-04:00 info memory: 1339MB total (Tab 813MB, GPU 326MB, Browser 131MB, Utility 69MB)
2026-08-29T05:29:05.545-04:00 info memory: 1338MB total (Tab 812MB, GPU 326MB, Browser 131MB, Utility 69MB)
2026-08-29T05:30:05.557-04:00 info memory: 1339MB total (Tab 813MB, GPU 326MB, Browser 131MB, Utility 69MB)
2026-08-29T05:31:05.561-04:00 info memory: 1338MB total (Tab 812MB, GPU 326MB, Browser 131MB, Utility 69MB)
2026-08-29T05:32:05.572-04:00 info memory: 1340MB total (Tab 814MB, GPU 326MB, Browser 131MB, Utility 69MB)
2026-08-29T05:32:40.661-04:00 info layout 1920x1080 in a 1920x1079 window, scaled to 0.999
2026-08-29T05:32:41.168-04:00 info layout 1920x1080 in a 1920x1080 window, 1:1
2026-08-29T05:33:05.579-04:00 info memory: 1353MB total (Tab 822MB, GPU 331MB, Browser 131MB, Utility 69MB)
2026-08-29T05:34:05.589-04:00 info memory: 1345MB total (Tab 818MB, GPU 327MB, Browser 131MB, Utility 69MB)
2026-08-29T05:35:05.600-04:00 info memory: 1344MB total (Tab 817MB, GPU 327MB, Browser 131MB, Utility 69MB)
2026-08-29T05:36:05.612-04:00 info memory: 1345MB total (Tab 818MB, GPU 327MB, Browser 131MB, Utility 69MB)
2026-08-29T05:37:05.618-04:00 info memory: 1349MB total (Tab 817MB, GPU 331MB, Browser 131MB, Utility 69MB)
2026-08-29T05:38:05.619-04:00 info memory: 1345MB total (Tab 815MB, GPU 331MB, Browser 131MB, Utility 69MB)
2026-08-29T05:39:05.627-04:00 info memory: 1340MB total (Tab 814MB, GPU 326MB, Browser 131MB, Utility 69MB)
2026-08-29T05:40:05.640-04:00 info memory: 1345MB total (Tab 814MB, GPU 331MB, Browser 131MB, Utility 69MB)
2026-08-29T05:41:05.649-04:00 info memory: 1341MB total (Tab 815MB, GPU 327MB, Browser 131MB, Utility 69MB)
2026-08-29T05:42:05.652-04:00 info memory: 1338MB total (Tab 812MB, GPU 327MB, Browser 131MB, Utility 69MB)
2026-08-29T05:43:05.654-04:00 info memory: 1339MB total (Tab 812MB, GPU 327MB, Browser 131MB, Utility 69MB)
2026-08-29T05:44:05.664-04:00 info memory: 1342MB total (Tab 812MB, GPU 330MB, Browser 131MB, Utility 69MB)
2026-08-29T05:45:05.676-04:00 info memory: 1338MB total (Tab 811MB, GPU 327MB, Browser 131MB, Utility 69MB)
2026-08-29T05:46:05.688-04:00 info memory: 1337MB total (Tab 810MB, GPU 326MB, Browser 131MB, Utility 69MB)
2026-08-29T05:47:05.696-04:00 info memory: 1336MB total (Tab 810MB, GPU 326MB, Browser 131MB, Utility 69MB)
2026-08-29T05:48:05.706-04:00 info memory: 1337MB total (Tab 811MB, GPU 326MB, Browser 131MB, Utility 69MB)
2026-08-29T05:49:05.716-04:00 info memory: 1337MB total (Tab 811MB, GPU 326MB, Browser 131MB, Utility 69MB)
2026-08-29T05:50:05.717-04:00 info memory: 1337MB total (Tab 811MB, GPU 326MB, Browser 131MB, Utility 69MB)
2026-08-29T05:51:05.728-04:00 info memory: 1338MB total (Tab 811MB, GPU 326MB, Browser 131MB, Utility 69MB)
2026-08-29T05:52:05.739-04:00 info memory: 1338MB total (Tab 811MB, GPU 326MB, Browser 131MB, Utility 69MB)
2026-08-29T05:53:05.741-04:00 info memory: 1338MB total (Tab 812MB, GPU 326MB, Browser 131MB, Utility 69MB)
2026-08-29T05:54:05.743-04:00 info memory: 1338MB total (Tab 811MB, GPU 326MB, Browser 131MB, Utility 69MB)
2026-08-29T05:55:05.750-04:00 info memory: 1336MB total (Tab 810MB, GPU 326MB, Browser 131MB, Utility 69MB)
2026-08-29T05:56:05.758-04:00 info memory: 1337MB total (Tab 811MB, GPU 326MB, Browser 131MB, Utility 69MB)
2026-08-29T05:57:05.767-04:00 info memory: 1337MB total (Tab 810MB, GPU 326MB, Browser 131MB, Utility 69MB)
2026-08-29T05:58:05.776-04:00 info memory: 1338MB total (Tab 811MB, GPU 326MB, Browser 131MB, Utility 69MB)
2026-08-29T05:59:05.792-04:00 info memory: 1338MB total (Tab 811MB, GPU 326MB, Browser 131MB, Utility 69MB)
2026-08-29T06:00:05.801-04:00 info memory: 1338MB total (Tab 811MB, GPU 326MB, Browser 131MB, Utility 69MB)
2026-08-29T06:01:05.812-04:00 info memory: 1337MB total (Tab 811MB, GPU 326MB, Browser 131MB, Utility 69MB)
2026-08-29T06:02:05.816-04:00 info memory: 1339MB total (Tab 813MB, GPU 326MB, Browser 131MB, Utility 69MB)
2026-08-29T06:02:40.662-04:00 info layout 1920x1080 in a 1920x1079 window, scaled to 0.999
2026-08-29T06:02:41.182-04:00 info layout 1920x1080 in a 1920x1080 window, 1:1
2026-08-29T06:03:05.827-04:00 info memory: 1352MB total (Tab 822MB, GPU 331MB, Browser 131MB, Utility 69MB)
2026-08-29T06:04:05.829-04:00 info memory: 1345MB total (Tab 818MB, GPU 327MB, Browser 131MB, Utility 69MB)
2026-08-29T06:05:05.832-04:00 info memory: 1345MB total (Tab 818MB, GPU 327MB, Browser 131MB, Utility 69MB)
2026-08-29T06:06:05.834-04:00 info memory: 1345MB total (Tab 818MB, GPU 327MB, Browser 131MB, Utility 69MB)
2026-08-29T06:07:05.839-04:00 info memory: 1344MB total (Tab 817MB, GPU 327MB, Browser 131MB, Utility 69MB)
2026-08-29T06:08:05.854-04:00 info memory: 1345MB total (Tab 814MB, GPU 331MB, Browser 131MB, Utility 69MB)
2026-08-29T06:09:05.854-04:00 info memory: 1344MB total (Tab 813MB, GPU 331MB, Browser 131MB, Utility 69MB)
2026-08-29T06:10:05.868-04:00 info memory: 1345MB total (Tab 814MB, GPU 331MB, Browser 131MB, Utility 69MB)
2026-08-29T06:11:05.880-04:00 info memory: 1345MB total (Tab 814MB, GPU 331MB, Browser 131MB, Utility 69MB)
2026-08-29T06:12:05.886-04:00 info memory: 1340MB total (Tab 814MB, GPU 326MB, Browser 131MB, Utility 69MB)
2026-08-29T06:13:05.893-04:00 info memory: 1338MB total (Tab 812MB, GPU 326MB, Browser 131MB, Utility 69MB)
2026-08-29T06:14:05.909-04:00 info memory: 1338MB total (Tab 812MB, GPU 326MB, Browser 131MB, Utility 69MB)
2026-08-29T06:15:05.913-04:00 info memory: 1338MB total (Tab 812MB, GPU 326MB, Browser 131MB, Utility 69MB)
2026-08-29T06:16:05.926-04:00 info memory: 1338MB total (Tab 812MB, GPU 326MB, Browser 131MB, Utility 69MB)
2026-08-29T06:17:05.941-04:00 info memory: 1338MB total (Tab 811MB, GPU 326MB, Browser 131MB, Utility 69MB)
2026-08-29T06:18:05.956-04:00 info memory: 1338MB total (Tab 812MB, GPU 326MB, Browser 131MB, Utility 69MB)
2026-08-29T06:19:05.957-04:00 info memory: 1338MB total (Tab 811MB, GPU 326MB, Browser 131MB, Utility 69MB)
2026-08-29T06:20:05.975-04:00 info memory: 1337MB total (Tab 811MB, GPU 326MB, Browser 131MB, Utility 69MB)
2026-08-29T06:21:05.992-04:00 info memory: 1337MB total (Tab 810MB, GPU 326MB, Browser 131MB, Utility 69MB)
2026-08-29T06:22:06.004-04:00 info memory: 1337MB total (Tab 810MB, GPU 326MB, Browser 131MB, Utility 69MB)
2026-08-29T06:23:06.018-04:00 info memory: 1336MB total (Tab 810MB, GPU 326MB, Browser 131MB, Utility 69MB)
2026-08-29T06:24:06.034-04:00 info memory: 1336MB total (Tab 810MB, GPU 326MB, Browser 131MB, Utility 69MB)
2026-08-29T06:25:06.048-04:00 info memory: 1337MB total (Tab 811MB, GPU 326MB, Browser 131MB, Utility 69MB)
2026-08-29T06:26:06.065-04:00 info memory: 1337MB total (Tab 811MB, GPU 326MB, Browser 131MB, Utility 69MB)
2026-08-29T06:27:06.079-04:00 info memory: 1337MB total (Tab 811MB, GPU 326MB, Browser 131MB, Utility 69MB)
2026-08-29T06:28:06.095-04:00 info memory: 1338MB total (Tab 812MB, GPU 326MB, Browser 131MB, Utility 69MB)
2026-08-29T06:29:06.112-04:00 info memory: 1338MB total (Tab 812MB, GPU 326MB, Browser 131MB, Utility 69MB)
2026-08-29T06:30:06.122-04:00 info memory: 1337MB total (Tab 811MB, GPU 326MB, Browser 131MB, Utility 69MB)
2026-08-29T06:31:06.125-04:00 info memory: 1338MB total (Tab 811MB, GPU 326MB, Browser 131MB, Utility 69MB)
2026-08-29T06:32:06.128-04:00 info memory: 1341MB total (Tab 814MB, GPU 327MB, Browser 131MB, Utility 69MB)
2026-08-29T06:32:40.667-04:00 info layout 1920x1080 in a 1920x1079 window, scaled to 0.999
2026-08-29T06:32:41.183-04:00 info layout 1920x1080 in a 1920x1080 window, 1:1
2026-08-29T06:33:06.131-04:00 info memory: 1355MB total (Tab 824MB, GPU 331MB, Browser 131MB, Utility 69MB)
2026-08-29T06:34:06.146-04:00 info memory: 1347MB total (Tab 820MB, GPU 327MB, Browser 131MB, Utility 69MB)
2026-08-29T06:35:06.153-04:00 info memory: 1341MB total (Tab 815MB, GPU 327MB, Browser 131MB, Utility 69MB)
2026-08-29T06:36:06.159-04:00 info memory: 1342MB total (Tab 815MB, GPU 326MB, Browser 131MB, Utility 69MB)
2026-08-29T06:37:06.170-04:00 info memory: 1342MB total (Tab 815MB, GPU 327MB, Browser 131MB, Utility 69MB)
2026-08-29T06:38:06.185-04:00 info memory: 1338MB total (Tab 811MB, GPU 327MB, Browser 131MB, Utility 69MB)
2026-08-29T06:39:06.189-04:00 info memory: 1338MB total (Tab 811MB, GPU 327MB, Browser 131MB, Utility 69MB)
2026-08-29T06:40:06.198-04:00 info memory: 1342MB total (Tab 811MB, GPU 331MB, Browser 131MB, Utility 69MB)
2026-08-29T06:41:06.215-04:00 info memory: 1343MB total (Tab 812MB, GPU 331MB, Browser 131MB, Utility 69MB)
2026-08-29T06:42:06.228-04:00 info memory: 1342MB total (Tab 811MB, GPU 331MB, Browser 131MB, Utility 69MB)
2026-08-29T06:43:06.239-04:00 info memory: 1347MB total (Tab 812MB, GPU 335MB, Browser 131MB, Utility 69MB)
2026-08-29T06:44:06.250-04:00 info memory: 1342MB total (Tab 812MB, GPU 331MB, Browser 131MB, Utility 69MB)
2026-08-29T06:45:06.264-04:00 info memory: 1342MB total (Tab 812MB, GPU 331MB, Browser 131MB, Utility 69MB)
2026-08-29T06:46:06.278-04:00 info memory: 1343MB total (Tab 812MB, GPU 330MB, Browser 131MB, Utility 69MB)
2026-08-29T06:47:06.281-04:00 info memory: 1338MB total (Tab 812MB, GPU 326MB, Browser 131MB, Utility 69MB)
2026-08-29T06:48:06.293-04:00 info memory: 1343MB total (Tab 812MB, GPU 331MB, Browser 131MB, Utility 69MB)
2026-08-29T06:49:06.297-04:00 info memory: 1343MB total (Tab 812MB, GPU 331MB, Browser 131MB, Utility 69MB)
2026-08-29T06:50:06.313-04:00 info memory: 1343MB total (Tab 812MB, GPU 331MB, Browser 131MB, Utility 69MB)
2026-08-29T06:51:06.329-04:00 info memory: 1339MB total (Tab 813MB, GPU 327MB, Browser 131MB, Utility 69MB)
2026-08-29T06:52:06.343-04:00 info memory: 1337MB total (Tab 811MB, GPU 326MB, Browser 131MB, Utility 69MB)
2026-08-29T06:53:06.351-04:00 info memory: 1338MB total (Tab 812MB, GPU 326MB, Browser 131MB, Utility 69MB)
2026-08-29T06:54:06.365-04:00 info memory: 1338MB total (Tab 812MB, GPU 326MB, Browser 131MB, Utility 69MB)
2026-08-29T06:55:06.381-04:00 info memory: 1338MB total (Tab 812MB, GPU 326MB, Browser 131MB, Utility 69MB)
2026-08-29T06:56:06.391-04:00 info memory: 1339MB total (Tab 813MB, GPU 326MB, Browser 131MB, Utility 69MB)
2026-08-29T06:57:06.402-04:00 info memory: 1339MB total (Tab 812MB, GPU 326MB, Browser 131MB, Utility 69MB)
2026-08-29T06:58:06.403-04:00 info memory: 1339MB total (Tab 813MB, GPU 326MB, Browser 131MB, Utility 69MB)
2026-08-29T06:59:06.421-04:00 info memory: 1339MB total (Tab 813MB, GPU 326MB, Browser 131MB, Utility 69MB)
2026-08-29T07:00:06.435-04:00 info memory: 1339MB total (Tab 812MB, GPU 326MB, Browser 131MB, Utility 69MB)
2026-08-29T07:01:06.450-04:00 info memory: 1340MB total (Tab 813MB, GPU 326MB, Browser 131MB, Utility 69MB)
2026-08-29T07:02:06.466-04:00 info memory: 1346MB total (Tab 815MB, GPU 331MB, Browser 131MB, Utility 69MB)
2026-08-29T07:02:40.689-04:00 info layout 1920x1080 in a 1920x1079 window, scaled to 0.999
2026-08-29T07:02:41.201-04:00 info layout 1920x1080 in a 1920x1080 window, 1:1
2026-08-29T07:03:06.469-04:00 info memory: 1352MB total (Tab 821MB, GPU 331MB, Browser 131MB, Utility 69MB)
2026-08-29T07:04:06.482-04:00 info memory: 1351MB total (Tab 819MB, GPU 331MB, Browser 131MB, Utility 69MB)
2026-08-29T07:05:06.498-04:00 info memory: 1346MB total (Tab 819MB, GPU 327MB, Browser 131MB, Utility 69MB)
2026-08-29T07:06:06.511-04:00 info memory: 1346MB total (Tab 820MB, GPU 327MB, Browser 131MB, Utility 69MB)
2026-08-29T07:07:06.518-04:00 info memory: 1346MB total (Tab 819MB, GPU 327MB, Browser 131MB, Utility 69MB)
2026-08-29T07:08:06.522-04:00 info memory: 1342MB total (Tab 816MB, GPU 327MB, Browser 131MB, Utility 69MB)
2026-08-29T07:09:06.530-04:00 info memory: 1342MB total (Tab 815MB, GPU 327MB, Browser 131MB, Utility 69MB)
2026-08-29T07:10:06.536-04:00 info memory: 1342MB total (Tab 815MB, GPU 327MB, Browser 131MB, Utility 69MB)
2026-08-29T07:11:06.545-04:00 info memory: 1342MB total (Tab 816MB, GPU 327MB, Browser 131MB, Utility 69MB)
2026-08-29T07:12:06.553-04:00 info memory: 1342MB total (Tab 815MB, GPU 327MB, Browser 131MB, Utility 69MB)
2026-08-29T07:13:06.556-04:00 info memory: 1342MB total (Tab 815MB, GPU 327MB, Browser 131MB, Utility 69MB)
2026-08-29T07:14:06.573-04:00 info memory: 1339MB total (Tab 812MB, GPU 327MB, Browser 131MB, Utility 69MB)
2026-08-29T07:15:06.584-04:00 info memory: 1339MB total (Tab 813MB, GPU 327MB, Browser 131MB, Utility 69MB)
2026-08-29T07:16:06.600-04:00 info memory: 1340MB total (Tab 813MB, GPU 327MB, Browser 131MB, Utility 69MB)
2026-08-29T07:17:06.607-04:00 info memory: 1339MB total (Tab 813MB, GPU 327MB, Browser 131MB, Utility 69MB)
2026-08-29T07:18:06.616-04:00 info memory: 1340MB total (Tab 813MB, GPU 326MB, Browser 131MB, Utility 69MB)
2026-08-29T07:19:06.628-04:00 info memory: 1340MB total (Tab 813MB, GPU 327MB, Browser 131MB, Utility 69MB)
2026-08-29T07:20:06.631-04:00 info memory: 1339MB total (Tab 813MB, GPU 327MB, Browser 131MB, Utility 69MB)
2026-08-29T07:21:06.634-04:00 info memory: 1340MB total (Tab 813MB, GPU 327MB, Browser 131MB, Utility 69MB)
2026-08-29T07:22:06.639-04:00 info memory: 1340MB total (Tab 813MB, GPU 327MB, Browser 131MB, Utility 69MB)
2026-08-29T07:23:06.643-04:00 info memory: 1340MB total (Tab 813MB, GPU 327MB, Browser 131MB, Utility 69MB)
2026-08-29T07:24:06.658-04:00 info memory: 1340MB total (Tab 813MB, GPU 327MB, Browser 131MB, Utility 69MB)
2026-08-29T07:25:06.664-04:00 info memory: 1340MB total (Tab 813MB, GPU 327MB, Browser 131MB, Utility 69MB)
2026-08-29T07:26:06.673-04:00 info memory: 1340MB total (Tab 813MB, GPU 327MB, Browser 131MB, Utility 69MB)
2026-08-29T07:27:06.677-04:00 info memory: 1339MB total (Tab 812MB, GPU 326MB, Browser 131MB, Utility 69MB)
2026-08-29T07:28:06.686-04:00 info memory: 1339MB total (Tab 813MB, GPU 327MB, Browser 131MB, Utility 69MB)
2026-08-29T07:29:06.702-04:00 info memory: 1339MB total (Tab 812MB, GPU 327MB, Browser 131MB, Utility 69MB)
2026-08-29T07:30:06.718-04:00 info memory: 1338MB total (Tab 812MB, GPU 327MB, Browser 131MB, Utility 69MB)
2026-08-29T07:31:06.731-04:00 info memory: 1338MB total (Tab 811MB, GPU 327MB, Browser 131MB, Utility 69MB)
2026-08-29T07:32:06.738-04:00 info memory: 1342MB total (Tab 816MB, GPU 327MB, Browser 131MB, Utility 69MB)
2026-08-29T07:32:40.688-04:00 info layout 1920x1080 in a 1920x1079 window, scaled to 0.999
2026-08-29T07:32:41.201-04:00 info layout 1920x1080 in a 1920x1080 window, 1:1
2026-08-29T07:33:06.742-04:00 info memory: 1351MB total (Tab 820MB, GPU 331MB, Browser 131MB, Utility 69MB)
2026-08-29T07:34:06.756-04:00 info memory: 1345MB total (Tab 818MB, GPU 327MB, Browser 131MB, Utility 69MB)
2026-08-29T07:35:06.761-04:00 info memory: 1345MB total (Tab 818MB, GPU 326MB, Browser 131MB, Utility 69MB)
2026-08-29T07:36:06.773-04:00 info memory: 1349MB total (Tab 819MB, GPU 330MB, Browser 131MB, Utility 69MB)
2026-08-29T07:37:06.784-04:00 info memory: 1345MB total (Tab 818MB, GPU 327MB, Browser 131MB, Utility 69MB)
2026-08-29T07:38:06.801-04:00 info memory: 1341MB total (Tab 815MB, GPU 326MB, Browser 131MB, Utility 69MB)
2026-08-29T07:39:06.815-04:00 info memory: 1341MB total (Tab 815MB, GPU 326MB, Browser 131MB, Utility 69MB)
2026-08-29T07:40:06.827-04:00 info memory: 1341MB total (Tab 815MB, GPU 326MB, Browser 131MB, Utility 69MB)
2026-08-29T07:41:06.836-04:00 info memory: 1342MB total (Tab 816MB, GPU 326MB, Browser 131MB, Utility 69MB)
2026-08-29T07:42:06.844-04:00 info memory: 1341MB total (Tab 815MB, GPU 326MB, Browser 131MB, Utility 69MB)
2026-08-29T07:43:06.857-04:00 info memory: 1340MB total (Tab 814MB, GPU 326MB, Browser 131MB, Utility 69MB)
2026-08-29T07:44:06.869-04:00 info memory: 1340MB total (Tab 814MB, GPU 326MB, Browser 131MB, Utility 69MB)
2026-08-29T07:45:06.879-04:00 info memory: 1340MB total (Tab 814MB, GPU 326MB, Browser 131MB, Utility 69MB)
2026-08-29T07:46:06.883-04:00 info memory: 1339MB total (Tab 812MB, GPU 326MB, Browser 131MB, Utility 69MB)
2026-08-29T07:47:06.884-04:00 info memory: 1339MB total (Tab 812MB, GPU 326MB, Browser 131MB, Utility 69MB)
2026-08-29T07:48:06.892-04:00 info memory: 1340MB total (Tab 813MB, GPU 326MB, Browser 131MB, Utility 69MB)
2026-08-29T07:49:06.900-04:00 info memory: 1339MB total (Tab 813MB, GPU 326MB, Browser 131MB, Utility 69MB)
2026-08-29T07:50:06.903-04:00 info memory: 1340MB total (Tab 813MB, GPU 326MB, Browser 132MB, Utility 69MB)
2026-08-29T07:51:06.911-04:00 info memory: 1340MB total (Tab 813MB, GPU 326MB, Browser 132MB, Utility 69MB)
2026-08-29T07:52:06.922-04:00 info memory: 1340MB total (Tab 813MB, GPU 326MB, Browser 132MB, Utility 69MB)
2026-08-29T07:53:06.931-04:00 info memory: 1341MB total (Tab 814MB, GPU 326MB, Browser 132MB, Utility 69MB)
2026-08-29T07:54:06.940-04:00 info memory: 1340MB total (Tab 813MB, GPU 326MB, Browser 132MB, Utility 69MB)
2026-08-29T07:55:06.945-04:00 info memory: 1341MB total (Tab 814MB, GPU 326MB, Browser 132MB, Utility 69MB)
2026-08-29T07:56:06.948-04:00 info memory: 1341MB total (Tab 814MB, GPU 326MB, Browser 132MB, Utility 69MB)
2026-08-29T07:57:06.952-04:00 info memory: 1341MB total (Tab 814MB, GPU 326MB, Browser 132MB, Utility 69MB)
2026-08-29T07:58:06.955-04:00 info memory: 1342MB total (Tab 814MB, GPU 326MB, Browser 132MB, Utility 69MB)
2026-08-29T07:59:06.958-04:00 info memory: 1341MB total (Tab 814MB, GPU 326MB, Browser 132MB, Utility 69MB)
2026-08-29T08:00:06.965-04:00 info memory: 1341MB total (Tab 814MB, GPU 326MB, Browser 132MB, Utility 69MB)
2026-08-29T08:01:06.976-04:00 info memory: 1341MB total (Tab 814MB, GPU 326MB, Browser 132MB, Utility 69MB)
2026-08-29T08:02:06.987-04:00 info memory: 1343MB total (Tab 816MB, GPU 326MB, Browser 132MB, Utility 69MB)
2026-08-29T08:02:40.702-04:00 info layout 1920x1080 in a 1920x1079 window, scaled to 0.999
2026-08-29T08:02:41.204-04:00 info layout 1920x1080 in a 1920x1080 window, 1:1
2026-08-29T08:03:06.991-04:00 info memory: 1353MB total (Tab 821MB, GPU 331MB, Browser 132MB, Utility 69MB)
2026-08-29T08:04:06.994-04:00 info memory: 1350MB total (Tab 818MB, GPU 331MB, Browser 132MB, Utility 69MB)
2026-08-29T08:05:07.004-04:00 info memory: 1344MB total (Tab 817MB, GPU 326MB, Browser 132MB, Utility 69MB)
2026-08-29T08:06:07.009-04:00 info memory: 1345MB total (Tab 817MB, GPU 326MB, Browser 132MB, Utility 69MB)
2026-08-29T08:07:07.021-04:00 info memory: 1342MB total (Tab 814MB, GPU 326MB, Browser 132MB, Utility 69MB)
2026-08-29T08:08:07.028-04:00 info memory: 1340MB total (Tab 812MB, GPU 326MB, Browser 132MB, Utility 69MB)
2026-08-29T08:09:07.036-04:00 info memory: 1339MB total (Tab 812MB, GPU 326MB, Browser 132MB, Utility 69MB)
2026-08-29T08:10:07.046-04:00 info memory: 1340MB total (Tab 812MB, GPU 326MB, Browser 132MB, Utility 69MB)
2026-08-29T08:11:07.047-04:00 info memory: 1339MB total (Tab 812MB, GPU 326MB, Browser 132MB, Utility 69MB)
2026-08-29T08:12:07.056-04:00 info memory: 1338MB total (Tab 811MB, GPU 326MB, Browser 132MB, Utility 69MB)
2026-08-29T08:13:07.060-04:00 info memory: 1339MB total (Tab 812MB, GPU 326MB, Browser 132MB, Utility 69MB)
2026-08-29T08:14:07.062-04:00 info memory: 1339MB total (Tab 812MB, GPU 326MB, Browser 132MB, Utility 69MB)
2026-08-29T08:15:07.074-04:00 info memory: 1339MB total (Tab 812MB, GPU 326MB, Browser 132MB, Utility 69MB)
2026-08-29T08:16:07.077-04:00 info memory: 1339MB total (Tab 812MB, GPU 326MB, Browser 132MB, Utility 69MB)
2026-08-29T08:17:07.085-04:00 info memory: 1339MB total (Tab 812MB, GPU 326MB, Browser 132MB, Utility 69MB)
2026-08-29T08:18:07.086-04:00 info memory: 1339MB total (Tab 812MB, GPU 326MB, Browser 132MB, Utility 69MB)
2026-08-29T08:19:07.098-04:00 info memory: 1339MB total (Tab 812MB, GPU 326MB, Browser 132MB, Utility 69MB)
2026-08-29T08:20:07.109-04:00 info memory: 1339MB total (Tab 812MB, GPU 326MB, Browser 132MB, Utility 69MB)
2026-08-29T08:21:07.112-04:00 info memory: 1339MB total (Tab 812MB, GPU 326MB, Browser 132MB, Utility 69MB)
2026-08-29T08:22:07.116-04:00 info memory: 1338MB total (Tab 811MB, GPU 326MB, Browser 132MB, Utility 69MB)
2026-08-29T08:23:07.121-04:00 info memory: 1339MB total (Tab 812MB, GPU 326MB, Browser 132MB, Utility 69MB)
2026-08-29T08:24:07.125-04:00 info memory: 1338MB total (Tab 810MB, GPU 326MB, Browser 132MB, Utility 69MB)
2026-08-29T08:25:07.136-04:00 info memory: 1338MB total (Tab 811MB, GPU 326MB, Browser 132MB, Utility 69MB)
2026-08-29T08:26:07.146-04:00 info memory: 1338MB total (Tab 811MB, GPU 326MB, Browser 132MB, Utility 69MB)
2026-08-29T08:27:07.155-04:00 info memory: 1338MB total (Tab 811MB, GPU 326MB, Browser 132MB, Utility 69MB)
2026-08-29T08:28:07.166-04:00 info memory: 1339MB total (Tab 812MB, GPU 326MB, Browser 132MB, Utility 69MB)
2026-08-29T08:29:07.173-04:00 info memory: 1338MB total (Tab 811MB, GPU 326MB, Browser 132MB, Utility 69MB)
2026-08-29T08:30:07.174-04:00 info memory: 1339MB total (Tab 812MB, GPU 326MB, Browser 132MB, Utility 69MB)
2026-08-29T08:31:07.190-04:00 info memory: 1338MB total (Tab 811MB, GPU 326MB, Browser 132MB, Utility 69MB)
2026-08-29T08:32:07.193-04:00 info memory: 1340MB total (Tab 813MB, GPU 326MB, Browser 132MB, Utility 69MB)
2026-08-29T08:32:40.704-04:00 info layout 1920x1080 in a 1920x1079 window, scaled to 0.999
2026-08-29T08:32:41.237-04:00 info layout 1920x1080 in a 1920x1080 window, 1:1
2026-08-29T08:33:07.201-04:00 info memory: 1348MB total (Tab 821MB, GPU 327MB, Browser 131MB, Utility 69MB)
2026-08-29T08:34:07.208-04:00 info memory: 1345MB total (Tab 817MB, GPU 327MB, Browser 131MB, Utility 69MB)
2026-08-29T08:35:07.214-04:00 info memory: 1345MB total (Tab 817MB, GPU 327MB, Browser 131MB, Utility 69MB)
2026-08-29T08:36:07.220-04:00 info memory: 1345MB total (Tab 818MB, GPU 327MB, Browser 131MB, Utility 69MB)
2026-08-29T08:37:07.232-04:00 info memory: 1347MB total (Tab 815MB, GPU 332MB, Browser 131MB, Utility 69MB)
2026-08-29T08:38:07.239-04:00 info memory: 1343MB total (Tab 812MB, GPU 331MB, Browser 131MB, Utility 69MB)
2026-08-29T08:39:07.244-04:00 info memory: 1339MB total (Tab 811MB, GPU 327MB, Browser 131MB, Utility 69MB)
2026-08-29T08:40:07.252-04:00 info memory: 1339MB total (Tab 812MB, GPU 327MB, Browser 131MB, Utility 69MB)
2026-08-29T08:41:07.262-04:00 info memory: 1340MB total (Tab 812MB, GPU 327MB, Browser 131MB, Utility 69MB)
2026-08-29T08:42:07.274-04:00 info memory: 1339MB total (Tab 812MB, GPU 327MB, Browser 131MB, Utility 69MB)
2026-08-29T08:43:07.276-04:00 info memory: 1344MB total (Tab 812MB, GPU 331MB, Browser 131MB, Utility 69MB)
2026-08-29T08:44:07.284-04:00 info memory: 1339MB total (Tab 812MB, GPU 327MB, Browser 131MB, Utility 69MB)
2026-08-29T08:45:07.298-04:00 info memory: 1339MB total (Tab 812MB, GPU 327MB, Browser 131MB, Utility 69MB)
2026-08-29T08:46:07.301-04:00 info memory: 1340MB total (Tab 813MB, GPU 327MB, Browser 131MB, Utility 69MB)
2026-08-29T08:47:07.305-04:00 info memory: 1339MB total (Tab 812MB, GPU 327MB, Browser 131MB, Utility 69MB)
2026-08-29T08:48:07.319-04:00 info memory: 1339MB total (Tab 812MB, GPU 327MB, Browser 131MB, Utility 69MB)
2026-08-29T08:49:07.326-04:00 info memory: 1343MB total (Tab 812MB, GPU 331MB, Browser 131MB, Utility 69MB)
2026-08-29T08:50:07.339-04:00 info memory: 1339MB total (Tab 812MB, GPU 327MB, Browser 131MB, Utility 69MB)
2026-08-29T08:51:07.351-04:00 info memory: 1340MB total (Tab 813MB, GPU 327MB, Browser 131MB, Utility 69MB)
2026-08-29T08:52:07.362-04:00 info memory: 1339MB total (Tab 812MB, GPU 327MB, Browser 131MB, Utility 69MB)
2026-08-29T08:53:07.367-04:00 info memory: 1340MB total (Tab 812MB, GPU 327MB, Browser 131MB, Utility 69MB)
2026-08-29T08:54:07.369-04:00 info memory: 1340MB total (Tab 812MB, GPU 327MB, Browser 131MB, Utility 69MB)
2026-08-29T08:55:07.385-04:00 info memory: 1338MB total (Tab 812MB, GPU 327MB, Browser 131MB, Utility 69MB)
2026-08-29T08:56:07.400-04:00 info memory: 1339MB total (Tab 812MB, GPU 327MB, Browser 131MB, Utility 69MB)
2026-08-29T08:57:07.411-04:00 info memory: 1339MB total (Tab 812MB, GPU 327MB, Browser 131MB, Utility 69MB)
2026-08-29T08:58:07.414-04:00 info memory: 1339MB total (Tab 812MB, GPU 327MB, Browser 131MB, Utility 69MB)
2026-08-29T08:59:07.420-04:00 info memory: 1339MB total (Tab 812MB, GPU 327MB, Browser 131MB, Utility 69MB)
2026-08-29T09:00:07.423-04:00 info memory: 1339MB total (Tab 813MB, GPU 327MB, Browser 131MB, Utility 69MB)
2026-08-29T09:01:07.425-04:00 info memory: 1344MB total (Tab 813MB, GPU 331MB, Browser 131MB, Utility 69MB)
2026-08-29T09:02:07.428-04:00 info memory: 1342MB total (Tab 815MB, GPU 327MB, Browser 131MB, Utility 69MB)
2026-08-29T09:02:40.736-04:00 info layout 1920x1080 in a 1920x1079 window, scaled to 0.999
2026-08-29T09:02:41.234-04:00 info layout 1920x1080 in a 1920x1080 window, 1:1
2026-08-29T09:03:07.432-04:00 info memory: 1356MB total (Tab 824MB, GPU 332MB, Browser 131MB, Utility 69MB)
2026-08-29T09:04:07.446-04:00 info memory: 1348MB total (Tab 820MB, GPU 328MB, Browser 131MB, Utility 69MB)
2026-08-29T09:05:07.457-04:00 info memory: 1348MB total (Tab 820MB, GPU 328MB, Browser 131MB, Utility 69MB)
2026-08-29T09:06:07.468-04:00 info memory: 1347MB total (Tab 819MB, GPU 327MB, Browser 131MB, Utility 69MB)
2026-08-29T09:07:07.478-04:00 info memory: 1343MB total (Tab 816MB, GPU 327MB, Browser 131MB, Utility 69MB)
2026-08-29T09:08:07.494-04:00 info memory: 1341MB total (Tab 813MB, GPU 327MB, Browser 131MB, Utility 69MB)
2026-08-29T09:09:07.509-04:00 info memory: 1341MB total (Tab 813MB, GPU 327MB, Browser 131MB, Utility 69MB)
2026-08-29T09:10:07.517-04:00 info memory: 1341MB total (Tab 814MB, GPU 327MB, Browser 131MB, Utility 69MB)
2026-08-29T09:11:07.527-04:00 info memory: 1342MB total (Tab 814MB, GPU 328MB, Browser 131MB, Utility 69MB)
2026-08-29T09:12:07.539-04:00 info memory: 1342MB total (Tab 814MB, GPU 328MB, Browser 131MB, Utility 69MB)
2026-08-29T09:13:07.553-04:00 info memory: 1342MB total (Tab 814MB, GPU 328MB, Browser 131MB, Utility 69MB)
2026-08-29T09:14:07.558-04:00 info memory: 1342MB total (Tab 813MB, GPU 328MB, Browser 131MB, Utility 69MB)
2026-08-29T09:15:07.562-04:00 info memory: 1341MB total (Tab 813MB, GPU 327MB, Browser 131MB, Utility 69MB)
2026-08-29T09:16:07.574-04:00 info memory: 1341MB total (Tab 813MB, GPU 327MB, Browser 132MB, Utility 69MB)
2026-08-29T09:17:07.590-04:00 info memory: 1340MB total (Tab 813MB, GPU 327MB, Browser 131MB, Utility 69MB)
2026-08-29T09:18:07.593-04:00 info memory: 1340MB total (Tab 813MB, GPU 327MB, Browser 131MB, Utility 69MB)
2026-08-29T09:19:07.607-04:00 info memory: 1340MB total (Tab 813MB, GPU 327MB, Browser 131MB, Utility 69MB)
2026-08-29T09:20:07.611-04:00 info memory: 1340MB total (Tab 814MB, GPU 327MB, Browser 131MB, Utility 69MB)
2026-08-29T09:21:07.625-04:00 info memory: 1340MB total (Tab 813MB, GPU 327MB, Browser 131MB, Utility 69MB)
2026-08-29T09:22:07.626-04:00 info memory: 1340MB total (Tab 813MB, GPU 327MB, Browser 131MB, Utility 69MB)
2026-08-29T09:23:07.634-04:00 info memory: 1341MB total (Tab 814MB, GPU 327MB, Browser 131MB, Utility 69MB)
2026-08-29T09:24:07.636-04:00 info memory: 1339MB total (Tab 812MB, GPU 327MB, Browser 131MB, Utility 69MB)
2026-08-29T09:25:07.644-04:00 info memory: 1340MB total (Tab 813MB, GPU 327MB, Browser 131MB, Utility 69MB)
2026-08-29T09:26:07.653-04:00 info memory: 1340MB total (Tab 813MB, GPU 327MB, Browser 131MB, Utility 69MB)
2026-08-29T09:27:07.669-04:00 info memory: 1341MB total (Tab 814MB, GPU 327MB, Browser 131MB, Utility 69MB)
2026-08-29T09:28:07.678-04:00 info memory: 1341MB total (Tab 814MB, GPU 327MB, Browser 131MB, Utility 69MB)
2026-08-29T09:29:07.691-04:00 info memory: 1341MB total (Tab 814MB, GPU 327MB, Browser 131MB, Utility 69MB)
2026-08-29T09:30:07.702-04:00 info memory: 1341MB total (Tab 814MB, GPU 327MB, Browser 131MB, Utility 69MB)
2026-08-29T09:31:07.704-04:00 info memory: 1341MB total (Tab 814MB, GPU 327MB, Browser 131MB, Utility 69MB)
2026-08-29T09:32:07.710-04:00 info memory: 1344MB total (Tab 816MB, GPU 327MB, Browser 131MB, Utility 69MB)
2026-08-29T09:32:40.740-04:00 info layout 1920x1080 in a 1920x1079 window, scaled to 0.999
2026-08-29T09:32:41.252-04:00 info layout 1920x1080 in a 1920x1080 window, 1:1
2026-08-29T09:33:07.721-04:00 info memory: 1356MB total (Tab 824MB, GPU 332MB, Browser 131MB, Utility 69MB)
2026-08-29T09:34:07.729-04:00 info memory: 1348MB total (Tab 820MB, GPU 328MB, Browser 131MB, Utility 69MB)
2026-08-29T09:35:07.730-04:00 info memory: 1348MB total (Tab 820MB, GPU 327MB, Browser 131MB, Utility 69MB)
2026-08-29T09:36:07.748-04:00 info memory: 1348MB total (Tab 821MB, GPU 327MB, Browser 131MB, Utility 69MB)
2026-08-29T09:37:07.760-04:00 info memory: 1348MB total (Tab 820MB, GPU 327MB, Browser 131MB, Utility 69MB)
2026-08-29T09:38:07.764-04:00 info memory: 1343MB total (Tab 816MB, GPU 327MB, Browser 132MB, Utility 69MB)
2026-08-29T09:39:07.771-04:00 info memory: 1342MB total (Tab 815MB, GPU 327MB, Browser 131MB, Utility 69MB)
2026-08-29T09:40:07.783-04:00 info memory: 1343MB total (Tab 816MB, GPU 327MB, Browser 131MB, Utility 69MB)
2026-08-29T09:41:07.788-04:00 info memory: 1341MB total (Tab 814MB, GPU 327MB, Browser 131MB, Utility 69MB)
2026-08-29T09:42:07.797-04:00 info memory: 1342MB total (Tab 815MB, GPU 327MB, Browser 131MB, Utility 69MB)
2026-08-29T09:43:07.809-04:00 info memory: 1342MB total (Tab 815MB, GPU 327MB, Browser 131MB, Utility 69MB)
2026-08-29T09:44:07.816-04:00 info memory: 1342MB total (Tab 815MB, GPU 327MB, Browser 131MB, Utility 69MB)
2026-08-29T09:45:07.832-04:00 info memory: 1343MB total (Tab 816MB, GPU 327MB, Browser 131MB, Utility 69MB)
2026-08-29T09:46:07.835-04:00 info memory: 1343MB total (Tab 815MB, GPU 327MB, Browser 131MB, Utility 69MB)
2026-08-29T09:47:07.845-04:00 info memory: 1343MB total (Tab 816MB, GPU 327MB, Browser 131MB, Utility 69MB)
2026-08-29T09:48:07.850-04:00 info memory: 1343MB total (Tab 815MB, GPU 327MB, Browser 131MB, Utility 69MB)
2026-08-29T09:49:07.852-04:00 info memory: 1342MB total (Tab 815MB, GPU 327MB, Browser 131MB, Utility 69MB)
2026-08-29T09:50:07.857-04:00 info memory: 1343MB total (Tab 816MB, GPU 327MB, Browser 131MB, Utility 69MB)
2026-08-29T09:51:07.863-04:00 info memory: 1343MB total (Tab 816MB, GPU 327MB, Browser 131MB, Utility 69MB)
2026-08-29T09:52:07.870-04:00 info memory: 1343MB total (Tab 816MB, GPU 327MB, Browser 131MB, Utility 69MB)
2026-08-29T09:53:07.880-04:00 info memory: 1344MB total (Tab 816MB, GPU 327MB, Browser 131MB, Utility 69MB)
2026-08-29T09:54:07.897-04:00 info memory: 1343MB total (Tab 816MB, GPU 327MB, Browser 131MB, Utility 69MB)
2026-08-29T09:55:07.912-04:00 info memory: 1344MB total (Tab 816MB, GPU 327MB, Browser 131MB, Utility 69MB)
2026-08-29T09:56:07.914-04:00 info memory: 1343MB total (Tab 816MB, GPU 327MB, Browser 132MB, Utility 69MB)
2026-08-29T09:57:07.930-04:00 info memory: 1344MB total (Tab 816MB, GPU 327MB, Browser 132MB, Utility 69MB)
2026-08-29T09:58:07.944-04:00 info memory: 1343MB total (Tab 816MB, GPU 327MB, Browser 132MB, Utility 69MB)
2026-08-29T09:59:07.954-04:00 info memory: 1343MB total (Tab 815MB, GPU 327MB, Browser 132MB, Utility 69MB)
2026-08-29T10:00:07.959-04:00 info memory: 1344MB total (Tab 816MB, GPU 327MB, Browser 132MB, Utility 69MB)
2026-08-29T10:01:07.969-04:00 info memory: 1343MB total (Tab 816MB, GPU 327MB, Browser 132MB, Utility 69MB)
2026-08-29T10:02:07.973-04:00 info memory: 1344MB total (Tab 817MB, GPU 327MB, Browser 131MB, Utility 69MB)
2026-08-29T10:02:40.744-04:00 info layout 1920x1080 in a 1920x1079 window, scaled to 0.999
2026-08-29T10:02:41.278-04:00 info layout 1920x1080 in a 1920x1080 window, 1:1
2026-08-29T10:03:07.977-04:00 info memory: 1356MB total (Tab 829MB, GPU 327MB, Browser 131MB, Utility 69MB)
2026-08-29T10:04:07.986-04:00 info memory: 1351MB total (Tab 823MB, GPU 328MB, Browser 131MB, Utility 69MB)
2026-08-29T10:05:07.997-04:00 info memory: 1353MB total (Tab 821MB, GPU 332MB, Browser 131MB, Utility 69MB)
2026-08-29T10:06:07.997-04:00 info memory: 1349MB total (Tab 821MB, GPU 328MB, Browser 131MB, Utility 69MB)
2026-08-29T10:07:08.008-04:00 info memory: 1348MB total (Tab 820MB, GPU 328MB, Browser 131MB, Utility 69MB)
2026-08-29T10:08:08.012-04:00 info memory: 1345MB total (Tab 817MB, GPU 327MB, Browser 131MB, Utility 69MB)
2026-08-29T10:09:08.014-04:00 info memory: 1344MB total (Tab 817MB, GPU 327MB, Browser 131MB, Utility 69MB)
2026-08-29T10:10:08.019-04:00 info memory: 1344MB total (Tab 817MB, GPU 327MB, Browser 131MB, Utility 69MB)
2026-08-29T10:11:08.023-04:00 info memory: 1344MB total (Tab 817MB, GPU 327MB, Browser 131MB, Utility 69MB)
2026-08-29T10:12:08.025-04:00 info memory: 1342MB total (Tab 814MB, GPU 327MB, Browser 131MB, Utility 69MB)
2026-08-29T10:13:08.035-04:00 info memory: 1342MB total (Tab 815MB, GPU 327MB, Browser 131MB, Utility 69MB)
2026-08-29T10:14:08.042-04:00 info memory: 1346MB total (Tab 815MB, GPU 331MB, Browser 131MB, Utility 69MB)
2026-08-29T10:15:08.044-04:00 info memory: 1343MB total (Tab 816MB, GPU 327MB, Browser 131MB, Utility 69MB)
2026-08-29T10:16:08.052-04:00 info memory: 1342MB total (Tab 814MB, GPU 327MB, Browser 131MB, Utility 69MB)
2026-08-29T10:17:08.052-04:00 info memory: 1346MB total (Tab 815MB, GPU 331MB, Browser 131MB, Utility 69MB)
2026-08-29T10:18:08.061-04:00 info memory: 1343MB total (Tab 815MB, GPU 327MB, Browser 131MB, Utility 69MB)
2026-08-29T10:19:08.062-04:00 info memory: 1342MB total (Tab 814MB, GPU 327MB, Browser 131MB, Utility 69MB)
2026-08-29T10:20:08.067-04:00 info memory: 1342MB total (Tab 815MB, GPU 327MB, Browser 132MB, Utility 69MB)
2026-08-29T10:21:08.070-04:00 info memory: 1342MB total (Tab 815MB, GPU 327MB, Browser 132MB, Utility 69MB)
2026-08-29T10:22:08.081-04:00 info memory: 1342MB total (Tab 815MB, GPU 327MB, Browser 132MB, Utility 69MB)
2026-08-29T10:23:08.084-04:00 info memory: 1342MB total (Tab 815MB, GPU 327MB, Browser 132MB, Utility 69MB)
2026-08-29T10:24:08.087-04:00 info memory: 1342MB total (Tab 814MB, GPU 327MB, Browser 131MB, Utility 69MB)
2026-08-29T10:25:08.099-04:00 info memory: 1342MB total (Tab 815MB, GPU 327MB, Browser 131MB, Utility 69MB)
2026-08-29T10:26:08.101-04:00 info memory: 1342MB total (Tab 814MB, GPU 327MB, Browser 131MB, Utility 69MB)
2026-08-29T10:27:08.112-04:00 info memory: 1342MB total (Tab 815MB, GPU 327MB, Browser 131MB, Utility 69MB)
2026-08-29T10:28:08.119-04:00 info memory: 1343MB total (Tab 815MB, GPU 327MB, Browser 131MB, Utility 69MB)
2026-08-29T10:29:08.123-04:00 info memory: 1342MB total (Tab 815MB, GPU 327MB, Browser 131MB, Utility 69MB)
2026-08-29T10:30:08.136-04:00 info memory: 1343MB total (Tab 816MB, GPU 327MB, Browser 131MB, Utility 69MB)
2026-08-29T10:31:08.147-04:00 info memory: 1343MB total (Tab 815MB, GPU 327MB, Browser 131MB, Utility 69MB)
2026-08-29T10:32:08.154-04:00 info memory: 1350MB total (Tab 822MB, GPU 327MB, Browser 131MB, Utility 69MB)
2026-08-29T10:32:40.766-04:00 info layout 1920x1080 in a 1920x1079 window, scaled to 0.999
2026-08-29T10:32:41.276-04:00 info layout 1920x1080 in a 1920x1080 window, 1:1
2026-08-29T10:33:08.164-04:00 info memory: 1360MB total (Tab 832MB, GPU 327MB, Browser 131MB, Utility 69MB)
2026-08-29T10:34:08.178-04:00 info memory: 1352MB total (Tab 824MB, GPU 327MB, Browser 131MB, Utility 69MB)
2026-08-29T10:35:08.186-04:00 info memory: 1353MB total (Tab 825MB, GPU 327MB, Browser 131MB, Utility 69MB)
2026-08-29T10:36:08.192-04:00 info memory: 1352MB total (Tab 824MB, GPU 327MB, Browser 131MB, Utility 69MB)
2026-08-29T10:37:08.202-04:00 info memory: 1350MB total (Tab 823MB, GPU 327MB, Browser 131MB, Utility 69MB)
2026-08-29T10:38:08.207-04:00 info memory: 1347MB total (Tab 819MB, GPU 327MB, Browser 131MB, Utility 69MB)
2026-08-29T10:39:08.223-04:00 info memory: 1347MB total (Tab 819MB, GPU 327MB, Browser 131MB, Utility 69MB)
2026-08-29T10:40:08.233-04:00 info memory: 1347MB total (Tab 819MB, GPU 327MB, Browser 132MB, Utility 69MB)
2026-08-29T10:41:08.244-04:00 info memory: 1346MB total (Tab 818MB, GPU 327MB, Browser 132MB, Utility 69MB)
2026-08-29T10:42:08.260-04:00 info memory: 1347MB total (Tab 819MB, GPU 327MB, Browser 132MB, Utility 69MB)
2026-08-29T10:43:08.275-04:00 info memory: 1346MB total (Tab 818MB, GPU 327MB, Browser 132MB, Utility 69MB)
2026-08-29T10:44:08.285-04:00 info memory: 1343MB total (Tab 815MB, GPU 327MB, Browser 132MB, Utility 69MB)
2026-08-29T10:45:08.289-04:00 info memory: 1344MB total (Tab 816MB, GPU 327MB, Browser 132MB, Utility 69MB)
2026-08-29T10:46:08.294-04:00 info memory: 1343MB total (Tab 816MB, GPU 327MB, Browser 131MB, Utility 69MB)
2026-08-29T10:47:08.307-04:00 info memory: 1343MB total (Tab 816MB, GPU 327MB, Browser 131MB, Utility 69MB)
2026-08-29T10:48:08.317-04:00 info memory: 1343MB total (Tab 816MB, GPU 327MB, Browser 131MB, Utility 69MB)
2026-08-29T10:49:08.326-04:00 info memory: 1344MB total (Tab 817MB, GPU 327MB, Browser 131MB, Utility 69MB)
2026-08-29T10:50:08.332-04:00 info memory: 1345MB total (Tab 818MB, GPU 327MB, Browser 131MB, Utility 69MB)
2026-08-29T10:51:08.337-04:00 info memory: 1344MB total (Tab 817MB, GPU 327MB, Browser 131MB, Utility 69MB)
2026-08-29T10:52:08.344-04:00 info memory: 1345MB total (Tab 817MB, GPU 327MB, Browser 131MB, Utility 69MB)
2026-08-29T10:53:08.352-04:00 info memory: 1344MB total (Tab 817MB, GPU 327MB, Browser 131MB, Utility 69MB)
2026-08-29T10:54:08.361-04:00 info memory: 1344MB total (Tab 817MB, GPU 327MB, Browser 131MB, Utility 69MB)
2026-08-29T10:55:08.364-04:00 info memory: 1345MB total (Tab 818MB, GPU 327MB, Browser 131MB, Utility 69MB)
2026-08-29T10:56:08.379-04:00 info memory: 1345MB total (Tab 817MB, GPU 327MB, Browser 131MB, Utility 69MB)
2026-08-29T10:57:08.387-04:00 info memory: 1346MB total (Tab 818MB, GPU 327MB, Browser 131MB, Utility 69MB)
2026-08-29T10:58:08.401-04:00 info memory: 1345MB total (Tab 818MB, GPU 327MB, Browser 131MB, Utility 69MB)
2026-08-29T10:59:08.408-04:00 info memory: 1345MB total (Tab 818MB, GPU 327MB, Browser 131MB, Utility 69MB)
2026-08-29T11:00:08.419-04:00 info memory: 1346MB total (Tab 818MB, GPU 327MB, Browser 131MB, Utility 69MB)
2026-08-29T11:01:08.425-04:00 info memory: 1345MB total (Tab 817MB, GPU 327MB, Browser 131MB, Utility 69MB)
2026-08-29T11:02:08.438-04:00 info memory: 1341MB total (Tab 813MB, GPU 328MB, Browser 132MB, Utility 69MB)
2026-08-29T11:02:40.778-04:00 info layout 1920x1080 in a 1920x1079 window, scaled to 0.999
2026-08-29T11:02:41.297-04:00 info layout 1920x1080 in a 1920x1080 window, 1:1
2026-08-29T11:03:08.448-04:00 info memory: 1355MB total (Tab 827MB, GPU 328MB, Browser 132MB, Utility 69MB)
2026-08-29T11:04:08.462-04:00 info memory: 1352MB total (Tab 823MB, GPU 328MB, Browser 132MB, Utility 69MB)
2026-08-29T11:05:08.476-04:00 info memory: 1350MB total (Tab 821MB, GPU 328MB, Browser 132MB, Utility 69MB)
2026-08-29T11:06:08.489-04:00 info memory: 1354MB total (Tab 822MB, GPU 331MB, Browser 132MB, Utility 69MB)
2026-08-29T11:07:08.500-04:00 info memory: 1348MB total (Tab 821MB, GPU 327MB, Browser 131MB, Utility 69MB)
2026-08-29T11:08:08.510-04:00 info memory: 1346MB total (Tab 819MB, GPU 327MB, Browser 131MB, Utility 69MB)
2026-08-29T11:09:08.512-04:00 info memory: 1346MB total (Tab 818MB, GPU 327MB, Browser 131MB, Utility 69MB)
2026-08-29T11:10:08.516-04:00 info memory: 1346MB total (Tab 819MB, GPU 327MB, Browser 131MB, Utility 69MB)
2026-08-29T11:11:08.534-04:00 info memory: 1346MB total (Tab 818MB, GPU 327MB, Browser 131MB, Utility 69MB)
2026-08-29T11:12:08.548-04:00 info memory: 1345MB total (Tab 818MB, GPU 327MB, Browser 131MB, Utility 69MB)
2026-08-29T11:13:08.563-04:00 info memory: 1343MB total (Tab 816MB, GPU 327MB, Browser 131MB, Utility 69MB)
2026-08-29T11:14:08.575-04:00 info memory: 1342MB total (Tab 814MB, GPU 327MB, Browser 131MB, Utility 69MB)
2026-08-29T11:15:08.591-04:00 info memory: 1343MB total (Tab 815MB, GPU 327MB, Browser 131MB, Utility 69MB)
2026-08-29T11:16:08.600-04:00 info memory: 1343MB total (Tab 815MB, GPU 327MB, Browser 131MB, Utility 69MB)
2026-08-29T11:17:08.606-04:00 info memory: 1342MB total (Tab 815MB, GPU 327MB, Browser 131MB, Utility 69MB)
2026-08-29T11:18:08.615-04:00 info memory: 1343MB total (Tab 816MB, GPU 327MB, Browser 131MB, Utility 69MB)
2026-08-29T11:19:08.617-04:00 info memory: 1343MB total (Tab 815MB, GPU 327MB, Browser 131MB, Utility 69MB)
2026-08-29T11:20:08.620-04:00 info memory: 1343MB total (Tab 816MB, GPU 327MB, Browser 131MB, Utility 69MB)
2026-08-29T11:21:08.625-04:00 info memory: 1347MB total (Tab 816MB, GPU 331MB, Browser 131MB, Utility 69MB)
2026-08-29T11:22:08.633-04:00 info memory: 1343MB total (Tab 816MB, GPU 327MB, Browser 132MB, Utility 69MB)
2026-08-29T11:23:08.639-04:00 info memory: 1344MB total (Tab 816MB, GPU 327MB, Browser 132MB, Utility 69MB)
2026-08-29T11:24:08.647-04:00 info memory: 1344MB total (Tab 816MB, GPU 327MB, Browser 132MB, Utility 69MB)
2026-08-29T11:25:08.652-04:00 info memory: 1344MB total (Tab 816MB, GPU 327MB, Browser 132MB, Utility 69MB)
2026-08-29T11:26:08.666-04:00 info memory: 1343MB total (Tab 815MB, GPU 327MB, Browser 132MB, Utility 69MB)
2026-08-29T11:27:08.674-04:00 info memory: 1342MB total (Tab 814MB, GPU 327MB, Browser 132MB, Utility 69MB)
2026-08-29T11:28:08.678-04:00 info memory: 1343MB total (Tab 815MB, GPU 327MB, Browser 132MB, Utility 69MB)
2026-08-29T11:29:08.693-04:00 info memory: 1341MB total (Tab 814MB, GPU 327MB, Browser 131MB, Utility 69MB)
2026-08-29T11:30:08.698-04:00 info memory: 1341MB total (Tab 814MB, GPU 327MB, Browser 131MB, Utility 69MB)
2026-08-29T11:31:08.708-04:00 info memory: 1341MB total (Tab 814MB, GPU 327MB, Browser 131MB, Utility 69MB)
2026-08-29T11:32:08.717-04:00 info memory: 1343MB total (Tab 816MB, GPU 327MB, Browser 131MB, Utility 69MB)
2026-08-29T11:32:40.795-04:00 info layout 1920x1080 in a 1920x1079 window, scaled to 0.999
2026-08-29T11:32:41.311-04:00 info layout 1920x1080 in a 1920x1080 window, 1:1
2026-08-29T11:33:08.728-04:00 info memory: 1377MB total (Tab 849MB, GPU 328MB, Browser 131MB, Utility 69MB)
2026-08-29T11:34:08.740-04:00 info memory: 1353MB total (Tab 824MB, GPU 328MB, Browser 131MB, Utility 69MB)
2026-08-29T11:35:08.754-04:00 info memory: 1350MB total (Tab 822MB, GPU 328MB, Browser 131MB, Utility 69MB)
2026-08-29T11:36:08.768-04:00 info memory: 1350MB total (Tab 822MB, GPU 328MB, Browser 131MB, Utility 69MB)
2026-08-29T11:37:08.779-04:00 info memory: 1350MB total (Tab 822MB, GPU 328MB, Browser 131MB, Utility 69MB)
2026-08-29T11:38:08.787-04:00 info memory: 1347MB total (Tab 819MB, GPU 327MB, Browser 131MB, Utility 69MB)
2026-08-29T11:39:08.789-04:00 info memory: 1346MB total (Tab 819MB, GPU 327MB, Browser 131MB, Utility 69MB)
2026-08-29T11:40:08.803-04:00 info memory: 1347MB total (Tab 819MB, GPU 328MB, Browser 131MB, Utility 69MB)
2026-08-29T11:41:08.815-04:00 info memory: 1347MB total (Tab 819MB, GPU 328MB, Browser 131MB, Utility 69MB)
2026-08-29T11:42:08.822-04:00 info memory: 1347MB total (Tab 819MB, GPU 328MB, Browser 131MB, Utility 69MB)
2026-08-29T11:43:08.830-04:00 info memory: 1344MB total (Tab 816MB, GPU 328MB, Browser 132MB, Utility 69MB)
2026-08-29T11:44:08.835-04:00 info memory: 1344MB total (Tab 816MB, GPU 328MB, Browser 132MB, Utility 69MB)
2026-08-29T11:45:08.851-04:00 info memory: 1344MB total (Tab 816MB, GPU 327MB, Browser 132MB, Utility 69MB)
2026-08-29T11:46:08.863-04:00 info memory: 1344MB total (Tab 816MB, GPU 327MB, Browser 132MB, Utility 69MB)
2026-08-29T11:47:08.878-04:00 info memory: 1344MB total (Tab 816MB, GPU 327MB, Browser 132MB, Utility 69MB)
2026-08-29T11:48:08.885-04:00 info memory: 1344MB total (Tab 817MB, GPU 327MB, Browser 132MB, Utility 69MB)
2026-08-29T11:49:08.898-04:00 info memory: 1344MB total (Tab 816MB, GPU 327MB, Browser 132MB, Utility 69MB)
2026-08-29T11:50:08.912-04:00 info memory: 1344MB total (Tab 817MB, GPU 327MB, Browser 131MB, Utility 69MB)
2026-08-29T11:51:08.929-04:00 info memory: 1343MB total (Tab 816MB, GPU 327MB, Browser 131MB, Utility 69MB)
2026-08-29T11:52:08.943-04:00 info memory: 1344MB total (Tab 816MB, GPU 327MB, Browser 131MB, Utility 69MB)
2026-08-29T11:53:08.955-04:00 info memory: 1343MB total (Tab 816MB, GPU 327MB, Browser 131MB, Utility 69MB)
2026-08-29T11:54:08.958-04:00 info memory: 1343MB total (Tab 815MB, GPU 327MB, Browser 131MB, Utility 69MB)
2026-08-29T11:55:08.962-04:00 info memory: 1344MB total (Tab 816MB, GPU 327MB, Browser 131MB, Utility 69MB)
2026-08-29T11:56:08.972-04:00 info memory: 1344MB total (Tab 816MB, GPU 327MB, Browser 131MB, Utility 69MB)
2026-08-29T11:57:08.982-04:00 info memory: 1344MB total (Tab 816MB, GPU 327MB, Browser 131MB, Utility 69MB)
2026-08-29T11:58:08.993-04:00 info memory: 1345MB total (Tab 817MB, GPU 327MB, Browser 131MB, Utility 69MB)
2026-08-29T11:59:09.002-04:00 info memory: 1344MB total (Tab 817MB, GPU 327MB, Browser 131MB, Utility 69MB)
2026-08-29T12:00:09.016-04:00 info memory: 1345MB total (Tab 817MB, GPU 327MB, Browser 131MB, Utility 69MB)
2026-08-29T12:01:09.029-04:00 info memory: 1344MB total (Tab 817MB, GPU 327MB, Browser 131MB, Utility 69MB)
2026-08-29T12:02:09.045-04:00 info memory: 1351MB total (Tab 819MB, GPU 332MB, Browser 131MB, Utility 69MB)
2026-08-29T12:02:40.806-04:00 info layout 1920x1080 in a 1920x1079 window, scaled to 0.999
2026-08-29T12:02:41.318-04:00 info layout 1920x1080 in a 1920x1080 window, 1:1
2026-08-29T12:03:09.056-04:00 info memory: 1372MB total (Tab 844MB, GPU 328MB, Browser 132MB, Utility 69MB)
2026-08-29T12:04:09.069-04:00 info memory: 1356MB total (Tab 824MB, GPU 332MB, Browser 132MB, Utility 69MB)
2026-08-29T12:05:09.075-04:00 info memory: 1351MB total (Tab 823MB, GPU 327MB, Browser 132MB, Utility 69MB)
2026-08-29T12:06:09.078-04:00 info memory: 1351MB total (Tab 823MB, GPU 328MB, Browser 132MB, Utility 69MB)
2026-08-29T12:07:09.094-04:00 info memory: 1349MB total (Tab 821MB, GPU 327MB, Browser 132MB, Utility 69MB)
2026-08-29T12:08:09.106-04:00 info memory: 1350MB total (Tab 817MB, GPU 332MB, Browser 132MB, Utility 69MB)
2026-08-29T12:09:09.118-04:00 info memory: 1345MB total (Tab 817MB, GPU 327MB, Browser 132MB, Utility 69MB)
2026-08-29T12:10:09.121-04:00 info memory: 1345MB total (Tab 817MB, GPU 327MB, Browser 132MB, Utility 69MB)
2026-08-29T12:11:09.133-04:00 info memory: 1343MB total (Tab 816MB, GPU 327MB, Browser 131MB, Utility 69MB)
2026-08-29T12:12:09.144-04:00 info memory: 1344MB total (Tab 816MB, GPU 327MB, Browser 131MB, Utility 69MB)
2026-08-29T12:13:09.146-04:00 info memory: 1344MB total (Tab 817MB, GPU 327MB, Browser 131MB, Utility 69MB)
2026-08-29T12:14:09.155-04:00 info memory: 1344MB total (Tab 817MB, GPU 327MB, Browser 131MB, Utility 69MB)
2026-08-29T12:15:09.166-04:00 info memory: 1345MB total (Tab 817MB, GPU 327MB, Browser 131MB, Utility 69MB)
2026-08-29T12:16:09.178-04:00 info memory: 1344MB total (Tab 816MB, GPU 327MB, Browser 131MB, Utility 69MB)
2026-08-29T12:17:09.192-04:00 info memory: 1344MB total (Tab 816MB, GPU 327MB, Browser 131MB, Utility 69MB)
2026-08-29T12:18:09.206-04:00 info memory: 1344MB total (Tab 816MB, GPU 327MB, Browser 131MB, Utility 69MB)
2026-08-29T12:19:09.215-04:00 info memory: 1344MB total (Tab 816MB, GPU 327MB, Browser 131MB, Utility 69MB)
2026-08-29T12:20:09.224-04:00 info memory: 1345MB total (Tab 817MB, GPU 327MB, Browser 131MB, Utility 69MB)
2026-08-29T12:21:09.227-04:00 info memory: 1343MB total (Tab 816MB, GPU 327MB, Browser 131MB, Utility 69MB)
2026-08-29T12:22:09.238-04:00 info memory: 1344MB total (Tab 816MB, GPU 327MB, Browser 131MB, Utility 69MB)
2026-08-29T12:23:09.254-04:00 info memory: 1343MB total (Tab 816MB, GPU 327MB, Browser 131MB, Utility 69MB)
2026-08-29T12:24:09.259-04:00 info memory: 1344MB total (Tab 816MB, GPU 327MB, Browser 131MB, Utility 69MB)
2026-08-29T12:25:09.269-04:00 info memory: 1344MB total (Tab 816MB, GPU 327MB, Browser 132MB, Utility 69MB)
2026-08-29T12:26:09.286-04:00 info memory: 1344MB total (Tab 816MB, GPU 327MB, Browser 132MB, Utility 69MB)
2026-08-29T12:27:09.301-04:00 info memory: 1345MB total (Tab 817MB, GPU 327MB, Browser 132MB, Utility 69MB)
2026-08-29T12:28:09.304-04:00 info memory: 1343MB total (Tab 815MB, GPU 327MB, Browser 132MB, Utility 69MB)
2026-08-29T12:29:09.311-04:00 info memory: 1344MB total (Tab 816MB, GPU 327MB, Browser 132MB, Utility 69MB)
2026-08-29T12:30:09.323-04:00 info memory: 1344MB total (Tab 816MB, GPU 328MB, Browser 132MB, Utility 69MB)
2026-08-29T12:31:09.329-04:00 info memory: 1343MB total (Tab 815MB, GPU 327MB, Browser 132MB, Utility 69MB)
2026-08-29T12:32:09.341-04:00 info memory: 1387MB total (Tab 858MB, GPU 327MB, Browser 132MB, Utility 69MB)
2026-08-29T12:32:40.816-04:00 info layout 1920x1080 in a 1920x1079 window, scaled to 0.999
2026-08-29T12:32:41.343-04:00 info layout 1920x1080 in a 1920x1080 window, 1:1
2026-08-29T12:33:09.355-04:00 info memory: 1348MB total (Tab 819MB, GPU 329MB, Browser 131MB, Utility 69MB)
2026-08-29T12:34:09.359-04:00 info memory: 1349MB total (Tab 821MB, GPU 328MB, Browser 131MB, Utility 69MB)
2026-08-29T12:35:09.373-04:00 info memory: 1350MB total (Tab 821MB, GPU 328MB, Browser 131MB, Utility 69MB)
2026-08-29T12:36:09.388-04:00 info memory: 1350MB total (Tab 822MB, GPU 328MB, Browser 131MB, Utility 69MB)
2026-08-29T12:37:09.399-04:00 info memory: 1354MB total (Tab 821MB, GPU 332MB, Browser 131MB, Utility 69MB)
2026-08-29T12:38:09.411-04:00 info memory: 1347MB total (Tab 819MB, GPU 328MB, Browser 131MB, Utility 69MB)
2026-08-29T12:39:09.427-04:00 info memory: 1347MB total (Tab 819MB, GPU 328MB, Browser 131MB, Utility 69MB)
2026-08-29T12:40:09.437-04:00 info memory: 1347MB total (Tab 819MB, GPU 328MB, Browser 131MB, Utility 69MB)
2026-08-29T12:41:09.449-04:00 info memory: 1347MB total (Tab 819MB, GPU 328MB, Browser 131MB, Utility 69MB)
2026-08-29T12:42:09.456-04:00 info memory: 1344MB total (Tab 816MB, GPU 328MB, Browser 132MB, Utility 69MB)
2026-08-29T12:43:09.469-04:00 info memory: 1345MB total (Tab 816MB, GPU 328MB, Browser 132MB, Utility 69MB)
2026-08-29T12:44:09.476-04:00 info memory: 1345MB total (Tab 816MB, GPU 328MB, Browser 132MB, Utility 69MB)
2026-08-29T12:45:09.488-04:00 info memory: 1345MB total (Tab 817MB, GPU 328MB, Browser 132MB, Utility 69MB)
2026-08-29T12:46:09.499-04:00 info memory: 1345MB total (Tab 817MB, GPU 328MB, Browser 132MB, Utility 69MB)
2026-08-29T12:47:09.509-04:00 info memory: 1345MB total (Tab 816MB, GPU 328MB, Browser 132MB, Utility 69MB)
2026-08-29T12:48:09.525-04:00 info memory: 1344MB total (Tab 816MB, GPU 328MB, Browser 132MB, Utility 69MB)
2026-08-29T12:49:09.527-04:00 info memory: 1344MB total (Tab 815MB, GPU 328MB, Browser 132MB, Utility 69MB)
2026-08-29T12:50:09.539-04:00 info memory: 1344MB total (Tab 815MB, GPU 328MB, Browser 132MB, Utility 69MB)
2026-08-29T12:51:09.547-04:00 info memory: 1344MB total (Tab 815MB, GPU 328MB, Browser 132MB, Utility 69MB)
2026-08-29T12:52:09.561-04:00 info memory: 1343MB total (Tab 814MB, GPU 328MB, Browser 132MB, Utility 69MB)
2026-08-29T12:53:09.577-04:00 info memory: 1343MB total (Tab 815MB, GPU 328MB, Browser 132MB, Utility 69MB)
2026-08-29T12:54:09.589-04:00 info memory: 1343MB total (Tab 815MB, GPU 328MB, Browser 132MB, Utility 69MB)
2026-08-29T12:55:09.601-04:00 info memory: 1343MB total (Tab 816MB, GPU 328MB, Browser 131MB, Utility 69MB)
2026-08-29T12:56:09.607-04:00 info memory: 1342MB total (Tab 815MB, GPU 328MB, Browser 131MB, Utility 69MB)
2026-08-29T12:57:09.623-04:00 info memory: 1342MB total (Tab 814MB, GPU 328MB, Browser 131MB, Utility 69MB)
2026-08-29T12:58:09.627-04:00 info memory: 1343MB total (Tab 815MB, GPU 328MB, Browser 131MB, Utility 69MB)
2026-08-29T12:59:09.631-04:00 info memory: 1343MB total (Tab 815MB, GPU 328MB, Browser 131MB, Utility 69MB)
2026-08-29T13:00:09.644-04:00 info memory: 1344MB total (Tab 816MB, GPU 328MB, Browser 131MB, Utility 69MB)
2026-08-29T13:01:09.658-04:00 info memory: 1344MB total (Tab 815MB, GPU 328MB, Browser 131MB, Utility 69MB)
2026-08-29T13:02:09.674-04:00 info memory: 1346MB total (Tab 817MB, GPU 328MB, Browser 131MB, Utility 69MB)
2026-08-29T13:02:40.824-04:00 info layout 1920x1080 in a 1920x1079 window, scaled to 0.999
2026-08-29T13:02:41.377-04:00 info layout 1920x1080 in a 1920x1080 window, 1:1
2026-08-29T13:03:09.688-04:00 info memory: 1354MB total (Tab 826MB, GPU 328MB, Browser 131MB, Utility 69MB)
2026-08-29T13:04:09.696-04:00 info memory: 1355MB total (Tab 824MB, GPU 331MB, Browser 132MB, Utility 69MB)
2026-08-29T13:05:09.706-04:00 info memory: 1359MB total (Tab 823MB, GPU 335MB, Browser 132MB, Utility 69MB)
2026-08-29T13:06:09.714-04:00 info memory: 1354MB total (Tab 823MB, GPU 331MB, Browser 132MB, Utility 69MB)
2026-08-29T13:07:09.723-04:00 info memory: 1354MB total (Tab 823MB, GPU 331MB, Browser 132MB, Utility 69MB)
2026-08-29T13:08:09.738-04:00 info memory: 1351MB total (Tab 819MB, GPU 331MB, Browser 132MB, Utility 69MB)
2026-08-29T13:09:09.748-04:00 info memory: 1351MB total (Tab 819MB, GPU 331MB, Browser 132MB, Utility 69MB)
2026-08-29T13:10:09.751-04:00 info memory: 1347MB total (Tab 819MB, GPU 327MB, Browser 132MB, Utility 69MB)
2026-08-29T13:11:09.752-04:00 info memory: 1347MB total (Tab 819MB, GPU 327MB, Browser 132MB, Utility 69MB)
2026-08-29T13:12:09.766-04:00 info memory: 1345MB total (Tab 816MB, GPU 328MB, Browser 132MB, Utility 69MB)
2026-08-29T13:13:09.771-04:00 info memory: 1343MB total (Tab 816MB, GPU 327MB, Browser 132MB, Utility 69MB)
2026-08-29T13:14:09.784-04:00 info memory: 1344MB total (Tab 816MB, GPU 327MB, Browser 132MB, Utility 69MB)
2026-08-29T13:15:09.801-04:00 info memory: 1344MB total (Tab 816MB, GPU 327MB, Browser 132MB, Utility 69MB)
2026-08-29T13:16:09.818-04:00 info memory: 1344MB total (Tab 816MB, GPU 327MB, Browser 132MB, Utility 69MB)
2026-08-29T13:17:09.831-04:00 info memory: 1343MB total (Tab 816MB, GPU 327MB, Browser 131MB, Utility 69MB)
2026-08-29T13:18:09.833-04:00 info memory: 1344MB total (Tab 817MB, GPU 327MB, Browser 131MB, Utility 69MB)
2026-08-29T13:19:09.839-04:00 info memory: 1342MB total (Tab 815MB, GPU 327MB, Browser 131MB, Utility 69MB)
2026-08-29T13:20:09.846-04:00 info memory: 1343MB total (Tab 816MB, GPU 327MB, Browser 131MB, Utility 69MB)
2026-08-29T13:21:09.859-04:00 info memory: 1343MB total (Tab 816MB, GPU 327MB, Browser 131MB, Utility 69MB)
2026-08-29T13:22:09.862-04:00 info memory: 1344MB total (Tab 816MB, GPU 327MB, Browser 131MB, Utility 69MB)
2026-08-29T13:23:09.876-04:00 info memory: 1344MB total (Tab 817MB, GPU 327MB, Browser 131MB, Utility 69MB)
2026-08-29T13:24:09.883-04:00 info memory: 1344MB total (Tab 817MB, GPU 327MB, Browser 131MB, Utility 69MB)
2026-08-29T13:25:09.884-04:00 info memory: 1345MB total (Tab 818MB, GPU 327MB, Browser 132MB, Utility 69MB)
2026-08-29T13:26:09.894-04:00 info memory: 1344MB total (Tab 817MB, GPU 327MB, Browser 132MB, Utility 69MB)
2026-08-29T13:27:09.909-04:00 info memory: 1344MB total (Tab 817MB, GPU 327MB, Browser 132MB, Utility 69MB)
2026-08-29T13:28:09.916-04:00 info memory: 1345MB total (Tab 817MB, GPU 327MB, Browser 132MB, Utility 69MB)
2026-08-29T13:29:09.920-04:00 info memory: 1344MB total (Tab 817MB, GPU 327MB, Browser 132MB, Utility 69MB)
2026-08-29T13:30:09.925-04:00 info memory: 1345MB total (Tab 817MB, GPU 327MB, Browser 132MB, Utility 69MB)
2026-08-29T13:31:09.936-04:00 info memory: 1345MB total (Tab 817MB, GPU 327MB, Browser 132MB, Utility 69MB)
2026-08-29T13:32:09.939-04:00 info memory: 1346MB total (Tab 818MB, GPU 327MB, Browser 132MB, Utility 69MB)
2026-08-29T13:32:40.831-04:00 info layout 1920x1080 in a 1920x1079 window, scaled to 0.999
2026-08-29T13:32:41.360-04:00 info layout 1920x1080 in a 1920x1080 window, 1:1
2026-08-29T13:33:09.953-04:00 info memory: 1362MB total (Tab 829MB, GPU 332MB, Browser 132MB, Utility 69MB)
2026-08-29T13:34:09.971-04:00 info memory: 1352MB total (Tab 823MB, GPU 327MB, Browser 132MB, Utility 69MB)
2026-08-29T13:35:09.973-04:00 info memory: 1349MB total (Tab 822MB, GPU 327MB, Browser 132MB, Utility 69MB)
2026-08-29T13:36:09.977-04:00 info memory: 1349MB total (Tab 821MB, GPU 327MB, Browser 132MB, Utility 69MB)
2026-08-29T13:37:09.979-04:00 info memory: 1349MB total (Tab 822MB, GPU 327MB, Browser 132MB, Utility 69MB)
2026-08-29T13:38:09.985-04:00 info memory: 1347MB total (Tab 819MB, GPU 327MB, Browser 132MB, Utility 69MB)
2026-08-29T13:39:09.990-04:00 info memory: 1346MB total (Tab 819MB, GPU 327MB, Browser 131MB, Utility 69MB)
2026-08-29T13:40:09.999-04:00 info memory: 1344MB total (Tab 817MB, GPU 327MB, Browser 131MB, Utility 69MB)
2026-08-29T13:41:10.006-04:00 info memory: 1343MB total (Tab 816MB, GPU 327MB, Browser 131MB, Utility 69MB)
2026-08-29T13:42:10.021-04:00 info memory: 1343MB total (Tab 816MB, GPU 327MB, Browser 131MB, Utility 69MB)
2026-08-29T13:43:10.035-04:00 info memory: 1344MB total (Tab 817MB, GPU 327MB, Browser 131MB, Utility 69MB)
2026-08-29T13:44:10.043-04:00 info memory: 1343MB total (Tab 816MB, GPU 327MB, Browser 131MB, Utility 69MB)
2026-08-29T13:45:10.045-04:00 info memory: 1344MB total (Tab 817MB, GPU 327MB, Browser 132MB, Utility 69MB)
2026-08-29T13:46:10.049-04:00 info memory: 1344MB total (Tab 817MB, GPU 327MB, Browser 132MB, Utility 69MB)
2026-08-29T13:47:10.060-04:00 info memory: 1344MB total (Tab 817MB, GPU 327MB, Browser 132MB, Utility 69MB)
2026-08-29T13:48:10.070-04:00 info memory: 1344MB total (Tab 817MB, GPU 327MB, Browser 132MB, Utility 69MB)
2026-08-29T13:49:10.071-04:00 info memory: 1344MB total (Tab 817MB, GPU 327MB, Browser 132MB, Utility 69MB)
2026-08-29T13:50:10.083-04:00 info memory: 1344MB total (Tab 817MB, GPU 327MB, Browser 132MB, Utility 69MB)
2026-08-29T13:51:10.094-04:00 info memory: 1345MB total (Tab 817MB, GPU 327MB, Browser 132MB, Utility 69MB)
2026-08-29T13:52:10.101-04:00 info memory: 1345MB total (Tab 817MB, GPU 327MB, Browser 132MB, Utility 69MB)
2026-08-29T13:53:10.113-04:00 info memory: 1345MB total (Tab 817MB, GPU 327MB, Browser 132MB, Utility 69MB)
2026-08-29T13:54:10.117-04:00 info memory: 1345MB total (Tab 817MB, GPU 327MB, Browser 132MB, Utility 69MB)
2026-08-29T13:55:10.120-04:00 info memory: 1345MB total (Tab 817MB, GPU 327MB, Browser 132MB, Utility 69MB)
2026-08-29T13:56:10.124-04:00 info memory: 1345MB total (Tab 817MB, GPU 326MB, Browser 132MB, Utility 69MB)
2026-08-29T13:57:10.140-04:00 info memory: 1345MB total (Tab 817MB, GPU 327MB, Browser 132MB, Utility 69MB)
2026-08-29T13:58:10.151-04:00 info memory: 1345MB total (Tab 818MB, GPU 327MB, Browser 132MB, Utility 69MB)
2026-08-29T13:59:10.158-04:00 info memory: 1344MB total (Tab 817MB, GPU 326MB, Browser 132MB, Utility 69MB)
2026-08-29T14:00:10.162-04:00 info memory: 1345MB total (Tab 818MB, GPU 327MB, Browser 132MB, Utility 69MB)
2026-08-29T14:01:10.178-04:00 info memory: 1344MB total (Tab 817MB, GPU 327MB, Browser 131MB, Utility 69MB)
2026-08-29T14:02:10.184-04:00 info memory: 1346MB total (Tab 819MB, GPU 327MB, Browser 131MB, Utility 69MB)
2026-08-29T14:02:40.863-04:00 info layout 1920x1080 in a 1920x1079 window, scaled to 0.999
2026-08-29T14:02:41.380-04:00 info layout 1920x1080 in a 1920x1080 window, 1:1
2026-08-29T14:03:10.188-04:00 info memory: 1379MB total (Tab 851MB, GPU 327MB, Browser 131MB, Utility 69MB)
2026-08-29T14:04:10.203-04:00 info memory: 1355MB total (Tab 827MB, GPU 327MB, Browser 132MB, Utility 69MB)
2026-08-29T14:05:10.219-04:00 info memory: 1353MB total (Tab 825MB, GPU 327MB, Browser 132MB, Utility 69MB)
2026-08-29T14:06:10.226-04:00 info memory: 1352MB total (Tab 825MB, GPU 327MB, Browser 132MB, Utility 69MB)
2026-08-29T14:07:10.237-04:00 info memory: 1352MB total (Tab 824MB, GPU 327MB, Browser 132MB, Utility 69MB)
2026-08-29T14:08:10.243-04:00 info memory: 1349MB total (Tab 822MB, GPU 327MB, Browser 132MB, Utility 69MB)
2026-08-29T14:09:10.245-04:00 info memory: 1353MB total (Tab 821MB, GPU 331MB, Browser 132MB, Utility 69MB)
2026-08-29T14:10:10.254-04:00 info memory: 1347MB total (Tab 819MB, GPU 327MB, Browser 132MB, Utility 69MB)
2026-08-29T14:11:10.264-04:00 info memory: 1347MB total (Tab 819MB, GPU 327MB, Browser 132MB, Utility 69MB)
2026-08-29T14:12:10.280-04:00 info memory: 1347MB total (Tab 819MB, GPU 327MB, Browser 132MB, Utility 69MB)
2026-08-29T14:13:10.294-04:00 info memory: 1347MB total (Tab 820MB, GPU 327MB, Browser 132MB, Utility 69MB)
2026-08-29T14:14:10.309-04:00 info memory: 1347MB total (Tab 819MB, GPU 327MB, Browser 132MB, Utility 69MB)
2026-08-29T14:15:10.320-04:00 info memory: 1347MB total (Tab 820MB, GPU 327MB, Browser 132MB, Utility 69MB)
2026-08-29T14:16:10.334-04:00 info memory: 1346MB total (Tab 818MB, GPU 326MB, Browser 132MB, Utility 69MB)
2026-08-29T14:17:10.351-04:00 info memory: 1346MB total (Tab 818MB, GPU 326MB, Browser 132MB, Utility 69MB)
2026-08-29T14:18:10.363-04:00 info memory: 1346MB total (Tab 819MB, GPU 326MB, Browser 132MB, Utility 69MB)
2026-08-29T14:19:10.370-04:00 info memory: 1346MB total (Tab 818MB, GPU 326MB, Browser 132MB, Utility 69MB)
2026-08-29T14:20:10.372-04:00 info memory: 1346MB total (Tab 818MB, GPU 327MB, Browser 132MB, Utility 69MB)
2026-08-29T14:21:10.385-04:00 info memory: 1346MB total (Tab 818MB, GPU 327MB, Browser 132MB, Utility 69MB)
2026-08-29T14:22:10.394-04:00 info memory: 1346MB total (Tab 818MB, GPU 327MB, Browser 132MB, Utility 69MB)
2026-08-29T14:23:10.401-04:00 info memory: 1346MB total (Tab 819MB, GPU 327MB, Browser 131MB, Utility 69MB)
2026-08-29T14:24:10.402-04:00 info memory: 1346MB total (Tab 819MB, GPU 327MB, Browser 131MB, Utility 69MB)
2026-08-29T14:25:10.407-04:00 info memory: 1346MB total (Tab 819MB, GPU 327MB, Browser 132MB, Utility 69MB)
2026-08-29T14:26:10.416-04:00 info memory: 1345MB total (Tab 818MB, GPU 327MB, Browser 132MB, Utility 69MB)
2026-08-29T14:27:10.423-04:00 info memory: 1346MB total (Tab 819MB, GPU 327MB, Browser 132MB, Utility 69MB)
2026-08-29T14:28:10.429-04:00 info memory: 1351MB total (Tab 819MB, GPU 331MB, Browser 132MB, Utility 69MB)
2026-08-29T14:29:10.437-04:00 info memory: 1346MB total (Tab 819MB, GPU 327MB, Browser 132MB, Utility 69MB)
2026-08-29T14:30:10.445-04:00 info memory: 1347MB total (Tab 819MB, GPU 327MB, Browser 132MB, Utility 69MB)
2026-08-29T14:31:10.453-04:00 info memory: 1347MB total (Tab 819MB, GPU 327MB, Browser 132MB, Utility 69MB)
2026-08-29T14:32:10.469-04:00 info memory: 1353MB total (Tab 821MB, GPU 331MB, Browser 132MB, Utility 69MB)
2026-08-29T14:32:40.862-04:00 info layout 1920x1080 in a 1920x1079 window, scaled to 0.999
2026-08-29T14:32:41.378-04:00 info layout 1920x1080 in a 1920x1080 window, 1:1
2026-08-29T14:33:10.477-04:00 info memory: 1356MB total (Tab 827MB, GPU 328MB, Browser 132MB, Utility 69MB)
2026-08-29T14:34:10.491-04:00 info memory: 1351MB total (Tab 823MB, GPU 328MB, Browser 132MB, Utility 69MB)
2026-08-29T14:35:10.491-04:00 info memory: 1352MB total (Tab 823MB, GPU 328MB, Browser 132MB, Utility 69MB)
2026-08-29T14:36:10.503-04:00 info memory: 1349MB total (Tab 820MB, GPU 327MB, Browser 132MB, Utility 69MB)
2026-08-29T14:37:10.519-04:00 info memory: 1353MB total (Tab 820MB, GPU 332MB, Browser 132MB, Utility 69MB)
2026-08-29T14:38:10.529-04:00 info memory: 1346MB total (Tab 818MB, GPU 327MB, Browser 132MB, Utility 69MB)
2026-08-29T14:39:10.536-04:00 info memory: 1345MB total (Tab 817MB, GPU 327MB, Browser 132MB, Utility 69MB)
2026-08-29T14:40:10.547-04:00 info memory: 1346MB total (Tab 818MB, GPU 327MB, Browser 132MB, Utility 69MB)
2026-08-29T14:41:10.560-04:00 info memory: 1346MB total (Tab 818MB, GPU 327MB, Browser 132MB, Utility 69MB)
2026-08-29T14:42:10.563-04:00 info memory: 1346MB total (Tab 818MB, GPU 327MB, Browser 132MB, Utility 69MB)
2026-08-29T14:43:10.568-04:00 info memory: 1345MB total (Tab 817MB, GPU 327MB, Browser 132MB, Utility 69MB)
2026-08-29T14:44:10.578-04:00 info memory: 1345MB total (Tab 817MB, GPU 327MB, Browser 132MB, Utility 69MB)
2026-08-29T14:45:10.589-04:00 info memory: 1345MB total (Tab 818MB, GPU 327MB, Browser 131MB, Utility 69MB)
2026-08-29T14:46:10.601-04:00 info memory: 1345MB total (Tab 817MB, GPU 327MB, Browser 132MB, Utility 69MB)
2026-08-29T14:47:10.604-04:00 info memory: 1345MB total (Tab 817MB, GPU 327MB, Browser 132MB, Utility 69MB)
2026-08-29T14:48:10.606-04:00 info memory: 1345MB total (Tab 817MB, GPU 327MB, Browser 132MB, Utility 69MB)
2026-08-29T14:49:10.613-04:00 info memory: 1345MB total (Tab 817MB, GPU 327MB, Browser 132MB, Utility 69MB)
2026-08-29T14:50:10.617-04:00 info memory: 1345MB total (Tab 818MB, GPU 327MB, Browser 132MB, Utility 69MB)
2026-08-29T14:51:10.624-04:00 info memory: 1346MB total (Tab 818MB, GPU 327MB, Browser 132MB, Utility 69MB)
2026-08-29T14:52:10.636-04:00 info memory: 1346MB total (Tab 818MB, GPU 327MB, Browser 132MB, Utility 69MB)
2026-08-29T14:53:10.644-04:00 info memory: 1346MB total (Tab 819MB, GPU 327MB, Browser 132MB, Utility 69MB)
2026-08-29T14:54:10.652-04:00 info memory: 1346MB total (Tab 818MB, GPU 327MB, Browser 132MB, Utility 69MB)
2026-08-29T14:55:10.669-04:00 info memory: 1346MB total (Tab 819MB, GPU 327MB, Browser 132MB, Utility 69MB)
2026-08-29T14:56:10.681-04:00 info memory: 1346MB total (Tab 818MB, GPU 327MB, Browser 132MB, Utility 69MB)
2026-08-29T14:57:10.686-04:00 info memory: 1346MB total (Tab 818MB, GPU 327MB, Browser 132MB, Utility 69MB)
2026-08-29T14:58:10.699-04:00 info memory: 1347MB total (Tab 819MB, GPU 327MB, Browser 132MB, Utility 69MB)
2026-08-29T14:59:10.710-04:00 info memory: 1345MB total (Tab 817MB, GPU 327MB, Browser 132MB, Utility 69MB)
2026-08-29T15:00:10.718-04:00 info memory: 1346MB total (Tab 818MB, GPU 327MB, Browser 132MB, Utility 69MB)
2026-08-29T15:01:10.728-04:00 info memory: 1345MB total (Tab 817MB, GPU 327MB, Browser 132MB, Utility 69MB)
2026-08-29T15:02:10.734-04:00 info memory: 1348MB total (Tab 819MB, GPU 327MB, Browser 132MB, Utility 69MB)
2026-08-29T15:02:40.875-04:00 info layout 1920x1080 in a 1920x1079 window, scaled to 0.999
2026-08-29T15:02:41.389-04:00 info layout 1920x1080 in a 1920x1080 window, 1:1
2026-08-29T15:03:10.746-04:00 info memory: 1357MB total (Tab 828MB, GPU 327MB, Browser 132MB, Utility 69MB)
2026-08-29T15:04:10.752-04:00 info memory: 1352MB total (Tab 824MB, GPU 327MB, Browser 132MB, Utility 69MB)
2026-08-29T15:05:10.763-04:00 info memory: 1357MB total (Tab 824MB, GPU 331MB, Browser 132MB, Utility 69MB)
2026-08-29T15:06:10.779-04:00 info memory: 1352MB total (Tab 825MB, GPU 327MB, Browser 131MB, Utility 69MB)
2026-08-29T15:07:10.780-04:00 info memory: 1351MB total (Tab 824MB, GPU 327MB, Browser 131MB, Utility 69MB)
2026-08-29T15:08:10.789-04:00 info memory: 1348MB total (Tab 821MB, GPU 327MB, Browser 132MB, Utility 69MB)
2026-08-29T15:09:10.801-04:00 info memory: 1348MB total (Tab 820MB, GPU 327MB, Browser 132MB, Utility 69MB)
2026-08-29T15:10:10.805-04:00 info memory: 1348MB total (Tab 821MB, GPU 327MB, Browser 132MB, Utility 69MB)
2026-08-29T15:11:10.806-04:00 info memory: 1348MB total (Tab 821MB, GPU 327MB, Browser 132MB, Utility 69MB)
2026-08-29T15:12:10.816-04:00 info memory: 1348MB total (Tab 821MB, GPU 327MB, Browser 132MB, Utility 69MB)
2026-08-29T15:13:10.829-04:00 info memory: 1347MB total (Tab 819MB, GPU 327MB, Browser 132MB, Utility 69MB)
2026-08-29T15:14:10.837-04:00 info memory: 1346MB total (Tab 819MB, GPU 327MB, Browser 132MB, Utility 69MB)
2026-08-29T15:15:10.851-04:00 info memory: 1347MB total (Tab 820MB, GPU 327MB, Browser 132MB, Utility 69MB)
2026-08-29T15:16:10.859-04:00 info memory: 1346MB total (Tab 819MB, GPU 327MB, Browser 132MB, Utility 69MB)
2026-08-29T15:17:10.868-04:00 info memory: 1346MB total (Tab 819MB, GPU 327MB, Browser 132MB, Utility 69MB)
2026-08-29T15:18:10.876-04:00 info memory: 1347MB total (Tab 819MB, GPU 327MB, Browser 132MB, Utility 69MB)
2026-08-29T15:19:10.880-04:00 info memory: 1346MB total (Tab 818MB, GPU 327MB, Browser 132MB, Utility 69MB)
2026-08-29T15:20:10.890-04:00 info memory: 1346MB total (Tab 819MB, GPU 327MB, Browser 132MB, Utility 69MB)
2026-08-29T15:21:10.897-04:00 info memory: 1346MB total (Tab 819MB, GPU 327MB, Browser 132MB, Utility 69MB)
2026-08-29T15:22:10.913-04:00 info memory: 1346MB total (Tab 819MB, GPU 327MB, Browser 132MB, Utility 69MB)
2026-08-29T15:23:10.918-04:00 info memory: 1347MB total (Tab 819MB, GPU 327MB, Browser 132MB, Utility 69MB)
2026-08-29T15:24:10.920-04:00 info memory: 1346MB total (Tab 819MB, GPU 327MB, Browser 132MB, Utility 69MB)
2026-08-29T15:25:10.924-04:00 info memory: 1346MB total (Tab 819MB, GPU 327MB, Browser 132MB, Utility 69MB)
2026-08-29T15:26:10.929-04:00 info memory: 1345MB total (Tab 817MB, GPU 327MB, Browser 132MB, Utility 69MB)
2026-08-29T15:27:10.937-04:00 info memory: 1346MB total (Tab 818MB, GPU 327MB, Browser 132MB, Utility 69MB)
2026-08-29T15:28:10.953-04:00 info memory: 1346MB total (Tab 818MB, GPU 327MB, Browser 132MB, Utility 69MB)
2026-08-29T15:29:10.964-04:00 info memory: 1345MB total (Tab 818MB, GPU 327MB, Browser 132MB, Utility 69MB)
2026-08-29T15:30:10.975-04:00 info memory: 1346MB total (Tab 819MB, GPU 327MB, Browser 132MB, Utility 69MB)
2026-08-29T15:31:10.989-04:00 info memory: 1346MB total (Tab 819MB, GPU 327MB, Browser 132MB, Utility 69MB)
2026-08-29T15:32:11.003-04:00 info memory: 1352MB total (Tab 821MB, GPU 331MB, Browser 132MB, Utility 69MB)
2026-08-29T15:32:40.885-04:00 info layout 1920x1080 in a 1920x1079 window, scaled to 0.999
2026-08-29T15:32:41.417-04:00 info layout 1920x1080 in a 1920x1080 window, 1:1
2026-08-29T15:33:11.012-04:00 info memory: 1360MB total (Tab 831MB, GPU 328MB, Browser 132MB, Utility 69MB)
2026-08-29T15:34:11.025-04:00 info memory: 1355MB total (Tab 826MB, GPU 327MB, Browser 132MB, Utility 69MB)
2026-08-29T15:35:11.034-04:00 info memory: 1355MB total (Tab 826MB, GPU 327MB, Browser 132MB, Utility 69MB)
2026-08-29T15:36:11.045-04:00 info memory: 1355MB total (Tab 827MB, GPU 328MB, Browser 132MB, Utility 69MB)
2026-08-29T15:37:11.062-04:00 info memory: 1354MB total (Tab 826MB, GPU 328MB, Browser 132MB, Utility 69MB)
2026-08-29T15:38:11.078-04:00 info memory: 1352MB total (Tab 824MB, GPU 328MB, Browser 132MB, Utility 69MB)
2026-08-29T15:39:11.084-04:00 info memory: 1352MB total (Tab 823MB, GPU 328MB, Browser 132MB, Utility 69MB)
2026-08-29T15:40:11.086-04:00 info memory: 1352MB total (Tab 823MB, GPU 328MB, Browser 132MB, Utility 69MB)
2026-08-29T15:41:11.090-04:00 info memory: 1352MB total (Tab 824MB, GPU 328MB, Browser 132MB, Utility 69MB)
2026-08-29T15:42:11.092-04:00 info memory: 1348MB total (Tab 819MB, GPU 328MB, Browser 132MB, Utility 69MB)
2026-08-29T15:43:11.109-04:00 info memory: 1349MB total (Tab 820MB, GPU 328MB, Browser 132MB, Utility 69MB)
2026-08-29T15:44:11.111-04:00 info memory: 1352MB total (Tab 819MB, GPU 332MB, Browser 132MB, Utility 69MB)
2026-08-29T15:45:11.120-04:00 info memory: 1353MB total (Tab 820MB, GPU 332MB, Browser 132MB, Utility 69MB)
2026-08-29T15:46:11.133-04:00 info memory: 1349MB total (Tab 820MB, GPU 328MB, Browser 132MB, Utility 69MB)
2026-08-29T15:47:11.138-04:00 info memory: 1349MB total (Tab 820MB, GPU 328MB, Browser 132MB, Utility 69MB)
2026-08-29T15:48:11.143-04:00 info memory: 1353MB total (Tab 820MB, GPU 331MB, Browser 132MB, Utility 69MB)
2026-08-29T15:49:11.159-04:00 info memory: 1349MB total (Tab 820MB, GPU 327MB, Browser 132MB, Utility 69MB)
2026-08-29T15:50:11.165-04:00 info memory: 1349MB total (Tab 820MB, GPU 327MB, Browser 132MB, Utility 69MB)
2026-08-29T15:51:11.175-04:00 info memory: 1349MB total (Tab 820MB, GPU 327MB, Browser 132MB, Utility 69MB)
2026-08-29T15:52:11.177-04:00 info memory: 1348MB total (Tab 820MB, GPU 327MB, Browser 132MB, Utility 69MB)
2026-08-29T15:53:11.189-04:00 info memory: 1349MB total (Tab 820MB, GPU 327MB, Browser 133MB, Utility 69MB)
2026-08-29T15:54:11.207-04:00 info memory: 1349MB total (Tab 820MB, GPU 327MB, Browser 133MB, Utility 69MB)
2026-08-29T15:55:11.213-04:00 info memory: 1349MB total (Tab 820MB, GPU 327MB, Browser 133MB, Utility 69MB)
2026-08-29T15:56:11.218-04:00 info memory: 1348MB total (Tab 820MB, GPU 327MB, Browser 133MB, Utility 69MB)
2026-08-29T15:57:11.227-04:00 info memory: 1349MB total (Tab 820MB, GPU 327MB, Browser 133MB, Utility 69MB)
2026-08-29T15:58:11.238-04:00 info memory: 1349MB total (Tab 821MB, GPU 327MB, Browser 133MB, Utility 69MB)
2026-08-29T15:59:11.254-04:00 info memory: 1348MB total (Tab 820MB, GPU 327MB, Browser 133MB, Utility 69MB)
2026-08-29T16:00:11.263-04:00 info memory: 1349MB total (Tab 820MB, GPU 327MB, Browser 133MB, Utility 69MB)
2026-08-29T16:01:11.266-04:00 info memory: 1349MB total (Tab 820MB, GPU 327MB, Browser 133MB, Utility 69MB)
2026-08-29T16:02:11.273-04:00 info memory: 1351MB total (Tab 822MB, GPU 327MB, Browser 133MB, Utility 69MB)
2026-08-29T16:02:40.901-04:00 info layout 1920x1080 in a 1920x1079 window, scaled to 0.999
2026-08-29T16:02:41.424-04:00 info layout 1920x1080 in a 1920x1080 window, 1:1
2026-08-29T16:03:11.277-04:00 info memory: 1364MB total (Tab 830MB, GPU 332MB, Browser 133MB, Utility 69MB)
2026-08-29T16:04:11.293-04:00 info memory: 1356MB total (Tab 827MB, GPU 328MB, Browser 133MB, Utility 69MB)
2026-08-29T16:05:11.305-04:00 info memory: 1357MB total (Tab 827MB, GPU 328MB, Browser 133MB, Utility 69MB)
2026-08-29T16:06:11.315-04:00 info memory: 1357MB total (Tab 827MB, GPU 328MB, Browser 133MB, Utility 69MB)
2026-08-29T16:07:11.324-04:00 info memory: 1356MB total (Tab 826MB, GPU 328MB, Browser 133MB, Utility 69MB)
2026-08-29T16:08:11.326-04:00 info memory: 1353MB total (Tab 823MB, GPU 328MB, Browser 133MB, Utility 69MB)
2026-08-29T16:09:11.338-04:00 info memory: 1352MB total (Tab 822MB, GPU 328MB, Browser 133MB, Utility 69MB)
2026-08-29T16:10:11.344-04:00 info memory: 1353MB total (Tab 823MB, GPU 328MB, Browser 133MB, Utility 69MB)
2026-08-29T16:11:11.362-04:00 info memory: 1352MB total (Tab 822MB, GPU 328MB, Browser 133MB, Utility 69MB)
2026-08-29T16:12:11.379-04:00 info memory: 1354MB total (Tab 820MB, GPU 331MB, Browser 133MB, Utility 69MB)
2026-08-29T16:13:11.390-04:00 info memory: 1349MB total (Tab 820MB, GPU 327MB, Browser 132MB, Utility 69MB)
2026-08-29T16:14:11.407-04:00 info memory: 1349MB total (Tab 820MB, GPU 328MB, Browser 132MB, Utility 69MB)
2026-08-29T16:15:11.415-04:00 info memory: 1350MB total (Tab 821MB, GPU 328MB, Browser 132MB, Utility 69MB)
2026-08-29T16:16:11.420-04:00 info memory: 1350MB total (Tab 821MB, GPU 327MB, Browser 132MB, Utility 69MB)
2026-08-29T16:17:11.435-04:00 info memory: 1353MB total (Tab 820MB, GPU 332MB, Browser 132MB, Utility 69MB)
2026-08-29T16:18:11.444-04:00 info memory: 1349MB total (Tab 821MB, GPU 327MB, Browser 132MB, Utility 69MB)
2026-08-29T16:19:11.462-04:00 info memory: 1348MB total (Tab 820MB, GPU 327MB, Browser 132MB, Utility 69MB)
2026-08-29T16:20:11.468-04:00 info memory: 1348MB total (Tab 820MB, GPU 327MB, Browser 132MB, Utility 69MB)
2026-08-29T16:21:11.482-04:00 info memory: 1348MB total (Tab 820MB, GPU 327MB, Browser 132MB, Utility 69MB)
2026-08-29T16:22:11.490-04:00 info memory: 1348MB total (Tab 820MB, GPU 327MB, Browser 132MB, Utility 69MB)
2026-08-29T16:23:11.508-04:00 info memory: 1348MB total (Tab 820MB, GPU 327MB, Browser 132MB, Utility 69MB)
2026-08-29T16:24:11.512-04:00 info memory: 1348MB total (Tab 820MB, GPU 327MB, Browser 132MB, Utility 69MB)
2026-08-29T16:25:11.524-04:00 info memory: 1349MB total (Tab 821MB, GPU 327MB, Browser 132MB, Utility 69MB)
2026-08-29T16:26:11.527-04:00 info memory: 1348MB total (Tab 820MB, GPU 327MB, Browser 132MB, Utility 69MB)
2026-08-29T16:27:11.542-04:00 info memory: 1349MB total (Tab 821MB, GPU 327MB, Browser 132MB, Utility 69MB)
2026-08-29T16:28:11.551-04:00 info memory: 1349MB total (Tab 820MB, GPU 327MB, Browser 132MB, Utility 69MB)
2026-08-29T16:29:11.561-04:00 info memory: 1348MB total (Tab 820MB, GPU 327MB, Browser 132MB, Utility 69MB)
2026-08-29T16:30:11.568-04:00 info memory: 1349MB total (Tab 820MB, GPU 327MB, Browser 132MB, Utility 69MB)
2026-08-29T16:31:11.569-04:00 info memory: 1348MB total (Tab 820MB, GPU 327MB, Browser 132MB, Utility 69MB)
2026-08-29T16:32:11.581-04:00 info memory: 1366MB total (Tab 837MB, GPU 328MB, Browser 132MB, Utility 69MB)
2026-08-29T16:32:40.902-04:00 info layout 1920x1080 in a 1920x1079 window, scaled to 0.999
2026-08-29T16:32:41.430-04:00 info layout 1920x1080 in a 1920x1080 window, 1:1
2026-08-29T16:33:11.597-04:00 info memory: 1388MB total (Tab 858MB, GPU 328MB, Browser 133MB, Utility 69MB)
2026-08-29T16:34:11.599-04:00 info memory: 1364MB total (Tab 834MB, GPU 328MB, Browser 133MB, Utility 69MB)
2026-08-29T16:35:11.606-04:00 info memory: 1361MB total (Tab 833MB, GPU 328MB, Browser 132MB, Utility 69MB)
2026-08-29T16:36:11.610-04:00 info memory: 1361MB total (Tab 833MB, GPU 328MB, Browser 132MB, Utility 69MB)
2026-08-29T16:37:11.623-04:00 info memory: 1361MB total (Tab 833MB, GPU 328MB, Browser 132MB, Utility 69MB)
2026-08-29T16:38:11.629-04:00 info memory: 1358MB total (Tab 830MB, GPU 328MB, Browser 132MB, Utility 69MB)
2026-08-29T16:39:11.644-04:00 info memory: 1358MB total (Tab 829MB, GPU 328MB, Browser 132MB, Utility 69MB)
2026-08-29T16:40:11.648-04:00 info memory: 1358MB total (Tab 830MB, GPU 327MB, Browser 132MB, Utility 69MB)
2026-08-29T16:41:11.656-04:00 info memory: 1358MB total (Tab 829MB, GPU 327MB, Browser 132MB, Utility 69MB)
2026-08-29T16:42:11.663-04:00 info memory: 1354MB total (Tab 826MB, GPU 327MB, Browser 132MB, Utility 69MB)
2026-08-29T16:43:11.670-04:00 info memory: 1355MB total (Tab 826MB, GPU 327MB, Browser 132MB, Utility 69MB)
2026-08-29T16:44:11.684-04:00 info memory: 1354MB total (Tab 826MB, GPU 327MB, Browser 132MB, Utility 69MB)
2026-08-29T16:45:11.691-04:00 info memory: 1359MB total (Tab 826MB, GPU 332MB, Browser 132MB, Utility 69MB)
2026-08-29T16:46:11.702-04:00 info memory: 1355MB total (Tab 826MB, GPU 328MB, Browser 132MB, Utility 69MB)
2026-08-29T16:47:11.714-04:00 info memory: 1354MB total (Tab 826MB, GPU 327MB, Browser 132MB, Utility 69MB)
2026-08-29T16:48:11.717-04:00 info memory: 1355MB total (Tab 826MB, GPU 327MB, Browser 132MB, Utility 69MB)
2026-08-29T16:49:11.728-04:00 info memory: 1354MB total (Tab 826MB, GPU 327MB, Browser 132MB, Utility 69MB)
2026-08-29T16:50:11.744-04:00 info memory: 1355MB total (Tab 827MB, GPU 327MB, Browser 132MB, Utility 69MB)
2026-08-29T16:51:11.755-04:00 info memory: 1355MB total (Tab 826MB, GPU 327MB, Browser 132MB, Utility 69MB)
2026-08-29T16:52:11.764-04:00 info memory: 1355MB total (Tab 827MB, GPU 327MB, Browser 132MB, Utility 69MB)
2026-08-29T16:53:11.771-04:00 info memory: 1355MB total (Tab 827MB, GPU 327MB, Browser 132MB, Utility 69MB)
2026-08-29T16:54:11.783-04:00 info memory: 1352MB total (Tab 824MB, GPU 327MB, Browser 132MB, Utility 69MB)
2026-08-29T16:55:11.796-04:00 info memory: 1352MB total (Tab 823MB, GPU 327MB, Browser 132MB, Utility 69MB)
2026-08-29T16:56:11.805-04:00 info memory: 1352MB total (Tab 823MB, GPU 327MB, Browser 132MB, Utility 69MB)
2026-08-29T16:57:11.817-04:00 info memory: 1352MB total (Tab 824MB, GPU 327MB, Browser 132MB, Utility 69MB)
2026-08-29T16:58:11.831-04:00 info memory: 1351MB total (Tab 823MB, GPU 327MB, Browser 132MB, Utility 69MB)
2026-08-29T16:59:11.841-04:00 info memory: 1351MB total (Tab 823MB, GPU 327MB, Browser 132MB, Utility 69MB)
2026-08-29T17:00:11.849-04:00 info memory: 1352MB total (Tab 824MB, GPU 327MB, Browser 132MB, Utility 69MB)
2026-08-29T17:01:11.863-04:00 info memory: 1352MB total (Tab 824MB, GPU 327MB, Browser 132MB, Utility 69MB)
2026-08-29T17:02:11.878-04:00 info memory: 1354MB total (Tab 825MB, GPU 328MB, Browser 132MB, Utility 69MB)
2026-08-29T17:02:40.917-04:00 info layout 1920x1080 in a 1920x1079 window, scaled to 0.999
2026-08-29T17:02:41.437-04:00 info layout 1920x1080 in a 1920x1080 window, 1:1
2026-08-29T17:03:11.882-04:00 info memory: 1364MB total (Tab 831MB, GPU 332MB, Browser 132MB, Utility 69MB)
2026-08-29T17:04:11.902-04:00 info memory: 1357MB total (Tab 828MB, GPU 328MB, Browser 132MB, Utility 69MB)
2026-08-29T17:05:11.908-04:00 info memory: 1356MB total (Tab 828MB, GPU 328MB, Browser 132MB, Utility 69MB)
2026-08-29T17:06:11.923-04:00 info memory: 1356MB total (Tab 827MB, GPU 328MB, Browser 132MB, Utility 69MB)
2026-08-29T17:07:11.935-04:00 info memory: 1353MB total (Tab 824MB, GPU 328MB, Browser 132MB, Utility 69MB)
2026-08-29T17:08:11.940-04:00 info memory: 1351MB total (Tab 822MB, GPU 328MB, Browser 132MB, Utility 69MB)
2026-08-29T17:09:11.947-04:00 info memory: 1351MB total (Tab 822MB, GPU 328MB, Browser 132MB, Utility 69MB)
2026-08-29T17:10:11.950-04:00 info memory: 1351MB total (Tab 822MB, GPU 327MB, Browser 132MB, Utility 69MB)
2026-08-29T17:11:11.955-04:00 info memory: 1351MB total (Tab 822MB, GPU 327MB, Browser 132MB, Utility 69MB)
2026-08-29T17:12:11.972-04:00 info memory: 1351MB total (Tab 822MB, GPU 327MB, Browser 132MB, Utility 69MB)
2026-08-29T17:13:11.978-04:00 info memory: 1351MB total (Tab 822MB, GPU 327MB, Browser 132MB, Utility 69MB)
2026-08-29T17:14:11.985-04:00 info memory: 1351MB total (Tab 823MB, GPU 327MB, Browser 132MB, Utility 69MB)
2026-08-29T17:15:11.991-04:00 info memory: 1351MB total (Tab 822MB, GPU 327MB, Browser 133MB, Utility 69MB)
2026-08-29T17:16:11.994-04:00 info memory: 1351MB total (Tab 823MB, GPU 327MB, Browser 133MB, Utility 69MB)
2026-08-29T17:17:12.001-04:00 info memory: 1351MB total (Tab 822MB, GPU 327MB, Browser 133MB, Utility 69MB)
2026-08-29T17:18:12.016-04:00 info memory: 1351MB total (Tab 822MB, GPU 327MB, Browser 133MB, Utility 69MB)
2026-08-29T17:19:12.026-04:00 info memory: 1351MB total (Tab 823MB, GPU 327MB, Browser 132MB, Utility 69MB)
2026-08-29T17:20:12.042-04:00 info memory: 1350MB total (Tab 822MB, GPU 327MB, Browser 132MB, Utility 69MB)
2026-08-29T17:21:12.050-04:00 info memory: 1351MB total (Tab 823MB, GPU 327MB, Browser 132MB, Utility 69MB)
2026-08-29T17:22:12.062-04:00 info memory: 1350MB total (Tab 822MB, GPU 327MB, Browser 132MB, Utility 69MB)
2026-08-29T17:23:12.064-04:00 info memory: 1351MB total (Tab 823MB, GPU 327MB, Browser 132MB, Utility 69MB)
2026-08-29T17:24:12.067-04:00 info memory: 1350MB total (Tab 822MB, GPU 327MB, Browser 132MB, Utility 69MB)
2026-08-29T17:25:12.075-04:00 info memory: 1350MB total (Tab 822MB, GPU 327MB, Browser 132MB, Utility 69MB)
2026-08-29T17:26:12.090-04:00 info memory: 1350MB total (Tab 822MB, GPU 327MB, Browser 132MB, Utility 69MB)
2026-08-29T17:27:12.099-04:00 info memory: 1351MB total (Tab 823MB, GPU 327MB, Browser 132MB, Utility 69MB)
2026-08-29T17:28:12.104-04:00 info memory: 1350MB total (Tab 822MB, GPU 327MB, Browser 132MB, Utility 69MB)
2026-08-29T17:29:12.120-04:00 info memory: 1351MB total (Tab 822MB, GPU 327MB, Browser 132MB, Utility 69MB)
2026-08-29T17:30:12.121-04:00 info memory: 1350MB total (Tab 822MB, GPU 327MB, Browser 132MB, Utility 69MB)
2026-08-29T17:31:12.134-04:00 info memory: 1351MB total (Tab 822MB, GPU 327MB, Browser 132MB, Utility 69MB)
2026-08-29T17:32:12.148-04:00 info memory: 1346MB total (Tab 817MB, GPU 327MB, Browser 132MB, Utility 69MB)
2026-08-29T17:32:40.930-04:00 info layout 1920x1080 in a 1920x1079 window, scaled to 0.999
2026-08-29T17:32:41.448-04:00 info layout 1920x1080 in a 1920x1080 window, 1:1
2026-08-29T17:33:12.156-04:00 info memory: 1359MB total (Tab 829MB, GPU 328MB, Browser 132MB, Utility 69MB)
2026-08-29T17:34:12.167-04:00 info memory: 1358MB total (Tab 828MB, GPU 328MB, Browser 132MB, Utility 69MB)
2026-08-29T17:35:12.175-04:00 info memory: 1358MB total (Tab 828MB, GPU 328MB, Browser 132MB, Utility 69MB)
2026-08-29T17:36:12.188-04:00 info memory: 1358MB total (Tab 828MB, GPU 328MB, Browser 132MB, Utility 69MB)
2026-08-29T17:37:12.203-04:00 info memory: 1356MB total (Tab 826MB, GPU 328MB, Browser 133MB, Utility 69MB)
2026-08-29T17:38:12.219-04:00 info memory: 1352MB total (Tab 822MB, GPU 328MB, Browser 133MB, Utility 69MB)
2026-08-29T17:39:12.230-04:00 info memory: 1352MB total (Tab 822MB, GPU 328MB, Browser 133MB, Utility 69MB)
2026-08-29T17:40:12.245-04:00 info memory: 1352MB total (Tab 822MB, GPU 328MB, Browser 133MB, Utility 69MB)
2026-08-29T17:41:12.253-04:00 info memory: 1351MB total (Tab 822MB, GPU 328MB, Browser 132MB, Utility 69MB)
2026-08-29T17:42:12.269-04:00 info memory: 1352MB total (Tab 822MB, GPU 328MB, Browser 132MB, Utility 69MB)
2026-08-29T17:43:12.277-04:00 info memory: 1351MB total (Tab 822MB, GPU 328MB, Browser 132MB, Utility 69MB)
2026-08-29T17:44:12.280-04:00 info memory: 1351MB total (Tab 823MB, GPU 327MB, Browser 132MB, Utility 69MB)
2026-08-29T17:45:12.294-04:00 info memory: 1351MB total (Tab 822MB, GPU 327MB, Browser 132MB, Utility 69MB)
2026-08-29T17:46:12.304-04:00 info memory: 1351MB total (Tab 823MB, GPU 327MB, Browser 132MB, Utility 69MB)
2026-08-29T17:47:12.317-04:00 info memory: 1352MB total (Tab 823MB, GPU 327MB, Browser 132MB, Utility 69MB)
2026-08-29T17:48:12.322-04:00 info memory: 1351MB total (Tab 823MB, GPU 327MB, Browser 132MB, Utility 69MB)
2026-08-29T17:49:12.324-04:00 info memory: 1352MB total (Tab 823MB, GPU 327MB, Browser 132MB, Utility 69MB)
2026-08-29T17:50:12.328-04:00 info memory: 1352MB total (Tab 823MB, GPU 327MB, Browser 132MB, Utility 69MB)
2026-08-29T17:51:12.337-04:00 info memory: 1352MB total (Tab 823MB, GPU 327MB, Browser 132MB, Utility 69MB)
2026-08-29T17:52:12.346-04:00 info memory: 1352MB total (Tab 823MB, GPU 327MB, Browser 132MB, Utility 69MB)
2026-08-29T17:53:12.360-04:00 info memory: 1351MB total (Tab 823MB, GPU 327MB, Browser 132MB, Utility 69MB)
2026-08-29T17:54:12.376-04:00 info memory: 1351MB total (Tab 822MB, GPU 327MB, Browser 132MB, Utility 69MB)
2026-08-29T17:55:12.385-04:00 info memory: 1351MB total (Tab 822MB, GPU 327MB, Browser 132MB, Utility 69MB)
2026-08-29T17:56:12.398-04:00 info memory: 1351MB total (Tab 822MB, GPU 327MB, Browser 132MB, Utility 69MB)
2026-08-29T17:57:12.413-04:00 info memory: 1352MB total (Tab 823MB, GPU 327MB, Browser 132MB, Utility 69MB)
2026-08-29T17:58:12.428-04:00 info memory: 1351MB total (Tab 822MB, GPU 327MB, Browser 132MB, Utility 69MB)
2026-08-29T17:59:12.433-04:00 info memory: 1352MB total (Tab 823MB, GPU 327MB, Browser 132MB, Utility 69MB)
2026-08-29T18:00:12.444-04:00 info memory: 1352MB total (Tab 823MB, GPU 327MB, Browser 133MB, Utility 69MB)
2026-08-29T18:01:12.447-04:00 info memory: 1351MB total (Tab 822MB, GPU 327MB, Browser 133MB, Utility 69MB)
2026-08-29T18:02:12.460-04:00 info memory: 1393MB total (Tab 864MB, GPU 328MB, Browser 133MB, Utility 69MB)
2026-08-29T18:02:40.932-04:00 info layout 1920x1080 in a 1920x1079 window, scaled to 0.999
2026-08-29T18:02:41.459-04:00 info layout 1920x1080 in a 1920x1080 window, 1:1
2026-08-29T18:03:12.474-04:00 info memory: 1357MB total (Tab 827MB, GPU 328MB, Browser 132MB, Utility 69MB)
2026-08-29T18:04:12.486-04:00 info memory: 1357MB total (Tab 827MB, GPU 328MB, Browser 132MB, Utility 69MB)
2026-08-29T18:05:12.497-04:00 info memory: 1355MB total (Tab 826MB, GPU 328MB, Browser 132MB, Utility 69MB)
2026-08-29T18:06:12.509-04:00 info memory: 1355MB total (Tab 826MB, GPU 328MB, Browser 132MB, Utility 69MB)
2026-08-29T18:07:12.516-04:00 info memory: 1353MB total (Tab 824MB, GPU 328MB, Browser 132MB, Utility 69MB)
2026-08-29T18:08:12.522-04:00 info memory: 1350MB total (Tab 821MB, GPU 328MB, Browser 132MB, Utility 69MB)
2026-08-29T18:09:12.528-04:00 info memory: 1350MB total (Tab 821MB, GPU 328MB, Browser 132MB, Utility 69MB)
2026-08-29T18:10:12.536-04:00 info memory: 1350MB total (Tab 821MB, GPU 328MB, Browser 132MB, Utility 69MB)
2026-08-29T18:11:12.552-04:00 info memory: 1349MB total (Tab 820MB, GPU 328MB, Browser 132MB, Utility 69MB)
2026-08-29T18:12:12.563-04:00 info memory: 1349MB total (Tab 820MB, GPU 328MB, Browser 132MB, Utility 69MB)
2026-08-29T18:13:12.579-04:00 info memory: 1353MB total (Tab 820MB, GPU 332MB, Browser 132MB, Utility 69MB)
2026-08-29T18:14:12.590-04:00 info memory: 1349MB total (Tab 820MB, GPU 327MB, Browser 132MB, Utility 69MB)
2026-08-29T18:15:12.602-04:00 info memory: 1349MB total (Tab 821MB, GPU 327MB, Browser 132MB, Utility 69MB)
2026-08-29T18:16:12.616-04:00 info memory: 1349MB total (Tab 820MB, GPU 328MB, Browser 132MB, Utility 69MB)
2026-08-29T18:17:12.625-04:00 info memory: 1350MB total (Tab 821MB, GPU 328MB, Browser 132MB, Utility 69MB)
2026-08-29T18:18:12.633-04:00 info memory: 1349MB total (Tab 820MB, GPU 328MB, Browser 132MB, Utility 69MB)
2026-08-29T18:19:12.644-04:00 info memory: 1349MB total (Tab 820MB, GPU 327MB, Browser 133MB, Utility 69MB)
2026-08-29T18:20:12.657-04:00 info memory: 1350MB total (Tab 821MB, GPU 328MB, Browser 133MB, Utility 69MB)
2026-08-29T18:21:12.662-04:00 info memory: 1349MB total (Tab 820MB, GPU 328MB, Browser 133MB, Utility 69MB)
2026-08-29T18:22:12.665-04:00 info memory: 1350MB total (Tab 821MB, GPU 328MB, Browser 133MB, Utility 69MB)
2026-08-29T18:23:12.673-04:00 info memory: 1350MB total (Tab 821MB, GPU 328MB, Browser 133MB, Utility 69MB)
2026-08-29T18:24:12.680-04:00 info memory: 1350MB total (Tab 821MB, GPU 328MB, Browser 133MB, Utility 69MB)
2026-08-29T18:25:12.691-04:00 info memory: 1350MB total (Tab 822MB, GPU 328MB, Browser 132MB, Utility 69MB)
2026-08-29T18:26:12.695-04:00 info memory: 1350MB total (Tab 821MB, GPU 328MB, Browser 132MB, Utility 69MB)
2026-08-29T18:27:12.700-04:00 info memory: 1350MB total (Tab 822MB, GPU 328MB, Browser 132MB, Utility 69MB)
2026-08-29T18:28:12.709-04:00 info memory: 1350MB total (Tab 821MB, GPU 328MB, Browser 132MB, Utility 69MB)
2026-08-29T18:29:12.726-04:00 info memory: 1350MB total (Tab 821MB, GPU 328MB, Browser 132MB, Utility 69MB)
2026-08-29T18:30:12.730-04:00 info memory: 1350MB total (Tab 821MB, GPU 328MB, Browser 132MB, Utility 69MB)
2026-08-29T18:31:12.737-04:00 info memory: 1348MB total (Tab 819MB, GPU 328MB, Browser 132MB, Utility 69MB)
2026-08-29T18:32:12.745-04:00 info memory: 1345MB total (Tab 816MB, GPU 328MB, Browser 132MB, Utility 69MB)
2026-08-29T18:32:40.944-04:00 info layout 1920x1080 in a 1920x1079 window, scaled to 0.999
2026-08-29T18:32:41.477-04:00 info layout 1920x1080 in a 1920x1080 window, 1:1
2026-08-29T18:33:12.760-04:00 info memory: 1362MB total (Tab 829MB, GPU 331MB, Browser 132MB, Utility 69MB)
2026-08-29T18:34:12.776-04:00 info memory: 1358MB total (Tab 829MB, GPU 328MB, Browser 132MB, Utility 69MB)
2026-08-29T18:35:12.791-04:00 info memory: 1361MB total (Tab 827MB, GPU 332MB, Browser 132MB, Utility 69MB)
2026-08-29T18:36:12.798-04:00 info memory: 1358MB total (Tab 828MB, GPU 328MB, Browser 132MB, Utility 69MB)
2026-08-29T18:37:12.812-04:00 info memory: 1361MB total (Tab 827MB, GPU 332MB, Browser 132MB, Utility 69MB)
2026-08-29T18:38:12.818-04:00 info memory: 1354MB total (Tab 825MB, GPU 327MB, Browser 132MB, Utility 69MB)
2026-08-29T18:39:12.820-04:00 info memory: 1354MB total (Tab 825MB, GPU 328MB, Browser 133MB, Utility 69MB)
2026-08-29T18:40:12.829-04:00 info memory: 1354MB total (Tab 825MB, GPU 328MB, Browser 133MB, Utility 69MB)
2026-08-29T18:41:12.832-04:00 info memory: 1354MB total (Tab 825MB, GPU 327MB, Browser 133MB, Utility 69MB)
2026-08-29T18:42:12.845-04:00 info memory: 1354MB total (Tab 825MB, GPU 328MB, Browser 133MB, Utility 69MB)
2026-08-29T18:43:12.849-04:00 info memory: 1352MB total (Tab 823MB, GPU 327MB, Browser 133MB, Utility 69MB)
2026-08-29T18:44:12.865-04:00 info memory: 1351MB total (Tab 822MB, GPU 327MB, Browser 133MB, Utility 69MB)
2026-08-29T18:45:12.871-04:00 info memory: 1353MB total (Tab 824MB, GPU 328MB, Browser 133MB, Utility 69MB)
2026-08-29T18:46:12.875-04:00 info memory: 1351MB total (Tab 822MB, GPU 327MB, Browser 132MB, Utility 69MB)
2026-08-29T18:47:12.886-04:00 info memory: 1351MB total (Tab 823MB, GPU 328MB, Browser 132MB, Utility 69MB)
2026-08-29T18:48:12.890-04:00 info memory: 1351MB total (Tab 822MB, GPU 327MB, Browser 132MB, Utility 69MB)
2026-08-29T18:49:12.898-04:00 info memory: 1351MB total (Tab 823MB, GPU 327MB, Browser 132MB, Utility 69MB)
2026-08-29T18:50:12.904-04:00 info memory: 1352MB total (Tab 823MB, GPU 327MB, Browser 132MB, Utility 69MB)
2026-08-29T18:51:12.916-04:00 info memory: 1352MB total (Tab 823MB, GPU 327MB, Browser 132MB, Utility 69MB)
2026-08-29T18:52:12.919-04:00 info memory: 1352MB total (Tab 823MB, GPU 328MB, Browser 132MB, Utility 69MB)
2026-08-29T18:53:12.934-04:00 info memory: 1351MB total (Tab 823MB, GPU 327MB, Browser 132MB, Utility 69MB)
2026-08-29T18:54:12.939-04:00 info memory: 1352MB total (Tab 823MB, GPU 327MB, Browser 132MB, Utility 69MB)
2026-08-29T18:55:12.949-04:00 info memory: 1352MB total (Tab 823MB, GPU 327MB, Browser 132MB, Utility 69MB)
2026-08-29T18:56:12.957-04:00 info memory: 1351MB total (Tab 822MB, GPU 328MB, Browser 132MB, Utility 69MB)
2026-08-29T18:57:12.963-04:00 info memory: 1351MB total (Tab 822MB, GPU 327MB, Browser 132MB, Utility 69MB)
2026-08-29T18:58:12.965-04:00 info memory: 1351MB total (Tab 822MB, GPU 328MB, Browser 132MB, Utility 69MB)
2026-08-29T18:59:12.975-04:00 info memory: 1351MB total (Tab 823MB, GPU 327MB, Browser 132MB, Utility 69MB)
2026-08-29T19:00:12.986-04:00 info memory: 1351MB total (Tab 822MB, GPU 327MB, Browser 132MB, Utility 69MB)
2026-08-29T19:01:13.003-04:00 info memory: 1351MB total (Tab 822MB, GPU 327MB, Browser 132MB, Utility 69MB)
2026-08-29T19:02:13.015-04:00 info memory: 1358MB total (Tab 824MB, GPU 332MB, Browser 133MB, Utility 69MB)
2026-08-29T19:02:40.962-04:00 info layout 1920x1080 in a 1920x1079 window, scaled to 0.999
2026-08-29T19:02:41.478-04:00 info layout 1920x1080 in a 1920x1080 window, 1:1
2026-08-29T19:03:13.023-04:00 info memory: 1362MB total (Tab 832MB, GPU 328MB, Browser 133MB, Utility 69MB)
2026-08-29T19:04:13.033-04:00 info memory: 1357MB total (Tab 827MB, GPU 328MB, Browser 133MB, Utility 69MB)
2026-08-29T19:05:13.035-04:00 info memory: 1357MB total (Tab 827MB, GPU 328MB, Browser 133MB, Utility 69MB)
2026-08-29T19:06:13.048-04:00 info memory: 1357MB total (Tab 827MB, GPU 328MB, Browser 133MB, Utility 69MB)
2026-08-29T19:07:13.053-04:00 info memory: 1356MB total (Tab 826MB, GPU 328MB, Browser 133MB, Utility 69MB)
2026-08-29T19:08:13.068-04:00 info memory: 1353MB total (Tab 824MB, GPU 328MB, Browser 132MB, Utility 69MB)
2026-08-29T19:09:13.082-04:00 info memory: 1354MB total (Tab 821MB, GPU 331MB, Browser 132MB, Utility 69MB)
2026-08-29T19:10:13.096-04:00 info memory: 1351MB total (Tab 821MB, GPU 329MB, Browser 132MB, Utility 69MB)
2026-08-29T19:11:13.114-04:00 info memory: 1350MB total (Tab 821MB, GPU 328MB, Browser 132MB, Utility 69MB)
2026-08-29T19:12:13.125-04:00 info memory: 1351MB total (Tab 821MB, GPU 328MB, Browser 132MB, Utility 69MB)
2026-08-29T19:13:13.126-04:00 info memory: 1349MB total (Tab 820MB, GPU 328MB, Browser 132MB, Utility 69MB)
2026-08-29T19:14:13.139-04:00 info memory: 1353MB total (Tab 820MB, GPU 332MB, Browser 132MB, Utility 69MB)
2026-08-29T19:15:13.149-04:00 info memory: 1353MB total (Tab 820MB, GPU 332MB, Browser 132MB, Utility 69MB)
2026-08-29T19:16:13.161-04:00 info memory: 1348MB total (Tab 819MB, GPU 328MB, Browser 132MB, Utility 69MB)
2026-08-29T19:17:13.179-04:00 info memory: 1348MB total (Tab 819MB, GPU 328MB, Browser 132MB, Utility 69MB)
2026-08-29T19:18:13.180-04:00 info memory: 1349MB total (Tab 820MB, GPU 328MB, Browser 132MB, Utility 69MB)
2026-08-29T19:19:13.186-04:00 info memory: 1349MB total (Tab 820MB, GPU 328MB, Browser 132MB, Utility 69MB)
2026-08-29T19:20:13.199-04:00 info memory: 1350MB total (Tab 821MB, GPU 328MB, Browser 132MB, Utility 69MB)
2026-08-29T19:21:13.212-04:00 info memory: 1349MB total (Tab 820MB, GPU 328MB, Browser 132MB, Utility 69MB)
2026-08-29T19:22:13.224-04:00 info memory: 1348MB total (Tab 819MB, GPU 328MB, Browser 132MB, Utility 69MB)
2026-08-29T19:23:13.237-04:00 info memory: 1349MB total (Tab 820MB, GPU 327MB, Browser 133MB, Utility 69MB)
2026-08-29T19:24:13.249-04:00 info memory: 1349MB total (Tab 820MB, GPU 328MB, Browser 133MB, Utility 69MB)
2026-08-29T19:25:13.253-04:00 info memory: 1350MB total (Tab 821MB, GPU 327MB, Browser 133MB, Utility 69MB)
2026-08-29T19:26:13.255-04:00 info memory: 1349MB total (Tab 820MB, GPU 327MB, Browser 133MB, Utility 69MB)
2026-08-29T19:27:13.266-04:00 info memory: 1349MB total (Tab 820MB, GPU 327MB, Browser 133MB, Utility 69MB)
2026-08-29T19:28:13.270-04:00 info memory: 1350MB total (Tab 820MB, GPU 328MB, Browser 133MB, Utility 69MB)
2026-08-29T19:29:13.283-04:00 info memory: 1349MB total (Tab 820MB, GPU 328MB, Browser 133MB, Utility 69MB)
2026-08-29T19:30:13.287-04:00 info memory: 1350MB total (Tab 821MB, GPU 328MB, Browser 132MB, Utility 69MB)
2026-08-29T19:31:13.300-04:00 info memory: 1350MB total (Tab 821MB, GPU 328MB, Browser 132MB, Utility 69MB)
2026-08-29T19:32:13.310-04:00 info memory: 1352MB total (Tab 823MB, GPU 328MB, Browser 132MB, Utility 69MB)
2026-08-29T19:32:40.982-04:00 info layout 1920x1080 in a 1920x1079 window, scaled to 0.999
2026-08-29T19:32:41.489-04:00 info layout 1920x1080 in a 1920x1080 window, 1:1
2026-08-29T19:33:13.324-04:00 info memory: 1363MB total (Tab 829MB, GPU 332MB, Browser 132MB, Utility 69MB)
2026-08-29T19:34:13.331-04:00 info memory: 1355MB total (Tab 826MB, GPU 328MB, Browser 132MB, Utility 69MB)
2026-08-29T19:35:13.345-04:00 info memory: 1355MB total (Tab 826MB, GPU 328MB, Browser 132MB, Utility 69MB)
2026-08-29T19:36:13.350-04:00 info memory: 1356MB total (Tab 826MB, GPU 329MB, Browser 132MB, Utility 69MB)
2026-08-29T19:37:13.352-04:00 info memory: 1358MB total (Tab 825MB, GPU 332MB, Browser 132MB, Utility 69MB)
2026-08-29T19:38:13.356-04:00 info memory: 1353MB total (Tab 823MB, GPU 329MB, Browser 132MB, Utility 69MB)
2026-08-29T19:39:13.366-04:00 info memory: 1356MB total (Tab 823MB, GPU 332MB, Browser 132MB, Utility 69MB)
2026-08-29T19:40:13.376-04:00 info memory: 1357MB total (Tab 823MB, GPU 332MB, Browser 132MB, Utility 69MB)
2026-08-29T19:41:13.386-04:00 info memory: 1353MB total (Tab 823MB, GPU 328MB, Browser 132MB, Utility 69MB)
2026-08-29T19:42:13.402-04:00 info memory: 1357MB total (Tab 823MB, GPU 332MB, Browser 132MB, Utility 69MB)
2026-08-29T19:43:13.413-04:00 info memory: 1353MB total (Tab 824MB, GPU 328MB, Browser 132MB, Utility 69MB)
2026-08-29T19:44:13.418-04:00 info memory: 1354MB total (Tab 821MB, GPU 331MB, Browser 132MB, Utility 69MB)
2026-08-29T19:45:13.423-04:00 info memory: 1355MB total (Tab 821MB, GPU 332MB, Browser 133MB, Utility 69MB)
2026-08-29T19:46:13.434-04:00 info memory: 1350MB total (Tab 821MB, GPU 327MB, Browser 133MB, Utility 69MB)
2026-08-29T19:47:13.450-04:00 info memory: 1350MB total (Tab 820MB, GPU 328MB, Browser 133MB, Utility 69MB)
2026-08-29T19:48:13.457-04:00 info memory: 1350MB total (Tab 821MB, GPU 327MB, Browser 133MB, Utility 69MB)
2026-08-29T19:49:13.458-04:00 info memory: 1350MB total (Tab 821MB, GPU 327MB, Browser 133MB, Utility 69MB)
2026-08-29T19:50:13.461-04:00 info memory: 1350MB total (Tab 821MB, GPU 328MB, Browser 133MB, Utility 69MB)
2026-08-29T19:51:13.468-04:00 info memory: 1349MB total (Tab 820MB, GPU 328MB, Browser 133MB, Utility 69MB)
2026-08-29T19:52:13.480-04:00 info memory: 1349MB total (Tab 821MB, GPU 327MB, Browser 132MB, Utility 69MB)
2026-08-29T19:53:13.487-04:00 info memory: 1349MB total (Tab 820MB, GPU 328MB, Browser 132MB, Utility 69MB)
2026-08-29T19:54:13.499-04:00 info memory: 1350MB total (Tab 821MB, GPU 328MB, Browser 132MB, Utility 69MB)
2026-08-29T19:55:13.509-04:00 info memory: 1349MB total (Tab 820MB, GPU 327MB, Browser 132MB, Utility 69MB)
2026-08-29T19:56:13.515-04:00 info memory: 1349MB total (Tab 820MB, GPU 327MB, Browser 132MB, Utility 69MB)
2026-08-29T19:57:13.528-04:00 info memory: 1349MB total (Tab 820MB, GPU 327MB, Browser 132MB, Utility 69MB)
2026-08-29T19:58:13.531-04:00 info memory: 1349MB total (Tab 820MB, GPU 327MB, Browser 132MB, Utility 69MB)
2026-08-29T19:59:13.546-04:00 info memory: 1349MB total (Tab 820MB, GPU 327MB, Browser 132MB, Utility 69MB)
2026-08-29T20:00:13.554-04:00 info memory: 1350MB total (Tab 821MB, GPU 327MB, Browser 132MB, Utility 69MB)
2026-08-29T20:01:13.566-04:00 info memory: 1349MB total (Tab 820MB, GPU 327MB, Browser 132MB, Utility 69MB)
2026-08-29T20:02:13.574-04:00 info memory: 1346MB total (Tab 816MB, GPU 329MB, Browser 132MB, Utility 69MB)
2026-08-29T20:02:40.973-04:00 info layout 1920x1080 in a 1920x1079 window, scaled to 0.999
2026-08-29T20:02:41.470-04:00 info layout 1920x1080 in a 1920x1080 window, 1:1
2026-08-29T20:03:13.589-04:00 info memory: 1360MB total (Tab 827MB, GPU 332MB, Browser 132MB, Utility 69MB)
2026-08-29T20:04:13.598-04:00 info memory: 1358MB total (Tab 828MB, GPU 328MB, Browser 132MB, Utility 69MB)
2026-08-29T20:05:13.600-04:00 info memory: 1358MB total (Tab 828MB, GPU 328MB, Browser 133MB, Utility 69MB)
2026-08-29T20:06:13.611-04:00 info memory: 1357MB total (Tab 827MB, GPU 328MB, Browser 133MB, Utility 69MB)
2026-08-29T20:07:13.627-04:00 info memory: 1357MB total (Tab 827MB, GPU 328MB, Browser 133MB, Utility 69MB)
2026-08-29T20:08:13.642-04:00 info memory: 1354MB total (Tab 824MB, GPU 328MB, Browser 133MB, Utility 69MB)
2026-08-29T20:09:13.652-04:00 info memory: 1353MB total (Tab 823MB, GPU 328MB, Browser 133MB, Utility 69MB)
2026-08-29T20:10:13.664-04:00 info memory: 1358MB total (Tab 824MB, GPU 332MB, Browser 133MB, Utility 69MB)
2026-08-29T20:11:13.677-04:00 info memory: 1357MB total (Tab 824MB, GPU 332MB, Browser 133MB, Utility 69MB)
2026-08-29T20:12:13.682-04:00 info memory: 1354MB total (Tab 824MB, GPU 329MB, Browser 133MB, Utility 69MB)
2026-08-29T20:13:13.688-04:00 info memory: 1356MB total (Tab 822MB, GPU 332MB, Browser 133MB, Utility 69MB)
2026-08-29T20:14:13.701-04:00 info memory: 1355MB total (Tab 821MB, GPU 332MB, Browser 132MB, Utility 69MB)
2026-08-29T20:15:13.710-04:00 info memory: 1356MB total (Tab 822MB, GPU 333MB, Browser 132MB, Utility 69MB)
2026-08-29T20:16:13.725-04:00 info memory: 1350MB total (Tab 821MB, GPU 328MB, Browser 132MB, Utility 69MB)
2026-08-29T20:17:13.735-04:00 info memory: 1354MB total (Tab 821MB, GPU 332MB, Browser 132MB, Utility 69MB)
2026-08-29T20:18:13.740-04:00 info memory: 1354MB total (Tab 821MB, GPU 332MB, Browser 132MB, Utility 69MB)
2026-08-29T20:19:13.757-04:00 info memory: 1355MB total (Tab 821MB, GPU 332MB, Browser 132MB, Utility 69MB)
2026-08-29T20:20:13.768-04:00 info memory: 1355MB total (Tab 822MB, GPU 332MB, Browser 132MB, Utility 69MB)
2026-08-29T20:21:13.777-04:00 info memory: 1355MB total (Tab 822MB, GPU 332MB, Browser 132MB, Utility 69MB)
2026-08-29T20:22:13.793-04:00 info memory: 1356MB total (Tab 822MB, GPU 332MB, Browser 132MB, Utility 69MB)
2026-08-29T20:23:13.807-04:00 info memory: 1354MB total (Tab 821MB, GPU 332MB, Browser 132MB, Utility 69MB)
2026-08-29T20:24:13.819-04:00 info memory: 1351MB total (Tab 821MB, GPU 328MB, Browser 132MB, Utility 69MB)
2026-08-29T20:25:13.834-04:00 info memory: 1357MB total (Tab 822MB, GPU 333MB, Browser 132MB, Utility 69MB)
2026-08-29T20:26:13.847-04:00 info memory: 1355MB total (Tab 822MB, GPU 332MB, Browser 132MB, Utility 69MB)
2026-08-29T20:27:13.857-04:00 info memory: 1352MB total (Tab 822MB, GPU 328MB, Browser 132MB, Utility 69MB)
2026-08-29T20:28:13.864-04:00 info memory: 1351MB total (Tab 822MB, GPU 328MB, Browser 133MB, Utility 69MB)
2026-08-29T20:29:13.877-04:00 info memory: 1352MB total (Tab 823MB, GPU 328MB, Browser 133MB, Utility 69MB)
2026-08-29T20:30:13.884-04:00 info memory: 1352MB total (Tab 823MB, GPU 327MB, Browser 133MB, Utility 69MB)
2026-08-29T20:31:13.894-04:00 info memory: 1352MB total (Tab 822MB, GPU 328MB, Browser 133MB, Utility 69MB)
2026-08-29T20:32:13.906-04:00 info memory: 1360MB total (Tab 826MB, GPU 332MB, Browser 133MB, Utility 69MB)
2026-08-29T20:32:40.981-04:00 info layout 1920x1080 in a 1920x1079 window, scaled to 0.999
2026-08-29T20:32:41.505-04:00 info layout 1920x1080 in a 1920x1080 window, 1:1
2026-08-29T20:33:13.920-04:00 info memory: 1356MB total (Tab 822MB, GPU 333MB, Browser 133MB, Utility 69MB)
2026-08-29T20:34:13.932-04:00 info memory: 1357MB total (Tab 826MB, GPU 328MB, Browser 133MB, Utility 69MB)
2026-08-29T20:35:13.946-04:00 info memory: 1355MB total (Tab 826MB, GPU 328MB, Browser 132MB, Utility 69MB)
2026-08-29T20:36:13.963-04:00 info memory: 1356MB total (Tab 826MB, GPU 328MB, Browser 132MB, Utility 69MB)
2026-08-29T20:37:13.981-04:00 info memory: 1360MB total (Tab 826MB, GPU 332MB, Browser 132MB, Utility 69MB)
2026-08-29T20:38:13.988-04:00 info memory: 1353MB total (Tab 823MB, GPU 328MB, Browser 132MB, Utility 69MB)
2026-08-29T20:39:14.005-04:00 info memory: 1354MB total (Tab 824MB, GPU 329MB, Browser 132MB, Utility 69MB)
2026-08-29T20:40:14.019-04:00 info memory: 1352MB total (Tab 822MB, GPU 328MB, Browser 132MB, Utility 69MB)
2026-08-29T20:41:14.031-04:00 info memory: 1352MB total (Tab 823MB, GPU 328MB, Browser 132MB, Utility 69MB)
2026-08-29T20:42:14.039-04:00 info memory: 1352MB total (Tab 823MB, GPU 328MB, Browser 132MB, Utility 69MB)
2026-08-29T20:43:14.044-04:00 info memory: 1350MB total (Tab 821MB, GPU 328MB, Browser 132MB, Utility 69MB)
2026-08-29T20:44:14.048-04:00 info memory: 1351MB total (Tab 822MB, GPU 328MB, Browser 132MB, Utility 69MB)
2026-08-29T20:45:14.057-04:00 info memory: 1351MB total (Tab 821MB, GPU 328MB, Browser 133MB, Utility 69MB)
2026-08-29T20:46:14.070-04:00 info memory: 1351MB total (Tab 822MB, GPU 328MB, Browser 133MB, Utility 69MB)
2026-08-29T20:47:14.085-04:00 info memory: 1351MB total (Tab 822MB, GPU 328MB, Browser 133MB, Utility 69MB)
2026-08-29T20:48:14.101-04:00 info memory: 1352MB total (Tab 822MB, GPU 328MB, Browser 133MB, Utility 69MB)
2026-08-29T20:49:14.110-04:00 info memory: 1352MB total (Tab 822MB, GPU 328MB, Browser 133MB, Utility 69MB)
2026-08-29T20:50:14.127-04:00 info memory: 1352MB total (Tab 822MB, GPU 328MB, Browser 133MB, Utility 69MB)
2026-08-29T20:51:14.137-04:00 info memory: 1353MB total (Tab 823MB, GPU 328MB, Browser 133MB, Utility 69MB)
2026-08-29T20:52:14.140-04:00 info memory: 1352MB total (Tab 822MB, GPU 328MB, Browser 133MB, Utility 69MB)
2026-08-29T20:53:14.148-04:00 info memory: 1351MB total (Tab 821MB, GPU 328MB, Browser 133MB, Utility 69MB)
2026-08-29T20:54:14.163-04:00 info memory: 1351MB total (Tab 821MB, GPU 328MB, Browser 133MB, Utility 69MB)
2026-08-29T20:55:14.166-04:00 info memory: 1351MB total (Tab 821MB, GPU 328MB, Browser 133MB, Utility 69MB)
2026-08-29T20:56:14.175-04:00 info memory: 1351MB total (Tab 821MB, GPU 328MB, Browser 133MB, Utility 69MB)
2026-08-29T20:57:14.189-04:00 info memory: 1351MB total (Tab 821MB, GPU 328MB, Browser 133MB, Utility 69MB)
2026-08-29T20:58:14.203-04:00 info memory: 1349MB total (Tab 820MB, GPU 328MB, Browser 132MB, Utility 69MB)
2026-08-29T20:59:14.217-04:00 info memory: 1350MB total (Tab 821MB, GPU 328MB, Browser 132MB, Utility 69MB)
2026-08-29T21:00:14.231-04:00 info memory: 1350MB total (Tab 821MB, GPU 328MB, Browser 132MB, Utility 69MB)
2026-08-29T21:01:14.234-04:00 info memory: 1351MB total (Tab 821MB, GPU 328MB, Browser 132MB, Utility 69MB)
2026-08-29T21:02:14.249-04:00 info memory: 1357MB total (Tab 823MB, GPU 333MB, Browser 132MB, Utility 69MB)
2026-08-29T21:02:40.998-04:00 info layout 1920x1080 in a 1920x1079 window, scaled to 0.999
2026-08-29T21:02:41.518-04:00 info layout 1920x1080 in a 1920x1080 window, 1:1
2026-08-29T21:03:14.253-04:00 info memory: 1363MB total (Tab 828MB, GPU 333MB, Browser 132MB, Utility 69MB)
2026-08-29T21:04:14.262-04:00 info memory: 1357MB total (Tab 827MB, GPU 329MB, Browser 132MB, Utility 69MB)
2026-08-29T21:05:14.276-04:00 info memory: 1357MB total (Tab 827MB, GPU 329MB, Browser 132MB, Utility 69MB)
2026-08-29T21:06:14.288-04:00 info memory: 1357MB total (Tab 827MB, GPU 329MB, Browser 132MB, Utility 69MB)
2026-08-29T21:07:14.291-04:00 info memory: 1357MB total (Tab 826MB, GPU 329MB, Browser 132MB, Utility 69MB)
2026-08-29T21:08:14.305-04:00 info memory: 1354MB total (Tab 824MB, GPU 329MB, Browser 133MB, Utility 69MB)
2026-08-29T21:09:14.311-04:00 info memory: 1354MB total (Tab 823MB, GPU 329MB, Browser 133MB, Utility 69MB)
2026-08-29T21:10:14.324-04:00 info memory: 1354MB total (Tab 824MB, GPU 329MB, Browser 133MB, Utility 69MB)
2026-08-29T21:11:14.340-04:00 info memory: 1353MB total (Tab 823MB, GPU 329MB, Browser 133MB, Utility 69MB)
2026-08-29T21:12:14.350-04:00 info memory: 1352MB total (Tab 821MB, GPU 329MB, Browser 133MB, Utility 69MB)
2026-08-29T21:13:14.352-04:00 info memory: 1352MB total (Tab 822MB, GPU 328MB, Browser 133MB, Utility 69MB)
2026-08-29T21:14:14.364-04:00 info memory: 1352MB total (Tab 822MB, GPU 328MB, Browser 133MB, Utility 69MB)
2026-08-29T21:15:14.371-04:00 info memory: 1352MB total (Tab 822MB, GPU 328MB, Browser 133MB, Utility 69MB)
2026-08-29T21:16:14.380-04:00 info memory: 1352MB total (Tab 822MB, GPU 328MB, Browser 133MB, Utility 69MB)
2026-08-29T21:17:14.390-04:00 info memory: 1351MB total (Tab 821MB, GPU 328MB, Browser 133MB, Utility 69MB)
2026-08-29T21:18:14.402-04:00 info memory: 1352MB total (Tab 822MB, GPU 328MB, Browser 133MB, Utility 69MB)
2026-08-29T21:19:14.416-04:00 info memory: 1351MB total (Tab 821MB, GPU 328MB, Browser 133MB, Utility 69MB)
2026-08-29T21:20:14.416-04:00 info memory: 1350MB total (Tab 821MB, GPU 328MB, Browser 132MB, Utility 69MB)
2026-08-29T21:21:14.432-04:00 info memory: 1350MB total (Tab 821MB, GPU 328MB, Browser 132MB, Utility 69MB)
2026-08-29T21:22:14.441-04:00 info memory: 1351MB total (Tab 821MB, GPU 328MB, Browser 132MB, Utility 69MB)
2026-08-29T21:23:14.457-04:00 info memory: 1351MB total (Tab 821MB, GPU 328MB, Browser 132MB, Utility 69MB)
2026-08-29T21:24:14.466-04:00 info memory: 1351MB total (Tab 821MB, GPU 328MB, Browser 132MB, Utility 69MB)
2026-08-29T21:25:14.474-04:00 info memory: 1351MB total (Tab 821MB, GPU 328MB, Browser 132MB, Utility 69MB)
2026-08-29T21:26:14.482-04:00 info memory: 1350MB total (Tab 820MB, GPU 328MB, Browser 132MB, Utility 69MB)
2026-08-29T21:27:14.496-04:00 info memory: 1350MB total (Tab 821MB, GPU 328MB, Browser 133MB, Utility 69MB)
2026-08-29T21:28:14.511-04:00 info memory: 1350MB total (Tab 821MB, GPU 328MB, Browser 133MB, Utility 69MB)
2026-08-29T21:29:14.526-04:00 info memory: 1351MB total (Tab 821MB, GPU 328MB, Browser 133MB, Utility 69MB)
2026-08-29T21:30:14.535-04:00 info memory: 1351MB total (Tab 821MB, GPU 328MB, Browser 133MB, Utility 69MB)
2026-08-29T21:31:14.548-04:00 info memory: 1351MB total (Tab 821MB, GPU 328MB, Browser 133MB, Utility 69MB)
2026-08-29T21:32:14.556-04:00 info memory: 1355MB total (Tab 825MB, GPU 328MB, Browser 133MB, Utility 69MB)
2026-08-29T21:32:41.006-04:00 info layout 1920x1080 in a 1920x1079 window, scaled to 0.999
2026-08-29T21:32:41.522-04:00 info layout 1920x1080 in a 1920x1080 window, 1:1
2026-08-29T21:33:14.564-04:00 info memory: 1366MB total (Tab 831MB, GPU 333MB, Browser 133MB, Utility 69MB)
2026-08-29T21:34:14.572-04:00 info memory: 1359MB total (Tab 828MB, GPU 329MB, Browser 133MB, Utility 69MB)
2026-08-29T21:35:14.585-04:00 info memory: 1357MB total (Tab 827MB, GPU 329MB, Browser 133MB, Utility 69MB)
2026-08-29T21:36:14.599-04:00 info memory: 1357MB total (Tab 826MB, GPU 329MB, Browser 133MB, Utility 69MB)
2026-08-29T21:37:14.610-04:00 info memory: 1361MB total (Tab 826MB, GPU 333MB, Browser 133MB, Utility 69MB)
2026-08-29T21:38:14.620-04:00 info memory: 1352MB total (Tab 821MB, GPU 328MB, Browser 133MB, Utility 69MB)
2026-08-29T21:39:14.635-04:00 info memory: 1352MB total (Tab 821MB, GPU 328MB, Browser 133MB, Utility 69MB)
2026-08-29T21:40:14.636-04:00 info memory: 1352MB total (Tab 822MB, GPU 328MB, Browser 133MB, Utility 69MB)
2026-08-29T21:41:14.647-04:00 info memory: 1351MB total (Tab 822MB, GPU 328MB, Browser 132MB, Utility 69MB)
2026-08-29T21:42:14.657-04:00 info memory: 1352MB total (Tab 822MB, GPU 328MB, Browser 132MB, Utility 69MB)
2026-08-29T21:43:14.665-04:00 info memory: 1352MB total (Tab 822MB, GPU 328MB, Browser 132MB, Utility 69MB)
2026-08-29T21:44:14.680-04:00 info memory: 1351MB total (Tab 821MB, GPU 328MB, Browser 132MB, Utility 69MB)
2026-08-29T21:45:14.695-04:00 info memory: 1351MB total (Tab 821MB, GPU 328MB, Browser 132MB, Utility 69MB)
2026-08-29T21:46:14.701-04:00 info memory: 1351MB total (Tab 821MB, GPU 328MB, Browser 132MB, Utility 69MB)
2026-08-29T21:47:14.708-04:00 info memory: 1351MB total (Tab 822MB, GPU 328MB, Browser 132MB, Utility 69MB)
2026-08-29T21:48:14.709-04:00 info memory: 1351MB total (Tab 822MB, GPU 328MB, Browser 132MB, Utility 69MB)
2026-08-29T21:49:14.715-04:00 info memory: 1351MB total (Tab 822MB, GPU 328MB, Browser 133MB, Utility 69MB)
2026-08-29T21:50:14.720-04:00 info memory: 1352MB total (Tab 822MB, GPU 328MB, Browser 133MB, Utility 69MB)
2026-08-29T21:51:14.724-04:00 info memory: 1352MB total (Tab 822MB, GPU 328MB, Browser 133MB, Utility 69MB)
2026-08-29T21:52:14.729-04:00 info memory: 1352MB total (Tab 822MB, GPU 328MB, Browser 133MB, Utility 69MB)
2026-08-29T21:53:14.732-04:00 info memory: 1352MB total (Tab 822MB, GPU 328MB, Browser 133MB, Utility 69MB)
2026-08-29T21:54:14.735-04:00 info memory: 1352MB total (Tab 822MB, GPU 328MB, Browser 133MB, Utility 69MB)
2026-08-29T21:55:14.747-04:00 info memory: 1352MB total (Tab 822MB, GPU 328MB, Browser 133MB, Utility 69MB)
2026-08-29T21:56:14.750-04:00 info memory: 1352MB total (Tab 822MB, GPU 328MB, Browser 133MB, Utility 69MB)
2026-08-29T21:57:14.760-04:00 info memory: 1352MB total (Tab 822MB, GPU 328MB, Browser 133MB, Utility 69MB)
2026-08-29T21:58:14.770-04:00 info memory: 1352MB total (Tab 822MB, GPU 328MB, Browser 133MB, Utility 69MB)
2026-08-29T21:59:14.784-04:00 info memory: 1353MB total (Tab 822MB, GPU 329MB, Browser 133MB, Utility 69MB)
2026-08-29T22:00:14.791-04:00 info memory: 1351MB total (Tab 821MB, GPU 328MB, Browser 133MB, Utility 69MB)
2026-08-29T22:01:14.795-04:00 info memory: 1350MB total (Tab 820MB, GPU 329MB, Browser 133MB, Utility 69MB)
2026-08-29T22:02:14.812-04:00 info memory: 1346MB total (Tab 815MB, GPU 329MB, Browser 133MB, Utility 69MB)
2026-08-29T22:02:41.016-04:00 info layout 1920x1080 in a 1920x1079 window, scaled to 0.999
2026-08-29T22:02:41.546-04:00 info layout 1920x1080 in a 1920x1080 window, 1:1
2026-08-29T22:03:14.822-04:00 info memory: 1358MB total (Tab 823MB, GPU 333MB, Browser 132MB, Utility 69MB)
2026-08-29T22:04:14.837-04:00 info memory: 1356MB total (Tab 826MB, GPU 329MB, Browser 132MB, Utility 69MB)
2026-08-29T22:05:14.846-04:00 info memory: 1357MB total (Tab 826MB, GPU 329MB, Browser 132MB, Utility 69MB)
2026-08-29T22:06:14.862-04:00 info memory: 1361MB total (Tab 827MB, GPU 333MB, Browser 132MB, Utility 69MB)
2026-08-29T22:07:14.867-04:00 info memory: 1355MB total (Tab 825MB, GPU 329MB, Browser 132MB, Utility 69MB)
2026-08-29T22:08:14.874-04:00 info memory: 1351MB total (Tab 821MB, GPU 329MB, Browser 132MB, Utility 69MB)
2026-08-29T22:09:14.879-04:00 info memory: 1351MB total (Tab 821MB, GPU 329MB, Browser 132MB, Utility 69MB)
2026-08-29T22:10:14.890-04:00 info memory: 1352MB total (Tab 821MB, GPU 329MB, Browser 133MB, Utility 69MB)
2026-08-29T22:11:14.907-04:00 info memory: 1352MB total (Tab 822MB, GPU 329MB, Browser 133MB, Utility 69MB)
2026-08-29T22:12:14.920-04:00 info memory: 1352MB total (Tab 821MB, GPU 329MB, Browser 133MB, Utility 69MB)
2026-08-29T22:13:14.923-04:00 info memory: 1352MB total (Tab 822MB, GPU 328MB, Browser 133MB, Utility 69MB)
2026-08-29T22:14:14.934-04:00 info memory: 1352MB total (Tab 821MB, GPU 328MB, Browser 133MB, Utility 69MB)
2026-08-29T22:15:14.950-04:00 info memory: 1352MB total (Tab 822MB, GPU 328MB, Browser 133MB, Utility 69MB)
2026-08-29T22:16:14.960-04:00 info memory: 1352MB total (Tab 821MB, GPU 328MB, Browser 133MB, Utility 69MB)
2026-08-29T22:17:14.970-04:00 info memory: 1352MB total (Tab 822MB, GPU 329MB, Browser 133MB, Utility 69MB)
2026-08-29T22:18:14.972-04:00 info memory: 1352MB total (Tab 821MB, GPU 328MB, Browser 133MB, Utility 69MB)
2026-08-29T22:19:14.987-04:00 info memory: 1351MB total (Tab 821MB, GPU 328MB, Browser 133MB, Utility 69MB)
2026-08-29T22:20:14.996-04:00 info memory: 1352MB total (Tab 822MB, GPU 329MB, Browser 133MB, Utility 69MB)
2026-08-29T22:21:15.005-04:00 info memory: 1352MB total (Tab 822MB, GPU 328MB, Browser 133MB, Utility 69MB)
2026-08-29T22:22:15.017-04:00 info memory: 1352MB total (Tab 822MB, GPU 329MB, Browser 133MB, Utility 69MB)
2026-08-29T22:23:15.021-04:00 info memory: 1353MB total (Tab 822MB, GPU 329MB, Browser 133MB, Utility 69MB)
2026-08-29T22:24:15.033-04:00 info memory: 1352MB total (Tab 822MB, GPU 329MB, Browser 133MB, Utility 69MB)
2026-08-29T22:25:15.042-04:00 info memory: 1352MB total (Tab 822MB, GPU 329MB, Browser 132MB, Utility 69MB)
2026-08-29T22:26:15.048-04:00 info memory: 1352MB total (Tab 822MB, GPU 329MB, Browser 132MB, Utility 69MB)
2026-08-29T22:27:15.054-04:00 info memory: 1351MB total (Tab 821MB, GPU 329MB, Browser 132MB, Utility 69MB)
2026-08-29T22:28:15.061-04:00 info memory: 1351MB total (Tab 821MB, GPU 329MB, Browser 132MB, Utility 69MB)
2026-08-29T22:29:15.076-04:00 info memory: 1351MB total (Tab 821MB, GPU 329MB, Browser 132MB, Utility 69MB)
2026-08-29T22:30:15.090-04:00 info memory: 1352MB total (Tab 822MB, GPU 329MB, Browser 132MB, Utility 69MB)
2026-08-29T22:31:15.093-04:00 info memory: 1351MB total (Tab 821MB, GPU 328MB, Browser 132MB, Utility 69MB)
2026-08-29T22:32:15.096-04:00 info memory: 1364MB total (Tab 833MB, GPU 329MB, Browser 133MB, Utility 69MB)
2026-08-29T22:32:41.044-04:00 info layout 1920x1080 in a 1920x1079 window, scaled to 0.999
2026-08-29T22:32:41.549-04:00 info layout 1920x1080 in a 1920x1080 window, 1:1
2026-08-29T22:33:15.101-04:00 info memory: 1375MB total (Tab 844MB, GPU 330MB, Browser 133MB, Utility 69MB)
2026-08-29T22:34:15.113-04:00 info memory: 1364MB total (Tab 832MB, GPU 329MB, Browser 133MB, Utility 69MB)
2026-08-29T22:35:15.122-04:00 info memory: 1364MB total (Tab 833MB, GPU 329MB, Browser 133MB, Utility 69MB)
2026-08-29T22:36:15.127-04:00 info memory: 1363MB total (Tab 832MB, GPU 329MB, Browser 133MB, Utility 69MB)
2026-08-29T22:37:15.129-04:00 info memory: 1361MB total (Tab 830MB, GPU 329MB, Browser 133MB, Utility 69MB)
2026-08-29T22:38:15.137-04:00 info memory: 1358MB total (Tab 827MB, GPU 329MB, Browser 133MB, Utility 69MB)
2026-08-29T22:39:15.147-04:00 info memory: 1359MB total (Tab 827MB, GPU 329MB, Browser 133MB, Utility 69MB)
2026-08-29T22:40:15.160-04:00 info memory: 1359MB total (Tab 828MB, GPU 329MB, Browser 133MB, Utility 69MB)
2026-08-29T22:41:15.171-04:00 info memory: 1358MB total (Tab 827MB, GPU 329MB, Browser 133MB, Utility 69MB)
2026-08-29T22:42:15.186-04:00 info memory: 1358MB total (Tab 827MB, GPU 329MB, Browser 133MB, Utility 69MB)
2026-08-29T22:43:15.202-04:00 info memory: 1358MB total (Tab 827MB, GPU 329MB, Browser 133MB, Utility 69MB)
2026-08-29T22:44:15.212-04:00 info memory: 1362MB total (Tab 827MB, GPU 333MB, Browser 133MB, Utility 69MB)
2026-08-29T22:45:15.216-04:00 info memory: 1363MB total (Tab 827MB, GPU 333MB, Browser 133MB, Utility 69MB)
2026-08-29T22:46:15.233-04:00 info memory: 1361MB total (Tab 827MB, GPU 333MB, Browser 132MB, Utility 69MB)
2026-08-29T22:47:15.239-04:00 info memory: 1358MB total (Tab 827MB, GPU 329MB, Browser 132MB, Utility 69MB)
2026-08-29T22:48:15.247-04:00 info memory: 1360MB total (Tab 826MB, GPU 333MB, Browser 133MB, Utility 69MB)
2026-08-29T22:49:15.261-04:00 info memory: 1358MB total (Tab 824MB, GPU 333MB, Browser 133MB, Utility 69MB)
2026-08-29T22:50:15.277-04:00 info memory: 1359MB total (Tab 824MB, GPU 333MB, Browser 133MB, Utility 69MB)
2026-08-29T22:51:15.281-04:00 info memory: 1355MB total (Tab 824MB, GPU 329MB, Browser 133MB, Utility 69MB)
2026-08-29T22:52:15.291-04:00 info memory: 1356MB total (Tab 825MB, GPU 329MB, Browser 133MB, Utility 69MB)
2026-08-29T22:53:15.305-04:00 info memory: 1355MB total (Tab 824MB, GPU 329MB, Browser 133MB, Utility 69MB)
2026-08-29T22:54:15.314-04:00 info memory: 1355MB total (Tab 825MB, GPU 329MB, Browser 133MB, Utility 69MB)
2026-08-29T22:55:15.322-04:00 info memory: 1354MB total (Tab 824MB, GPU 329MB, Browser 133MB, Utility 69MB)
2026-08-29T22:56:15.331-04:00 info memory: 1355MB total (Tab 824MB, GPU 329MB, Browser 133MB, Utility 69MB)
2026-08-29T22:57:15.343-04:00 info memory: 1355MB total (Tab 825MB, GPU 329MB, Browser 133MB, Utility 69MB)
2026-08-29T22:58:15.354-04:00 info memory: 1354MB total (Tab 824MB, GPU 329MB, Browser 133MB, Utility 69MB)
2026-08-29T22:59:15.360-04:00 info memory: 1355MB total (Tab 824MB, GPU 329MB, Browser 133MB, Utility 69MB)
2026-08-29T23:00:15.365-04:00 info memory: 1355MB total (Tab 824MB, GPU 329MB, Browser 133MB, Utility 69MB)
2026-08-29T23:01:15.381-04:00 info memory: 1355MB total (Tab 825MB, GPU 329MB, Browser 133MB, Utility 69MB)
2026-08-29T23:02:15.388-04:00 info memory: 1399MB total (Tab 868MB, GPU 329MB, Browser 133MB, Utility 69MB)
2026-08-29T23:02:41.027-04:00 info layout 1920x1080 in a 1920x1079 window, scaled to 0.999
2026-08-29T23:02:41.529-04:00 info layout 1920x1080 in a 1920x1080 window, 1:1
2026-08-29T23:03:15.397-04:00 info memory: 1365MB total (Tab 833MB, GPU 330MB, Browser 133MB, Utility 69MB)
2026-08-29T23:04:15.414-04:00 info memory: 1362MB total (Tab 830MB, GPU 329MB, Browser 133MB, Utility 69MB)
2026-08-29T23:05:15.424-04:00 info memory: 1362MB total (Tab 830MB, GPU 329MB, Browser 133MB, Utility 69MB)
2026-08-29T23:06:15.429-04:00 info memory: 1360MB total (Tab 829MB, GPU 329MB, Browser 133MB, Utility 69MB)
2026-08-29T23:07:15.433-04:00 info memory: 1360MB total (Tab 829MB, GPU 329MB, Browser 133MB, Utility 69MB)
2026-08-29T23:08:15.446-04:00 info memory: 1361MB total (Tab 827MB, GPU 333MB, Browser 132MB, Utility 69MB)
2026-08-29T23:09:15.448-04:00 info memory: 1361MB total (Tab 826MB, GPU 333MB, Browser 132MB, Utility 69MB)
2026-08-29T23:10:15.459-04:00 info memory: 1357MB total (Tab 827MB, GPU 329MB, Browser 133MB, Utility 69MB)
2026-08-29T23:11:15.473-04:00 info memory: 1357MB total (Tab 826MB, GPU 329MB, Browser 133MB, Utility 69MB)
2026-08-29T23:12:15.478-04:00 info memory: 1355MB total (Tab 824MB, GPU 329MB, Browser 133MB, Utility 69MB)
2026-08-29T23:13:15.488-04:00 info memory: 1355MB total (Tab 824MB, GPU 329MB, Browser 133MB, Utility 69MB)
2026-08-29T23:14:15.494-04:00 info memory: 1355MB total (Tab 824MB, GPU 329MB, Browser 133MB, Utility 69MB)
2026-08-29T23:15:15.509-04:00 info memory: 1355MB total (Tab 825MB, GPU 329MB, Browser 133MB, Utility 69MB)
2026-08-29T23:16:15.510-04:00 info memory: 1355MB total (Tab 824MB, GPU 329MB, Browser 133MB, Utility 69MB)
2026-08-29T23:17:15.522-04:00 info memory: 1355MB total (Tab 825MB, GPU 328MB, Browser 133MB, Utility 69MB)
2026-08-29T23:18:15.530-04:00 info memory: 1355MB total (Tab 824MB, GPU 329MB, Browser 133MB, Utility 69MB)
2026-08-29T23:19:15.546-04:00 info memory: 1355MB total (Tab 825MB, GPU 328MB, Browser 133MB, Utility 69MB)
2026-08-29T23:20:15.558-04:00 info memory: 1355MB total (Tab 825MB, GPU 328MB, Browser 133MB, Utility 69MB)
2026-08-29T23:21:15.565-04:00 info memory: 1355MB total (Tab 824MB, GPU 328MB, Browser 133MB, Utility 69MB)
2026-08-29T23:22:15.573-04:00 info memory: 1355MB total (Tab 825MB, GPU 328MB, Browser 133MB, Utility 69MB)
2026-08-29T23:23:15.573-04:00 info memory: 1355MB total (Tab 825MB, GPU 328MB, Browser 133MB, Utility 69MB)
2026-08-29T23:24:15.586-04:00 info memory: 1355MB total (Tab 825MB, GPU 328MB, Browser 133MB, Utility 69MB)
2026-08-29T23:25:15.597-04:00 info memory: 1356MB total (Tab 825MB, GPU 329MB, Browser 133MB, Utility 69MB)
2026-08-29T23:26:15.607-04:00 info memory: 1356MB total (Tab 825MB, GPU 329MB, Browser 133MB, Utility 69MB)
2026-08-29T23:27:15.612-04:00 info memory: 1356MB total (Tab 825MB, GPU 329MB, Browser 133MB, Utility 69MB)
2026-08-29T23:28:15.627-04:00 info memory: 1356MB total (Tab 825MB, GPU 329MB, Browser 133MB, Utility 69MB)
2026-08-29T23:29:15.631-04:00 info memory: 1353MB total (Tab 823MB, GPU 329MB, Browser 133MB, Utility 69MB)
2026-08-29T23:30:15.635-04:00 info memory: 1354MB total (Tab 823MB, GPU 329MB, Browser 133MB, Utility 69MB)
2026-08-29T23:31:15.649-04:00 info memory: 1353MB total (Tab 822MB, GPU 329MB, Browser 132MB, Utility 69MB)
2026-08-29T23:32:15.658-04:00 info memory: 1382MB total (Tab 851MB, GPU 330MB, Browser 132MB, Utility 69MB)
2026-08-29T23:32:41.047-04:00 info layout 1920x1080 in a 1920x1079 window, scaled to 0.999
2026-08-29T23:32:41.559-04:00 info layout 1920x1080 in a 1920x1080 window, 1:1
2026-08-29T23:33:15.669-04:00 info memory: 1362MB total (Tab 828MB, GPU 333MB, Browser 133MB, Utility 69MB)
2026-08-29T23:34:15.673-04:00 info memory: 1360MB total (Tab 829MB, GPU 330MB, Browser 133MB, Utility 69MB)
2026-08-29T23:35:15.685-04:00 info memory: 1365MB total (Tab 830MB, GPU 334MB, Browser 133MB, Utility 69MB)
2026-08-29T23:36:15.692-04:00 info memory: 1364MB total (Tab 829MB, GPU 333MB, Browser 133MB, Utility 69MB)
2026-08-29T23:37:15.699-04:00 info memory: 1365MB total (Tab 830MB, GPU 333MB, Browser 133MB, Utility 69MB)
2026-08-29T23:38:15.700-04:00 info memory: 1358MB total (Tab 826MB, GPU 329MB, Browser 133MB, Utility 69MB)
2026-08-29T23:39:15.712-04:00 info memory: 1361MB total (Tab 826MB, GPU 333MB, Browser 133MB, Utility 69MB)
2026-08-29T23:40:15.714-04:00 info memory: 1362MB total (Tab 827MB, GPU 334MB, Browser 133MB, Utility 69MB)
2026-08-29T23:41:15.716-04:00 info memory: 1358MB total (Tab 826MB, GPU 329MB, Browser 133MB, Utility 69MB)
2026-08-29T23:42:15.725-04:00 info memory: 1355MB total (Tab 824MB, GPU 329MB, Browser 133MB, Utility 69MB)
2026-08-29T23:43:15.739-04:00 info memory: 1356MB total (Tab 824MB, GPU 329MB, Browser 133MB, Utility 69MB)
2026-08-29T23:44:15.756-04:00 info memory: 1355MB total (Tab 824MB, GPU 329MB, Browser 133MB, Utility 69MB)
2026-08-29T23:45:15.765-04:00 info memory: 1360MB total (Tab 824MB, GPU 333MB, Browser 133MB, Utility 69MB)
2026-08-29T23:46:15.773-04:00 info memory: 1354MB total (Tab 823MB, GPU 329MB, Browser 133MB, Utility 69MB)
2026-08-29T23:47:15.784-04:00 info memory: 1354MB total (Tab 823MB, GPU 329MB, Browser 133MB, Utility 69MB)
2026-08-29T23:48:15.795-04:00 info memory: 1354MB total (Tab 824MB, GPU 329MB, Browser 133MB, Utility 69MB)
2026-08-29T23:49:15.806-04:00 info memory: 1354MB total (Tab 823MB, GPU 329MB, Browser 133MB, Utility 69MB)
2026-08-29T23:50:15.806-04:00 info memory: 1355MB total (Tab 824MB, GPU 329MB, Browser 133MB, Utility 69MB)
2026-08-29T23:51:15.808-04:00 info memory: 1354MB total (Tab 823MB, GPU 329MB, Browser 133MB, Utility 69MB)
2026-08-29T23:52:15.825-04:00 info memory: 1355MB total (Tab 824MB, GPU 329MB, Browser 133MB, Utility 69MB)
2026-08-29T23:53:15.831-04:00 info memory: 1355MB total (Tab 824MB, GPU 329MB, Browser 133MB, Utility 69MB)
2026-08-29T23:54:15.846-04:00 info memory: 1355MB total (Tab 824MB, GPU 329MB, Browser 133MB, Utility 69MB)
2026-08-29T23:55:15.849-04:00 info memory: 1356MB total (Tab 824MB, GPU 329MB, Browser 133MB, Utility 69MB)
2026-08-29T23:56:15.856-04:00 info memory: 1354MB total (Tab 823MB, GPU 329MB, Browser 133MB, Utility 69MB)
2026-08-29T23:57:15.868-04:00 info memory: 1355MB total (Tab 824MB, GPU 329MB, Browser 133MB, Utility 69MB)
2026-08-29T23:58:15.874-04:00 info memory: 1355MB total (Tab 824MB, GPU 329MB, Browser 133MB, Utility 69MB)
2026-08-29T23:59:15.881-04:00 info memory: 1356MB total (Tab 824MB, GPU 329MB, Browser 133MB, Utility 69MB)
2026-08-30T00:00:15.883-04:00 info memory: 1356MB total (Tab 825MB, GPU 329MB, Browser 134MB, Utility 69MB)
2026-08-30T00:01:15.890-04:00 info memory: 1355MB total (Tab 824MB, GPU 329MB, Browser 134MB, Utility 69MB)
2026-08-30T00:02:15.892-04:00 info memory: 1359MB total (Tab 826MB, GPU 329MB, Browser 134MB, Utility 69MB)
2026-08-30T00:02:41.044-04:00 info layout 1920x1080 in a 1920x1079 window, scaled to 0.999
2026-08-30T00:02:41.559-04:00 info layout 1920x1080 in a 1920x1080 window, 1:1
2026-08-30T00:03:15.901-04:00 info memory: 1388MB total (Tab 856MB, GPU 330MB, Browser 134MB, Utility 69MB)
2026-08-30T00:04:15.910-04:00 info memory: 1361MB total (Tab 829MB, GPU 330MB, Browser 134MB, Utility 69MB)
2026-08-30T00:05:15.922-04:00 info memory: 1362MB total (Tab 829MB, GPU 330MB, Browser 134MB, Utility 69MB)
2026-08-30T00:06:15.930-04:00 info memory: 1361MB total (Tab 829MB, GPU 330MB, Browser 134MB, Utility 69MB)
2026-08-30T00:07:15.937-04:00 info memory: 1362MB total (Tab 829MB, GPU 330MB, Browser 134MB, Utility 69MB)
2026-08-30T00:08:15.941-04:00 info memory: 1359MB total (Tab 826MB, GPU 330MB, Browser 134MB, Utility 69MB)
2026-08-30T00:09:15.950-04:00 info memory: 1357MB total (Tab 824MB, GPU 330MB, Browser 134MB, Utility 69MB)
2026-08-30T00:10:15.960-04:00 info memory: 1357MB total (Tab 825MB, GPU 330MB, Browser 134MB, Utility 69MB)
2026-08-30T00:11:15.964-04:00 info memory: 1357MB total (Tab 824MB, GPU 330MB, Browser 134MB, Utility 69MB)
2026-08-30T00:12:15.975-04:00 info memory: 1357MB total (Tab 825MB, GPU 329MB, Browser 134MB, Utility 69MB)
2026-08-30T00:13:15.990-04:00 info memory: 1356MB total (Tab 824MB, GPU 329MB, Browser 134MB, Utility 69MB)
2026-08-30T00:14:15.992-04:00 info memory: 1355MB total (Tab 824MB, GPU 329MB, Browser 133MB, Utility 69MB)
2026-08-30T00:15:15.999-04:00 info memory: 1356MB total (Tab 824MB, GPU 329MB, Browser 133MB, Utility 69MB)
2026-08-30T00:16:16.010-04:00 info memory: 1355MB total (Tab 824MB, GPU 329MB, Browser 133MB, Utility 69MB)
2026-08-30T00:17:16.012-04:00 info memory: 1355MB total (Tab 824MB, GPU 329MB, Browser 133MB, Utility 69MB)
2026-08-30T00:18:16.015-04:00 info memory: 1355MB total (Tab 824MB, GPU 329MB, Browser 133MB, Utility 69MB)
2026-08-30T00:19:16.027-04:00 info memory: 1355MB total (Tab 824MB, GPU 329MB, Browser 133MB, Utility 69MB)
2026-08-30T00:20:16.040-04:00 info memory: 1355MB total (Tab 824MB, GPU 329MB, Browser 133MB, Utility 69MB)
2026-08-30T00:21:16.053-04:00 info memory: 1355MB total (Tab 824MB, GPU 329MB, Browser 133MB, Utility 69MB)
2026-08-30T00:22:16.055-04:00 info memory: 1356MB total (Tab 825MB, GPU 329MB, Browser 133MB, Utility 69MB)
2026-08-30T00:23:16.064-04:00 info memory: 1356MB total (Tab 825MB, GPU 329MB, Browser 133MB, Utility 69MB)
2026-08-30T00:24:16.069-04:00 info memory: 1356MB total (Tab 825MB, GPU 329MB, Browser 133MB, Utility 69MB)
2026-08-30T00:25:16.085-04:00 info memory: 1356MB total (Tab 825MB, GPU 329MB, Browser 133MB, Utility 69MB)
2026-08-30T00:26:16.087-04:00 info memory: 1356MB total (Tab 825MB, GPU 329MB, Browser 133MB, Utility 69MB)
2026-08-30T00:27:16.094-04:00 info memory: 1355MB total (Tab 824MB, GPU 329MB, Browser 133MB, Utility 69MB)
2026-08-30T00:28:16.102-04:00 info memory: 1355MB total (Tab 824MB, GPU 329MB, Browser 133MB, Utility 69MB)
2026-08-30T00:29:16.117-04:00 info memory: 1356MB total (Tab 825MB, GPU 329MB, Browser 133MB, Utility 69MB)
2026-08-30T00:30:16.120-04:00 info memory: 1356MB total (Tab 825MB, GPU 329MB, Browser 133MB, Utility 69MB)
2026-08-30T00:31:16.131-04:00 info memory: 1355MB total (Tab 824MB, GPU 329MB, Browser 133MB, Utility 69MB)
2026-08-30T00:32:16.140-04:00 info memory: 1382MB total (Tab 850MB, GPU 329MB, Browser 133MB, Utility 69MB)
2026-08-30T00:32:41.053-04:00 info layout 1920x1080 in a 1920x1079 window, scaled to 0.999
2026-08-30T00:32:41.556-04:00 info layout 1920x1080 in a 1920x1080 window, 1:1
2026-08-30T00:33:16.155-04:00 info memory: 1364MB total (Tab 832MB, GPU 330MB, Browser 133MB, Utility 69MB)
2026-08-30T00:34:16.162-04:00 info memory: 1362MB total (Tab 830MB, GPU 330MB, Browser 133MB, Utility 69MB)
2026-08-30T00:35:16.169-04:00 info memory: 1366MB total (Tab 830MB, GPU 334MB, Browser 133MB, Utility 69MB)
2026-08-30T00:36:16.175-04:00 info memory: 1365MB total (Tab 830MB, GPU 334MB, Browser 133MB, Utility 69MB)
2026-08-30T00:37:16.182-04:00 info memory: 1366MB total (Tab 830MB, GPU 334MB, Browser 133MB, Utility 69MB)
2026-08-30T00:38:16.193-04:00 info memory: 1359MB total (Tab 827MB, GPU 330MB, Browser 133MB, Utility 69MB)
2026-08-30T00:39:16.209-04:00 info memory: 1363MB total (Tab 827MB, GPU 334MB, Browser 133MB, Utility 69MB)
2026-08-30T00:40:16.221-04:00 info memory: 1359MB total (Tab 828MB, GPU 329MB, Browser 133MB, Utility 69MB)
2026-08-30T00:41:16.232-04:00 info memory: 1359MB total (Tab 827MB, GPU 330MB, Browser 133MB, Utility 69MB)
2026-08-30T00:42:16.236-04:00 info memory: 1356MB total (Tab 825MB, GPU 329MB, Browser 133MB, Utility 69MB)
2026-08-30T00:43:16.247-04:00 info memory: 1356MB total (Tab 824MB, GPU 330MB, Browser 133MB, Utility 69MB)
2026-08-30T00:44:16.250-04:00 info memory: 1356MB total (Tab 825MB, GPU 330MB, Browser 133MB, Utility 69MB)
2026-08-30T00:45:16.259-04:00 info memory: 1357MB total (Tab 825MB, GPU 330MB, Browser 133MB, Utility 69MB)
2026-08-30T00:46:16.266-04:00 info memory: 1356MB total (Tab 825MB, GPU 330MB, Browser 133MB, Utility 69MB)
2026-08-30T00:47:16.275-04:00 info memory: 1356MB total (Tab 825MB, GPU 330MB, Browser 133MB, Utility 69MB)
2026-08-30T00:48:16.291-04:00 info memory: 1356MB total (Tab 825MB, GPU 330MB, Browser 133MB, Utility 69MB)
2026-08-30T00:49:16.298-04:00 info memory: 1356MB total (Tab 825MB, GPU 330MB, Browser 133MB, Utility 69MB)
2026-08-30T00:50:16.311-04:00 info memory: 1357MB total (Tab 826MB, GPU 330MB, Browser 133MB, Utility 69MB)
2026-08-30T00:51:16.321-04:00 info memory: 1357MB total (Tab 825MB, GPU 330MB, Browser 133MB, Utility 69MB)
2026-08-30T00:52:16.329-04:00 info memory: 1356MB total (Tab 824MB, GPU 330MB, Browser 133MB, Utility 69MB)
2026-08-30T00:53:16.334-04:00 info memory: 1356MB total (Tab 824MB, GPU 330MB, Browser 133MB, Utility 69MB)
2026-08-30T00:54:16.341-04:00 info memory: 1356MB total (Tab 825MB, GPU 330MB, Browser 133MB, Utility 69MB)
2026-08-30T00:55:16.345-04:00 info memory: 1356MB total (Tab 824MB, GPU 330MB, Browser 133MB, Utility 69MB)
2026-08-30T00:56:16.360-04:00 info memory: 1356MB total (Tab 824MB, GPU 330MB, Browser 133MB, Utility 69MB)
2026-08-30T00:57:16.367-04:00 info memory: 1357MB total (Tab 825MB, GPU 330MB, Browser 133MB, Utility 69MB)
2026-08-30T00:58:16.372-04:00 info memory: 1356MB total (Tab 824MB, GPU 330MB, Browser 133MB, Utility 69MB)
2026-08-30T00:59:16.375-04:00 info memory: 1356MB total (Tab 825MB, GPU 330MB, Browser 133MB, Utility 69MB)
2026-08-30T01:00:16.389-04:00 info memory: 1357MB total (Tab 825MB, GPU 330MB, Browser 133MB, Utility 69MB)
2026-08-30T01:01:16.401-04:00 info memory: 1357MB total (Tab 825MB, GPU 330MB, Browser 133MB, Utility 69MB)
2026-08-30T01:02:16.405-04:00 info memory: 1353MB total (Tab 821MB, GPU 330MB, Browser 133MB, Utility 69MB)
2026-08-30T01:02:41.055-04:00 info layout 1920x1080 in a 1920x1079 window, scaled to 0.999
2026-08-30T01:02:41.563-04:00 info layout 1920x1080 in a 1920x1080 window, 1:1
2026-08-30T01:03:16.422-04:00 info memory: 1361MB total (Tab 826MB, GPU 333MB, Browser 133MB, Utility 69MB)
2026-08-30T01:04:16.431-04:00 info memory: 1364MB total (Tab 829MB, GPU 334MB, Browser 133MB, Utility 69MB)
2026-08-30T01:05:16.444-04:00 info memory: 1361MB total (Tab 829MB, GPU 330MB, Browser 133MB, Utility 69MB)
2026-08-30T01:06:16.459-04:00 info memory: 1361MB total (Tab 829MB, GPU 330MB, Browser 133MB, Utility 69MB)
2026-08-30T01:07:16.475-04:00 info memory: 1361MB total (Tab 829MB, GPU 330MB, Browser 133MB, Utility 69MB)
2026-08-30T01:08:16.480-04:00 info memory: 1358MB total (Tab 826MB, GPU 330MB, Browser 133MB, Utility 69MB)
2026-08-30T01:09:16.490-04:00 info memory: 1358MB total (Tab 826MB, GPU 330MB, Browser 133MB, Utility 69MB)
2026-08-30T01:10:16.498-04:00 info memory: 1361MB total (Tab 825MB, GPU 334MB, Browser 133MB, Utility 69MB)
2026-08-30T01:11:16.503-04:00 info memory: 1357MB total (Tab 825MB, GPU 330MB, Browser 133MB, Utility 69MB)
2026-08-30T01:12:16.507-04:00 info memory: 1357MB total (Tab 825MB, GPU 330MB, Browser 133MB, Utility 69MB)
2026-08-30T01:13:16.509-04:00 info memory: 1356MB total (Tab 824MB, GPU 330MB, Browser 133MB, Utility 69MB)
2026-08-30T01:14:16.515-04:00 info memory: 1360MB total (Tab 824MB, GPU 334MB, Browser 133MB, Utility 69MB)
2026-08-30T01:15:16.528-04:00 info memory: 1359MB total (Tab 823MB, GPU 334MB, Browser 133MB, Utility 69MB)
2026-08-30T01:16:16.538-04:00 info memory: 1356MB total (Tab 824MB, GPU 329MB, Browser 133MB, Utility 69MB)
2026-08-30T01:17:16.556-04:00 info memory: 1355MB total (Tab 824MB, GPU 329MB, Browser 133MB, Utility 69MB)
2026-08-30T01:18:16.570-04:00 info memory: 1356MB total (Tab 824MB, GPU 329MB, Browser 133MB, Utility 69MB)
2026-08-30T01:19:16.585-04:00 info memory: 1356MB total (Tab 825MB, GPU 329MB, Browser 133MB, Utility 69MB)
2026-08-30T01:20:16.598-04:00 info memory: 1354MB total (Tab 823MB, GPU 329MB, Browser 133MB, Utility 69MB)
2026-08-30T01:21:16.614-04:00 info memory: 1355MB total (Tab 824MB, GPU 329MB, Browser 133MB, Utility 69MB)
2026-08-30T01:22:16.624-04:00 info memory: 1355MB total (Tab 824MB, GPU 329MB, Browser 133MB, Utility 69MB)
2026-08-30T01:23:16.640-04:00 info memory: 1354MB total (Tab 823MB, GPU 329MB, Browser 133MB, Utility 69MB)
2026-08-30T01:24:16.648-04:00 info memory: 1354MB total (Tab 824MB, GPU 329MB, Browser 133MB, Utility 69MB)
2026-08-30T01:25:16.663-04:00 info memory: 1354MB total (Tab 823MB, GPU 329MB, Browser 133MB, Utility 69MB)
2026-08-30T01:26:16.679-04:00 info memory: 1355MB total (Tab 824MB, GPU 329MB, Browser 133MB, Utility 69MB)
2026-08-30T01:27:16.691-04:00 info memory: 1354MB total (Tab 823MB, GPU 329MB, Browser 133MB, Utility 69MB)
2026-08-30T01:28:16.704-04:00 info memory: 1355MB total (Tab 824MB, GPU 329MB, Browser 133MB, Utility 69MB)
2026-08-30T01:29:16.714-04:00 info memory: 1355MB total (Tab 824MB, GPU 329MB, Browser 133MB, Utility 69MB)
2026-08-30T01:30:16.727-04:00 info memory: 1355MB total (Tab 824MB, GPU 329MB, Browser 133MB, Utility 69MB)
2026-08-30T01:31:16.732-04:00 info memory: 1356MB total (Tab 825MB, GPU 329MB, Browser 133MB, Utility 69MB)
2026-08-30T01:32:16.736-04:00 info memory: 1395MB total (Tab 864MB, GPU 329MB, Browser 133MB, Utility 69MB)
2026-08-30T01:32:41.048-04:00 info layout 1920x1080 in a 1920x1079 window, scaled to 0.999
2026-08-30T01:32:41.572-04:00 info layout 1920x1080 in a 1920x1080 window, 1:1
2026-08-30T01:33:16.741-04:00 info memory: 1365MB total (Tab 828MB, GPU 334MB, Browser 133MB, Utility 69MB)
2026-08-30T01:34:16.746-04:00 info memory: 1367MB total (Tab 830MB, GPU 334MB, Browser 133MB, Utility 69MB)
2026-08-30T01:35:16.757-04:00 info memory: 1362MB total (Tab 830MB, GPU 330MB, Browser 133MB, Utility 69MB)
2026-08-30T01:36:16.762-04:00 info memory: 1362MB total (Tab 830MB, GPU 330MB, Browser 133MB, Utility 69MB)
2026-08-30T01:37:16.770-04:00 info memory: 1363MB total (Tab 831MB, GPU 329MB, Browser 133MB, Utility 69MB)
2026-08-30T01:38:16.780-04:00 info memory: 1359MB total (Tab 828MB, GPU 329MB, Browser 133MB, Utility 69MB)
2026-08-30T01:39:16.797-04:00 info memory: 1360MB total (Tab 828MB, GPU 329MB, Browser 133MB, Utility 69MB)
2026-08-30T01:40:16.810-04:00 info memory: 1359MB total (Tab 828MB, GPU 329MB, Browser 133MB, Utility 69MB)
2026-08-30T01:41:16.824-04:00 info memory: 1360MB total (Tab 828MB, GPU 329MB, Browser 133MB, Utility 69MB)
2026-08-30T01:42:16.826-04:00 info memory: 1357MB total (Tab 826MB, GPU 329MB, Browser 133MB, Utility 69MB)
2026-08-30T01:43:16.843-04:00 info memory: 1356MB total (Tab 825MB, GPU 329MB, Browser 133MB, Utility 69MB)
2026-08-30T01:44:16.857-04:00 info memory: 1357MB total (Tab 826MB, GPU 329MB, Browser 133MB, Utility 69MB)
2026-08-30T01:45:16.869-04:00 info memory: 1355MB total (Tab 824MB, GPU 329MB, Browser 133MB, Utility 69MB)
2026-08-30T01:46:16.885-04:00 info memory: 1356MB total (Tab 825MB, GPU 329MB, Browser 133MB, Utility 69MB)
2026-08-30T01:47:16.891-04:00 info memory: 1356MB total (Tab 825MB, GPU 329MB, Browser 133MB, Utility 69MB)
2026-08-30T01:48:16.906-04:00 info memory: 1356MB total (Tab 825MB, GPU 329MB, Browser 133MB, Utility 69MB)
2026-08-30T01:49:16.914-04:00 info memory: 1357MB total (Tab 826MB, GPU 329MB, Browser 133MB, Utility 69MB)
2026-08-30T01:50:16.919-04:00 info memory: 1356MB total (Tab 825MB, GPU 329MB, Browser 133MB, Utility 69MB)
2026-08-30T01:51:16.924-04:00 info memory: 1357MB total (Tab 825MB, GPU 329MB, Browser 133MB, Utility 69MB)
2026-08-30T01:52:16.935-04:00 info memory: 1357MB total (Tab 825MB, GPU 329MB, Browser 133MB, Utility 69MB)
2026-08-30T01:53:16.938-04:00 info memory: 1357MB total (Tab 826MB, GPU 329MB, Browser 133MB, Utility 69MB)
2026-08-30T01:54:16.949-04:00 info memory: 1357MB total (Tab 826MB, GPU 329MB, Browser 133MB, Utility 69MB)
2026-08-30T01:55:16.952-04:00 info memory: 1357MB total (Tab 826MB, GPU 329MB, Browser 133MB, Utility 69MB)
2026-08-30T01:56:16.956-04:00 info memory: 1358MB total (Tab 826MB, GPU 329MB, Browser 133MB, Utility 69MB)
2026-08-30T01:57:16.965-04:00 info memory: 1357MB total (Tab 826MB, GPU 329MB, Browser 133MB, Utility 69MB)
2026-08-30T01:58:16.973-04:00 info memory: 1358MB total (Tab 826MB, GPU 329MB, Browser 133MB, Utility 69MB)
2026-08-30T01:59:16.990-04:00 info memory: 1356MB total (Tab 824MB, GPU 329MB, Browser 133MB, Utility 69MB)
2026-08-30T02:00:16.993-04:00 info memory: 1356MB total (Tab 824MB, GPU 329MB, Browser 133MB, Utility 69MB)
2026-08-30T02:01:17.005-04:00 info memory: 1356MB total (Tab 824MB, GPU 329MB, Browser 133MB, Utility 69MB)
2026-08-30T02:02:17.010-04:00 info memory: 1399MB total (Tab 866MB, GPU 330MB, Browser 133MB, Utility 69MB)
2026-08-30T02:02:41.105-04:00 info layout 1920x1080 in a 1920x1079 window, scaled to 0.999
2026-08-30T02:02:41.628-04:00 info layout 1920x1080 in a 1920x1080 window, 1:1
2026-08-30T02:03:17.020-04:00 info memory: 1360MB total (Tab 828MB, GPU 330MB, Browser 133MB, Utility 69MB)
2026-08-30T02:04:17.024-04:00 info memory: 1362MB total (Tab 831MB, GPU 329MB, Browser 133MB, Utility 69MB)
2026-08-30T02:05:17.028-04:00 info memory: 1362MB total (Tab 831MB, GPU 330MB, Browser 133MB, Utility 69MB)
2026-08-30T02:06:17.037-04:00 info memory: 1363MB total (Tab 831MB, GPU 330MB, Browser 133MB, Utility 69MB)
2026-08-30T02:07:17.040-04:00 info memory: 1362MB total (Tab 830MB, GPU 330MB, Browser 133MB, Utility 69MB)
2026-08-30T02:08:17.057-04:00 info memory: 1359MB total (Tab 828MB, GPU 330MB, Browser 133MB, Utility 69MB)
2026-08-30T02:09:17.062-04:00 info memory: 1359MB total (Tab 827MB, GPU 330MB, Browser 133MB, Utility 69MB)
2026-08-30T02:10:17.066-04:00 info memory: 1359MB total (Tab 828MB, GPU 330MB, Browser 133MB, Utility 69MB)
2026-08-30T02:11:17.068-04:00 info memory: 1359MB total (Tab 828MB, GPU 330MB, Browser 133MB, Utility 69MB)
2026-08-30T02:12:17.081-04:00 info memory: 1357MB total (Tab 825MB, GPU 330MB, Browser 133MB, Utility 69MB)
2026-08-30T02:13:17.093-04:00 info memory: 1357MB total (Tab 826MB, GPU 330MB, Browser 133MB, Utility 69MB)
2026-08-30T02:14:17.095-04:00 info memory: 1357MB total (Tab 825MB, GPU 330MB, Browser 133MB, Utility 69MB)
2026-08-30T02:15:17.111-04:00 info memory: 1358MB total (Tab 826MB, GPU 330MB, Browser 133MB, Utility 69MB)
2026-08-30T02:16:17.114-04:00 info memory: 1358MB total (Tab 826MB, GPU 330MB, Browser 133MB, Utility 69MB)
2026-08-30T02:17:17.123-04:00 info memory: 1358MB total (Tab 826MB, GPU 330MB, Browser 133MB, Utility 69MB)
2026-08-30T02:18:17.128-04:00 info memory: 1359MB total (Tab 826MB, GPU 330MB, Browser 133MB, Utility 69MB)
2026-08-30T02:19:17.130-04:00 info memory: 1357MB total (Tab 825MB, GPU 330MB, Browser 133MB, Utility 69MB)
2026-08-30T02:20:17.143-04:00 info memory: 1357MB total (Tab 825MB, GPU 330MB, Browser 133MB, Utility 69MB)
2026-08-30T02:21:17.152-04:00 info memory: 1357MB total (Tab 825MB, GPU 330MB, Browser 133MB, Utility 69MB)
2026-08-30T02:22:17.153-04:00 info memory: 1357MB total (Tab 825MB, GPU 330MB, Browser 133MB, Utility 69MB)
2026-08-30T02:23:17.160-04:00 info memory: 1357MB total (Tab 825MB, GPU 330MB, Browser 133MB, Utility 69MB)
2026-08-30T02:24:17.161-04:00 info memory: 1356MB total (Tab 824MB, GPU 330MB, Browser 133MB, Utility 69MB)
2026-08-30T02:25:17.172-04:00 info memory: 1357MB total (Tab 825MB, GPU 330MB, Browser 133MB, Utility 69MB)
2026-08-30T02:26:17.179-04:00 info memory: 1356MB total (Tab 824MB, GPU 330MB, Browser 133MB, Utility 69MB)
2026-08-30T02:27:17.184-04:00 info memory: 1357MB total (Tab 825MB, GPU 330MB, Browser 133MB, Utility 69MB)
2026-08-30T02:28:17.196-04:00 info memory: 1356MB total (Tab 825MB, GPU 330MB, Browser 133MB, Utility 69MB)
2026-08-30T02:29:17.200-04:00 info memory: 1357MB total (Tab 825MB, GPU 330MB, Browser 133MB, Utility 69MB)
2026-08-30T02:30:17.210-04:00 info memory: 1357MB total (Tab 826MB, GPU 330MB, Browser 133MB, Utility 69MB)
2026-08-30T02:31:17.221-04:00 info memory: 1357MB total (Tab 825MB, GPU 330MB, Browser 133MB, Utility 69MB)
2026-08-30T02:32:17.226-04:00 info memory: 1352MB total (Tab 821MB, GPU 330MB, Browser 133MB, Utility 69MB)
2026-08-30T02:32:41.104-04:00 info layout 1920x1080 in a 1920x1079 window, scaled to 0.999
2026-08-30T02:32:41.619-04:00 info layout 1920x1080 in a 1920x1080 window, 1:1
2026-08-30T02:33:17.239-04:00 info memory: 1364MB total (Tab 827MB, GPU 334MB, Browser 133MB, Utility 69MB)
2026-08-30T02:34:17.241-04:00 info memory: 1361MB total (Tab 829MB, GPU 330MB, Browser 133MB, Utility 69MB)
2026-08-30T02:35:17.243-04:00 info memory: 1361MB total (Tab 829MB, GPU 330MB, Browser 133MB, Utility 69MB)
2026-08-30T02:36:17.248-04:00 info memory: 1361MB total (Tab 829MB, GPU 330MB, Browser 133MB, Utility 69MB)
2026-08-30T02:37:17.256-04:00 info memory: 1363MB total (Tab 827MB, GPU 334MB, Browser 133MB, Utility 69MB)
2026-08-30T02:38:17.271-04:00 info memory: 1360MB total (Tab 824MB, GPU 334MB, Browser 133MB, Utility 69MB)
2026-08-30T02:39:17.276-04:00 info memory: 1360MB total (Tab 824MB, GPU 334MB, Browser 133MB, Utility 69MB)
2026-08-30T02:40:17.284-04:00 info memory: 1360MB total (Tab 824MB, GPU 334MB, Browser 133MB, Utility 69MB)
2026-08-30T02:41:17.289-04:00 info memory: 1361MB total (Tab 824MB, GPU 334MB, Browser 133MB, Utility 69MB)
2026-08-30T02:42:17.305-04:00 info memory: 1357MB total (Tab 824MB, GPU 330MB, Browser 133MB, Utility 69MB)
2026-08-30T02:43:17.305-04:00 info memory: 1360MB total (Tab 824MB, GPU 334MB, Browser 133MB, Utility 69MB)
2026-08-30T02:44:17.314-04:00 info memory: 1356MB total (Tab 824MB, GPU 329MB, Browser 133MB, Utility 69MB)
2026-08-30T02:45:17.317-04:00 info memory: 1357MB total (Tab 825MB, GPU 330MB, Browser 133MB, Utility 69MB)
2026-08-30T02:46:17.327-04:00 info memory: 1356MB total (Tab 824MB, GPU 329MB, Browser 133MB, Utility 69MB)
2026-08-30T02:47:17.338-04:00 info memory: 1356MB total (Tab 824MB, GPU 329MB, Browser 133MB, Utility 69MB)
2026-08-30T02:48:17.352-04:00 info memory: 1355MB total (Tab 824MB, GPU 329MB, Browser 133MB, Utility 69MB)
2026-08-30T02:49:17.364-04:00 info memory: 1356MB total (Tab 824MB, GPU 329MB, Browser 133MB, Utility 69MB)
2026-08-30T02:50:17.374-04:00 info memory: 1356MB total (Tab 825MB, GPU 329MB, Browser 133MB, Utility 69MB)
2026-08-30T02:51:17.379-04:00 info memory: 1356MB total (Tab 824MB, GPU 330MB, Browser 133MB, Utility 69MB)
2026-08-30T02:52:17.383-04:00 info memory: 1356MB total (Tab 825MB, GPU 329MB, Browser 133MB, Utility 69MB)
2026-08-30T02:53:17.392-04:00 info memory: 1355MB total (Tab 824MB, GPU 330MB, Browser 133MB, Utility 69MB)
2026-08-30T02:54:17.401-04:00 info memory: 1355MB total (Tab 824MB, GPU 329MB, Browser 133MB, Utility 69MB)
2026-08-30T02:55:17.416-04:00 info memory: 1356MB total (Tab 825MB, GPU 329MB, Browser 133MB, Utility 69MB)
2026-08-30T02:56:17.417-04:00 info memory: 1356MB total (Tab 824MB, GPU 329MB, Browser 133MB, Utility 69MB)
2026-08-30T02:57:17.421-04:00 info memory: 1356MB total (Tab 824MB, GPU 330MB, Browser 133MB, Utility 69MB)
2026-08-30T02:58:17.438-04:00 info memory: 1355MB total (Tab 824MB, GPU 329MB, Browser 133MB, Utility 69MB)
2026-08-30T02:59:17.443-04:00 info memory: 1356MB total (Tab 824MB, GPU 330MB, Browser 133MB, Utility 69MB)
2026-08-30T03:00:17.459-04:00 info memory: 1354MB total (Tab 823MB, GPU 329MB, Browser 133MB, Utility 69MB)
2026-08-30T03:01:17.464-04:00 info memory: 1355MB total (Tab 823MB, GPU 329MB, Browser 133MB, Utility 69MB)
2026-08-30T03:02:17.470-04:00 info memory: 1356MB total (Tab 819MB, GPU 334MB, Browser 133MB, Utility 69MB)
2026-08-30T03:02:41.100-04:00 info layout 1920x1080 in a 1920x1079 window, scaled to 0.999
2026-08-30T03:02:41.638-04:00 info layout 1920x1080 in a 1920x1080 window, 1:1
2026-08-30T03:03:17.478-04:00 info memory: 1360MB total (Tab 828MB, GPU 330MB, Browser 133MB, Utility 69MB)
2026-08-30T03:04:17.487-04:00 info memory: 1361MB total (Tab 829MB, GPU 330MB, Browser 133MB, Utility 69MB)
2026-08-30T03:05:17.498-04:00 info memory: 1362MB total (Tab 830MB, GPU 330MB, Browser 133MB, Utility 69MB)
2026-08-30T03:06:17.511-04:00 info memory: 1362MB total (Tab 829MB, GPU 330MB, Browser 133MB, Utility 69MB)
2026-08-30T03:07:17.519-04:00 info memory: 1361MB total (Tab 828MB, GPU 330MB, Browser 133MB, Utility 69MB)
2026-08-30T03:08:17.524-04:00 info memory: 1358MB total (Tab 826MB, GPU 330MB, Browser 133MB, Utility 69MB)
2026-08-30T03:09:17.537-04:00 info memory: 1357MB total (Tab 825MB, GPU 330MB, Browser 133MB, Utility 69MB)
2026-08-30T03:10:17.553-04:00 info memory: 1357MB total (Tab 826MB, GPU 330MB, Browser 133MB, Utility 69MB)
2026-08-30T03:11:17.565-04:00 info memory: 1357MB total (Tab 825MB, GPU 330MB, Browser 133MB, Utility 69MB)
2026-08-30T03:12:17.567-04:00 info memory: 1357MB total (Tab 825MB, GPU 330MB, Browser 133MB, Utility 69MB)
2026-08-30T03:13:17.576-04:00 info memory: 1357MB total (Tab 825MB, GPU 330MB, Browser 133MB, Utility 69MB)
2026-08-30T03:14:17.592-04:00 info memory: 1357MB total (Tab 825MB, GPU 330MB, Browser 133MB, Utility 69MB)
2026-08-30T03:15:17.605-04:00 info memory: 1358MB total (Tab 826MB, GPU 330MB, Browser 133MB, Utility 69MB)
2026-08-30T03:16:17.616-04:00 info memory: 1357MB total (Tab 825MB, GPU 329MB, Browser 133MB, Utility 69MB)
2026-08-30T03:17:17.631-04:00 info memory: 1356MB total (Tab 825MB, GPU 329MB, Browser 133MB, Utility 69MB)
2026-08-30T03:18:17.641-04:00 info memory: 1356MB total (Tab 824MB, GPU 329MB, Browser 133MB, Utility 69MB)
2026-08-30T03:19:17.653-04:00 info memory: 1356MB total (Tab 824MB, GPU 329MB, Browser 133MB, Utility 69MB)
2026-08-30T03:20:17.662-04:00 info memory: 1357MB total (Tab 825MB, GPU 330MB, Browser 133MB, Utility 69MB)
2026-08-30T03:21:17.666-04:00 info memory: 1356MB total (Tab 825MB, GPU 330MB, Browser 133MB, Utility 69MB)
2026-08-30T03:22:17.674-04:00 info memory: 1357MB total (Tab 825MB, GPU 330MB, Browser 133MB, Utility 69MB)
2026-08-30T03:23:17.686-04:00 info memory: 1357MB total (Tab 825MB, GPU 329MB, Browser 133MB, Utility 69MB)
2026-08-30T03:24:17.695-04:00 info memory: 1357MB total (Tab 825MB, GPU 330MB, Browser 133MB, Utility 69MB)
2026-08-30T03:25:17.699-04:00 info memory: 1358MB total (Tab 826MB, GPU 330MB, Browser 133MB, Utility 69MB)
2026-08-30T03:26:17.708-04:00 info memory: 1357MB total (Tab 825MB, GPU 329MB, Browser 133MB, Utility 69MB)
2026-08-30T03:27:17.724-04:00 info memory: 1358MB total (Tab 826MB, GPU 330MB, Browser 133MB, Utility 69MB)
2026-08-30T03:28:17.741-04:00 info memory: 1357MB total (Tab 825MB, GPU 330MB, Browser 133MB, Utility 69MB)
2026-08-30T03:29:17.749-04:00 info memory: 1357MB total (Tab 825MB, GPU 330MB, Browser 133MB, Utility 69MB)
2026-08-30T03:30:17.759-04:00 info memory: 1357MB total (Tab 825MB, GPU 330MB, Browser 133MB, Utility 69MB)
2026-08-30T03:31:17.764-04:00 info memory: 1357MB total (Tab 825MB, GPU 329MB, Browser 133MB, Utility 69MB)
2026-08-30T03:32:17.774-04:00 info memory: 1352MB total (Tab 820MB, GPU 330MB, Browser 133MB, Utility 69MB)
2026-08-30T03:32:41.111-04:00 info layout 1920x1080 in a 1920x1079 window, scaled to 0.999
2026-08-30T03:32:41.642-04:00 info layout 1920x1080 in a 1920x1080 window, 1:1
2026-08-30T03:33:17.777-04:00 info memory: 1370MB total (Tab 837MB, GPU 330MB, Browser 133MB, Utility 69MB)
2026-08-30T03:34:17.788-04:00 info memory: 1363MB total (Tab 831MB, GPU 330MB, Browser 133MB, Utility 69MB)
2026-08-30T03:35:17.801-04:00 info memory: 1363MB total (Tab 831MB, GPU 330MB, Browser 133MB, Utility 69MB)
2026-08-30T03:36:17.811-04:00 info memory: 1363MB total (Tab 831MB, GPU 330MB, Browser 133MB, Utility 69MB)
2026-08-30T03:37:17.827-04:00 info memory: 1364MB total (Tab 831MB, GPU 330MB, Browser 133MB, Utility 69MB)
2026-08-30T03:38:17.838-04:00 info memory: 1360MB total (Tab 828MB, GPU 330MB, Browser 133MB, Utility 69MB)
2026-08-30T03:39:17.849-04:00 info memory: 1360MB total (Tab 828MB, GPU 330MB, Browser 133MB, Utility 69MB)
2026-08-30T03:40:17.863-04:00 info memory: 1361MB total (Tab 829MB, GPU 330MB, Browser 133MB, Utility 69MB)
2026-08-30T03:41:17.873-04:00 info memory: 1361MB total (Tab 828MB, GPU 330MB, Browser 133MB, Utility 69MB)
2026-08-30T03:42:17.884-04:00 info memory: 1358MB total (Tab 826MB, GPU 330MB, Browser 133MB, Utility 69MB)
2026-08-30T03:43:17.897-04:00 info memory: 1357MB total (Tab 825MB, GPU 330MB, Browser 133MB, Utility 69MB)
2026-08-30T03:44:17.907-04:00 info memory: 1357MB total (Tab 825MB, GPU 330MB, Browser 133MB, Utility 69MB)
2026-08-30T03:45:17.922-04:00 info memory: 1358MB total (Tab 825MB, GPU 330MB, Browser 133MB, Utility 69MB)
2026-08-30T03:46:17.927-04:00 info memory: 1358MB total (Tab 825MB, GPU 330MB, Browser 133MB, Utility 69MB)
2026-08-30T03:47:17.938-04:00 info memory: 1358MB total (Tab 826MB, GPU 330MB, Browser 133MB, Utility 69MB)
2026-08-30T03:48:17.954-04:00 info memory: 1357MB total (Tab 824MB, GPU 330MB, Browser 133MB, Utility 69MB)
2026-08-30T03:49:17.961-04:00 info memory: 1357MB total (Tab 825MB, GPU 330MB, Browser 133MB, Utility 69MB)
2026-08-30T03:50:17.972-04:00 info memory: 1358MB total (Tab 825MB, GPU 330MB, Browser 134MB, Utility 69MB)
2026-08-30T03:51:17.987-04:00 info memory: 1358MB total (Tab 825MB, GPU 330MB, Browser 134MB, Utility 69MB)
2026-08-30T03:52:18.004-04:00 info memory: 1357MB total (Tab 825MB, GPU 330MB, Browser 134MB, Utility 69MB)
2026-08-30T03:53:18.006-04:00 info memory: 1357MB total (Tab 825MB, GPU 330MB, Browser 134MB, Utility 69MB)
2026-08-30T03:54:18.015-04:00 info memory: 1357MB total (Tab 825MB, GPU 330MB, Browser 133MB, Utility 69MB)
2026-08-30T03:55:18.025-04:00 info memory: 1357MB total (Tab 825MB, GPU 330MB, Browser 133MB, Utility 69MB)
2026-08-30T03:56:18.028-04:00 info memory: 1358MB total (Tab 825MB, GPU 330MB, Browser 133MB, Utility 69MB)
2026-08-30T03:57:18.045-04:00 info memory: 1358MB total (Tab 826MB, GPU 330MB, Browser 133MB, Utility 69MB)
2026-08-30T03:58:18.061-04:00 info memory: 1358MB total (Tab 826MB, GPU 330MB, Browser 133MB, Utility 69MB)
2026-08-30T03:59:18.074-04:00 info memory: 1358MB total (Tab 826MB, GPU 330MB, Browser 133MB, Utility 69MB)
2026-08-30T04:00:18.076-04:00 info memory: 1358MB total (Tab 825MB, GPU 330MB, Browser 133MB, Utility 69MB)
2026-08-30T04:01:18.090-04:00 info memory: 1358MB total (Tab 826MB, GPU 330MB, Browser 133MB, Utility 69MB)
2026-08-30T04:02:18.097-04:00 info memory: 1385MB total (Tab 852MB, GPU 330MB, Browser 133MB, Utility 69MB)
2026-08-30T04:02:41.123-04:00 info layout 1920x1080 in a 1920x1079 window, scaled to 0.999
2026-08-30T04:02:41.652-04:00 info layout 1920x1080 in a 1920x1080 window, 1:1
2026-08-30T04:03:18.102-04:00 info memory: 1364MB total (Tab 831MB, GPU 330MB, Browser 133MB, Utility 69MB)
2026-08-30T04:04:18.118-04:00 info memory: 1364MB total (Tab 832MB, GPU 330MB, Browser 133MB, Utility 69MB)
2026-08-30T04:05:18.118-04:00 info memory: 1365MB total (Tab 832MB, GPU 330MB, Browser 133MB, Utility 69MB)
2026-08-30T04:06:18.132-04:00 info memory: 1364MB total (Tab 832MB, GPU 330MB, Browser 133MB, Utility 69MB)
2026-08-30T04:07:18.138-04:00 info memory: 1365MB total (Tab 832MB, GPU 330MB, Browser 133MB, Utility 69MB)
2026-08-30T04:08:18.145-04:00 info memory: 1362MB total (Tab 829MB, GPU 330MB, Browser 133MB, Utility 69MB)
2026-08-30T04:09:18.146-04:00 info memory: 1358MB total (Tab 825MB, GPU 330MB, Browser 134MB, Utility 69MB)
2026-08-30T04:10:18.157-04:00 info memory: 1363MB total (Tab 826MB, GPU 334MB, Browser 134MB, Utility 69MB)
2026-08-30T04:11:18.161-04:00 info memory: 1359MB total (Tab 826MB, GPU 330MB, Browser 134MB, Utility 69MB)
2026-08-30T04:12:18.176-04:00 info memory: 1359MB total (Tab 827MB, GPU 330MB, Browser 134MB, Utility 69MB)
2026-08-30T04:13:18.191-04:00 info memory: 1359MB total (Tab 826MB, GPU 330MB, Browser 134MB, Utility 69MB)
2026-08-30T04:14:18.195-04:00 info memory: 1360MB total (Tab 827MB, GPU 330MB, Browser 134MB, Utility 69MB)
2026-08-30T04:15:18.210-04:00 info memory: 1359MB total (Tab 827MB, GPU 330MB, Browser 133MB, Utility 69MB)
2026-08-30T04:16:18.214-04:00 info memory: 1358MB total (Tab 826MB, GPU 330MB, Browser 133MB, Utility 69MB)
2026-08-30T04:17:18.217-04:00 info memory: 1358MB total (Tab 826MB, GPU 330MB, Browser 133MB, Utility 69MB)
2026-08-30T04:18:18.227-04:00 info memory: 1358MB total (Tab 826MB, GPU 330MB, Browser 133MB, Utility 69MB)
2026-08-30T04:19:18.237-04:00 info memory: 1358MB total (Tab 826MB, GPU 330MB, Browser 133MB, Utility 69MB)
2026-08-30T04:20:18.253-04:00 info memory: 1359MB total (Tab 827MB, GPU 330MB, Browser 133MB, Utility 69MB)
2026-08-30T04:21:18.264-04:00 info memory: 1358MB total (Tab 826MB, GPU 330MB, Browser 133MB, Utility 69MB)
2026-08-30T04:22:18.271-04:00 info memory: 1358MB total (Tab 826MB, GPU 330MB, Browser 133MB, Utility 69MB)
2026-08-30T04:23:18.284-04:00 info memory: 1358MB total (Tab 826MB, GPU 330MB, Browser 133MB, Utility 69MB)
2026-08-30T04:24:18.287-04:00 info memory: 1358MB total (Tab 826MB, GPU 330MB, Browser 133MB, Utility 69MB)
2026-08-30T04:25:18.298-04:00 info memory: 1359MB total (Tab 827MB, GPU 330MB, Browser 133MB, Utility 69MB)
2026-08-30T04:26:18.299-04:00 info memory: 1359MB total (Tab 827MB, GPU 330MB, Browser 133MB, Utility 69MB)
2026-08-30T04:27:18.308-04:00 info memory: 1359MB total (Tab 827MB, GPU 330MB, Browser 133MB, Utility 69MB)
2026-08-30T04:28:18.320-04:00 info memory: 1359MB total (Tab 827MB, GPU 330MB, Browser 133MB, Utility 69MB)
2026-08-30T04:29:18.326-04:00 info memory: 1358MB total (Tab 826MB, GPU 330MB, Browser 133MB, Utility 69MB)
2026-08-30T04:30:18.339-04:00 info memory: 1359MB total (Tab 827MB, GPU 330MB, Browser 133MB, Utility 69MB)
2026-08-30T04:31:18.350-04:00 info memory: 1359MB total (Tab 826MB, GPU 330MB, Browser 133MB, Utility 69MB)
2026-08-30T04:32:18.366-04:00 info memory: 1366MB total (Tab 833MB, GPU 330MB, Browser 134MB, Utility 69MB)
2026-08-30T04:32:41.133-04:00 info layout 1920x1080 in a 1920x1079 window, scaled to 0.999
2026-08-30T04:32:41.664-04:00 info layout 1920x1080 in a 1920x1080 window, 1:1
2026-08-30T04:33:18.373-04:00 info memory: 1370MB total (Tab 837MB, GPU 331MB, Browser 134MB, Utility 69MB)
2026-08-30T04:34:18.380-04:00 info memory: 1366MB total (Tab 833MB, GPU 330MB, Browser 134MB, Utility 69MB)
2026-08-30T04:35:18.392-04:00 info memory: 1366MB total (Tab 833MB, GPU 330MB, Browser 134MB, Utility 69MB)
2026-08-30T04:36:18.393-04:00 info memory: 1366MB total (Tab 833MB, GPU 330MB, Browser 134MB, Utility 69MB)
2026-08-30T04:37:18.397-04:00 info memory: 1366MB total (Tab 833MB, GPU 330MB, Browser 133MB, Utility 69MB)
2026-08-30T04:38:18.409-04:00 info memory: 1363MB total (Tab 831MB, GPU 330MB, Browser 133MB, Utility 69MB)
2026-08-30T04:39:18.416-04:00 info memory: 1363MB total (Tab 830MB, GPU 330MB, Browser 133MB, Utility 69MB)
2026-08-30T04:40:18.426-04:00 info memory: 1363MB total (Tab 831MB, GPU 330MB, Browser 133MB, Utility 69MB)
2026-08-30T04:41:18.440-04:00 info memory: 1363MB total (Tab 830MB, GPU 330MB, Browser 133MB, Utility 69MB)
2026-08-30T04:42:18.445-04:00 info memory: 1360MB total (Tab 828MB, GPU 330MB, Browser 133MB, Utility 69MB)
2026-08-30T04:43:18.462-04:00 info memory: 1361MB total (Tab 828MB, GPU 330MB, Browser 133MB, Utility 69MB)
2026-08-30T04:44:18.472-04:00 info memory: 1360MB total (Tab 828MB, GPU 330MB, Browser 133MB, Utility 69MB)
2026-08-30T04:45:18.476-04:00 info memory: 1361MB total (Tab 828MB, GPU 330MB, Browser 133MB, Utility 69MB)
2026-08-30T04:46:18.479-04:00 info memory: 1361MB total (Tab 828MB, GPU 330MB, Browser 133MB, Utility 69MB)
2026-08-30T04:47:18.489-04:00 info memory: 1361MB total (Tab 828MB, GPU 330MB, Browser 133MB, Utility 69MB)
2026-08-30T04:48:18.497-04:00 info memory: 1359MB total (Tab 827MB, GPU 330MB, Browser 133MB, Utility 69MB)
2026-08-30T04:49:18.504-04:00 info memory: 1359MB total (Tab 827MB, GPU 330MB, Browser 133MB, Utility 69MB)
2026-08-30T04:50:18.516-04:00 info memory: 1360MB total (Tab 828MB, GPU 330MB, Browser 133MB, Utility 69MB)
2026-08-30T04:51:18.532-04:00 info memory: 1360MB total (Tab 827MB, GPU 330MB, Browser 133MB, Utility 69MB)
2026-08-30T04:52:18.547-04:00 info memory: 1360MB total (Tab 827MB, GPU 330MB, Browser 133MB, Utility 69MB)
2026-08-30T04:53:18.551-04:00 info memory: 1360MB total (Tab 827MB, GPU 330MB, Browser 134MB, Utility 69MB)
2026-08-30T04:54:18.567-04:00 info memory: 1359MB total (Tab 826MB, GPU 330MB, Browser 134MB, Utility 69MB)
2026-08-30T04:55:18.570-04:00 info memory: 1359MB total (Tab 827MB, GPU 330MB, Browser 134MB, Utility 69MB)
2026-08-30T04:56:18.581-04:00 info memory: 1359MB total (Tab 826MB, GPU 330MB, Browser 134MB, Utility 69MB)
2026-08-30T04:57:18.595-04:00 info memory: 1360MB total (Tab 827MB, GPU 330MB, Browser 134MB, Utility 69MB)
2026-08-30T04:58:18.601-04:00 info memory: 1359MB total (Tab 826MB, GPU 330MB, Browser 134MB, Utility 69MB)
2026-08-30T04:59:18.604-04:00 info memory: 1360MB total (Tab 827MB, GPU 330MB, Browser 134MB, Utility 69MB)
2026-08-30T05:00:18.607-04:00 info memory: 1359MB total (Tab 827MB, GPU 330MB, Browser 133MB, Utility 69MB)
2026-08-30T05:01:18.616-04:00 info memory: 1359MB total (Tab 827MB, GPU 330MB, Browser 133MB, Utility 69MB)
2026-08-30T05:02:18.624-04:00 info memory: 1354MB total (Tab 822MB, GPU 330MB, Browser 133MB, Utility 69MB)
2026-08-30T05:02:41.150-04:00 info layout 1920x1080 in a 1920x1079 window, scaled to 0.999
2026-08-30T05:02:41.660-04:00 info layout 1920x1080 in a 1920x1080 window, 1:1
2026-08-30T05:03:18.633-04:00 info memory: 1368MB total (Tab 835MB, GPU 331MB, Browser 133MB, Utility 69MB)
2026-08-30T05:04:18.645-04:00 info memory: 1368MB total (Tab 835MB, GPU 330MB, Browser 133MB, Utility 69MB)
2026-08-30T05:05:18.659-04:00 info memory: 1366MB total (Tab 833MB, GPU 330MB, Browser 133MB, Utility 69MB)
2026-08-30T05:06:18.672-04:00 info memory: 1364MB total (Tab 831MB, GPU 330MB, Browser 133MB, Utility 69MB)
2026-08-30T05:07:18.681-04:00 info memory: 1364MB total (Tab 831MB, GPU 330MB, Browser 133MB, Utility 69MB)
2026-08-30T05:08:18.693-04:00 info memory: 1362MB total (Tab 829MB, GPU 330MB, Browser 133MB, Utility 69MB)
2026-08-30T05:09:18.701-04:00 info memory: 1361MB total (Tab 829MB, GPU 330MB, Browser 133MB, Utility 69MB)
2026-08-30T05:10:18.703-04:00 info memory: 1362MB total (Tab 829MB, GPU 330MB, Browser 133MB, Utility 69MB)
2026-08-30T05:11:18.719-04:00 info memory: 1362MB total (Tab 829MB, GPU 330MB, Browser 133MB, Utility 69MB)
2026-08-30T05:12:18.734-04:00 info memory: 1361MB total (Tab 828MB, GPU 330MB, Browser 133MB, Utility 69MB)
2026-08-30T05:13:18.746-04:00 info memory: 1362MB total (Tab 829MB, GPU 330MB, Browser 134MB, Utility 69MB)
2026-08-30T05:14:18.761-04:00 info memory: 1361MB total (Tab 828MB, GPU 330MB, Browser 134MB, Utility 69MB)
2026-08-30T05:15:18.766-04:00 info memory: 1362MB total (Tab 829MB, GPU 330MB, Browser 134MB, Utility 69MB)
2026-08-30T05:16:18.774-04:00 info memory: 1361MB total (Tab 828MB, GPU 330MB, Browser 134MB, Utility 69MB)
2026-08-30T05:17:18.777-04:00 info memory: 1361MB total (Tab 828MB, GPU 330MB, Browser 134MB, Utility 69MB)
2026-08-30T05:18:18.789-04:00 info memory: 1361MB total (Tab 828MB, GPU 330MB, Browser 134MB, Utility 69MB)
2026-08-30T05:19:18.793-04:00 info memory: 1361MB total (Tab 828MB, GPU 330MB, Browser 134MB, Utility 69MB)
2026-08-30T05:20:18.800-04:00 info memory: 1361MB total (Tab 828MB, GPU 330MB, Browser 134MB, Utility 69MB)
2026-08-30T05:21:18.803-04:00 info memory: 1361MB total (Tab 828MB, GPU 330MB, Browser 134MB, Utility 69MB)
2026-08-30T05:22:18.816-04:00 info memory: 1361MB total (Tab 829MB, GPU 330MB, Browser 133MB, Utility 69MB)
2026-08-30T05:23:18.825-04:00 info memory: 1361MB total (Tab 829MB, GPU 330MB, Browser 133MB, Utility 69MB)
2026-08-30T05:24:18.828-04:00 info memory: 1361MB total (Tab 829MB, GPU 330MB, Browser 133MB, Utility 69MB)
2026-08-30T05:25:18.846-04:00 info memory: 1362MB total (Tab 829MB, GPU 330MB, Browser 133MB, Utility 69MB)
2026-08-30T05:26:18.851-04:00 info memory: 1361MB total (Tab 829MB, GPU 330MB, Browser 133MB, Utility 69MB)
2026-08-30T05:27:18.858-04:00 info memory: 1361MB total (Tab 828MB, GPU 330MB, Browser 133MB, Utility 69MB)
2026-08-30T05:28:18.863-04:00 info memory: 1361MB total (Tab 828MB, GPU 330MB, Browser 133MB, Utility 69MB)
2026-08-30T05:29:18.874-04:00 info memory: 1360MB total (Tab 828MB, GPU 330MB, Browser 133MB, Utility 69MB)
2026-08-30T05:30:18.879-04:00 info memory: 1361MB total (Tab 829MB, GPU 330MB, Browser 133MB, Utility 69MB)
2026-08-30T05:31:18.888-04:00 info memory: 1359MB total (Tab 826MB, GPU 330MB, Browser 133MB, Utility 69MB)
2026-08-30T05:32:18.900-04:00 info memory: 1361MB total (Tab 828MB, GPU 330MB, Browser 134MB, Utility 69MB)
2026-08-30T05:32:41.151-04:00 info layout 1920x1080 in a 1920x1079 window, scaled to 0.999
2026-08-30T05:32:41.674-04:00 info layout 1920x1080 in a 1920x1080 window, 1:1
2026-08-30T05:33:18.913-04:00 info memory: 1370MB total (Tab 837MB, GPU 331MB, Browser 134MB, Utility 69MB)
2026-08-30T05:34:18.916-04:00 info memory: 1365MB total (Tab 832MB, GPU 331MB, Browser 134MB, Utility 69MB)
2026-08-30T05:35:18.921-04:00 info memory: 1366MB total (Tab 832MB, GPU 331MB, Browser 134MB, Utility 69MB)
2026-08-30T05:36:18.934-04:00 info memory: 1363MB total (Tab 829MB, GPU 331MB, Browser 134MB, Utility 69MB)
2026-08-30T05:37:18.943-04:00 info memory: 1367MB total (Tab 830MB, GPU 334MB, Browser 134MB, Utility 69MB)
2026-08-30T05:38:18.960-04:00 info memory: 1365MB total (Tab 827MB, GPU 335MB, Browser 134MB, Utility 69MB)
2026-08-30T05:39:18.976-04:00 info memory: 1364MB total (Tab 827MB, GPU 334MB, Browser 134MB, Utility 69MB)
2026-08-30T05:40:18.988-04:00 info memory: 1365MB total (Tab 828MB, GPU 334MB, Browser 134MB, Utility 69MB)
2026-08-30T05:41:18.993-04:00 info memory: 1364MB total (Tab 827MB, GPU 334MB, Browser 134MB, Utility 69MB)
2026-08-30T05:42:18.999-04:00 info memory: 1365MB total (Tab 828MB, GPU 335MB, Browser 134MB, Utility 69MB)
2026-08-30T05:43:19.013-04:00 info memory: 1360MB total (Tab 827MB, GPU 330MB, Browser 134MB, Utility 69MB)
2026-08-30T05:44:19.022-04:00 info memory: 1360MB total (Tab 827MB, GPU 330MB, Browser 133MB, Utility 69MB)
2026-08-30T05:45:19.039-04:00 info memory: 1360MB total (Tab 828MB, GPU 330MB, Browser 133MB, Utility 69MB)
2026-08-30T05:46:19.053-04:00 info memory: 1359MB total (Tab 826MB, GPU 330MB, Browser 133MB, Utility 69MB)
2026-08-30T05:47:19.064-04:00 info memory: 1359MB total (Tab 827MB, GPU 330MB, Browser 133MB, Utility 69MB)
2026-08-30T05:48:19.067-04:00 info memory: 1359MB total (Tab 827MB, GPU 330MB, Browser 133MB, Utility 69MB)
2026-08-30T05:49:19.077-04:00 info memory: 1360MB total (Tab 827MB, GPU 330MB, Browser 133MB, Utility 69MB)
2026-08-30T05:50:19.087-04:00 info memory: 1360MB total (Tab 827MB, GPU 330MB, Browser 133MB, Utility 69MB)
2026-08-30T05:51:19.103-04:00 info memory: 1360MB total (Tab 827MB, GPU 330MB, Browser 133MB, Utility 69MB)
2026-08-30T05:52:19.120-04:00 info memory: 1360MB total (Tab 828MB, GPU 330MB, Browser 133MB, Utility 69MB)
2026-08-30T05:53:19.136-04:00 info memory: 1359MB total (Tab 827MB, GPU 330MB, Browser 133MB, Utility 69MB)
2026-08-30T05:54:19.150-04:00 info memory: 1359MB total (Tab 826MB, GPU 330MB, Browser 133MB, Utility 69MB)
2026-08-30T05:55:19.160-04:00 info memory: 1359MB total (Tab 826MB, GPU 330MB, Browser 133MB, Utility 69MB)
2026-08-30T05:56:19.175-04:00 info memory: 1359MB total (Tab 826MB, GPU 330MB, Browser 134MB, Utility 69MB)
2026-08-30T05:57:19.192-04:00 info memory: 1359MB total (Tab 827MB, GPU 330MB, Browser 134MB, Utility 69MB)
2026-08-30T05:58:19.208-04:00 info memory: 1359MB total (Tab 826MB, GPU 330MB, Browser 134MB, Utility 69MB)
2026-08-30T05:59:19.214-04:00 info memory: 1360MB total (Tab 827MB, GPU 330MB, Browser 134MB, Utility 69MB)
2026-08-30T06:00:19.218-04:00 info memory: 1360MB total (Tab 827MB, GPU 330MB, Browser 134MB, Utility 69MB)
2026-08-30T06:01:19.226-04:00 info memory: 1360MB total (Tab 827MB, GPU 330MB, Browser 134MB, Utility 69MB)
2026-08-30T06:02:19.233-04:00 info memory: 1388MB total (Tab 854MB, GPU 331MB, Browser 134MB, Utility 69MB)
2026-08-30T06:02:41.165-04:00 info layout 1920x1080 in a 1920x1079 window, scaled to 0.999
2026-08-30T06:02:41.690-04:00 info layout 1920x1080 in a 1920x1080 window, 1:1
2026-08-30T06:03:19.249-04:00 info memory: 1364MB total (Tab 830MB, GPU 331MB, Browser 134MB, Utility 69MB)
2026-08-30T06:04:19.265-04:00 info memory: 1365MB total (Tab 831MB, GPU 330MB, Browser 134MB, Utility 69MB)
2026-08-30T06:05:19.273-04:00 info memory: 1365MB total (Tab 832MB, GPU 331MB, Browser 134MB, Utility 69MB)
2026-08-30T06:06:19.282-04:00 info memory: 1364MB total (Tab 832MB, GPU 330MB, Browser 133MB, Utility 69MB)
2026-08-30T06:07:19.284-04:00 info memory: 1365MB total (Tab 832MB, GPU 331MB, Browser 133MB, Utility 69MB)
2026-08-30T06:08:19.300-04:00 info memory: 1361MB total (Tab 829MB, GPU 330MB, Browser 133MB, Utility 69MB)
2026-08-30T06:09:19.310-04:00 info memory: 1362MB total (Tab 829MB, GPU 331MB, Browser 133MB, Utility 69MB)
2026-08-30T06:10:19.324-04:00 info memory: 1362MB total (Tab 829MB, GPU 330MB, Browser 133MB, Utility 69MB)
2026-08-30T06:11:19.337-04:00 info memory: 1362MB total (Tab 829MB, GPU 331MB, Browser 133MB, Utility 69MB)
2026-08-30T06:12:19.339-04:00 info memory: 1361MB total (Tab 829MB, GPU 330MB, Browser 133MB, Utility 69MB)
2026-08-30T06:13:19.351-04:00 info memory: 1359MB total (Tab 826MB, GPU 331MB, Browser 133MB, Utility 69MB)
2026-08-30T06:14:19.357-04:00 info memory: 1359MB total (Tab 826MB, GPU 331MB, Browser 133MB, Utility 69MB)
2026-08-30T06:15:19.361-04:00 info memory: 1360MB total (Tab 827MB, GPU 331MB, Browser 134MB, Utility 69MB)
2026-08-30T06:16:19.369-04:00 info memory: 1360MB total (Tab 827MB, GPU 331MB, Browser 134MB, Utility 69MB)
2026-08-30T06:17:19.373-04:00 info memory: 1360MB total (Tab 827MB, GPU 331MB, Browser 134MB, Utility 69MB)
2026-08-30T06:18:19.381-04:00 info memory: 1359MB total (Tab 826MB, GPU 330MB, Browser 134MB, Utility 69MB)
2026-08-30T06:19:19.386-04:00 info memory: 1360MB total (Tab 827MB, GPU 330MB, Browser 134MB, Utility 69MB)
2026-08-30T06:20:19.393-04:00 info memory: 1359MB total (Tab 826MB, GPU 331MB, Browser 134MB, Utility 69MB)
2026-08-30T06:21:19.403-04:00 info memory: 1359MB total (Tab 825MB, GPU 330MB, Browser 134MB, Utility 69MB)
2026-08-30T06:22:19.407-04:00 info memory: 1359MB total (Tab 826MB, GPU 331MB, Browser 134MB, Utility 69MB)
2026-08-30T06:23:19.418-04:00 info memory: 1359MB total (Tab 825MB, GPU 330MB, Browser 134MB, Utility 69MB)
2026-08-30T06:24:19.433-04:00 info memory: 1359MB total (Tab 826MB, GPU 330MB, Browser 134MB, Utility 69MB)
2026-08-30T06:25:19.446-04:00 info memory: 1359MB total (Tab 826MB, GPU 331MB, Browser 134MB, Utility 69MB)
2026-08-30T06:26:19.451-04:00 info memory: 1360MB total (Tab 826MB, GPU 330MB, Browser 134MB, Utility 69MB)
2026-08-30T06:27:19.454-04:00 info memory: 1361MB total (Tab 827MB, GPU 331MB, Browser 134MB, Utility 69MB)
2026-08-30T06:28:19.456-04:00 info memory: 1359MB total (Tab 827MB, GPU 330MB, Browser 133MB, Utility 69MB)
2026-08-30T06:29:19.469-04:00 info memory: 1360MB total (Tab 827MB, GPU 330MB, Browser 133MB, Utility 69MB)
2026-08-30T06:30:19.476-04:00 info memory: 1358MB total (Tab 825MB, GPU 330MB, Browser 133MB, Utility 69MB)
2026-08-30T06:31:19.478-04:00 info memory: 1359MB total (Tab 826MB, GPU 331MB, Browser 133MB, Utility 69MB)
2026-08-30T06:32:19.482-04:00 info memory: 1385MB total (Tab 852MB, GPU 331MB, Browser 133MB, Utility 69MB)
2026-08-30T06:32:41.181-04:00 info layout 1920x1080 in a 1920x1079 window, scaled to 0.999
2026-08-30T06:32:41.698-04:00 info layout 1920x1080 in a 1920x1080 window, 1:1
2026-08-30T06:33:19.492-04:00 info memory: 1365MB total (Tab 832MB, GPU 330MB, Browser 133MB, Utility 69MB)
2026-08-30T06:34:19.503-04:00 info memory: 1361MB total (Tab 829MB, GPU 330MB, Browser 133MB, Utility 69MB)
2026-08-30T06:35:19.506-04:00 info memory: 1362MB total (Tab 830MB, GPU 329MB, Browser 134MB, Utility 69MB)
2026-08-30T06:36:19.512-04:00 info memory: 1361MB total (Tab 829MB, GPU 329MB, Browser 134MB, Utility 69MB)
2026-08-30T06:37:19.521-04:00 info memory: 1362MB total (Tab 830MB, GPU 329MB, Browser 134MB, Utility 69MB)
2026-08-30T06:38:19.532-04:00 info memory: 1358MB total (Tab 826MB, GPU 329MB, Browser 134MB, Utility 69MB)
2026-08-30T06:39:19.546-04:00 info memory: 1359MB total (Tab 827MB, GPU 329MB, Browser 134MB, Utility 69MB)
2026-08-30T06:40:19.561-04:00 info memory: 1359MB total (Tab 827MB, GPU 330MB, Browser 134MB, Utility 69MB)
2026-08-30T06:41:19.568-04:00 info memory: 1359MB total (Tab 827MB, GPU 329MB, Browser 134MB, Utility 69MB)
2026-08-30T06:42:19.576-04:00 info memory: 1357MB total (Tab 825MB, GPU 329MB, Browser 134MB, Utility 69MB)
2026-08-30T06:43:19.582-04:00 info memory: 1357MB total (Tab 825MB, GPU 329MB, Browser 134MB, Utility 69MB)
2026-08-30T06:44:19.584-04:00 info memory: 1357MB total (Tab 825MB, GPU 329MB, Browser 134MB, Utility 69MB)
2026-08-30T06:45:19.594-04:00 info memory: 1357MB total (Tab 825MB, GPU 329MB, Browser 134MB, Utility 69MB)
2026-08-30T06:46:19.608-04:00 info memory: 1356MB total (Tab 824MB, GPU 329MB, Browser 134MB, Utility 69MB)
2026-08-30T06:47:19.623-04:00 info memory: 1361MB total (Tab 825MB, GPU 333MB, Browser 134MB, Utility 69MB)
2026-08-30T06:48:19.624-04:00 info memory: 1357MB total (Tab 825MB, GPU 329MB, Browser 134MB, Utility 69MB)
2026-08-30T06:49:19.638-04:00 info memory: 1358MB total (Tab 825MB, GPU 330MB, Browser 134MB, Utility 69MB)
2026-08-30T06:50:19.638-04:00 info memory: 1357MB total (Tab 825MB, GPU 330MB, Browser 133MB, Utility 69MB)
2026-08-30T06:51:19.647-04:00 info memory: 1357MB total (Tab 825MB, GPU 329MB, Browser 133MB, Utility 69MB)
2026-08-30T06:52:19.652-04:00 info memory: 1357MB total (Tab 826MB, GPU 329MB, Browser 133MB, Utility 69MB)
2026-08-30T06:53:19.655-04:00 info memory: 1357MB total (Tab 825MB, GPU 329MB, Browser 133MB, Utility 69MB)
2026-08-30T06:54:19.667-04:00 info memory: 1357MB total (Tab 826MB, GPU 329MB, Browser 133MB, Utility 69MB)
2026-08-30T06:55:19.675-04:00 info memory: 1356MB total (Tab 825MB, GPU 329MB, Browser 133MB, Utility 69MB)
2026-08-30T06:56:19.691-04:00 info memory: 1356MB total (Tab 825MB, GPU 329MB, Browser 133MB, Utility 69MB)
2026-08-30T06:57:19.706-04:00 info memory: 1357MB total (Tab 825MB, GPU 329MB, Browser 134MB, Utility 69MB)
2026-08-30T06:58:19.710-04:00 info memory: 1357MB total (Tab 825MB, GPU 329MB, Browser 134MB, Utility 69MB)
2026-08-30T06:59:19.716-04:00 info memory: 1357MB total (Tab 825MB, GPU 329MB, Browser 134MB, Utility 69MB)
2026-08-30T07:00:19.730-04:00 info memory: 1358MB total (Tab 825MB, GPU 330MB, Browser 134MB, Utility 69MB)
2026-08-30T07:01:19.747-04:00 info memory: 1357MB total (Tab 826MB, GPU 329MB, Browser 134MB, Utility 69MB)
2026-08-30T07:02:19.750-04:00 info memory: 1399MB total (Tab 867MB, GPU 329MB, Browser 134MB, Utility 69MB)
2026-08-30T07:02:40.187-04:00 info layout 1920x1080 in a 1920x1079 window, scaled to 0.999
2026-08-30T07:02:40.702-04:00 info layout 1920x1080 in a 1920x1080 window, 1:1
2026-08-30T07:03:19.756-04:00 info memory: 1362MB total (Tab 830MB, GPU 330MB, Browser 134MB, Utility 69MB)
2026-08-30T07:04:19.758-04:00 info memory: 1362MB total (Tab 830MB, GPU 329MB, Browser 134MB, Utility 69MB)
2026-08-30T07:05:19.767-04:00 info memory: 1362MB total (Tab 830MB, GPU 330MB, Browser 134MB, Utility 69MB)
2026-08-30T07:06:19.776-04:00 info memory: 1362MB total (Tab 829MB, GPU 329MB, Browser 134MB, Utility 69MB)
2026-08-30T07:07:19.790-04:00 info memory: 1360MB total (Tab 827MB, GPU 330MB, Browser 134MB, Utility 69MB)
2026-08-30T07:08:19.792-04:00 info memory: 1357MB total (Tab 824MB, GPU 330MB, Browser 134MB, Utility 69MB)
2026-08-30T07:09:19.807-04:00 info memory: 1357MB total (Tab 825MB, GPU 330MB, Browser 134MB, Utility 69MB)
2026-08-30T07:10:19.820-04:00 info memory: 1358MB total (Tab 825MB, GPU 330MB, Browser 134MB, Utility 69MB)
2026-08-30T07:11:19.826-04:00 info memory: 1358MB total (Tab 825MB, GPU 330MB, Browser 134MB, Utility 69MB)
2026-08-30T07:12:19.834-04:00 info memory: 1357MB total (Tab 825MB, GPU 330MB, Browser 133MB, Utility 69MB)
2026-08-30T07:13:19.840-04:00 info memory: 1357MB total (Tab 825MB, GPU 330MB, Browser 133MB, Utility 69MB)
2026-08-30T07:14:19.854-04:00 info memory: 1356MB total (Tab 824MB, GPU 330MB, Browser 133MB, Utility 69MB)
2026-08-30T07:15:19.869-04:00 info memory: 1357MB total (Tab 825MB, GPU 330MB, Browser 133MB, Utility 69MB)
2026-08-30T07:16:19.877-04:00 info memory: 1356MB total (Tab 824MB, GPU 330MB, Browser 133MB, Utility 69MB)
2026-08-30T07:17:19.879-04:00 info memory: 1357MB total (Tab 825MB, GPU 330MB, Browser 133MB, Utility 69MB)
2026-08-30T07:18:19.897-04:00 info memory: 1357MB total (Tab 825MB, GPU 330MB, Browser 133MB, Utility 69MB)
2026-08-30T07:19:19.908-04:00 info memory: 1357MB total (Tab 825MB, GPU 330MB, Browser 134MB, Utility 69MB)
2026-08-30T07:20:19.922-04:00 info memory: 1357MB total (Tab 825MB, GPU 330MB, Browser 134MB, Utility 69MB)
2026-08-30T07:21:19.938-04:00 info memory: 1357MB total (Tab 825MB, GPU 330MB, Browser 134MB, Utility 69MB)
2026-08-30T07:22:19.942-04:00 info memory: 1358MB total (Tab 825MB, GPU 330MB, Browser 134MB, Utility 69MB)
2026-08-30T07:23:19.952-04:00 info memory: 1356MB total (Tab 824MB, GPU 330MB, Browser 134MB, Utility 69MB)
2026-08-30T07:24:19.958-04:00 info memory: 1356MB total (Tab 823MB, GPU 330MB, Browser 134MB, Utility 69MB)
2026-08-30T07:25:19.962-04:00 info memory: 1357MB total (Tab 824MB, GPU 330MB, Browser 134MB, Utility 69MB)
2026-08-30T07:26:19.964-04:00 info memory: 1356MB total (Tab 824MB, GPU 330MB, Browser 134MB, Utility 69MB)
2026-08-30T07:27:19.976-04:00 info memory: 1357MB total (Tab 825MB, GPU 330MB, Browser 134MB, Utility 69MB)
2026-08-30T07:28:19.990-04:00 info memory: 1357MB total (Tab 824MB, GPU 330MB, Browser 134MB, Utility 69MB)
2026-08-30T07:29:20.003-04:00 info memory: 1358MB total (Tab 825MB, GPU 330MB, Browser 134MB, Utility 69MB)
2026-08-30T07:30:20.010-04:00 info memory: 1357MB total (Tab 825MB, GPU 330MB, Browser 134MB, Utility 69MB)
2026-08-30T07:31:20.017-04:00 info memory: 1357MB total (Tab 824MB, GPU 330MB, Browser 134MB, Utility 69MB)
2026-08-30T07:32:20.022-04:00 info memory: 1353MB total (Tab 821MB, GPU 330MB, Browser 134MB, Utility 69MB)
2026-08-30T07:32:40.196-04:00 info layout 1920x1080 in a 1920x1079 window, scaled to 0.999
2026-08-30T07:32:40.726-04:00 info layout 1920x1080 in a 1920x1080 window, 1:1
2026-08-30T07:33:20.035-04:00 info memory: 1368MB total (Tab 835MB, GPU 330MB, Browser 133MB, Utility 69MB)
2026-08-30T07:34:20.050-04:00 info memory: 1362MB total (Tab 830MB, GPU 330MB, Browser 133MB, Utility 69MB)
2026-08-30T07:35:20.062-04:00 info memory: 1367MB total (Tab 830MB, GPU 334MB, Browser 133MB, Utility 69MB)
2026-08-30T07:36:20.077-04:00 info memory: 1362MB total (Tab 830MB, GPU 330MB, Browser 133MB, Utility 69MB)
2026-08-30T07:37:20.086-04:00 info memory: 1363MB total (Tab 830MB, GPU 330MB, Browser 133MB, Utility 69MB)
2026-08-30T07:38:20.096-04:00 info memory: 1359MB total (Tab 827MB, GPU 330MB, Browser 133MB, Utility 69MB)
2026-08-30T07:39:20.104-04:00 info memory: 1359MB total (Tab 827MB, GPU 330MB, Browser 134MB, Utility 69MB)
2026-08-30T07:40:20.120-04:00 info memory: 1359MB total (Tab 827MB, GPU 329MB, Browser 134MB, Utility 69MB)
2026-08-30T07:41:20.122-04:00 info memory: 1359MB total (Tab 827MB, GPU 330MB, Browser 134MB, Utility 69MB)
2026-08-30T07:42:20.133-04:00 info memory: 1359MB total (Tab 827MB, GPU 329MB, Browser 134MB, Utility 69MB)
2026-08-30T07:43:20.141-04:00 info memory: 1359MB total (Tab 827MB, GPU 330MB, Browser 134MB, Utility 69MB)
2026-08-30T07:44:20.154-04:00 info memory: 1359MB total (Tab 827MB, GPU 330MB, Browser 134MB, Utility 69MB)
2026-08-30T07:45:20.163-04:00 info memory: 1360MB total (Tab 827MB, GPU 330MB, Browser 134MB, Utility 69MB)
2026-08-30T07:46:20.166-04:00 info memory: 1359MB total (Tab 827MB, GPU 330MB, Browser 134MB, Utility 69MB)
2026-08-30T07:47:20.176-04:00 info memory: 1360MB total (Tab 828MB, GPU 330MB, Browser 134MB, Utility 69MB)
2026-08-30T07:48:20.181-04:00 info memory: 1359MB total (Tab 827MB, GPU 329MB, Browser 134MB, Utility 69MB)
2026-08-30T07:49:20.191-04:00 info memory: 1360MB total (Tab 827MB, GPU 329MB, Browser 134MB, Utility 69MB)
2026-08-30T07:50:20.203-04:00 info memory: 1360MB total (Tab 828MB, GPU 329MB, Browser 134MB, Utility 69MB)
2026-08-30T07:51:20.213-04:00 info memory: 1360MB total (Tab 827MB, GPU 329MB, Browser 134MB, Utility 69MB)
2026-08-30T07:52:20.222-04:00 info memory: 1360MB total (Tab 828MB, GPU 329MB, Browser 134MB, Utility 69MB)
2026-08-30T07:53:20.236-04:00 info memory: 1360MB total (Tab 828MB, GPU 329MB, Browser 134MB, Utility 69MB)
2026-08-30T07:54:20.240-04:00 info memory: 1359MB total (Tab 826MB, GPU 329MB, Browser 134MB, Utility 69MB)
2026-08-30T07:55:20.255-04:00 info memory: 1359MB total (Tab 827MB, GPU 329MB, Browser 134MB, Utility 69MB)
2026-08-30T07:56:20.265-04:00 info memory: 1359MB total (Tab 827MB, GPU 329MB, Browser 134MB, Utility 69MB)
2026-08-30T07:57:20.273-04:00 info memory: 1360MB total (Tab 827MB, GPU 329MB, Browser 134MB, Utility 69MB)
2026-08-30T07:58:20.273-04:00 info memory: 1360MB total (Tab 827MB, GPU 329MB, Browser 134MB, Utility 69MB)
2026-08-30T07:59:20.282-04:00 info memory: 1360MB total (Tab 827MB, GPU 329MB, Browser 134MB, Utility 69MB)
2026-08-30T08:00:20.288-04:00 info memory: 1360MB total (Tab 827MB, GPU 329MB, Browser 134MB, Utility 69MB)
2026-08-30T08:01:20.301-04:00 info memory: 1359MB total (Tab 826MB, GPU 329MB, Browser 134MB, Utility 69MB)
2026-08-30T08:02:20.311-04:00 info memory: 1355MB total (Tab 822MB, GPU 329MB, Browser 134MB, Utility 69MB)
2026-08-30T08:02:40.215-04:00 info layout 1920x1080 in a 1920x1079 window, scaled to 0.999
2026-08-30T08:02:40.745-04:00 info layout 1920x1080 in a 1920x1080 window, 1:1
2026-08-30T08:03:20.320-04:00 info memory: 1365MB total (Tab 831MB, GPU 330MB, Browser 134MB, Utility 69MB)
2026-08-30T08:04:20.324-04:00 info memory: 1364MB total (Tab 831MB, GPU 330MB, Browser 135MB, Utility 69MB)
2026-08-30T08:05:20.329-04:00 info memory: 1364MB total (Tab 831MB, GPU 330MB, Browser 135MB, Utility 69MB)
2026-08-30T08:06:20.332-04:00 info memory: 1363MB total (Tab 830MB, GPU 330MB, Browser 135MB, Utility 69MB)
2026-08-30T08:07:20.335-04:00 info memory: 1362MB total (Tab 829MB, GPU 329MB, Browser 135MB, Utility 69MB)
2026-08-30T08:08:20.346-04:00 info memory: 1358MB total (Tab 825MB, GPU 330MB, Browser 135MB, Utility 69MB)
2026-08-30T08:09:20.352-04:00 info memory: 1359MB total (Tab 825MB, GPU 330MB, Browser 135MB, Utility 69MB)
2026-08-30T08:10:20.367-04:00 info memory: 1359MB total (Tab 826MB, GPU 329MB, Browser 135MB, Utility 69MB)
2026-08-30T08:11:20.375-04:00 info memory: 1358MB total (Tab 825MB, GPU 330MB, Browser 135MB, Utility 69MB)
2026-08-30T08:12:20.383-04:00 info memory: 1359MB total (Tab 825MB, GPU 329MB, Browser 135MB, Utility 69MB)
2026-08-30T08:13:20.391-04:00 info memory: 1358MB total (Tab 825MB, GPU 329MB, Browser 135MB, Utility 69MB)
2026-08-30T08:14:20.404-04:00 info memory: 1359MB total (Tab 825MB, GPU 329MB, Browser 135MB, Utility 69MB)
2026-08-30T08:15:20.405-04:00 info memory: 1359MB total (Tab 825MB, GPU 330MB, Browser 135MB, Utility 69MB)
2026-08-30T08:16:20.408-04:00 info memory: 1359MB total (Tab 825MB, GPU 329MB, Browser 135MB, Utility 69MB)
2026-08-30T08:17:20.422-04:00 info memory: 1358MB total (Tab 825MB, GPU 329MB, Browser 134MB, Utility 69MB)
2026-08-30T08:18:20.432-04:00 info memory: 1356MB total (Tab 824MB, GPU 329MB, Browser 134MB, Utility 69MB)
2026-08-30T08:19:20.442-04:00 info memory: 1357MB total (Tab 824MB, GPU 329MB, Browser 134MB, Utility 69MB)
2026-08-30T08:20:20.450-04:00 info memory: 1357MB total (Tab 824MB, GPU 329MB, Browser 134MB, Utility 69MB)
2026-08-30T08:21:20.454-04:00 info memory: 1357MB total (Tab 825MB, GPU 329MB, Browser 134MB, Utility 69MB)
2026-08-30T08:22:20.464-04:00 info memory: 1358MB total (Tab 825MB, GPU 329MB, Browser 134MB, Utility 69MB)
2026-08-30T08:23:20.464-04:00 info memory: 1357MB total (Tab 825MB, GPU 329MB, Browser 134MB, Utility 69MB)
2026-08-30T08:24:20.474-04:00 info memory: 1358MB total (Tab 825MB, GPU 330MB, Browser 134MB, Utility 69MB)
2026-08-30T08:25:20.489-04:00 info memory: 1358MB total (Tab 825MB, GPU 330MB, Browser 134MB, Utility 69MB)
2026-08-30T08:26:20.496-04:00 info memory: 1359MB total (Tab 826MB, GPU 330MB, Browser 134MB, Utility 69MB)
2026-08-30T08:27:20.505-04:00 info memory: 1358MB total (Tab 826MB, GPU 330MB, Browser 134MB, Utility 69MB)
2026-08-30T08:28:20.522-04:00 info memory: 1359MB total (Tab 826MB, GPU 330MB, Browser 134MB, Utility 69MB)
2026-08-30T08:29:20.527-04:00 info memory: 1359MB total (Tab 826MB, GPU 330MB, Browser 134MB, Utility 69MB)
2026-08-30T08:30:20.538-04:00 info memory: 1358MB total (Tab 826MB, GPU 330MB, Browser 134MB, Utility 69MB)
2026-08-30T08:31:20.543-04:00 info memory: 1358MB total (Tab 825MB, GPU 330MB, Browser 134MB, Utility 69MB)
2026-08-30T08:32:20.555-04:00 info memory: 1398MB total (Tab 865MB, GPU 330MB, Browser 134MB, Utility 69MB)
2026-08-30T08:32:40.222-04:00 info layout 1920x1080 in a 1920x1079 window, scaled to 0.999
2026-08-30T08:32:40.752-04:00 info layout 1920x1080 in a 1920x1080 window, 1:1
2026-08-30T08:33:20.563-04:00 info memory: 1369MB total (Tab 835MB, GPU 330MB, Browser 134MB, Utility 69MB)
2026-08-30T08:34:20.565-04:00 info memory: 1365MB total (Tab 832MB, GPU 330MB, Browser 134MB, Utility 69MB)
2026-08-30T08:35:20.570-04:00 info memory: 1365MB total (Tab 833MB, GPU 330MB, Browser 134MB, Utility 69MB)
2026-08-30T08:36:20.585-04:00 info memory: 1365MB total (Tab 832MB, GPU 330MB, Browser 134MB, Utility 69MB)
2026-08-30T08:37:20.593-04:00 info memory: 1363MB total (Tab 830MB, GPU 330MB, Browser 134MB, Utility 69MB)
2026-08-30T08:38:20.608-04:00 info memory: 1358MB total (Tab 826MB, GPU 330MB, Browser 134MB, Utility 69MB)
2026-08-30T08:39:20.617-04:00 info memory: 1358MB total (Tab 826MB, GPU 329MB, Browser 133MB, Utility 69MB)
2026-08-30T08:40:20.628-04:00 info memory: 1359MB total (Tab 827MB, GPU 329MB, Browser 134MB, Utility 69MB)
2026-08-30T08:41:20.640-04:00 info memory: 1358MB total (Tab 826MB, GPU 329MB, Browser 134MB, Utility 69MB)
2026-08-30T08:42:20.646-04:00 info memory: 1359MB total (Tab 827MB, GPU 329MB, Browser 134MB, Utility 69MB)
2026-08-30T08:43:20.651-04:00 info memory: 1359MB total (Tab 826MB, GPU 329MB, Browser 134MB, Utility 69MB)
2026-08-30T08:44:20.654-04:00 info memory: 1358MB total (Tab 826MB, GPU 329MB, Browser 134MB, Utility 69MB)
2026-08-30T08:45:20.666-04:00 info memory: 1358MB total (Tab 826MB, GPU 329MB, Browser 134MB, Utility 69MB)
2026-08-30T08:46:20.676-04:00 info memory: 1359MB total (Tab 827MB, GPU 329MB, Browser 134MB, Utility 69MB)
2026-08-30T08:47:20.693-04:00 info memory: 1360MB total (Tab 827MB, GPU 329MB, Browser 134MB, Utility 69MB)
2026-08-30T08:48:20.709-04:00 info memory: 1359MB total (Tab 827MB, GPU 329MB, Browser 134MB, Utility 69MB)
2026-08-30T08:49:20.722-04:00 info memory: 1360MB total (Tab 827MB, GPU 329MB, Browser 134MB, Utility 69MB)
2026-08-30T08:50:20.724-04:00 info memory: 1360MB total (Tab 827MB, GPU 329MB, Browser 134MB, Utility 69MB)
2026-08-30T08:51:20.743-04:00 info memory: 1360MB total (Tab 828MB, GPU 329MB, Browser 134MB, Utility 69MB)
2026-08-30T08:52:20.753-04:00 info memory: 1360MB total (Tab 828MB, GPU 329MB, Browser 134MB, Utility 69MB)
2026-08-30T08:53:20.769-04:00 info memory: 1360MB total (Tab 828MB, GPU 329MB, Browser 134MB, Utility 69MB)
2026-08-30T08:54:20.783-04:00 info memory: 1360MB total (Tab 828MB, GPU 329MB, Browser 134MB, Utility 69MB)
2026-08-30T08:55:20.795-04:00 info memory: 1360MB total (Tab 828MB, GPU 329MB, Browser 134MB, Utility 69MB)
2026-08-30T08:56:20.807-04:00 info memory: 1360MB total (Tab 828MB, GPU 329MB, Browser 134MB, Utility 69MB)
2026-08-30T08:57:20.816-04:00 info memory: 1360MB total (Tab 828MB, GPU 329MB, Browser 134MB, Utility 69MB)
2026-08-30T08:58:20.827-04:00 info memory: 1360MB total (Tab 828MB, GPU 329MB, Browser 134MB, Utility 69MB)
2026-08-30T08:59:20.833-04:00 info memory: 1361MB total (Tab 828MB, GPU 329MB, Browser 134MB, Utility 69MB)
2026-08-30T09:00:20.844-04:00 info memory: 1360MB total (Tab 828MB, GPU 329MB, Browser 134MB, Utility 69MB)
2026-08-30T09:01:20.858-04:00 info memory: 1360MB total (Tab 828MB, GPU 329MB, Browser 134MB, Utility 69MB)
2026-08-30T09:02:20.871-04:00 info memory: 1404MB total (Tab 867MB, GPU 334MB, Browser 134MB, Utility 69MB)
2026-08-30T09:02:40.227-04:00 info layout 1920x1080 in a 1920x1079 window, scaled to 0.999
2026-08-30T09:02:40.744-04:00 info layout 1920x1080 in a 1920x1080 window, 1:1
2026-08-30T09:03:20.873-04:00 info memory: 1370MB total (Tab 836MB, GPU 330MB, Browser 134MB, Utility 69MB)
2026-08-30T09:04:20.877-04:00 info memory: 1371MB total (Tab 834MB, GPU 335MB, Browser 134MB, Utility 69MB)
2026-08-30T09:05:20.887-04:00 info memory: 1367MB total (Tab 834MB, GPU 330MB, Browser 134MB, Utility 69MB)
2026-08-30T09:06:20.890-04:00 info memory: 1371MB total (Tab 834MB, GPU 334MB, Browser 134MB, Utility 69MB)
2026-08-30T09:07:20.898-04:00 info memory: 1364MB total (Tab 831MB, GPU 330MB, Browser 134MB, Utility 69MB)
2026-08-30T09:08:20.905-04:00 info memory: 1360MB total (Tab 827MB, GPU 330MB, Browser 134MB, Utility 69MB)
2026-08-30T09:09:20.914-04:00 info memory: 1364MB total (Tab 827MB, GPU 334MB, Browser 134MB, Utility 69MB)
2026-08-30T09:10:20.918-04:00 info memory: 1360MB total (Tab 828MB, GPU 330MB, Browser 134MB, Utility 69MB)
2026-08-30T09:11:20.926-04:00 info memory: 1360MB total (Tab 828MB, GPU 330MB, Browser 134MB, Utility 69MB)
2026-08-30T09:12:20.936-04:00 info memory: 1361MB total (Tab 828MB, GPU 330MB, Browser 134MB, Utility 69MB)
2026-08-30T09:13:20.942-04:00 info memory: 1360MB total (Tab 828MB, GPU 330MB, Browser 134MB, Utility 69MB)
2026-08-30T09:14:20.953-04:00 info memory: 1360MB total (Tab 828MB, GPU 330MB, Browser 134MB, Utility 69MB)
2026-08-30T09:15:20.956-04:00 info memory: 1361MB total (Tab 828MB, GPU 330MB, Browser 134MB, Utility 69MB)
2026-08-30T09:16:20.971-04:00 info memory: 1360MB total (Tab 827MB, GPU 330MB, Browser 134MB, Utility 69MB)
2026-08-30T09:17:20.973-04:00 info memory: 1361MB total (Tab 828MB, GPU 330MB, Browser 134MB, Utility 69MB)
2026-08-30T09:18:20.982-04:00 info memory: 1359MB total (Tab 826MB, GPU 330MB, Browser 134MB, Utility 69MB)
2026-08-30T09:19:20.997-04:00 info memory: 1360MB total (Tab 827MB, GPU 330MB, Browser 134MB, Utility 69MB)
2026-08-30T09:20:21.007-04:00 info memory: 1360MB total (Tab 828MB, GPU 330MB, Browser 134MB, Utility 69MB)
2026-08-30T09:21:21.017-04:00 info memory: 1360MB total (Tab 827MB, GPU 330MB, Browser 134MB, Utility 69MB)
2026-08-30T09:22:21.031-04:00 info memory: 1360MB total (Tab 828MB, GPU 330MB, Browser 133MB, Utility 69MB)
2026-08-30T09:23:21.034-04:00 info memory: 1360MB total (Tab 828MB, GPU 330MB, Browser 133MB, Utility 69MB)
2026-08-30T09:24:21.048-04:00 info memory: 1361MB total (Tab 828MB, GPU 330MB, Browser 134MB, Utility 69MB)
2026-08-30T09:25:21.051-04:00 info memory: 1360MB total (Tab 828MB, GPU 330MB, Browser 134MB, Utility 69MB)
2026-08-30T09:26:21.065-04:00 info memory: 1360MB total (Tab 828MB, GPU 330MB, Browser 134MB, Utility 69MB)
2026-08-30T09:27:21.072-04:00 info memory: 1360MB total (Tab 827MB, GPU 330MB, Browser 134MB, Utility 69MB)
2026-08-30T09:28:21.074-04:00 info memory: 1360MB total (Tab 827MB, GPU 330MB, Browser 134MB, Utility 69MB)
2026-08-30T09:29:21.075-04:00 info memory: 1359MB total (Tab 827MB, GPU 329MB, Browser 134MB, Utility 69MB)
2026-08-30T09:30:21.078-04:00 info memory: 1360MB total (Tab 827MB, GPU 330MB, Browser 134MB, Utility 69MB)
2026-08-30T09:31:21.081-04:00 info memory: 1360MB total (Tab 827MB, GPU 330MB, Browser 134MB, Utility 69MB)
2026-08-30T09:32:21.095-04:00 info memory: 1390MB total (Tab 853MB, GPU 334MB, Browser 134MB, Utility 69MB)
2026-08-30T09:32:40.247-04:00 info layout 1920x1080 in a 1920x1079 window, scaled to 0.999
2026-08-30T09:32:40.774-04:00 info layout 1920x1080 in a 1920x1080 window, 1:1
2026-08-30T09:33:21.103-04:00 info memory: 1369MB total (Tab 836MB, GPU 330MB, Browser 134MB, Utility 69MB)
2026-08-30T09:34:21.109-04:00 info memory: 1365MB total (Tab 832MB, GPU 330MB, Browser 134MB, Utility 69MB)
2026-08-30T09:35:21.111-04:00 info memory: 1365MB total (Tab 832MB, GPU 329MB, Browser 134MB, Utility 69MB)
2026-08-30T09:36:21.118-04:00 info memory: 1364MB total (Tab 832MB, GPU 329MB, Browser 134MB, Utility 69MB)
2026-08-30T09:37:21.126-04:00 info memory: 1365MB total (Tab 832MB, GPU 329MB, Browser 134MB, Utility 69MB)
2026-08-30T09:38:21.132-04:00 info memory: 1359MB total (Tab 827MB, GPU 329MB, Browser 134MB, Utility 69MB)
2026-08-30T09:39:21.137-04:00 info memory: 1360MB total (Tab 827MB, GPU 329MB, Browser 134MB, Utility 69MB)
2026-08-30T09:40:21.140-04:00 info memory: 1359MB total (Tab 827MB, GPU 330MB, Browser 134MB, Utility 69MB)
2026-08-30T09:41:21.147-04:00 info memory: 1360MB total (Tab 827MB, GPU 330MB, Browser 134MB, Utility 69MB)
2026-08-30T09:42:21.153-04:00 info memory: 1360MB total (Tab 827MB, GPU 330MB, Browser 134MB, Utility 69MB)
2026-08-30T09:43:21.162-04:00 info memory: 1360MB total (Tab 827MB, GPU 330MB, Browser 134MB, Utility 69MB)
2026-08-30T09:44:21.174-04:00 info memory: 1359MB total (Tab 827MB, GPU 329MB, Browser 134MB, Utility 69MB)
2026-08-30T09:45:21.175-04:00 info memory: 1359MB total (Tab 827MB, GPU 329MB, Browser 134MB, Utility 69MB)
2026-08-30T09:46:21.190-04:00 info memory: 1360MB total (Tab 827MB, GPU 330MB, Browser 134MB, Utility 69MB)
2026-08-30T09:47:21.203-04:00 info memory: 1360MB total (Tab 828MB, GPU 329MB, Browser 134MB, Utility 69MB)
2026-08-30T09:48:21.208-04:00 info memory: 1360MB total (Tab 827MB, GPU 329MB, Browser 134MB, Utility 69MB)
2026-08-30T09:49:21.211-04:00 info memory: 1360MB total (Tab 828MB, GPU 330MB, Browser 134MB, Utility 69MB)
2026-08-30T09:50:21.214-04:00 info memory: 1360MB total (Tab 827MB, GPU 330MB, Browser 134MB, Utility 69MB)
2026-08-30T09:51:21.219-04:00 info memory: 1359MB total (Tab 827MB, GPU 329MB, Browser 134MB, Utility 69MB)
2026-08-30T09:52:21.229-04:00 info memory: 1358MB total (Tab 826MB, GPU 329MB, Browser 134MB, Utility 69MB)
2026-08-30T09:53:21.240-04:00 info memory: 1358MB total (Tab 826MB, GPU 329MB, Browser 134MB, Utility 69MB)
2026-08-30T09:54:21.253-04:00 info memory: 1359MB total (Tab 826MB, GPU 330MB, Browser 134MB, Utility 69MB)
2026-08-30T09:55:21.254-04:00 info memory: 1358MB total (Tab 826MB, GPU 330MB, Browser 134MB, Utility 69MB)
2026-08-30T09:56:21.264-04:00 info memory: 1358MB total (Tab 826MB, GPU 330MB, Browser 134MB, Utility 69MB)
2026-08-30T09:57:21.277-04:00 info memory: 1359MB total (Tab 826MB, GPU 329MB, Browser 134MB, Utility 69MB)
2026-08-30T09:58:21.291-04:00 info memory: 1359MB total (Tab 826MB, GPU 330MB, Browser 134MB, Utility 69MB)
2026-08-30T09:59:21.296-04:00 info memory: 1360MB total (Tab 827MB, GPU 330MB, Browser 134MB, Utility 69MB)
2026-08-30T10:00:21.298-04:00 info memory: 1359MB total (Tab 826MB, GPU 330MB, Browser 134MB, Utility 69MB)
2026-08-30T10:01:21.308-04:00 info memory: 1358MB total (Tab 825MB, GPU 329MB, Browser 134MB, Utility 69MB)
2026-08-30T10:02:21.314-04:00 info memory: 1402MB total (Tab 869MB, GPU 330MB, Browser 134MB, Utility 69MB)
2026-08-30T10:02:40.257-04:00 info layout 1920x1080 in a 1920x1079 window, scaled to 0.999
2026-08-30T10:02:40.783-04:00 info layout 1920x1080 in a 1920x1080 window, 1:1
2026-08-30T10:03:21.320-04:00 info memory: 1365MB total (Tab 832MB, GPU 330MB, Browser 134MB, Utility 69MB)
2026-08-30T10:04:21.338-04:00 info memory: 1365MB total (Tab 832MB, GPU 330MB, Browser 134MB, Utility 69MB)
2026-08-30T10:05:21.340-04:00 info memory: 1365MB total (Tab 832MB, GPU 330MB, Browser 134MB, Utility 69MB)
2026-08-30T10:06:21.345-04:00 info memory: 1365MB total (Tab 832MB, GPU 330MB, Browser 134MB, Utility 69MB)
2026-08-30T10:07:21.359-04:00 info memory: 1365MB total (Tab 832MB, GPU 330MB, Browser 134MB, Utility 69MB)
2026-08-30T10:08:21.361-04:00 info memory: 1362MB total (Tab 829MB, GPU 330MB, Browser 134MB, Utility 69MB)
2026-08-30T10:09:21.376-04:00 info memory: 1362MB total (Tab 829MB, GPU 330MB, Browser 134MB, Utility 69MB)
2026-08-30T10:10:21.379-04:00 info memory: 1362MB total (Tab 829MB, GPU 330MB, Browser 134MB, Utility 69MB)
2026-08-30T10:11:21.390-04:00 info memory: 1361MB total (Tab 829MB, GPU 330MB, Browser 134MB, Utility 69MB)
2026-08-30T10:12:21.402-04:00 info memory: 1359MB total (Tab 827MB, GPU 330MB, Browser 134MB, Utility 69MB)
2026-08-30T10:13:21.405-04:00 info memory: 1359MB total (Tab 826MB, GPU 330MB, Browser 134MB, Utility 69MB)
2026-08-30T10:14:21.420-04:00 info memory: 1359MB total (Tab 826MB, GPU 330MB, Browser 134MB, Utility 69MB)
2026-08-30T10:15:21.426-04:00 info memory: 1359MB total (Tab 826MB, GPU 330MB, Browser 134MB, Utility 69MB)
2026-08-30T10:16:21.441-04:00 info memory: 1358MB total (Tab 826MB, GPU 330MB, Browser 134MB, Utility 69MB)
2026-08-30T10:17:21.452-04:00 info memory: 1359MB total (Tab 826MB, GPU 330MB, Browser 134MB, Utility 69MB)
2026-08-30T10:18:21.461-04:00 info memory: 1359MB total (Tab 826MB, GPU 330MB, Browser 134MB, Utility 69MB)
2026-08-30T10:19:21.465-04:00 info memory: 1359MB total (Tab 826MB, GPU 330MB, Browser 134MB, Utility 69MB)
2026-08-30T10:20:21.478-04:00 info memory: 1359MB total (Tab 826MB, GPU 330MB, Browser 134MB, Utility 69MB)
2026-08-30T10:21:21.485-04:00 info memory: 1358MB total (Tab 826MB, GPU 330MB, Browser 134MB, Utility 69MB)
2026-08-30T10:22:21.490-04:00 info memory: 1360MB total (Tab 827MB, GPU 330MB, Browser 134MB, Utility 69MB)
2026-08-30T10:23:21.506-04:00 info memory: 1359MB total (Tab 826MB, GPU 329MB, Browser 134MB, Utility 69MB)
2026-08-30T10:24:21.514-04:00 info memory: 1360MB total (Tab 827MB, GPU 330MB, Browser 134MB, Utility 69MB)
2026-08-30T10:25:21.523-04:00 info memory: 1359MB total (Tab 827MB, GPU 329MB, Browser 134MB, Utility 69MB)
2026-08-30T10:26:21.527-04:00 info memory: 1360MB total (Tab 827MB, GPU 330MB, Browser 134MB, Utility 69MB)
2026-08-30T10:27:21.543-04:00 info memory: 1360MB total (Tab 827MB, GPU 329MB, Browser 134MB, Utility 69MB)
2026-08-30T10:28:21.551-04:00 info memory: 1360MB total (Tab 827MB, GPU 330MB, Browser 134MB, Utility 69MB)
2026-08-30T10:29:21.556-04:00 info memory: 1359MB total (Tab 827MB, GPU 330MB, Browser 134MB, Utility 69MB)
2026-08-30T10:30:21.567-04:00 info memory: 1359MB total (Tab 827MB, GPU 330MB, Browser 134MB, Utility 69MB)
2026-08-30T10:31:21.571-04:00 info memory: 1358MB total (Tab 826MB, GPU 330MB, Browser 134MB, Utility 69MB)
2026-08-30T10:32:21.578-04:00 info memory: 1360MB total (Tab 827MB, GPU 330MB, Browser 134MB, Utility 69MB)
2026-08-30T10:32:40.275-04:00 info layout 1920x1080 in a 1920x1079 window, scaled to 0.999
2026-08-30T10:32:40.799-04:00 info layout 1920x1080 in a 1920x1080 window, 1:1
2026-08-30T10:33:21.585-04:00 info memory: 1372MB total (Tab 839MB, GPU 330MB, Browser 134MB, Utility 69MB)
2026-08-30T10:34:21.595-04:00 info memory: 1372MB total (Tab 839MB, GPU 330MB, Browser 134MB, Utility 69MB)
2026-08-30T10:35:21.606-04:00 info memory: 1372MB total (Tab 839MB, GPU 330MB, Browser 134MB, Utility 69MB)
2026-08-30T10:36:21.611-04:00 info memory: 1371MB total (Tab 838MB, GPU 330MB, Browser 134MB, Utility 69MB)
2026-08-30T10:37:21.625-04:00 info memory: 1372MB total (Tab 839MB, GPU 330MB, Browser 134MB, Utility 69MB)
2026-08-30T10:38:21.629-04:00 info memory: 1367MB total (Tab 834MB, GPU 330MB, Browser 134MB, Utility 69MB)
2026-08-30T10:39:21.637-04:00 info memory: 1368MB total (Tab 835MB, GPU 330MB, Browser 134MB, Utility 69MB)
2026-08-30T10:40:21.649-04:00 info memory: 1368MB total (Tab 835MB, GPU 330MB, Browser 134MB, Utility 69MB)
2026-08-30T10:41:21.666-04:00 info memory: 1368MB total (Tab 834MB, GPU 330MB, Browser 134MB, Utility 69MB)
2026-08-30T10:42:21.668-04:00 info memory: 1365MB total (Tab 832MB, GPU 330MB, Browser 134MB, Utility 69MB)
2026-08-30T10:43:21.675-04:00 info memory: 1362MB total (Tab 829MB, GPU 330MB, Browser 134MB, Utility 69MB)
2026-08-30T10:44:21.688-04:00 info memory: 1362MB total (Tab 829MB, GPU 330MB, Browser 134MB, Utility 69MB)
2026-08-30T10:45:21.699-04:00 info memory: 1362MB total (Tab 829MB, GPU 330MB, Browser 134MB, Utility 69MB)
2026-08-30T10:46:21.712-04:00 info memory: 1362MB total (Tab 829MB, GPU 330MB, Browser 134MB, Utility 69MB)
2026-08-30T10:47:21.725-04:00 info memory: 1363MB total (Tab 829MB, GPU 330MB, Browser 134MB, Utility 69MB)
2026-08-30T10:48:21.741-04:00 info memory: 1362MB total (Tab 829MB, GPU 330MB, Browser 134MB, Utility 69MB)
2026-08-30T10:49:21.746-04:00 info memory: 1362MB total (Tab 829MB, GPU 330MB, Browser 134MB, Utility 69MB)
2026-08-30T10:50:21.746-04:00 info memory: 1363MB total (Tab 830MB, GPU 330MB, Browser 134MB, Utility 69MB)
2026-08-30T10:51:21.752-04:00 info memory: 1362MB total (Tab 829MB, GPU 330MB, Browser 134MB, Utility 69MB)
2026-08-30T10:52:21.769-04:00 info memory: 1361MB total (Tab 829MB, GPU 330MB, Browser 134MB, Utility 69MB)
2026-08-30T10:53:21.777-04:00 info memory: 1361MB total (Tab 829MB, GPU 330MB, Browser 134MB, Utility 69MB)
2026-08-30T10:54:21.784-04:00 info memory: 1362MB total (Tab 829MB, GPU 330MB, Browser 134MB, Utility 69MB)
2026-08-30T10:55:21.793-04:00 info memory: 1361MB total (Tab 829MB, GPU 330MB, Browser 134MB, Utility 69MB)
2026-08-30T10:56:21.807-04:00 info memory: 1361MB total (Tab 829MB, GPU 330MB, Browser 134MB, Utility 69MB)
2026-08-30T10:57:21.813-04:00 info memory: 1363MB total (Tab 830MB, GPU 330MB, Browser 134MB, Utility 69MB)
2026-08-30T10:58:21.817-04:00 info memory: 1361MB total (Tab 828MB, GPU 330MB, Browser 134MB, Utility 69MB)
2026-08-30T10:59:21.834-04:00 info memory: 1361MB total (Tab 828MB, GPU 330MB, Browser 134MB, Utility 69MB)
2026-08-30T11:00:21.852-04:00 info memory: 1361MB total (Tab 828MB, GPU 330MB, Browser 134MB, Utility 69MB)
2026-08-30T11:01:21.864-04:00 info memory: 1362MB total (Tab 829MB, GPU 330MB, Browser 134MB, Utility 69MB)
2026-08-30T11:02:21.879-04:00 info memory: 1357MB total (Tab 824MB, GPU 330MB, Browser 134MB, Utility 69MB)
2026-08-30T11:02:40.286-04:00 info layout 1920x1080 in a 1920x1079 window, scaled to 0.999
2026-08-30T11:02:40.812-04:00 info layout 1920x1080 in a 1920x1080 window, 1:1
2026-08-30T11:03:21.891-04:00 info memory: 1373MB total (Tab 835MB, GPU 334MB, Browser 134MB, Utility 69MB)
2026-08-30T11:04:21.903-04:00 info memory: 1369MB total (Tab 832MB, GPU 334MB, Browser 134MB, Utility 69MB)
2026-08-30T11:05:21.912-04:00 info memory: 1370MB total (Tab 832MB, GPU 335MB, Browser 134MB, Utility 69MB)
2026-08-30T11:06:21.924-04:00 info memory: 1365MB total (Tab 831MB, GPU 330MB, Browser 134MB, Utility 69MB)
2026-08-30T11:07:21.926-04:00 info memory: 1368MB total (Tab 830MB, GPU 334MB, Browser 134MB, Utility 69MB)
2026-08-30T11:08:21.941-04:00 info memory: 1360MB total (Tab 827MB, GPU 330MB, Browser 134MB, Utility 69MB)
2026-08-30T11:09:21.953-04:00 info memory: 1360MB total (Tab 827MB, GPU 330MB, Browser 134MB, Utility 69MB)
2026-08-30T11:10:21.963-04:00 info memory: 1361MB total (Tab 828MB, GPU 330MB, Browser 134MB, Utility 69MB)
2026-08-30T11:11:21.972-04:00 info memory: 1361MB total (Tab 827MB, GPU 330MB, Browser 134MB, Utility 69MB)
2026-08-30T11:12:21.980-04:00 info memory: 1361MB total (Tab 828MB, GPU 330MB, Browser 134MB, Utility 69MB)
2026-08-30T11:13:21.993-04:00 info memory: 1359MB total (Tab 826MB, GPU 330MB, Browser 134MB, Utility 69MB)
2026-08-30T11:14:21.997-04:00 info memory: 1359MB total (Tab 827MB, GPU 330MB, Browser 134MB, Utility 69MB)
2026-08-30T11:15:22.015-04:00 info memory: 1360MB total (Tab 827MB, GPU 330MB, Browser 134MB, Utility 69MB)
2026-08-30T11:16:22.029-04:00 info memory: 1360MB total (Tab 827MB, GPU 330MB, Browser 134MB, Utility 69MB)
2026-08-30T11:17:22.034-04:00 info memory: 1360MB total (Tab 827MB, GPU 330MB, Browser 134MB, Utility 69MB)
2026-08-30T11:18:22.049-04:00 info memory: 1360MB total (Tab 827MB, GPU 330MB, Browser 134MB, Utility 69MB)
2026-08-30T11:19:22.062-04:00 info memory: 1360MB total (Tab 827MB, GPU 330MB, Browser 134MB, Utility 69MB)
2026-08-30T11:20:22.068-04:00 info memory: 1360MB total (Tab 827MB, GPU 330MB, Browser 134MB, Utility 69MB)
2026-08-30T11:21:22.086-04:00 info memory: 1360MB total (Tab 827MB, GPU 330MB, Browser 134MB, Utility 69MB)
2026-08-30T11:22:22.103-04:00 info memory: 1360MB total (Tab 827MB, GPU 330MB, Browser 134MB, Utility 69MB)
2026-08-30T11:23:22.116-04:00 info memory: 1360MB total (Tab 827MB, GPU 330MB, Browser 134MB, Utility 69MB)
2026-08-30T11:24:22.126-04:00 info memory: 1360MB total (Tab 826MB, GPU 330MB, Browser 134MB, Utility 69MB)
2026-08-30T11:25:22.137-04:00 info memory: 1360MB total (Tab 827MB, GPU 330MB, Browser 134MB, Utility 69MB)
2026-08-30T11:26:22.151-04:00 info memory: 1359MB total (Tab 826MB, GPU 330MB, Browser 134MB, Utility 69MB)
2026-08-30T11:27:22.164-04:00 info memory: 1360MB total (Tab 827MB, GPU 330MB, Browser 134MB, Utility 69MB)
2026-08-30T11:28:22.173-04:00 info memory: 1360MB total (Tab 827MB, GPU 330MB, Browser 134MB, Utility 69MB)
2026-08-30T11:29:22.184-04:00 info memory: 1359MB total (Tab 826MB, GPU 330MB, Browser 134MB, Utility 69MB)
2026-08-30T11:30:22.199-04:00 info memory: 1359MB total (Tab 825MB, GPU 330MB, Browser 134MB, Utility 69MB)
2026-08-30T11:31:22.212-04:00 info memory: 1358MB total (Tab 825MB, GPU 330MB, Browser 134MB, Utility 69MB)
2026-08-30T11:32:22.226-04:00 info memory: 1379MB total (Tab 841MB, GPU 335MB, Browser 134MB, Utility 69MB)
2026-08-30T11:32:40.290-04:00 info layout 1920x1080 in a 1920x1079 window, scaled to 0.999
2026-08-30T11:32:40.831-04:00 info layout 1920x1080 in a 1920x1080 window, 1:1
2026-08-30T11:33:22.228-04:00 info memory: 1369MB total (Tab 835MB, GPU 331MB, Browser 134MB, Utility 69MB)
2026-08-30T11:34:22.235-04:00 info memory: 1365MB total (Tab 831MB, GPU 331MB, Browser 134MB, Utility 69MB)
2026-08-30T11:35:22.242-04:00 info memory: 1364MB total (Tab 831MB, GPU 330MB, Browser 134MB, Utility 69MB)
2026-08-30T11:36:22.245-04:00 info memory: 1364MB total (Tab 831MB, GPU 330MB, Browser 134MB, Utility 69MB)
2026-08-30T11:37:22.258-04:00 info memory: 1361MB total (Tab 828MB, GPU 330MB, Browser 134MB, Utility 69MB)
2026-08-30T11:38:22.264-04:00 info memory: 1358MB total (Tab 825MB, GPU 330MB, Browser 134MB, Utility 69MB)
2026-08-30T11:39:22.271-04:00 info memory: 1358MB total (Tab 825MB, GPU 330MB, Browser 134MB, Utility 69MB)
2026-08-30T11:40:22.274-04:00 info memory: 1358MB total (Tab 825MB, GPU 330MB, Browser 134MB, Utility 69MB)
2026-08-30T11:41:22.281-04:00 info memory: 1358MB total (Tab 825MB, GPU 330MB, Browser 134MB, Utility 69MB)
2026-08-30T11:42:22.283-04:00 info memory: 1363MB total (Tab 825MB, GPU 334MB, Browser 134MB, Utility 69MB)
2026-08-30T11:43:22.295-04:00 info memory: 1358MB total (Tab 825MB, GPU 330MB, Browser 134MB, Utility 69MB)
2026-08-30T11:44:22.301-04:00 info memory: 1358MB total (Tab 825MB, GPU 330MB, Browser 134MB, Utility 69MB)
2026-08-30T11:45:22.306-04:00 info memory: 1359MB total (Tab 826MB, GPU 330MB, Browser 134MB, Utility 69MB)
2026-08-30T11:46:22.316-04:00 info memory: 1359MB total (Tab 825MB, GPU 330MB, Browser 134MB, Utility 69MB)
2026-08-30T11:47:22.325-04:00 info memory: 1359MB total (Tab 826MB, GPU 330MB, Browser 134MB, Utility 69MB)
2026-08-30T11:48:22.338-04:00 info memory: 1359MB total (Tab 826MB, GPU 330MB, Browser 134MB, Utility 69MB)
2026-08-30T11:49:22.340-04:00 info memory: 1359MB total (Tab 826MB, GPU 330MB, Browser 134MB, Utility 69MB)
2026-08-30T11:50:22.346-04:00 info memory: 1360MB total (Tab 826MB, GPU 330MB, Browser 134MB, Utility 69MB)
2026-08-30T11:51:22.355-04:00 info memory: 1358MB total (Tab 825MB, GPU 330MB, Browser 134MB, Utility 69MB)
2026-08-30T11:52:22.361-04:00 info memory: 1359MB total (Tab 826MB, GPU 330MB, Browser 134MB, Utility 69MB)
2026-08-30T11:53:22.377-04:00 info memory: 1359MB total (Tab 825MB, GPU 330MB, Browser 134MB, Utility 69MB)
2026-08-30T11:54:22.382-04:00 info memory: 1364MB total (Tab 826MB, GPU 334MB, Browser 134MB, Utility 69MB)
2026-08-30T11:55:22.392-04:00 info memory: 1358MB total (Tab 825MB, GPU 330MB, Browser 134MB, Utility 69MB)
2026-08-30T11:56:22.401-04:00 info memory: 1358MB total (Tab 825MB, GPU 330MB, Browser 134MB, Utility 69MB)
2026-08-30T11:57:22.411-04:00 info memory: 1359MB total (Tab 825MB, GPU 330MB, Browser 134MB, Utility 69MB)
2026-08-30T11:58:22.422-04:00 info memory: 1357MB total (Tab 824MB, GPU 330MB, Browser 134MB, Utility 69MB)
2026-08-30T11:59:22.427-04:00 info memory: 1357MB total (Tab 825MB, GPU 330MB, Browser 134MB, Utility 69MB)
2026-08-30T12:00:22.432-04:00 info memory: 1358MB total (Tab 825MB, GPU 330MB, Browser 134MB, Utility 69MB)
2026-08-30T12:01:22.435-04:00 info memory: 1357MB total (Tab 824MB, GPU 330MB, Browser 134MB, Utility 69MB)
2026-08-30T12:02:22.451-04:00 info memory: 1396MB total (Tab 863MB, GPU 330MB, Browser 134MB, Utility 69MB)
2026-08-30T12:02:40.318-04:00 info layout 1920x1080 in a 1920x1079 window, scaled to 0.999
2026-08-30T12:02:40.838-04:00 info layout 1920x1080 in a 1920x1080 window, 1:1
2026-08-30T12:03:22.453-04:00 info memory: 1364MB total (Tab 830MB, GPU 331MB, Browser 134MB, Utility 69MB)
2026-08-30T12:04:22.463-04:00 info memory: 1365MB total (Tab 831MB, GPU 330MB, Browser 134MB, Utility 69MB)
2026-08-30T12:05:22.474-04:00 info memory: 1365MB total (Tab 832MB, GPU 330MB, Browser 134MB, Utility 69MB)
2026-08-30T12:06:22.480-04:00 info memory: 1365MB total (Tab 832MB, GPU 330MB, Browser 134MB, Utility 69MB)
2026-08-30T12:07:22.490-04:00 info memory: 1365MB total (Tab 832MB, GPU 330MB, Browser 134MB, Utility 69MB)
2026-08-30T12:08:22.490-04:00 info memory: 1361MB total (Tab 828MB, GPU 330MB, Browser 134MB, Utility 69MB)
2026-08-30T12:09:22.494-04:00 info memory: 1362MB total (Tab 828MB, GPU 331MB, Browser 134MB, Utility 69MB)
2026-08-30T12:10:22.502-04:00 info memory: 1363MB total (Tab 829MB, GPU 331MB, Browser 134MB, Utility 69MB)
2026-08-30T12:11:22.511-04:00 info memory: 1359MB total (Tab 825MB, GPU 330MB, Browser 134MB, Utility 69MB)
2026-08-30T12:12:22.517-04:00 info memory: 1359MB total (Tab 826MB, GPU 330MB, Browser 134MB, Utility 69MB)
2026-08-30T12:13:22.531-04:00 info memory: 1359MB total (Tab 826MB, GPU 330MB, Browser 134MB, Utility 69MB)
2026-08-30T12:14:22.547-04:00 info memory: 1359MB total (Tab 826MB, GPU 330MB, Browser 134MB, Utility 69MB)
2026-08-30T12:15:22.562-04:00 info memory: 1359MB total (Tab 826MB, GPU 330MB, Browser 134MB, Utility 69MB)
2026-08-30T12:16:22.569-04:00 info memory: 1358MB total (Tab 825MB, GPU 330MB, Browser 134MB, Utility 69MB)
2026-08-30T12:17:22.578-04:00 info memory: 1359MB total (Tab 826MB, GPU 330MB, Browser 134MB, Utility 69MB)
2026-08-30T12:18:22.592-04:00 info memory: 1358MB total (Tab 825MB, GPU 330MB, Browser 134MB, Utility 69MB)
2026-08-30T12:19:22.607-04:00 info memory: 1359MB total (Tab 825MB, GPU 330MB, Browser 135MB, Utility 69MB)
2026-08-30T12:20:22.617-04:00 info memory: 1358MB total (Tab 826MB, GPU 330MB, Browser 134MB, Utility 69MB)
2026-08-30T12:21:22.624-04:00 info memory: 1358MB total (Tab 825MB, GPU 330MB, Browser 134MB, Utility 69MB)
2026-08-30T12:22:22.640-04:00 info memory: 1359MB total (Tab 826MB, GPU 330MB, Browser 134MB, Utility 69MB)
2026-08-30T12:23:22.646-04:00 info memory: 1359MB total (Tab 826MB, GPU 330MB, Browser 134MB, Utility 69MB)
2026-08-30T12:24:22.648-04:00 info memory: 1359MB total (Tab 826MB, GPU 330MB, Browser 134MB, Utility 69MB)
2026-08-30T12:25:22.654-04:00 info memory: 1359MB total (Tab 826MB, GPU 330MB, Browser 134MB, Utility 69MB)
2026-08-30T12:26:22.670-04:00 info memory: 1359MB total (Tab 826MB, GPU 330MB, Browser 134MB, Utility 69MB)
2026-08-30T12:27:22.679-04:00 info memory: 1360MB total (Tab 826MB, GPU 330MB, Browser 134MB, Utility 69MB)
2026-08-30T12:28:22.694-04:00 info memory: 1358MB total (Tab 825MB, GPU 330MB, Browser 134MB, Utility 69MB)
2026-08-30T12:29:22.697-04:00 info memory: 1359MB total (Tab 825MB, GPU 330MB, Browser 134MB, Utility 69MB)
2026-08-30T12:30:22.711-04:00 info memory: 1359MB total (Tab 826MB, GPU 330MB, Browser 134MB, Utility 69MB)
2026-08-30T12:31:22.714-04:00 info memory: 1357MB total (Tab 824MB, GPU 330MB, Browser 134MB, Utility 69MB)
2026-08-30T12:32:22.730-04:00 info memory: 1359MB total (Tab 826MB, GPU 330MB, Browser 134MB, Utility 69MB)
2026-08-30T12:32:40.321-04:00 info layout 1920x1080 in a 1920x1079 window, scaled to 0.999
2026-08-30T12:32:40.835-04:00 info layout 1920x1080 in a 1920x1080 window, 1:1
2026-08-30T12:33:22.738-04:00 info memory: 1367MB total (Tab 832MB, GPU 331MB, Browser 134MB, Utility 69MB)
2026-08-30T12:34:22.748-04:00 info memory: 1364MB total (Tab 829MB, GPU 331MB, Browser 134MB, Utility 69MB)
2026-08-30T12:35:22.755-04:00 info memory: 1363MB total (Tab 829MB, GPU 331MB, Browser 134MB, Utility 69MB)
2026-08-30T12:36:22.757-04:00 info memory: 1362MB total (Tab 828MB, GPU 331MB, Browser 134MB, Utility 69MB)
2026-08-30T12:37:22.765-04:00 info memory: 1363MB total (Tab 829MB, GPU 330MB, Browser 134MB, Utility 69MB)
2026-08-30T12:38:22.771-04:00 info memory: 1359MB total (Tab 825MB, GPU 330MB, Browser 134MB, Utility 69MB)
2026-08-30T12:39:22.775-04:00 info memory: 1359MB total (Tab 825MB, GPU 330MB, Browser 134MB, Utility 69MB)
2026-08-30T12:40:22.790-04:00 info memory: 1359MB total (Tab 825MB, GPU 331MB, Browser 134MB, Utility 69MB)
2026-08-30T12:41:22.795-04:00 info memory: 1358MB total (Tab 824MB, GPU 330MB, Browser 135MB, Utility 69MB)
2026-08-30T12:42:22.808-04:00 info memory: 1358MB total (Tab 825MB, GPU 330MB, Browser 134MB, Utility 69MB)
2026-08-30T12:43:22.821-04:00 info memory: 1358MB total (Tab 825MB, GPU 330MB, Browser 134MB, Utility 69MB)
2026-08-30T12:44:22.829-04:00 info memory: 1359MB total (Tab 825MB, GPU 330MB, Browser 134MB, Utility 69MB)
2026-08-30T12:45:22.835-04:00 info memory: 1358MB total (Tab 825MB, GPU 330MB, Browser 134MB, Utility 69MB)
2026-08-30T12:46:22.847-04:00 info memory: 1358MB total (Tab 825MB, GPU 330MB, Browser 134MB, Utility 69MB)
2026-08-30T12:47:22.855-04:00 info memory: 1359MB total (Tab 826MB, GPU 330MB, Browser 134MB, Utility 69MB)
2026-08-30T12:48:22.868-04:00 info memory: 1359MB total (Tab 825MB, GPU 330MB, Browser 134MB, Utility 69MB)
2026-08-30T12:49:22.882-04:00 info memory: 1358MB total (Tab 825MB, GPU 330MB, Browser 134MB, Utility 69MB)
2026-08-30T12:50:22.898-04:00 info memory: 1359MB total (Tab 825MB, GPU 330MB, Browser 134MB, Utility 69MB)
2026-08-30T12:51:22.910-04:00 info memory: 1359MB total (Tab 825MB, GPU 330MB, Browser 134MB, Utility 69MB)
2026-08-30T12:52:22.922-04:00 info memory: 1359MB total (Tab 826MB, GPU 330MB, Browser 134MB, Utility 69MB)
2026-08-30T12:53:22.924-04:00 info memory: 1359MB total (Tab 825MB, GPU 330MB, Browser 134MB, Utility 69MB)
2026-08-30T12:54:22.931-04:00 info memory: 1359MB total (Tab 826MB, GPU 330MB, Browser 134MB, Utility 69MB)
2026-08-30T12:55:22.943-04:00 info memory: 1360MB total (Tab 826MB, GPU 330MB, Browser 134MB, Utility 69MB)
2026-08-30T12:56:22.952-04:00 info memory: 1360MB total (Tab 826MB, GPU 330MB, Browser 134MB, Utility 69MB)
2026-08-30T12:57:22.954-04:00 info memory: 1359MB total (Tab 826MB, GPU 330MB, Browser 134MB, Utility 69MB)
2026-08-30T12:58:22.959-04:00 info memory: 1358MB total (Tab 824MB, GPU 330MB, Browser 134MB, Utility 69MB)
2026-08-30T12:59:22.970-04:00 info memory: 1358MB total (Tab 825MB, GPU 330MB, Browser 134MB, Utility 69MB)
2026-08-30T13:00:22.974-04:00 info memory: 1359MB total (Tab 825MB, GPU 330MB, Browser 134MB, Utility 69MB)
2026-08-30T13:01:22.989-04:00 info memory: 1358MB total (Tab 825MB, GPU 330MB, Browser 135MB, Utility 69MB)
2026-08-30T13:02:23.006-04:00 info memory: 1355MB total (Tab 821MB, GPU 330MB, Browser 135MB, Utility 69MB)
2026-08-30T13:02:40.344-04:00 info layout 1920x1080 in a 1920x1079 window, scaled to 0.999
2026-08-30T13:02:40.874-04:00 info layout 1920x1080 in a 1920x1080 window, 1:1
2026-08-30T13:03:23.018-04:00 info memory: 1368MB total (Tab 833MB, GPU 331MB, Browser 135MB, Utility 69MB)
2026-08-30T13:04:23.035-04:00 info memory: 1371MB total (Tab 833MB, GPU 335MB, Browser 134MB, Utility 69MB)
2026-08-30T13:05:23.048-04:00 info memory: 1367MB total (Tab 833MB, GPU 331MB, Browser 134MB, Utility 69MB)
2026-08-30T13:06:23.064-04:00 info memory: 1371MB total (Tab 833MB, GPU 335MB, Browser 134MB, Utility 69MB)
2026-08-30T13:07:23.072-04:00 info memory: 1367MB total (Tab 833MB, GPU 331MB, Browser 134MB, Utility 69MB)
2026-08-30T13:08:23.083-04:00 info memory: 1364MB total (Tab 830MB, GPU 331MB, Browser 134MB, Utility 69MB)
2026-08-30T13:09:23.091-04:00 info memory: 1364MB total (Tab 830MB, GPU 331MB, Browser 134MB, Utility 69MB)
2026-08-30T13:10:23.099-04:00 info memory: 1364MB total (Tab 830MB, GPU 331MB, Browser 134MB, Utility 69MB)
2026-08-30T13:11:23.106-04:00 info memory: 1364MB total (Tab 830MB, GPU 331MB, Browser 134MB, Utility 69MB)
2026-08-30T13:12:23.116-04:00 info memory: 1361MB total (Tab 828MB, GPU 331MB, Browser 134MB, Utility 69MB)
2026-08-30T13:13:23.124-04:00 info memory: 1361MB total (Tab 828MB, GPU 331MB, Browser 134MB, Utility 69MB)
2026-08-30T13:14:23.126-04:00 info memory: 1361MB total (Tab 827MB, GPU 331MB, Browser 134MB, Utility 69MB)
2026-08-30T13:15:23.127-04:00 info memory: 1361MB total (Tab 827MB, GPU 331MB, Browser 134MB, Utility 69MB)
2026-08-30T13:16:23.131-04:00 info memory: 1361MB total (Tab 827MB, GPU 331MB, Browser 134MB, Utility 69MB)
2026-08-30T13:17:23.137-04:00 info memory: 1361MB total (Tab 827MB, GPU 331MB, Browser 134MB, Utility 69MB)
2026-08-30T13:18:23.139-04:00 info memory: 1360MB total (Tab 827MB, GPU 330MB, Browser 134MB, Utility 69MB)
2026-08-30T13:19:23.146-04:00 info memory: 1361MB total (Tab 827MB, GPU 331MB, Browser 134MB, Utility 69MB)
2026-08-30T13:20:23.159-04:00 info memory: 1361MB total (Tab 827MB, GPU 331MB, Browser 134MB, Utility 69MB)
2026-08-30T13:21:23.172-04:00 info memory: 1361MB total (Tab 827MB, GPU 330MB, Browser 134MB, Utility 69MB)
2026-08-30T13:22:23.187-04:00 info memory: 1360MB total (Tab 826MB, GPU 330MB, Browser 134MB, Utility 69MB)
2026-08-30T13:23:23.189-04:00 info memory: 1360MB total (Tab 826MB, GPU 330MB, Browser 135MB, Utility 69MB)
2026-08-30T13:24:23.196-04:00 info memory: 1360MB total (Tab 826MB, GPU 330MB, Browser 135MB, Utility 69MB)
2026-08-30T13:25:23.201-04:00 info memory: 1361MB total (Tab 827MB, GPU 330MB, Browser 135MB, Utility 69MB)
2026-08-30T13:26:23.206-04:00 info memory: 1360MB total (Tab 826MB, GPU 330MB, Browser 134MB, Utility 69MB)
2026-08-30T13:27:23.210-04:00 info memory: 1360MB total (Tab 827MB, GPU 330MB, Browser 134MB, Utility 69MB)
2026-08-30T13:28:23.214-04:00 info memory: 1360MB total (Tab 827MB, GPU 330MB, Browser 134MB, Utility 69MB)
2026-08-30T13:29:23.228-04:00 info memory: 1361MB total (Tab 827MB, GPU 330MB, Browser 134MB, Utility 69MB)
2026-08-30T13:30:23.231-04:00 info memory: 1361MB total (Tab 828MB, GPU 330MB, Browser 134MB, Utility 69MB)
2026-08-30T13:31:23.235-04:00 info memory: 1361MB total (Tab 827MB, GPU 330MB, Browser 134MB, Utility 69MB)
2026-08-30T13:32:23.249-04:00 info memory: 1363MB total (Tab 829MB, GPU 331MB, Browser 134MB, Utility 69MB)
2026-08-30T13:32:40.349-04:00 info layout 1920x1080 in a 1920x1079 window, scaled to 0.999
2026-08-30T13:32:40.855-04:00 info layout 1920x1080 in a 1920x1080 window, 1:1
2026-08-30T13:33:23.265-04:00 info memory: 1371MB total (Tab 836MB, GPU 332MB, Browser 134MB, Utility 69MB)
2026-08-30T13:34:23.268-04:00 info memory: 1367MB total (Tab 831MB, GPU 332MB, Browser 134MB, Utility 69MB)
2026-08-30T13:35:23.275-04:00 info memory: 1366MB total (Tab 832MB, GPU 331MB, Browser 134MB, Utility 69MB)
2026-08-30T13:36:23.283-04:00 info memory: 1366MB total (Tab 831MB, GPU 331MB, Browser 134MB, Utility 69MB)
2026-08-30T13:37:23.290-04:00 info memory: 1363MB total (Tab 829MB, GPU 331MB, Browser 134MB, Utility 69MB)
2026-08-30T13:38:23.299-04:00 info memory: 1361MB total (Tab 826MB, GPU 331MB, Browser 134MB, Utility 69MB)
2026-08-30T13:39:23.315-04:00 info memory: 1360MB total (Tab 826MB, GPU 331MB, Browser 134MB, Utility 69MB)
2026-08-30T13:40:23.318-04:00 info memory: 1360MB total (Tab 826MB, GPU 331MB, Browser 134MB, Utility 69MB)
2026-08-30T13:41:23.320-04:00 info memory: 1360MB total (Tab 825MB, GPU 331MB, Browser 134MB, Utility 69MB)
2026-08-30T13:42:23.333-04:00 info memory: 1359MB total (Tab 825MB, GPU 331MB, Browser 134MB, Utility 69MB)
2026-08-30T13:43:23.336-04:00 info memory: 1359MB total (Tab 825MB, GPU 331MB, Browser 135MB, Utility 69MB)
2026-08-30T13:44:23.349-04:00 info memory: 1360MB total (Tab 826MB, GPU 331MB, Browser 135MB, Utility 69MB)
2026-08-30T13:45:23.366-04:00 info memory: 1360MB total (Tab 826MB, GPU 331MB, Browser 135MB, Utility 69MB)
2026-08-30T13:46:23.368-04:00 info memory: 1360MB total (Tab 825MB, GPU 331MB, Browser 135MB, Utility 69MB)
2026-08-30T13:47:23.378-04:00 info memory: 1360MB total (Tab 825MB, GPU 331MB, Browser 135MB, Utility 69MB)
2026-08-30T13:48:23.389-04:00 info memory: 1359MB total (Tab 825MB, GPU 331MB, Browser 134MB, Utility 69MB)
2026-08-30T13:49:23.405-04:00 info memory: 1360MB total (Tab 826MB, GPU 331MB, Browser 134MB, Utility 69MB)
2026-08-30T13:50:23.414-04:00 info memory: 1359MB total (Tab 825MB, GPU 331MB, Browser 134MB, Utility 69MB)
2026-08-30T13:51:23.417-04:00 info memory: 1359MB total (Tab 825MB, GPU 331MB, Browser 134MB, Utility 69MB)
2026-08-30T13:52:23.420-04:00 info memory: 1359MB total (Tab 825MB, GPU 331MB, Browser 134MB, Utility 69MB)
2026-08-30T13:53:23.425-04:00 info memory: 1359MB total (Tab 825MB, GPU 331MB, Browser 134MB, Utility 69MB)
2026-08-30T13:54:23.440-04:00 info memory: 1360MB total (Tab 826MB, GPU 331MB, Browser 134MB, Utility 69MB)
2026-08-30T13:55:23.455-04:00 info memory: 1360MB total (Tab 825MB, GPU 331MB, Browser 134MB, Utility 69MB)
2026-08-30T13:56:23.463-04:00 info memory: 1360MB total (Tab 826MB, GPU 331MB, Browser 134MB, Utility 69MB)
2026-08-30T13:57:23.471-04:00 info memory: 1360MB total (Tab 826MB, GPU 331MB, Browser 134MB, Utility 69MB)
2026-08-30T13:58:23.487-04:00 info memory: 1360MB total (Tab 826MB, GPU 331MB, Browser 134MB, Utility 69MB)
2026-08-30T13:59:23.494-04:00 info memory: 1360MB total (Tab 826MB, GPU 331MB, Browser 134MB, Utility 69MB)
2026-08-30T14:00:23.510-04:00 info memory: 1360MB total (Tab 826MB, GPU 331MB, Browser 134MB, Utility 69MB)
2026-08-30T14:01:23.519-04:00 info memory: 1359MB total (Tab 825MB, GPU 331MB, Browser 134MB, Utility 69MB)
2026-08-30T14:02:23.533-04:00 info memory: 1363MB total (Tab 828MB, GPU 331MB, Browser 134MB, Utility 69MB)
2026-08-30T14:02:40.346-04:00 info layout 1920x1080 in a 1920x1079 window, scaled to 0.999
2026-08-30T14:02:40.870-04:00 info layout 1920x1080 in a 1920x1080 window, 1:1
2026-08-30T14:03:23.538-04:00 info memory: 1372MB total (Tab 837MB, GPU 331MB, Browser 135MB, Utility 69MB)
2026-08-30T14:04:23.554-04:00 info memory: 1368MB total (Tab 833MB, GPU 331MB, Browser 135MB, Utility 69MB)
2026-08-30T14:05:23.570-04:00 info memory: 1367MB total (Tab 833MB, GPU 331MB, Browser 135MB, Utility 69MB)
2026-08-30T14:06:23.585-04:00 info memory: 1367MB total (Tab 832MB, GPU 331MB, Browser 135MB, Utility 69MB)
2026-08-30T14:07:23.597-04:00 info memory: 1367MB total (Tab 832MB, GPU 331MB, Browser 135MB, Utility 69MB)
2026-08-30T14:08:23.599-04:00 info memory: 1364MB total (Tab 829MB, GPU 331MB, Browser 135MB, Utility 69MB)
2026-08-30T14:09:23.607-04:00 info memory: 1364MB total (Tab 829MB, GPU 331MB, Browser 135MB, Utility 69MB)
2026-08-30T14:10:23.622-04:00 info memory: 1364MB total (Tab 830MB, GPU 331MB, Browser 134MB, Utility 69MB)
2026-08-30T14:11:23.628-04:00 info memory: 1363MB total (Tab 829MB, GPU 331MB, Browser 134MB, Utility 69MB)
2026-08-30T14:12:23.644-04:00 info memory: 1361MB total (Tab 827MB, GPU 331MB, Browser 134MB, Utility 69MB)
2026-08-30T14:13:23.645-04:00 info memory: 1361MB total (Tab 827MB, GPU 331MB, Browser 134MB, Utility 69MB)
2026-08-30T14:14:23.651-04:00 info memory: 1361MB total (Tab 828MB, GPU 331MB, Browser 134MB, Utility 69MB)
2026-08-30T14:15:23.660-04:00 info memory: 1362MB total (Tab 828MB, GPU 331MB, Browser 134MB, Utility 69MB)
2026-08-30T14:16:23.662-04:00 info memory: 1361MB total (Tab 828MB, GPU 331MB, Browser 134MB, Utility 69MB)
2026-08-30T14:17:23.668-04:00 info memory: 1362MB total (Tab 828MB, GPU 331MB, Browser 134MB, Utility 69MB)
2026-08-30T14:18:23.674-04:00 info memory: 1362MB total (Tab 828MB, GPU 331MB, Browser 134MB, Utility 69MB)
2026-08-30T14:19:23.682-04:00 info memory: 1360MB total (Tab 826MB, GPU 331MB, Browser 134MB, Utility 69MB)
2026-08-30T14:20:23.691-04:00 info memory: 1361MB total (Tab 826MB, GPU 331MB, Browser 134MB, Utility 69MB)
2026-08-30T14:21:23.707-04:00 info memory: 1361MB total (Tab 827MB, GPU 331MB, Browser 134MB, Utility 69MB)
2026-08-30T14:22:23.713-04:00 info memory: 1361MB total (Tab 827MB, GPU 331MB, Browser 134MB, Utility 69MB)
2026-08-30T14:23:23.723-04:00 info memory: 1361MB total (Tab 827MB, GPU 331MB, Browser 134MB, Utility 69MB)
2026-08-30T14:24:23.725-04:00 info memory: 1361MB total (Tab 827MB, GPU 331MB, Browser 134MB, Utility 69MB)
2026-08-30T14:25:23.733-04:00 info memory: 1362MB total (Tab 827MB, GPU 331MB, Browser 134MB, Utility 69MB)
2026-08-30T14:26:23.746-04:00 info memory: 1362MB total (Tab 828MB, GPU 331MB, Browser 135MB, Utility 69MB)
2026-08-30T14:27:23.760-04:00 info memory: 1362MB total (Tab 828MB, GPU 331MB, Browser 135MB, Utility 69MB)
2026-08-30T14:28:23.772-04:00 info memory: 1362MB total (Tab 827MB, GPU 331MB, Browser 135MB, Utility 69MB)
2026-08-30T14:29:23.781-04:00 info memory: 1362MB total (Tab 828MB, GPU 331MB, Browser 135MB, Utility 69MB)
2026-08-30T14:30:23.794-04:00 info memory: 1362MB total (Tab 828MB, GPU 331MB, Browser 135MB, Utility 69MB)
2026-08-30T14:31:23.805-04:00 info memory: 1362MB total (Tab 828MB, GPU 331MB, Browser 135MB, Utility 69MB)
2026-08-30T14:32:23.816-04:00 info memory: 1364MB total (Tab 829MB, GPU 331MB, Browser 135MB, Utility 69MB)
2026-08-30T14:32:40.358-04:00 info layout 1920x1080 in a 1920x1079 window, scaled to 0.999
2026-08-30T14:32:40.875-04:00 info layout 1920x1080 in a 1920x1080 window, 1:1
2026-08-30T14:33:23.824-04:00 info memory: 1371MB total (Tab 837MB, GPU 331MB, Browser 134MB, Utility 69MB)
2026-08-30T14:34:23.840-04:00 info memory: 1366MB total (Tab 832MB, GPU 331MB, Browser 134MB, Utility 69MB)
2026-08-30T14:35:23.848-04:00 info memory: 1367MB total (Tab 832MB, GPU 331MB, Browser 134MB, Utility 69MB)
2026-08-30T14:36:23.853-04:00 info memory: 1366MB total (Tab 832MB, GPU 331MB, Browser 134MB, Utility 69MB)
2026-08-30T14:37:23.868-04:00 info memory: 1364MB total (Tab 830MB, GPU 331MB, Browser 134MB, Utility 69MB)
2026-08-30T14:38:23.877-04:00 info memory: 1361MB total (Tab 827MB, GPU 331MB, Browser 134MB, Utility 69MB)
2026-08-30T14:39:23.884-04:00 info memory: 1361MB total (Tab 827MB, GPU 331MB, Browser 134MB, Utility 69MB)
2026-08-30T14:40:23.896-04:00 info memory: 1361MB total (Tab 827MB, GPU 331MB, Browser 134MB, Utility 69MB)
2026-08-30T14:41:23.903-04:00 info memory: 1361MB total (Tab 827MB, GPU 331MB, Browser 134MB, Utility 69MB)
2026-08-30T14:42:23.912-04:00 info memory: 1362MB total (Tab 827MB, GPU 331MB, Browser 134MB, Utility 69MB)
2026-08-30T14:43:23.926-04:00 info memory: 1365MB total (Tab 827MB, GPU 335MB, Browser 134MB, Utility 69MB)
2026-08-30T14:44:23.928-04:00 info memory: 1366MB total (Tab 827MB, GPU 335MB, Browser 134MB, Utility 69MB)
2026-08-30T14:45:23.941-04:00 info memory: 1362MB total (Tab 828MB, GPU 331MB, Browser 134MB, Utility 69MB)
2026-08-30T14:46:23.958-04:00 info memory: 1361MB total (Tab 827MB, GPU 330MB, Browser 134MB, Utility 69MB)
2026-08-30T14:47:23.971-04:00 info memory: 1361MB total (Tab 828MB, GPU 330MB, Browser 135MB, Utility 69MB)
2026-08-30T14:48:23.981-04:00 info memory: 1361MB total (Tab 827MB, GPU 330MB, Browser 135MB, Utility 69MB)
2026-08-30T14:49:23.991-04:00 info memory: 1361MB total (Tab 827MB, GPU 330MB, Browser 135MB, Utility 69MB)
2026-08-30T14:50:23.999-04:00 info memory: 1362MB total (Tab 828MB, GPU 330MB, Browser 135MB, Utility 69MB)
2026-08-30T14:51:24.007-04:00 info memory: 1361MB total (Tab 827MB, GPU 330MB, Browser 135MB, Utility 69MB)
2026-08-30T14:52:24.014-04:00 info memory: 1362MB total (Tab 828MB, GPU 330MB, Browser 135MB, Utility 69MB)
2026-08-30T14:53:24.030-04:00 info memory: 1361MB total (Tab 827MB, GPU 330MB, Browser 135MB, Utility 69MB)
2026-08-30T14:54:24.043-04:00 info memory: 1360MB total (Tab 827MB, GPU 330MB, Browser 134MB, Utility 69MB)
2026-08-30T14:55:24.059-04:00 info memory: 1361MB total (Tab 827MB, GPU 330MB, Browser 134MB, Utility 69MB)
2026-08-30T14:56:24.062-04:00 info memory: 1360MB total (Tab 827MB, GPU 330MB, Browser 134MB, Utility 69MB)
2026-08-30T14:57:24.064-04:00 info memory: 1361MB total (Tab 827MB, GPU 330MB, Browser 134MB, Utility 69MB)
2026-08-30T14:58:24.072-04:00 info memory: 1361MB total (Tab 827MB, GPU 330MB, Browser 134MB, Utility 69MB)
2026-08-30T14:59:24.084-04:00 info memory: 1361MB total (Tab 827MB, GPU 330MB, Browser 134MB, Utility 69MB)
2026-08-30T15:00:24.100-04:00 info memory: 1361MB total (Tab 828MB, GPU 330MB, Browser 134MB, Utility 69MB)
2026-08-30T15:01:24.115-04:00 info memory: 1361MB total (Tab 828MB, GPU 330MB, Browser 134MB, Utility 69MB)
2026-08-30T15:02:24.120-04:00 info memory: 1364MB total (Tab 830MB, GPU 330MB, Browser 134MB, Utility 69MB)
2026-08-30T15:02:40.374-04:00 info layout 1920x1080 in a 1920x1079 window, scaled to 0.999
2026-08-30T15:02:40.898-04:00 info layout 1920x1080 in a 1920x1080 window, 1:1
2026-08-30T15:03:24.127-04:00 info memory: 1369MB total (Tab 834MB, GPU 331MB, Browser 134MB, Utility 69MB)
2026-08-30T15:04:24.134-04:00 info memory: 1368MB total (Tab 833MB, GPU 331MB, Browser 134MB, Utility 69MB)
2026-08-30T15:05:24.151-04:00 info memory: 1373MB total (Tab 834MB, GPU 335MB, Browser 134MB, Utility 69MB)
2026-08-30T15:06:24.164-04:00 info memory: 1372MB total (Tab 833MB, GPU 335MB, Browser 134MB, Utility 69MB)
2026-08-30T15:07:24.176-04:00 info memory: 1372MB total (Tab 833MB, GPU 335MB, Browser 134MB, Utility 69MB)
2026-08-30T15:08:24.193-04:00 info memory: 1368MB total (Tab 829MB, GPU 335MB, Browser 135MB, Utility 69MB)
2026-08-30T15:09:24.201-04:00 info memory: 1368MB total (Tab 829MB, GPU 335MB, Browser 135MB, Utility 69MB)
2026-08-30T15:10:24.204-04:00 info memory: 1364MB total (Tab 830MB, GPU 331MB, Browser 135MB, Utility 69MB)
2026-08-30T15:11:24.213-04:00 info memory: 1364MB total (Tab 829MB, GPU 331MB, Browser 135MB, Utility 69MB)
2026-08-30T15:12:24.216-04:00 info memory: 1361MB total (Tab 827MB, GPU 331MB, Browser 135MB, Utility 69MB)
2026-08-30T15:13:24.230-04:00 info memory: 1361MB total (Tab 827MB, GPU 331MB, Browser 135MB, Utility 69MB)
2026-08-30T15:14:24.232-04:00 info memory: 1361MB total (Tab 827MB, GPU 331MB, Browser 135MB, Utility 69MB)
2026-08-30T15:15:24.236-04:00 info memory: 1362MB total (Tab 828MB, GPU 331MB, Browser 135MB, Utility 69MB)
2026-08-30T15:16:24.242-04:00 info memory: 1360MB total (Tab 827MB, GPU 331MB, Browser 134MB, Utility 69MB)
2026-08-30T15:17:24.257-04:00 info memory: 1361MB total (Tab 827MB, GPU 331MB, Browser 134MB, Utility 69MB)
2026-08-30T15:18:24.261-04:00 info memory: 1361MB total (Tab 827MB, GPU 331MB, Browser 134MB, Utility 69MB)
2026-08-30T15:19:24.272-04:00 info memory: 1360MB total (Tab 826MB, GPU 331MB, Browser 134MB, Utility 69MB)
2026-08-30T15:20:24.287-04:00 info memory: 1361MB total (Tab 827MB, GPU 331MB, Browser 134MB, Utility 69MB)
2026-08-30T15:21:24.289-04:00 info memory: 1361MB total (Tab 827MB, GPU 331MB, Browser 134MB, Utility 69MB)
2026-08-30T15:22:24.305-04:00 info memory: 1361MB total (Tab 827MB, GPU 331MB, Browser 134MB, Utility 69MB)
2026-08-30T15:23:24.320-04:00 info memory: 1361MB total (Tab 827MB, GPU 331MB, Browser 134MB, Utility 69MB)
2026-08-30T15:24:24.332-04:00 info memory: 1361MB total (Tab 827MB, GPU 331MB, Browser 134MB, Utility 69MB)
2026-08-30T15:25:24.345-04:00 info memory: 1362MB total (Tab 828MB, GPU 331MB, Browser 134MB, Utility 69MB)
2026-08-30T15:26:24.353-04:00 info memory: 1361MB total (Tab 827MB, GPU 331MB, Browser 135MB, Utility 69MB)
2026-08-30T15:27:24.361-04:00 info memory: 1362MB total (Tab 828MB, GPU 331MB, Browser 135MB, Utility 69MB)
2026-08-30T15:28:24.369-04:00 info memory: 1362MB total (Tab 828MB, GPU 331MB, Browser 135MB, Utility 69MB)
2026-08-30T15:29:24.382-04:00 info memory: 1361MB total (Tab 826MB, GPU 331MB, Browser 135MB, Utility 69MB)
2026-08-30T15:30:24.387-04:00 info memory: 1362MB total (Tab 827MB, GPU 331MB, Browser 135MB, Utility 69MB)
2026-08-30T15:31:24.400-04:00 info memory: 1361MB total (Tab 827MB, GPU 331MB, Browser 135MB, Utility 69MB)
2026-08-30T15:32:24.402-04:00 info memory: 1363MB total (Tab 829MB, GPU 331MB, Browser 135MB, Utility 69MB)
2026-08-30T15:32:40.385-04:00 info layout 1920x1080 in a 1920x1079 window, scaled to 0.999
2026-08-30T15:32:40.904-04:00 info layout 1920x1080 in a 1920x1080 window, 1:1
2026-08-30T15:33:24.418-04:00 info memory: 1370MB total (Tab 835MB, GPU 331MB, Browser 135MB, Utility 69MB)
2026-08-30T15:34:24.423-04:00 info memory: 1368MB total (Tab 833MB, GPU 331MB, Browser 135MB, Utility 69MB)
2026-08-30T15:35:24.430-04:00 info memory: 1368MB total (Tab 833MB, GPU 331MB, Browser 135MB, Utility 69MB)
2026-08-30T15:36:24.432-04:00 info memory: 1368MB total (Tab 833MB, GPU 331MB, Browser 135MB, Utility 69MB)
2026-08-30T15:37:24.442-04:00 info memory: 1372MB total (Tab 833MB, GPU 335MB, Browser 135MB, Utility 69MB)
2026-08-30T15:38:24.454-04:00 info memory: 1369MB total (Tab 830MB, GPU 335MB, Browser 135MB, Utility 69MB)
2026-08-30T15:39:24.465-04:00 info memory: 1364MB total (Tab 830MB, GPU 331MB, Browser 134MB, Utility 69MB)
2026-08-30T15:40:24.475-04:00 info memory: 1365MB total (Tab 831MB, GPU 331MB, Browser 134MB, Utility 69MB)
2026-08-30T15:41:24.485-04:00 info memory: 1364MB total (Tab 830MB, GPU 331MB, Browser 134MB, Utility 69MB)
2026-08-30T15:42:24.493-04:00 info memory: 1361MB total (Tab 827MB, GPU 331MB, Browser 134MB, Utility 69MB)
2026-08-30T15:43:24.505-04:00 info memory: 1361MB total (Tab 827MB, GPU 331MB, Browser 134MB, Utility 69MB)
2026-08-30T15:44:24.505-04:00 info memory: 1362MB total (Tab 827MB, GPU 331MB, Browser 134MB, Utility 69MB)
2026-08-30T15:45:24.515-04:00 info memory: 1363MB total (Tab 828MB, GPU 331MB, Browser 134MB, Utility 69MB)
2026-08-30T15:46:24.518-04:00 info memory: 1362MB total (Tab 827MB, GPU 331MB, Browser 134MB, Utility 69MB)
2026-08-30T15:47:24.533-04:00 info memory: 1363MB total (Tab 828MB, GPU 331MB, Browser 134MB, Utility 69MB)
2026-08-30T15:48:24.548-04:00 info memory: 1366MB total (Tab 828MB, GPU 335MB, Browser 135MB, Utility 69MB)
2026-08-30T15:49:24.561-04:00 info memory: 1362MB total (Tab 827MB, GPU 331MB, Browser 135MB, Utility 69MB)
2026-08-30T15:50:24.566-04:00 info memory: 1362MB total (Tab 827MB, GPU 331MB, Browser 135MB, Utility 69MB)
2026-08-30T15:51:24.573-04:00 info memory: 1366MB total (Tab 827MB, GPU 335MB, Browser 135MB, Utility 69MB)
2026-08-30T15:52:24.577-04:00 info memory: 1365MB total (Tab 826MB, GPU 335MB, Browser 135MB, Utility 69MB)
2026-08-30T15:53:24.585-04:00 info memory: 1365MB total (Tab 826MB, GPU 335MB, Browser 135MB, Utility 69MB)
2026-08-30T15:54:24.597-04:00 info memory: 1361MB total (Tab 826MB, GPU 330MB, Browser 135MB, Utility 69MB)
2026-08-30T15:55:24.607-04:00 info memory: 1361MB total (Tab 827MB, GPU 330MB, Browser 135MB, Utility 69MB)
2026-08-30T15:56:24.610-04:00 info memory: 1361MB total (Tab 827MB, GPU 330MB, Browser 135MB, Utility 69MB)
2026-08-30T15:57:24.623-04:00 info memory: 1362MB total (Tab 828MB, GPU 330MB, Browser 135MB, Utility 69MB)
2026-08-30T15:58:24.628-04:00 info memory: 1362MB total (Tab 827MB, GPU 330MB, Browser 135MB, Utility 69MB)
2026-08-30T15:59:24.644-04:00 info memory: 1361MB total (Tab 827MB, GPU 330MB, Browser 135MB, Utility 69MB)
2026-08-30T16:00:24.649-04:00 info memory: 1362MB total (Tab 827MB, GPU 330MB, Browser 135MB, Utility 69MB)
2026-08-30T16:01:24.656-04:00 info memory: 1361MB total (Tab 826MB, GPU 330MB, Browser 135MB, Utility 69MB)
2026-08-30T16:02:24.663-04:00 info memory: 1364MB total (Tab 829MB, GPU 331MB, Browser 135MB, Utility 69MB)
2026-08-30T16:02:40.397-04:00 info layout 1920x1080 in a 1920x1079 window, scaled to 0.999
2026-08-30T16:02:40.928-04:00 info layout 1920x1080 in a 1920x1080 window, 1:1
2026-08-30T16:03:24.671-04:00 info memory: 1377MB total (Tab 841MB, GPU 331MB, Browser 135MB, Utility 69MB)
2026-08-30T16:04:24.674-04:00 info memory: 1366MB total (Tab 831MB, GPU 331MB, Browser 135MB, Utility 69MB)
2026-08-30T16:05:24.684-04:00 info memory: 1367MB total (Tab 831MB, GPU 331MB, Browser 135MB, Utility 69MB)
2026-08-30T16:06:24.694-04:00 info memory: 1365MB total (Tab 829MB, GPU 331MB, Browser 135MB, Utility 69MB)
2026-08-30T16:07:24.701-04:00 info memory: 1366MB total (Tab 830MB, GPU 331MB, Browser 135MB, Utility 69MB)
2026-08-30T16:08:24.713-04:00 info memory: 1362MB total (Tab 827MB, GPU 331MB, Browser 135MB, Utility 69MB)
2026-08-30T16:09:24.722-04:00 info memory: 1366MB total (Tab 826MB, GPU 335MB, Browser 135MB, Utility 69MB)
2026-08-30T16:10:24.730-04:00 info memory: 1362MB total (Tab 826MB, GPU 331MB, Browser 135MB, Utility 69MB)
2026-08-30T16:11:24.735-04:00 info memory: 1362MB total (Tab 826MB, GPU 331MB, Browser 135MB, Utility 69MB)
2026-08-30T16:12:24.749-04:00 info memory: 1363MB total (Tab 827MB, GPU 331MB, Browser 136MB, Utility 69MB)
2026-08-30T16:13:24.763-04:00 info memory: 1361MB total (Tab 825MB, GPU 331MB, Browser 136MB, Utility 69MB)
2026-08-30T16:14:24.778-04:00 info memory: 1362MB total (Tab 826MB, GPU 331MB, Browser 136MB, Utility 69MB)
2026-08-30T16:15:24.791-04:00 info memory: 1362MB total (Tab 826MB, GPU 331MB, Browser 136MB, Utility 69MB)
2026-08-30T16:16:24.808-04:00 info memory: 1362MB total (Tab 825MB, GPU 332MB, Browser 136MB, Utility 69MB)
2026-08-30T16:17:24.815-04:00 info memory: 1361MB total (Tab 825MB, GPU 331MB, Browser 136MB, Utility 69MB)
2026-08-30T16:18:24.817-04:00 info memory: 1361MB total (Tab 825MB, GPU 331MB, Browser 136MB, Utility 69MB)
2026-08-30T16:19:24.820-04:00 info memory: 1362MB total (Tab 826MB, GPU 331MB, Browser 136MB, Utility 69MB)
2026-08-30T16:20:24.828-04:00 info memory: 1362MB total (Tab 826MB, GPU 331MB, Browser 136MB, Utility 69MB)
2026-08-30T16:21:24.836-04:00 info memory: 1362MB total (Tab 826MB, GPU 331MB, Browser 136MB, Utility 69MB)
2026-08-30T16:22:24.840-04:00 info memory: 1363MB total (Tab 826MB, GPU 331MB, Browser 136MB, Utility 69MB)
2026-08-30T16:23:24.855-04:00 info memory: 1363MB total (Tab 826MB, GPU 332MB, Browser 136MB, Utility 69MB)
2026-08-30T16:24:24.864-04:00 info memory: 1362MB total (Tab 827MB, GPU 331MB, Browser 135MB, Utility 69MB)
2026-08-30T16:25:24.866-04:00 info memory: 1366MB total (Tab 827MB, GPU 335MB, Browser 135MB, Utility 69MB)
2026-08-30T16:26:24.879-04:00 info memory: 1365MB total (Tab 825MB, GPU 335MB, Browser 135MB, Utility 69MB)
2026-08-30T16:27:24.892-04:00 info memory: 1361MB total (Tab 826MB, GPU 331MB, Browser 135MB, Utility 69MB)
2026-08-30T16:28:24.900-04:00 info memory: 1361MB total (Tab 825MB, GPU 331MB, Browser 135MB, Utility 69MB)
2026-08-30T16:29:24.914-04:00 info memory: 1361MB total (Tab 826MB, GPU 331MB, Browser 135MB, Utility 69MB)
2026-08-30T16:30:24.922-04:00 info memory: 1361MB total (Tab 826MB, GPU 331MB, Browser 135MB, Utility 69MB)
2026-08-30T16:31:24.934-04:00 info memory: 1361MB total (Tab 826MB, GPU 331MB, Browser 135MB, Utility 69MB)
2026-08-30T16:32:24.934-04:00 info memory: 1367MB total (Tab 827MB, GPU 336MB, Browser 135MB, Utility 69MB)
2026-08-30T16:32:40.403-04:00 info layout 1920x1080 in a 1920x1079 window, scaled to 0.999
2026-08-30T16:32:40.920-04:00 info layout 1920x1080 in a 1920x1080 window, 1:1
2026-08-30T16:33:24.946-04:00 info memory: 1377MB total (Tab 840MB, GPU 332MB, Browser 135MB, Utility 69MB)
2026-08-30T16:34:24.951-04:00 info memory: 1372MB total (Tab 836MB, GPU 332MB, Browser 135MB, Utility 69MB)
2026-08-30T16:35:24.954-04:00 info memory: 1372MB total (Tab 837MB, GPU 332MB, Browser 135MB, Utility 69MB)
2026-08-30T16:36:24.963-04:00 info memory: 1372MB total (Tab 836MB, GPU 331MB, Browser 135MB, Utility 69MB)
2026-08-30T16:37:24.969-04:00 info memory: 1369MB total (Tab 834MB, GPU 331MB, Browser 135MB, Utility 69MB)
2026-08-30T16:38:24.981-04:00 info memory: 1366MB total (Tab 831MB, GPU 331MB, Browser 135MB, Utility 69MB)
2026-08-30T16:39:24.986-04:00 info memory: 1366MB total (Tab 831MB, GPU 331MB, Browser 135MB, Utility 69MB)
2026-08-30T16:40:24.991-04:00 info memory: 1365MB total (Tab 830MB, GPU 331MB, Browser 135MB, Utility 69MB)
2026-08-30T16:41:25.002-04:00 info memory: 1365MB total (Tab 830MB, GPU 331MB, Browser 135MB, Utility 69MB)
2026-08-30T16:42:25.009-04:00 info memory: 1366MB total (Tab 830MB, GPU 331MB, Browser 135MB, Utility 69MB)
2026-08-30T16:43:25.025-04:00 info memory: 1366MB total (Tab 830MB, GPU 331MB, Browser 135MB, Utility 69MB)
2026-08-30T16:44:25.027-04:00 info memory: 1366MB total (Tab 831MB, GPU 331MB, Browser 135MB, Utility 69MB)
2026-08-30T16:45:25.037-04:00 info memory: 1367MB total (Tab 831MB, GPU 331MB, Browser 135MB, Utility 69MB)
2026-08-30T16:46:25.050-04:00 info memory: 1366MB total (Tab 830MB, GPU 331MB, Browser 135MB, Utility 69MB)
2026-08-30T16:47:25.059-04:00 info memory: 1365MB total (Tab 830MB, GPU 331MB, Browser 135MB, Utility 69MB)
2026-08-30T16:48:25.062-04:00 info memory: 1365MB total (Tab 830MB, GPU 331MB, Browser 135MB, Utility 69MB)
2026-08-30T16:49:25.077-04:00 info memory: 1366MB total (Tab 830MB, GPU 331MB, Browser 135MB, Utility 69MB)
2026-08-30T16:50:25.085-04:00 info memory: 1366MB total (Tab 831MB, GPU 331MB, Browser 135MB, Utility 69MB)
2026-08-30T16:51:25.094-04:00 info memory: 1366MB total (Tab 830MB, GPU 331MB, Browser 135MB, Utility 69MB)
2026-08-30T16:52:25.108-04:00 info memory: 1366MB total (Tab 831MB, GPU 331MB, Browser 135MB, Utility 69MB)
2026-08-30T16:53:25.113-04:00 info memory: 1366MB total (Tab 831MB, GPU 331MB, Browser 135MB, Utility 69MB)
2026-08-30T16:54:25.118-04:00 info memory: 1363MB total (Tab 828MB, GPU 331MB, Browser 135MB, Utility 69MB)
2026-08-30T16:55:25.123-04:00 info memory: 1364MB total (Tab 828MB, GPU 331MB, Browser 135MB, Utility 69MB)
2026-08-30T16:56:25.136-04:00 info memory: 1363MB total (Tab 828MB, GPU 331MB, Browser 135MB, Utility 69MB)
2026-08-30T16:57:25.147-04:00 info memory: 1364MB total (Tab 829MB, GPU 331MB, Browser 135MB, Utility 69MB)
2026-08-30T16:58:25.159-04:00 info memory: 1364MB total (Tab 828MB, GPU 331MB, Browser 135MB, Utility 69MB)
2026-08-30T16:59:25.164-04:00 info memory: 1363MB total (Tab 828MB, GPU 331MB, Browser 135MB, Utility 69MB)
2026-08-30T17:00:25.179-04:00 info memory: 1363MB total (Tab 828MB, GPU 331MB, Browser 135MB, Utility 69MB)
2026-08-30T17:01:25.188-04:00 info memory: 1363MB total (Tab 828MB, GPU 331MB, Browser 135MB, Utility 69MB)
2026-08-30T17:02:25.194-04:00 info memory: 1372MB total (Tab 837MB, GPU 331MB, Browser 135MB, Utility 69MB)
2026-08-30T17:02:40.425-04:00 info layout 1920x1080 in a 1920x1079 window, scaled to 0.999
2026-08-30T17:02:40.952-04:00 info layout 1920x1080 in a 1920x1080 window, 1:1
2026-08-30T17:03:25.208-04:00 info memory: 1371MB total (Tab 836MB, GPU 331MB, Browser 135MB, Utility 69MB)
2026-08-30T17:04:25.215-04:00 info memory: 1370MB total (Tab 835MB, GPU 331MB, Browser 135MB, Utility 69MB)
2026-08-30T17:05:25.231-04:00 info memory: 1375MB total (Tab 835MB, GPU 335MB, Browser 135MB, Utility 69MB)
2026-08-30T17:06:25.239-04:00 info memory: 1370MB total (Tab 835MB, GPU 331MB, Browser 135MB, Utility 69MB)
2026-08-30T17:07:25.254-04:00 info memory: 1370MB total (Tab 835MB, GPU 331MB, Browser 135MB, Utility 69MB)
2026-08-30T17:08:25.267-04:00 info memory: 1366MB total (Tab 831MB, GPU 331MB, Browser 135MB, Utility 69MB)
2026-08-30T17:09:25.273-04:00 info memory: 1366MB total (Tab 831MB, GPU 331MB, Browser 135MB, Utility 69MB)
2026-08-30T17:10:25.284-04:00 info memory: 1367MB total (Tab 832MB, GPU 331MB, Browser 135MB, Utility 69MB)
2026-08-30T17:11:25.298-04:00 info memory: 1367MB total (Tab 831MB, GPU 331MB, Browser 135MB, Utility 69MB)
2026-08-30T17:12:25.309-04:00 info memory: 1367MB total (Tab 831MB, GPU 331MB, Browser 135MB, Utility 69MB)
2026-08-30T17:13:25.313-04:00 info memory: 1363MB total (Tab 828MB, GPU 331MB, Browser 134MB, Utility 69MB)
2026-08-30T17:14:25.320-04:00 info memory: 1363MB total (Tab 829MB, GPU 331MB, Browser 134MB, Utility 69MB)
2026-08-30T17:15:25.332-04:00 info memory: 1363MB total (Tab 829MB, GPU 331MB, Browser 134MB, Utility 69MB)
2026-08-30T17:16:25.341-04:00 info memory: 1363MB total (Tab 829MB, GPU 331MB, Browser 134MB, Utility 69MB)
2026-08-30T17:17:25.356-04:00 info memory: 1363MB total (Tab 829MB, GPU 331MB, Browser 134MB, Utility 69MB)
2026-08-30T17:18:25.363-04:00 info memory: 1363MB total (Tab 829MB, GPU 331MB, Browser 134MB, Utility 69MB)
2026-08-30T17:19:25.366-04:00 info memory: 1363MB total (Tab 829MB, GPU 331MB, Browser 134MB, Utility 69MB)
2026-08-30T17:20:25.371-04:00 info memory: 1364MB total (Tab 829MB, GPU 331MB, Browser 134MB, Utility 69MB)
2026-08-30T17:21:25.383-04:00 info memory: 1363MB total (Tab 829MB, GPU 331MB, Browser 134MB, Utility 69MB)
2026-08-30T17:22:25.395-04:00 info memory: 1364MB total (Tab 829MB, GPU 331MB, Browser 134MB, Utility 69MB)
2026-08-30T17:23:25.398-04:00 info memory: 1364MB total (Tab 829MB, GPU 331MB, Browser 134MB, Utility 69MB)
2026-08-30T17:24:25.407-04:00 info memory: 1363MB total (Tab 828MB, GPU 331MB, Browser 134MB, Utility 69MB)
2026-08-30T17:25:25.411-04:00 info memory: 1363MB total (Tab 828MB, GPU 331MB, Browser 134MB, Utility 69MB)
2026-08-30T17:26:25.414-04:00 info memory: 1364MB total (Tab 829MB, GPU 331MB, Browser 134MB, Utility 69MB)
2026-08-30T17:27:25.426-04:00 info memory: 1363MB total (Tab 829MB, GPU 331MB, Browser 134MB, Utility 69MB)
2026-08-30T17:28:25.439-04:00 info memory: 1363MB total (Tab 828MB, GPU 331MB, Browser 134MB, Utility 69MB)
2026-08-30T17:29:25.446-04:00 info memory: 1363MB total (Tab 828MB, GPU 331MB, Browser 134MB, Utility 69MB)
2026-08-30T17:30:25.455-04:00 info memory: 1362MB total (Tab 827MB, GPU 331MB, Browser 134MB, Utility 69MB)
2026-08-30T17:31:25.463-04:00 info memory: 1362MB total (Tab 828MB, GPU 331MB, Browser 134MB, Utility 69MB)
2026-08-30T17:32:25.471-04:00 info memory: 1360MB total (Tab 825MB, GPU 331MB, Browser 134MB, Utility 69MB)
2026-08-30T17:32:40.438-04:00 info layout 1920x1080 in a 1920x1079 window, scaled to 0.999
2026-08-30T17:32:40.959-04:00 info layout 1920x1080 in a 1920x1080 window, 1:1
2026-08-30T17:33:25.471-04:00 info memory: 1367MB total (Tab 832MB, GPU 332MB, Browser 134MB, Utility 69MB)
2026-08-30T17:34:25.478-04:00 info memory: 1368MB total (Tab 832MB, GPU 332MB, Browser 134MB, Utility 69MB)
2026-08-30T17:35:25.480-04:00 info memory: 1368MB total (Tab 833MB, GPU 332MB, Browser 134MB, Utility 69MB)
2026-08-30T17:36:25.487-04:00 info memory: 1372MB total (Tab 833MB, GPU 335MB, Browser 135MB, Utility 69MB)
2026-08-30T17:37:25.499-04:00 info memory: 1368MB total (Tab 833MB, GPU 332MB, Browser 135MB, Utility 69MB)
2026-08-30T17:38:25.514-04:00 info memory: 1365MB total (Tab 830MB, GPU 332MB, Browser 135MB, Utility 69MB)
2026-08-30T17:39:25.517-04:00 info memory: 1365MB total (Tab 830MB, GPU 331MB, Browser 135MB, Utility 69MB)
2026-08-30T17:40:25.520-04:00 info memory: 1370MB total (Tab 831MB, GPU 335MB, Browser 135MB, Utility 69MB)
2026-08-30T17:41:25.525-04:00 info memory: 1366MB total (Tab 830MB, GPU 332MB, Browser 135MB, Utility 69MB)
2026-08-30T17:42:25.541-04:00 info memory: 1368MB total (Tab 829MB, GPU 335MB, Browser 135MB, Utility 69MB)
2026-08-30T17:43:25.558-04:00 info memory: 1364MB total (Tab 829MB, GPU 332MB, Browser 135MB, Utility 69MB)
2026-08-30T17:44:25.575-04:00 info memory: 1364MB total (Tab 829MB, GPU 332MB, Browser 135MB, Utility 69MB)
2026-08-30T17:45:25.577-04:00 info memory: 1365MB total (Tab 829MB, GPU 332MB, Browser 135MB, Utility 69MB)
2026-08-30T17:46:25.593-04:00 info memory: 1364MB total (Tab 829MB, GPU 332MB, Browser 135MB, Utility 69MB)
2026-08-30T17:47:25.609-04:00 info memory: 1365MB total (Tab 829MB, GPU 332MB, Browser 135MB, Utility 69MB)
2026-08-30T17:48:25.621-04:00 info memory: 1368MB total (Tab 829MB, GPU 336MB, Browser 135MB, Utility 69MB)
2026-08-30T17:49:25.634-04:00 info memory: 1367MB total (Tab 828MB, GPU 336MB, Browser 135MB, Utility 69MB)
2026-08-30T17:50:25.645-04:00 info memory: 1368MB total (Tab 828MB, GPU 336MB, Browser 135MB, Utility 69MB)
2026-08-30T17:51:25.652-04:00 info memory: 1363MB total (Tab 828MB, GPU 331MB, Browser 135MB, Utility 69MB)
2026-08-30T17:52:25.666-04:00 info memory: 1364MB total (Tab 829MB, GPU 331MB, Browser 135MB, Utility 69MB)
2026-08-30T17:53:25.672-04:00 info memory: 1364MB total (Tab 829MB, GPU 331MB, Browser 135MB, Utility 69MB)
2026-08-30T17:54:25.676-04:00 info memory: 1364MB total (Tab 829MB, GPU 331MB, Browser 135MB, Utility 69MB)
2026-08-30T17:55:25.679-04:00 info memory: 1364MB total (Tab 829MB, GPU 331MB, Browser 135MB, Utility 69MB)
2026-08-30T17:56:25.695-04:00 info memory: 1364MB total (Tab 829MB, GPU 331MB, Browser 135MB, Utility 69MB)
2026-08-30T17:57:25.705-04:00 info memory: 1364MB total (Tab 830MB, GPU 331MB, Browser 135MB, Utility 69MB)
2026-08-30T17:58:25.711-04:00 info memory: 1364MB total (Tab 829MB, GPU 331MB, Browser 135MB, Utility 69MB)
2026-08-30T17:59:25.721-04:00 info memory: 1364MB total (Tab 830MB, GPU 331MB, Browser 135MB, Utility 69MB)
2026-08-30T18:00:25.727-04:00 info memory: 1364MB total (Tab 829MB, GPU 331MB, Browser 135MB, Utility 69MB)
2026-08-30T18:01:25.738-04:00 info memory: 1364MB total (Tab 829MB, GPU 331MB, Browser 135MB, Utility 69MB)
2026-08-30T18:02:25.753-04:00 info memory: 1377MB total (Tab 838MB, GPU 336MB, Browser 135MB, Utility 69MB)
2026-08-30T18:02:40.448-04:00 info layout 1920x1080 in a 1920x1079 window, scaled to 0.999
2026-08-30T18:02:40.984-04:00 info layout 1920x1080 in a 1920x1080 window, 1:1
2026-08-30T18:03:25.759-04:00 info memory: 1370MB total (Tab 834MB, GPU 332MB, Browser 135MB, Utility 69MB)
2026-08-30T18:04:25.769-04:00 info memory: 1369MB total (Tab 833MB, GPU 332MB, Browser 135MB, Utility 69MB)
2026-08-30T18:05:25.777-04:00 info memory: 1369MB total (Tab 833MB, GPU 331MB, Browser 135MB, Utility 69MB)
2026-08-30T18:06:25.789-04:00 info memory: 1368MB total (Tab 833MB, GPU 331MB, Browser 135MB, Utility 69MB)
2026-08-30T18:07:25.802-04:00 info memory: 1366MB total (Tab 831MB, GPU 332MB, Browser 135MB, Utility 69MB)
2026-08-30T18:08:25.807-04:00 info memory: 1363MB total (Tab 828MB, GPU 331MB, Browser 135MB, Utility 69MB)
2026-08-30T18:09:25.817-04:00 info memory: 1363MB total (Tab 828MB, GPU 331MB, Browser 135MB, Utility 69MB)
2026-08-30T18:10:25.822-04:00 info memory: 1363MB total (Tab 828MB, GPU 331MB, Browser 135MB, Utility 69MB)
2026-08-30T18:11:25.830-04:00 info memory: 1362MB total (Tab 826MB, GPU 331MB, Browser 135MB, Utility 69MB)
2026-08-30T18:12:25.843-04:00 info memory: 1362MB total (Tab 827MB, GPU 331MB, Browser 135MB, Utility 69MB)
2026-08-30T18:13:25.851-04:00 info memory: 1362MB total (Tab 827MB, GPU 331MB, Browser 135MB, Utility 69MB)
2026-08-30T18:14:25.864-04:00 info memory: 1362MB total (Tab 827MB, GPU 331MB, Browser 135MB, Utility 69MB)
2026-08-30T18:15:25.868-04:00 info memory: 1363MB total (Tab 828MB, GPU 331MB, Browser 135MB, Utility 69MB)
2026-08-30T18:16:25.882-04:00 info memory: 1363MB total (Tab 827MB, GPU 331MB, Browser 135MB, Utility 69MB)
2026-08-30T18:17:25.889-04:00 info memory: 1363MB total (Tab 828MB, GPU 331MB, Browser 135MB, Utility 69MB)
2026-08-30T18:18:25.890-04:00 info memory: 1363MB total (Tab 827MB, GPU 331MB, Browser 135MB, Utility 69MB)
2026-08-30T18:19:25.907-04:00 info memory: 1363MB total (Tab 828MB, GPU 331MB, Browser 135MB, Utility 69MB)
2026-08-30T18:20:25.910-04:00 info memory: 1363MB total (Tab 828MB, GPU 331MB, Browser 135MB, Utility 69MB)
2026-08-30T18:21:25.913-04:00 info memory: 1360MB total (Tab 825MB, GPU 331MB, Browser 135MB, Utility 69MB)
2026-08-30T18:22:25.925-04:00 info memory: 1361MB total (Tab 826MB, GPU 331MB, Browser 135MB, Utility 69MB)
2026-08-30T18:23:25.924-04:00 info memory: 1361MB total (Tab 826MB, GPU 331MB, Browser 135MB, Utility 69MB)
2026-08-30T18:24:25.931-04:00 info memory: 1361MB total (Tab 826MB, GPU 331MB, Browser 135MB, Utility 69MB)
2026-08-30T18:25:25.945-04:00 info memory: 1361MB total (Tab 826MB, GPU 331MB, Browser 135MB, Utility 69MB)
2026-08-30T18:26:25.952-04:00 info memory: 1360MB total (Tab 826MB, GPU 331MB, Browser 134MB, Utility 69MB)
2026-08-30T18:27:25.961-04:00 info memory: 1361MB total (Tab 827MB, GPU 331MB, Browser 134MB, Utility 69MB)
2026-08-30T18:28:25.972-04:00 info memory: 1360MB total (Tab 826MB, GPU 331MB, Browser 134MB, Utility 69MB)
2026-08-30T18:29:25.977-04:00 info memory: 1360MB total (Tab 825MB, GPU 331MB, Browser 134MB, Utility 69MB)
2026-08-30T18:30:25.992-04:00 info memory: 1361MB total (Tab 826MB, GPU 331MB, Browser 134MB, Utility 69MB)
2026-08-30T18:31:26.007-04:00 info memory: 1360MB total (Tab 826MB, GPU 331MB, Browser 134MB, Utility 69MB)
2026-08-30T18:32:26.022-04:00 info memory: 1362MB total (Tab 828MB, GPU 331MB, Browser 134MB, Utility 69MB)
2026-08-30T18:32:40.465-04:00 info layout 1920x1080 in a 1920x1079 window, scaled to 0.999
2026-08-30T18:32:40.992-04:00 info layout 1920x1080 in a 1920x1080 window, 1:1
2026-08-30T18:33:26.039-04:00 info memory: 1372MB total (Tab 836MB, GPU 332MB, Browser 134MB, Utility 69MB)
2026-08-30T18:34:26.051-04:00 info memory: 1368MB total (Tab 833MB, GPU 332MB, Browser 134MB, Utility 69MB)
2026-08-30T18:35:26.064-04:00 info memory: 1369MB total (Tab 833MB, GPU 332MB, Browser 134MB, Utility 69MB)
2026-08-30T18:36:26.078-04:00 info memory: 1368MB total (Tab 833MB, GPU 331MB, Browser 134MB, Utility 69MB)
2026-08-30T18:37:26.084-04:00 info memory: 1368MB total (Tab 833MB, GPU 332MB, Browser 134MB, Utility 69MB)
2026-08-30T18:38:26.101-04:00 info memory: 1365MB total (Tab 830MB, GPU 332MB, Browser 134MB, Utility 69MB)
2026-08-30T18:39:26.107-04:00 info memory: 1365MB total (Tab 830MB, GPU 332MB, Browser 134MB, Utility 69MB)
2026-08-30T18:40:26.128-04:00 info memory: 1365MB total (Tab 830MB, GPU 332MB, Browser 134MB, Utility 69MB)
2026-08-30T18:41:26.134-04:00 info memory: 1363MB total (Tab 827MB, GPU 332MB, Browser 134MB, Utility 69MB)
2026-08-30T18:42:26.142-04:00 info memory: 1363MB total (Tab 828MB, GPU 332MB, Browser 134MB, Utility 69MB)
2026-08-30T18:43:26.146-04:00 info memory: 1363MB total (Tab 828MB, GPU 331MB, Browser 134MB, Utility 69MB)
2026-08-30T18:44:26.155-04:00 info memory: 1363MB total (Tab 828MB, GPU 332MB, Browser 134MB, Utility 69MB)
2026-08-30T18:45:26.159-04:00 info memory: 1363MB total (Tab 827MB, GPU 332MB, Browser 134MB, Utility 69MB)
2026-08-30T18:46:26.173-04:00 info memory: 1362MB total (Tab 827MB, GPU 332MB, Browser 134MB, Utility 69MB)
2026-08-30T18:47:26.182-04:00 info memory: 1363MB total (Tab 828MB, GPU 332MB, Browser 135MB, Utility 69MB)
2026-08-30T18:48:26.191-04:00 info memory: 1363MB total (Tab 828MB, GPU 332MB, Browser 135MB, Utility 69MB)
2026-08-30T18:49:26.199-04:00 info memory: 1363MB total (Tab 828MB, GPU 332MB, Browser 135MB, Utility 69MB)
2026-08-30T18:50:26.212-04:00 info memory: 1364MB total (Tab 828MB, GPU 332MB, Browser 135MB, Utility 69MB)
2026-08-30T18:51:26.219-04:00 info memory: 1363MB total (Tab 828MB, GPU 332MB, Browser 135MB, Utility 69MB)
2026-08-30T18:52:26.235-04:00 info memory: 1363MB total (Tab 828MB, GPU 332MB, Browser 135MB, Utility 69MB)
2026-08-30T18:53:26.240-04:00 info memory: 1363MB total (Tab 827MB, GPU 332MB, Browser 135MB, Utility 69MB)
2026-08-30T18:54:26.250-04:00 info memory: 1363MB total (Tab 828MB, GPU 332MB, Browser 135MB, Utility 69MB)
2026-08-30T18:55:26.263-04:00 info memory: 1362MB total (Tab 827MB, GPU 332MB, Browser 135MB, Utility 69MB)
2026-08-30T18:56:26.275-04:00 info memory: 1362MB total (Tab 826MB, GPU 332MB, Browser 135MB, Utility 69MB)
2026-08-30T18:57:26.287-04:00 info memory: 1363MB total (Tab 827MB, GPU 332MB, Browser 135MB, Utility 69MB)
2026-08-30T18:58:26.293-04:00 info memory: 1362MB total (Tab 826MB, GPU 331MB, Browser 135MB, Utility 69MB)
2026-08-30T18:59:26.309-04:00 info memory: 1362MB total (Tab 827MB, GPU 332MB, Browser 135MB, Utility 69MB)
2026-08-30T19:00:26.320-04:00 info memory: 1363MB total (Tab 827MB, GPU 332MB, Browser 135MB, Utility 69MB)
2026-08-30T19:01:26.324-04:00 info memory: 1363MB total (Tab 827MB, GPU 331MB, Browser 135MB, Utility 69MB)
2026-08-30T19:02:26.328-04:00 info memory: 1369MB total (Tab 829MB, GPU 336MB, Browser 135MB, Utility 69MB)
2026-08-30T19:02:40.480-04:00 info layout 1920x1080 in a 1920x1079 window, scaled to 0.999
2026-08-30T19:02:41.009-04:00 info layout 1920x1080 in a 1920x1080 window, 1:1
2026-08-30T19:03:26.342-04:00 info memory: 1371MB total (Tab 835MB, GPU 332MB, Browser 135MB, Utility 69MB)
2026-08-30T19:04:26.352-04:00 info memory: 1372MB total (Tab 833MB, GPU 336MB, Browser 135MB, Utility 69MB)
2026-08-30T19:05:26.359-04:00 info memory: 1369MB total (Tab 833MB, GPU 332MB, Browser 135MB, Utility 69MB)
2026-08-30T19:06:26.371-04:00 info memory: 1369MB total (Tab 833MB, GPU 332MB, Browser 135MB, Utility 69MB)
2026-08-30T19:07:26.383-04:00 info memory: 1369MB total (Tab 833MB, GPU 331MB, Browser 135MB, Utility 69MB)
2026-08-30T19:08:26.386-04:00 info memory: 1365MB total (Tab 830MB, GPU 331MB, Browser 135MB, Utility 69MB)
2026-08-30T19:09:26.399-04:00 info memory: 1365MB total (Tab 830MB, GPU 331MB, Browser 135MB, Utility 69MB)
2026-08-30T19:10:26.414-04:00 info memory: 1366MB total (Tab 831MB, GPU 331MB, Browser 135MB, Utility 69MB)
2026-08-30T19:11:26.428-04:00 info memory: 1366MB total (Tab 830MB, GPU 331MB, Browser 135MB, Utility 69MB)
2026-08-30T19:12:26.430-04:00 info memory: 1364MB total (Tab 828MB, GPU 331MB, Browser 135MB, Utility 69MB)
2026-08-30T19:13:26.446-04:00 info memory: 1364MB total (Tab 828MB, GPU 331MB, Browser 135MB, Utility 69MB)
2026-08-30T19:14:26.453-04:00 info memory: 1364MB total (Tab 829MB, GPU 331MB, Browser 135MB, Utility 69MB)
2026-08-30T19:15:26.456-04:00 info memory: 1364MB total (Tab 829MB, GPU 331MB, Browser 135MB, Utility 69MB)
2026-08-30T19:16:26.468-04:00 info memory: 1363MB total (Tab 828MB, GPU 331MB, Browser 135MB, Utility 69MB)
2026-08-30T19:17:26.473-04:00 info memory: 1364MB total (Tab 828MB, GPU 331MB, Browser 135MB, Utility 69MB)
2026-08-30T19:18:26.477-04:00 info memory: 1363MB total (Tab 828MB, GPU 331MB, Browser 135MB, Utility 69MB)
2026-08-30T19:19:26.486-04:00 info memory: 1364MB total (Tab 828MB, GPU 331MB, Browser 135MB, Utility 69MB)
2026-08-30T19:20:26.499-04:00 info memory: 1364MB total (Tab 829MB, GPU 331MB, Browser 135MB, Utility 69MB)
2026-08-30T19:21:26.501-04:00 info memory: 1363MB total (Tab 828MB, GPU 331MB, Browser 135MB, Utility 69MB)
2026-08-30T19:22:26.514-04:00 info memory: 1363MB total (Tab 828MB, GPU 331MB, Browser 135MB, Utility 69MB)
2026-08-30T19:23:26.524-04:00 info memory: 1363MB total (Tab 828MB, GPU 331MB, Browser 135MB, Utility 69MB)
2026-08-30T19:24:26.540-04:00 info memory: 1363MB total (Tab 828MB, GPU 331MB, Browser 135MB, Utility 69MB)
2026-08-30T19:25:26.545-04:00 info memory: 1363MB total (Tab 828MB, GPU 331MB, Browser 135MB, Utility 69MB)
2026-08-30T19:26:26.561-04:00 info memory: 1362MB total (Tab 826MB, GPU 331MB, Browser 135MB, Utility 69MB)
2026-08-30T19:27:26.563-04:00 info memory: 1363MB total (Tab 827MB, GPU 331MB, Browser 135MB, Utility 69MB)
2026-08-30T19:28:26.579-04:00 info memory: 1363MB total (Tab 828MB, GPU 331MB, Browser 135MB, Utility 69MB)
2026-08-30T19:29:26.582-04:00 info memory: 1362MB total (Tab 827MB, GPU 331MB, Browser 135MB, Utility 69MB)
2026-08-30T19:30:26.592-04:00 info memory: 1362MB total (Tab 827MB, GPU 331MB, Browser 135MB, Utility 69MB)
2026-08-30T19:31:26.596-04:00 info memory: 1362MB total (Tab 827MB, GPU 331MB, Browser 135MB, Utility 69MB)
2026-08-30T19:32:26.610-04:00 info memory: 1365MB total (Tab 829MB, GPU 331MB, Browser 135MB, Utility 69MB)
2026-08-30T19:32:40.484-04:00 info layout 1920x1080 in a 1920x1079 window, scaled to 0.999
2026-08-30T19:32:41.017-04:00 info layout 1920x1080 in a 1920x1080 window, 1:1
2026-08-30T19:33:26.627-04:00 info memory: 1375MB total (Tab 838MB, GPU 332MB, Browser 135MB, Utility 69MB)
2026-08-30T19:34:26.630-04:00 info memory: 1371MB total (Tab 834MB, GPU 332MB, Browser 135MB, Utility 69MB)
2026-08-30T19:35:26.642-04:00 info memory: 1371MB total (Tab 835MB, GPU 332MB, Browser 135MB, Utility 69MB)
2026-08-30T19:36:26.654-04:00 info memory: 1370MB total (Tab 834MB, GPU 332MB, Browser 135MB, Utility 69MB)
2026-08-30T19:37:26.672-04:00 info memory: 1371MB total (Tab 835MB, GPU 332MB, Browser 135MB, Utility 69MB)
2026-08-30T19:38:26.677-04:00 info memory: 1367MB total (Tab 831MB, GPU 332MB, Browser 134MB, Utility 69MB)
2026-08-30T19:39:26.687-04:00 info memory: 1367MB total (Tab 832MB, GPU 332MB, Browser 134MB, Utility 69MB)
2026-08-30T19:40:26.689-04:00 info memory: 1367MB total (Tab 832MB, GPU 332MB, Browser 134MB, Utility 69MB)
2026-08-30T19:41:26.703-04:00 info memory: 1371MB total (Tab 832MB, GPU 336MB, Browser 134MB, Utility 69MB)
2026-08-30T19:42:26.715-04:00 info memory: 1369MB total (Tab 829MB, GPU 336MB, Browser 134MB, Utility 69MB)
2026-08-30T19:43:26.725-04:00 info memory: 1364MB total (Tab 829MB, GPU 332MB, Browser 134MB, Utility 69MB)
2026-08-30T19:44:26.739-04:00 info memory: 1364MB total (Tab 829MB, GPU 331MB, Browser 134MB, Utility 69MB)
2026-08-30T19:45:26.749-04:00 info memory: 1364MB total (Tab 829MB, GPU 331MB, Browser 134MB, Utility 69MB)
2026-08-30T19:46:26.757-04:00 info memory: 1363MB total (Tab 828MB, GPU 331MB, Browser 134MB, Utility 69MB)
2026-08-30T19:47:26.759-04:00 info memory: 1362MB total (Tab 828MB, GPU 331MB, Browser 134MB, Utility 69MB)
2026-08-30T19:48:26.763-04:00 info memory: 1362MB total (Tab 828MB, GPU 331MB, Browser 134MB, Utility 69MB)
2026-08-30T19:49:26.777-04:00 info memory: 1362MB total (Tab 827MB, GPU 331MB, Browser 134MB, Utility 69MB)
2026-08-30T19:50:26.783-04:00 info memory: 1363MB total (Tab 828MB, GPU 331MB, Browser 134MB, Utility 69MB)
2026-08-30T19:51:26.795-04:00 info memory: 1363MB total (Tab 828MB, GPU 331MB, Browser 134MB, Utility 69MB)
2026-08-30T19:52:26.799-04:00 info memory: 1363MB total (Tab 828MB, GPU 332MB, Browser 134MB, Utility 69MB)
2026-08-30T19:53:26.812-04:00 info memory: 1363MB total (Tab 828MB, GPU 332MB, Browser 134MB, Utility 69MB)
2026-08-30T19:54:26.815-04:00 info memory: 1363MB total (Tab 828MB, GPU 331MB, Browser 134MB, Utility 69MB)
2026-08-30T19:55:26.825-04:00 info memory: 1363MB total (Tab 828MB, GPU 331MB, Browser 134MB, Utility 69MB)
2026-08-30T19:56:26.837-04:00 info memory: 1362MB total (Tab 827MB, GPU 332MB, Browser 134MB, Utility 69MB)
2026-08-30T19:57:26.854-04:00 info memory: 1363MB total (Tab 828MB, GPU 331MB, Browser 134MB, Utility 69MB)
2026-08-30T19:58:26.856-04:00 info memory: 1362MB total (Tab 828MB, GPU 331MB, Browser 134MB, Utility 69MB)
2026-08-30T19:59:26.871-04:00 info memory: 1362MB total (Tab 827MB, GPU 331MB, Browser 134MB, Utility 69MB)
2026-08-30T20:00:26.875-04:00 info memory: 1363MB total (Tab 828MB, GPU 331MB, Browser 134MB, Utility 69MB)
2026-08-30T20:01:26.891-04:00 info memory: 1363MB total (Tab 828MB, GPU 332MB, Browser 134MB, Utility 69MB)
2026-08-30T20:02:26.899-04:00 info memory: 1366MB total (Tab 830MB, GPU 332MB, Browser 134MB, Utility 69MB)
2026-08-30T20:02:40.491-04:00 info layout 1920x1080 in a 1920x1079 window, scaled to 0.999
2026-08-30T20:02:41.010-04:00 info layout 1920x1080 in a 1920x1080 window, 1:1
2026-08-30T20:03:26.912-04:00 info memory: 1371MB total (Tab 835MB, GPU 332MB, Browser 135MB, Utility 69MB)
2026-08-30T20:04:26.923-04:00 info memory: 1369MB total (Tab 833MB, GPU 332MB, Browser 135MB, Utility 69MB)
2026-08-30T20:05:26.932-04:00 info memory: 1368MB total (Tab 833MB, GPU 332MB, Browser 135MB, Utility 69MB)
2026-08-30T20:06:26.934-04:00 info memory: 1368MB total (Tab 833MB, GPU 332MB, Browser 135MB, Utility 69MB)
2026-08-30T20:07:26.948-04:00 info memory: 1368MB total (Tab 832MB, GPU 332MB, Browser 135MB, Utility 69MB)
2026-08-30T20:08:26.951-04:00 info memory: 1363MB total (Tab 828MB, GPU 331MB, Browser 135MB, Utility 69MB)
2026-08-30T20:09:26.955-04:00 info memory: 1364MB total (Tab 829MB, GPU 331MB, Browser 135MB, Utility 69MB)
2026-08-30T20:10:26.958-04:00 info memory: 1363MB total (Tab 828MB, GPU 331MB, Browser 135MB, Utility 69MB)
2026-08-30T20:11:26.963-04:00 info memory: 1362MB total (Tab 827MB, GPU 331MB, Browser 135MB, Utility 69MB)
2026-08-30T20:12:26.966-04:00 info memory: 1363MB total (Tab 828MB, GPU 331MB, Browser 135MB, Utility 69MB)
2026-08-30T20:13:26.968-04:00 info memory: 1363MB total (Tab 828MB, GPU 331MB, Browser 135MB, Utility 69MB)
2026-08-30T20:14:26.973-04:00 info memory: 1364MB total (Tab 829MB, GPU 331MB, Browser 135MB, Utility 69MB)
2026-08-30T20:15:26.982-04:00 info memory: 1363MB total (Tab 828MB, GPU 331MB, Browser 135MB, Utility 69MB)
2026-08-30T20:16:26.992-04:00 info memory: 1364MB total (Tab 829MB, GPU 331MB, Browser 135MB, Utility 69MB)
2026-08-30T20:17:27.009-04:00 info memory: 1364MB total (Tab 828MB, GPU 331MB, Browser 135MB, Utility 69MB)
2026-08-30T20:18:27.021-04:00 info memory: 1363MB total (Tab 828MB, GPU 331MB, Browser 135MB, Utility 69MB)
2026-08-30T20:19:27.035-04:00 info memory: 1364MB total (Tab 829MB, GPU 331MB, Browser 135MB, Utility 69MB)
2026-08-30T20:20:27.046-04:00 info memory: 1363MB total (Tab 828MB, GPU 331MB, Browser 135MB, Utility 69MB)
2026-08-30T20:21:27.059-04:00 info memory: 1364MB total (Tab 829MB, GPU 331MB, Browser 135MB, Utility 69MB)
2026-08-30T20:22:27.075-04:00 info memory: 1364MB total (Tab 829MB, GPU 331MB, Browser 135MB, Utility 69MB)
2026-08-30T20:23:27.081-04:00 info memory: 1365MB total (Tab 830MB, GPU 331MB, Browser 135MB, Utility 69MB)
2026-08-30T20:24:27.084-04:00 info memory: 1364MB total (Tab 829MB, GPU 331MB, Browser 135MB, Utility 69MB)
2026-08-30T20:25:27.098-04:00 info memory: 1363MB total (Tab 828MB, GPU 331MB, Browser 135MB, Utility 69MB)
2026-08-30T20:26:27.115-04:00 info memory: 1363MB total (Tab 828MB, GPU 331MB, Browser 135MB, Utility 69MB)
2026-08-30T20:27:27.124-04:00 info memory: 1364MB total (Tab 829MB, GPU 331MB, Browser 135MB, Utility 69MB)
2026-08-30T20:28:27.126-04:00 info memory: 1363MB total (Tab 827MB, GPU 331MB, Browser 135MB, Utility 69MB)
2026-08-30T20:29:27.128-04:00 info memory: 1363MB total (Tab 828MB, GPU 331MB, Browser 135MB, Utility 69MB)
2026-08-30T20:30:27.132-04:00 info memory: 1363MB total (Tab 828MB, GPU 331MB, Browser 135MB, Utility 69MB)
2026-08-30T20:31:27.140-04:00 info memory: 1363MB total (Tab 828MB, GPU 331MB, Browser 135MB, Utility 69MB)
2026-08-30T20:32:27.154-04:00 info memory: 1359MB total (Tab 823MB, GPU 332MB, Browser 135MB, Utility 69MB)
2026-08-30T20:32:40.501-04:00 info layout 1920x1080 in a 1920x1079 window, scaled to 0.999
2026-08-30T20:32:41.023-04:00 info layout 1920x1080 in a 1920x1080 window, 1:1
2026-08-30T20:33:27.170-04:00 info memory: 1376MB total (Tab 839MB, GPU 333MB, Browser 135MB, Utility 69MB)
2026-08-30T20:34:27.181-04:00 info memory: 1375MB total (Tab 834MB, GPU 336MB, Browser 135MB, Utility 69MB)
2026-08-30T20:35:27.185-04:00 info memory: 1371MB total (Tab 834MB, GPU 333MB, Browser 135MB, Utility 69MB)
2026-08-30T20:36:27.188-04:00 info memory: 1370MB total (Tab 834MB, GPU 332MB, Browser 135MB, Utility 69MB)
2026-08-30T20:37:27.190-04:00 info memory: 1368MB total (Tab 832MB, GPU 332MB, Browser 135MB, Utility 69MB)
2026-08-30T20:38:27.203-04:00 info memory: 1365MB total (Tab 829MB, GPU 332MB, Browser 135MB, Utility 69MB)
2026-08-30T20:39:27.207-04:00 info memory: 1365MB total (Tab 829MB, GPU 332MB, Browser 135MB, Utility 69MB)
2026-08-30T20:40:27.225-04:00 info memory: 1366MB total (Tab 829MB, GPU 332MB, Browser 135MB, Utility 69MB)
2026-08-30T20:41:27.227-04:00 info memory: 1365MB total (Tab 829MB, GPU 332MB, Browser 135MB, Utility 69MB)
2026-08-30T20:42:27.234-04:00 info memory: 1365MB total (Tab 828MB, GPU 332MB, Browser 135MB, Utility 69MB)
2026-08-30T20:43:27.252-04:00 info memory: 1365MB total (Tab 829MB, GPU 332MB, Browser 135MB, Utility 69MB)
2026-08-30T20:44:27.261-04:00 info memory: 1365MB total (Tab 829MB, GPU 332MB, Browser 135MB, Utility 69MB)
2026-08-30T20:45:27.272-04:00 info memory: 1365MB total (Tab 829MB, GPU 332MB, Browser 135MB, Utility 69MB)
2026-08-30T20:46:27.278-04:00 info memory: 1365MB total (Tab 829MB, GPU 332MB, Browser 135MB, Utility 69MB)
2026-08-30T20:47:27.290-04:00 info memory: 1365MB total (Tab 829MB, GPU 332MB, Browser 135MB, Utility 69MB)
2026-08-30T20:48:27.300-04:00 info memory: 1364MB total (Tab 828MB, GPU 332MB, Browser 135MB, Utility 69MB)
2026-08-30T20:49:27.316-04:00 info memory: 1365MB total (Tab 828MB, GPU 332MB, Browser 135MB, Utility 69MB)
2026-08-30T20:50:27.330-04:00 info memory: 1366MB total (Tab 829MB, GPU 333MB, Browser 135MB, Utility 69MB)
2026-08-30T20:51:27.341-04:00 info memory: 1364MB total (Tab 827MB, GPU 332MB, Browser 135MB, Utility 69MB)
2026-08-30T20:52:27.357-04:00 info memory: 1364MB total (Tab 828MB, GPU 332MB, Browser 134MB, Utility 69MB)
2026-08-30T20:53:27.366-04:00 info memory: 1364MB total (Tab 828MB, GPU 332MB, Browser 134MB, Utility 69MB)
2026-08-30T20:54:27.375-04:00 info memory: 1364MB total (Tab 829MB, GPU 332MB, Browser 134MB, Utility 69MB)
2026-08-30T20:55:27.385-04:00 info memory: 1365MB total (Tab 829MB, GPU 332MB, Browser 134MB, Utility 69MB)
2026-08-30T20:56:27.393-04:00 info memory: 1364MB total (Tab 829MB, GPU 332MB, Browser 134MB, Utility 69MB)
2026-08-30T20:57:27.405-04:00 info memory: 1365MB total (Tab 829MB, GPU 332MB, Browser 134MB, Utility 69MB)
2026-08-30T20:58:27.410-04:00 info memory: 1364MB total (Tab 828MB, GPU 332MB, Browser 134MB, Utility 69MB)
2026-08-30T20:59:27.427-04:00 info memory: 1364MB total (Tab 829MB, GPU 332MB, Browser 134MB, Utility 69MB)
2026-08-30T21:00:27.432-04:00 info memory: 1365MB total (Tab 829MB, GPU 332MB, Browser 134MB, Utility 69MB)
2026-08-30T21:01:27.446-04:00 info memory: 1365MB total (Tab 829MB, GPU 332MB, Browser 134MB, Utility 69MB)
2026-08-30T21:02:27.455-04:00 info memory: 1367MB total (Tab 831MB, GPU 332MB, Browser 134MB, Utility 69MB)
2026-08-30T21:02:40.504-04:00 info layout 1920x1080 in a 1920x1079 window, scaled to 0.999
2026-08-30T21:02:41.034-04:00 info layout 1920x1080 in a 1920x1080 window, 1:1
2026-08-30T21:03:27.472-04:00 info memory: 1373MB total (Tab 836MB, GPU 332MB, Browser 135MB, Utility 69MB)
2026-08-30T21:04:27.474-04:00 info memory: 1372MB total (Tab 836MB, GPU 332MB, Browser 135MB, Utility 69MB)
2026-08-30T21:05:27.480-04:00 info memory: 1372MB total (Tab 836MB, GPU 332MB, Browser 135MB, Utility 69MB)
2026-08-30T21:06:27.490-04:00 info memory: 1372MB total (Tab 836MB, GPU 333MB, Browser 135MB, Utility 69MB)
2026-08-30T21:07:27.499-04:00 info memory: 1372MB total (Tab 836MB, GPU 333MB, Browser 135MB, Utility 69MB)
2026-08-30T21:08:27.509-04:00 info memory: 1369MB total (Tab 833MB, GPU 333MB, Browser 135MB, Utility 69MB)
2026-08-30T21:09:27.521-04:00 info memory: 1368MB total (Tab 831MB, GPU 333MB, Browser 135MB, Utility 69MB)
2026-08-30T21:10:27.527-04:00 info memory: 1368MB total (Tab 832MB, GPU 333MB, Browser 135MB, Utility 69MB)
2026-08-30T21:11:27.541-04:00 info memory: 1368MB total (Tab 831MB, GPU 333MB, Browser 135MB, Utility 69MB)
2026-08-30T21:12:27.558-04:00 info memory: 1365MB total (Tab 829MB, GPU 332MB, Browser 135MB, Utility 69MB)
2026-08-30T21:13:27.570-04:00 info memory: 1365MB total (Tab 829MB, GPU 333MB, Browser 135MB, Utility 69MB)
2026-08-30T21:14:27.578-04:00 info memory: 1365MB total (Tab 829MB, GPU 332MB, Browser 135MB, Utility 69MB)
2026-08-30T21:15:27.591-04:00 info memory: 1365MB total (Tab 829MB, GPU 333MB, Browser 135MB, Utility 69MB)
2026-08-30T21:16:27.607-04:00 info memory: 1365MB total (Tab 829MB, GPU 332MB, Browser 135MB, Utility 69MB)
2026-08-30T21:17:27.606-04:00 info memory: 1365MB total (Tab 829MB, GPU 333MB, Browser 135MB, Utility 69MB)
2026-08-30T21:18:27.612-04:00 info memory: 1364MB total (Tab 828MB, GPU 332MB, Browser 135MB, Utility 69MB)
2026-08-30T21:19:27.627-04:00 info memory: 1364MB total (Tab 828MB, GPU 332MB, Browser 135MB, Utility 69MB)
2026-08-30T21:20:27.630-04:00 info memory: 1365MB total (Tab 828MB, GPU 332MB, Browser 135MB, Utility 69MB)
2026-08-30T21:21:27.640-04:00 info memory: 1364MB total (Tab 828MB, GPU 332MB, Browser 135MB, Utility 69MB)
2026-08-30T21:22:27.655-04:00 info memory: 1369MB total (Tab 829MB, GPU 336MB, Browser 135MB, Utility 69MB)
2026-08-30T21:23:27.659-04:00 info memory: 1369MB total (Tab 829MB, GPU 336MB, Browser 135MB, Utility 69MB)
2026-08-30T21:24:27.673-04:00 info memory: 1365MB total (Tab 829MB, GPU 332MB, Browser 135MB, Utility 69MB)
2026-08-30T21:25:27.681-04:00 info memory: 1365MB total (Tab 829MB, GPU 332MB, Browser 135MB, Utility 69MB)
2026-08-30T21:26:27.690-04:00 info memory: 1365MB total (Tab 829MB, GPU 332MB, Browser 135MB, Utility 69MB)
2026-08-30T21:27:27.699-04:00 info memory: 1366MB total (Tab 830MB, GPU 332MB, Browser 135MB, Utility 69MB)
2026-08-30T21:28:27.708-04:00 info memory: 1366MB total (Tab 830MB, GPU 332MB, Browser 135MB, Utility 69MB)
2026-08-30T21:29:27.723-04:00 info memory: 1365MB total (Tab 829MB, GPU 332MB, Browser 135MB, Utility 69MB)
2026-08-30T21:30:27.727-04:00 info memory: 1365MB total (Tab 829MB, GPU 332MB, Browser 135MB, Utility 69MB)
2026-08-30T21:31:27.733-04:00 info memory: 1365MB total (Tab 829MB, GPU 332MB, Browser 135MB, Utility 69MB)
2026-08-30T21:32:27.735-04:00 info memory: 1367MB total (Tab 831MB, GPU 332MB, Browser 135MB, Utility 69MB)
2026-08-30T21:32:40.532-04:00 info layout 1920x1080 in a 1920x1079 window, scaled to 0.999
2026-08-30T21:32:41.044-04:00 info layout 1920x1080 in a 1920x1080 window, 1:1
2026-08-30T21:33:27.737-04:00 info memory: 1377MB total (Tab 840MB, GPU 333MB, Browser 135MB, Utility 69MB)
2026-08-30T21:34:27.749-04:00 info memory: 1372MB total (Tab 835MB, GPU 332MB, Browser 135MB, Utility 69MB)
2026-08-30T21:35:27.765-04:00 info memory: 1372MB total (Tab 836MB, GPU 332MB, Browser 135MB, Utility 69MB)
2026-08-30T21:36:27.779-04:00 info memory: 1371MB total (Tab 835MB, GPU 332MB, Browser 135MB, Utility 69MB)
2026-08-30T21:37:27.780-04:00 info memory: 1370MB total (Tab 833MB, GPU 332MB, Browser 135MB, Utility 69MB)
2026-08-30T21:38:27.785-04:00 info memory: 1366MB total (Tab 830MB, GPU 332MB, Browser 135MB, Utility 69MB)
2026-08-30T21:39:27.794-04:00 info memory: 1367MB total (Tab 830MB, GPU 332MB, Browser 135MB, Utility 69MB)
2026-08-30T21:40:27.810-04:00 info memory: 1367MB total (Tab 830MB, GPU 332MB, Browser 135MB, Utility 69MB)
2026-08-30T21:41:27.825-04:00 info memory: 1366MB total (Tab 830MB, GPU 332MB, Browser 135MB, Utility 69MB)
2026-08-30T21:42:27.830-04:00 info memory: 1367MB total (Tab 830MB, GPU 332MB, Browser 135MB, Utility 69MB)
2026-08-30T21:43:27.838-04:00 info memory: 1366MB total (Tab 830MB, GPU 332MB, Browser 135MB, Utility 69MB)
2026-08-30T21:44:27.843-04:00 info memory: 1366MB total (Tab 829MB, GPU 332MB, Browser 135MB, Utility 69MB)
2026-08-30T21:45:27.854-04:00 info memory: 1366MB total (Tab 829MB, GPU 332MB, Browser 135MB, Utility 69MB)
2026-08-30T21:46:27.855-04:00 info memory: 1365MB total (Tab 829MB, GPU 332MB, Browser 135MB, Utility 69MB)
2026-08-30T21:47:27.857-04:00 info memory: 1366MB total (Tab 829MB, GPU 332MB, Browser 135MB, Utility 69MB)
2026-08-30T21:48:27.860-04:00 info memory: 1365MB total (Tab 828MB, GPU 332MB, Browser 135MB, Utility 69MB)
2026-08-30T21:49:27.869-04:00 info memory: 1365MB total (Tab 829MB, GPU 332MB, Browser 135MB, Utility 69MB)
2026-08-30T21:50:27.882-04:00 info memory: 1365MB total (Tab 829MB, GPU 332MB, Browser 135MB, Utility 69MB)
2026-08-30T21:51:27.886-04:00 info memory: 1366MB total (Tab 829MB, GPU 332MB, Browser 135MB, Utility 69MB)
2026-08-30T21:52:27.895-04:00 info memory: 1367MB total (Tab 830MB, GPU 332MB, Browser 135MB, Utility 69MB)
2026-08-30T21:53:27.906-04:00 info memory: 1365MB total (Tab 829MB, GPU 332MB, Browser 135MB, Utility 69MB)
2026-08-30T21:54:27.916-04:00 info memory: 1366MB total (Tab 829MB, GPU 332MB, Browser 135MB, Utility 69MB)
2026-08-30T21:55:27.918-04:00 info memory: 1366MB total (Tab 829MB, GPU 332MB, Browser 135MB, Utility 69MB)
2026-08-30T21:56:27.925-04:00 info memory: 1366MB total (Tab 829MB, GPU 332MB, Browser 135MB, Utility 69MB)
2026-08-30T21:57:27.936-04:00 info memory: 1366MB total (Tab 830MB, GPU 332MB, Browser 135MB, Utility 69MB)
2026-08-30T21:58:27.952-04:00 info memory: 1366MB total (Tab 829MB, GPU 332MB, Browser 135MB, Utility 69MB)
2026-08-30T21:59:27.959-04:00 info memory: 1366MB total (Tab 830MB, GPU 332MB, Browser 135MB, Utility 69MB)
2026-08-30T22:00:27.967-04:00 info memory: 1366MB total (Tab 829MB, GPU 332MB, Browser 135MB, Utility 69MB)
2026-08-30T22:01:27.977-04:00 info memory: 1365MB total (Tab 829MB, GPU 332MB, Browser 135MB, Utility 69MB)
2026-08-30T22:02:27.988-04:00 info memory: 1367MB total (Tab 830MB, GPU 332MB, Browser 135MB, Utility 69MB)
2026-08-30T22:02:40.541-04:00 info layout 1920x1080 in a 1920x1079 window, scaled to 0.999
2026-08-30T22:02:41.060-04:00 info layout 1920x1080 in a 1920x1080 window, 1:1
2026-08-30T22:03:27.998-04:00 info memory: 1372MB total (Tab 835MB, GPU 333MB, Browser 135MB, Utility 69MB)
2026-08-30T22:04:28.000-04:00 info memory: 1372MB total (Tab 835MB, GPU 333MB, Browser 134MB, Utility 69MB)
2026-08-30T22:05:28.004-04:00 info memory: 1371MB total (Tab 835MB, GPU 333MB, Browser 134MB, Utility 69MB)
2026-08-30T22:06:28.015-04:00 info memory: 1371MB total (Tab 835MB, GPU 332MB, Browser 134MB, Utility 69MB)
2026-08-30T22:07:28.031-04:00 info memory: 1376MB total (Tab 835MB, GPU 336MB, Browser 134MB, Utility 69MB)
2026-08-30T22:08:28.036-04:00 info memory: 1372MB total (Tab 832MB, GPU 336MB, Browser 134MB, Utility 69MB)
2026-08-30T22:09:28.043-04:00 info memory: 1373MB total (Tab 833MB, GPU 337MB, Browser 134MB, Utility 69MB)
2026-08-30T22:10:28.048-04:00 info memory: 1372MB total (Tab 832MB, GPU 336MB, Browser 135MB, Utility 69MB)
2026-08-30T22:11:28.061-04:00 info memory: 1369MB total (Tab 833MB, GPU 332MB, Browser 135MB, Utility 69MB)
2026-08-30T22:12:28.071-04:00 info memory: 1371MB total (Tab 830MB, GPU 337MB, Browser 135MB, Utility 69MB)
2026-08-30T22:13:28.082-04:00 info memory: 1365MB total (Tab 829MB, GPU 333MB, Browser 135MB, Utility 69MB)
2026-08-30T22:14:28.094-04:00 info memory: 1373MB total (Tab 829MB, GPU 340MB, Browser 135MB, Utility 69MB)
2026-08-30T22:15:28.101-04:00 info memory: 1366MB total (Tab 829MB, GPU 333MB, Browser 135MB, Utility 69MB)
2026-08-30T22:16:28.116-04:00 info memory: 1370MB total (Tab 829MB, GPU 337MB, Browser 135MB, Utility 69MB)
2026-08-30T22:17:28.128-04:00 info memory: 1371MB total (Tab 830MB, GPU 337MB, Browser 135MB, Utility 69MB)
2026-08-30T22:18:28.137-04:00 info memory: 1370MB total (Tab 829MB, GPU 337MB, Browser 135MB, Utility 69MB)
2026-08-30T22:19:28.143-04:00 info memory: 1366MB total (Tab 830MB, GPU 333MB, Browser 135MB, Utility 69MB)
2026-08-30T22:20:28.153-04:00 info memory: 1370MB total (Tab 829MB, GPU 337MB, Browser 135MB, Utility 69MB)
2026-08-30T22:21:28.165-04:00 info memory: 1370MB total (Tab 829MB, GPU 337MB, Browser 135MB, Utility 69MB)
2026-08-30T22:22:28.174-04:00 info memory: 1366MB total (Tab 830MB, GPU 332MB, Browser 135MB, Utility 69MB)
2026-08-30T22:23:28.190-04:00 info memory: 1365MB total (Tab 829MB, GPU 332MB, Browser 135MB, Utility 69MB)
2026-08-30T22:24:28.200-04:00 info memory: 1366MB total (Tab 830MB, GPU 332MB, Browser 135MB, Utility 69MB)
2026-08-30T22:25:28.207-04:00 info memory: 1365MB total (Tab 829MB, GPU 332MB, Browser 135MB, Utility 69MB)
2026-08-30T22:26:28.220-04:00 info memory: 1365MB total (Tab 829MB, GPU 332MB, Browser 135MB, Utility 69MB)
2026-08-30T22:27:28.226-04:00 info memory: 1365MB total (Tab 829MB, GPU 332MB, Browser 135MB, Utility 69MB)
2026-08-30T22:28:28.230-04:00 info memory: 1365MB total (Tab 829MB, GPU 332MB, Browser 135MB, Utility 69MB)
2026-08-30T22:29:28.240-04:00 info memory: 1366MB total (Tab 830MB, GPU 332MB, Browser 135MB, Utility 69MB)
2026-08-30T22:30:28.249-04:00 info memory: 1365MB total (Tab 829MB, GPU 332MB, Browser 135MB, Utility 69MB)
2026-08-30T22:31:28.252-04:00 info memory: 1365MB total (Tab 828MB, GPU 332MB, Browser 135MB, Utility 69MB)
2026-08-30T22:32:28.268-04:00 info memory: 1367MB total (Tab 830MB, GPU 332MB, Browser 135MB, Utility 69MB)
2026-08-30T22:32:40.553-04:00 info layout 1920x1080 in a 1920x1079 window, scaled to 0.999
2026-08-30T22:32:41.053-04:00 info layout 1920x1080 in a 1920x1080 window, 1:1
2026-08-30T22:33:28.270-04:00 info memory: 1376MB total (Tab 839MB, GPU 334MB, Browser 135MB, Utility 69MB)
2026-08-30T22:34:28.285-04:00 info memory: 1377MB total (Tab 840MB, GPU 333MB, Browser 135MB, Utility 69MB)
2026-08-30T22:35:28.294-04:00 info memory: 1381MB total (Tab 839MB, GPU 337MB, Browser 135MB, Utility 69MB)
2026-08-30T22:36:28.301-04:00 info memory: 1381MB total (Tab 840MB, GPU 337MB, Browser 135MB, Utility 69MB)
2026-08-30T22:37:28.302-04:00 info memory: 1376MB total (Tab 840MB, GPU 333MB, Browser 135MB, Utility 69MB)
2026-08-30T22:38:28.306-04:00 info memory: 1373MB total (Tab 837MB, GPU 333MB, Browser 135MB, Utility 69MB)
2026-08-30T22:39:28.312-04:00 info memory: 1374MB total (Tab 837MB, GPU 333MB, Browser 135MB, Utility 69MB)
2026-08-30T22:40:28.315-04:00 info memory: 1373MB total (Tab 837MB, GPU 333MB, Browser 135MB, Utility 69MB)
2026-08-30T22:41:28.325-04:00 info memory: 1371MB total (Tab 835MB, GPU 333MB, Browser 135MB, Utility 69MB)
2026-08-30T22:42:28.338-04:00 info memory: 1371MB total (Tab 834MB, GPU 333MB, Browser 135MB, Utility 69MB)
2026-08-30T22:43:28.349-04:00 info memory: 1371MB total (Tab 834MB, GPU 333MB, Browser 135MB, Utility 69MB)
2026-08-30T22:44:28.353-04:00 info memory: 1372MB total (Tab 835MB, GPU 333MB, Browser 135MB, Utility 69MB)
2026-08-30T22:45:28.366-04:00 info memory: 1370MB total (Tab 833MB, GPU 333MB, Browser 135MB, Utility 69MB)
2026-08-30T22:46:28.383-04:00 info memory: 1371MB total (Tab 834MB, GPU 333MB, Browser 135MB, Utility 69MB)
2026-08-30T22:47:28.398-04:00 info memory: 1371MB total (Tab 834MB, GPU 333MB, Browser 135MB, Utility 69MB)
2026-08-30T22:48:28.399-04:00 info memory: 1371MB total (Tab 834MB, GPU 333MB, Browser 135MB, Utility 69MB)
2026-08-30T22:49:28.415-04:00 info memory: 1372MB total (Tab 835MB, GPU 333MB, Browser 135MB, Utility 69MB)
2026-08-30T22:50:28.430-04:00 info memory: 1371MB total (Tab 834MB, GPU 333MB, Browser 135MB, Utility 69MB)
2026-08-30T22:51:28.442-04:00 info memory: 1368MB total (Tab 831MB, GPU 333MB, Browser 135MB, Utility 69MB)
2026-08-30T22:52:28.452-04:00 info memory: 1367MB total (Tab 830MB, GPU 333MB, Browser 135MB, Utility 69MB)
2026-08-30T22:53:28.465-04:00 info memory: 1367MB total (Tab 831MB, GPU 333MB, Browser 135MB, Utility 69MB)
2026-08-30T22:54:28.482-04:00 info memory: 1368MB total (Tab 832MB, GPU 333MB, Browser 135MB, Utility 69MB)
2026-08-30T22:55:28.495-04:00 info memory: 1367MB total (Tab 831MB, GPU 333MB, Browser 135MB, Utility 69MB)
2026-08-30T22:56:28.510-04:00 info memory: 1368MB total (Tab 831MB, GPU 333MB, Browser 135MB, Utility 69MB)
2026-08-30T22:57:28.525-04:00 info memory: 1368MB total (Tab 832MB, GPU 333MB, Browser 135MB, Utility 69MB)
2026-08-30T22:58:28.528-04:00 info memory: 1368MB total (Tab 831MB, GPU 333MB, Browser 135MB, Utility 69MB)
2026-08-30T22:59:28.534-04:00 info memory: 1369MB total (Tab 832MB, GPU 333MB, Browser 135MB, Utility 69MB)
2026-08-30T23:00:28.546-04:00 info memory: 1367MB total (Tab 831MB, GPU 333MB, Browser 135MB, Utility 69MB)
2026-08-30T23:01:28.555-04:00 info memory: 1368MB total (Tab 831MB, GPU 333MB, Browser 135MB, Utility 69MB)
2026-08-30T23:02:28.563-04:00 info memory: 1366MB total (Tab 829MB, GPU 333MB, Browser 135MB, Utility 69MB)
2026-08-30T23:02:40.569-04:00 info layout 1920x1080 in a 1920x1079 window, scaled to 0.999
2026-08-30T23:02:41.088-04:00 info layout 1920x1080 in a 1920x1080 window, 1:1
2026-08-30T23:03:28.575-04:00 info memory: 1375MB total (Tab 837MB, GPU 333MB, Browser 135MB, Utility 69MB)
2026-08-30T23:04:28.585-04:00 info memory: 1374MB total (Tab 836MB, GPU 333MB, Browser 135MB, Utility 69MB)
2026-08-30T23:05:28.588-04:00 info memory: 1374MB total (Tab 837MB, GPU 333MB, Browser 135MB, Utility 69MB)
2026-08-30T23:06:28.603-04:00 info memory: 1377MB total (Tab 836MB, GPU 337MB, Browser 135MB, Utility 69MB)
2026-08-30T23:07:28.614-04:00 info memory: 1374MB total (Tab 837MB, GPU 333MB, Browser 135MB, Utility 69MB)
2026-08-30T23:08:28.621-04:00 info memory: 1369MB total (Tab 832MB, GPU 333MB, Browser 135MB, Utility 69MB)
2026-08-30T23:09:28.622-04:00 info memory: 1369MB total (Tab 833MB, GPU 332MB, Browser 135MB, Utility 69MB)
2026-08-30T23:10:28.637-04:00 info memory: 1369MB total (Tab 833MB, GPU 332MB, Browser 135MB, Utility 69MB)
2026-08-30T23:11:28.650-04:00 info memory: 1369MB total (Tab 832MB, GPU 332MB, Browser 135MB, Utility 69MB)
2026-08-30T23:12:28.660-04:00 info memory: 1367MB total (Tab 830MB, GPU 332MB, Browser 135MB, Utility 69MB)
2026-08-30T23:13:28.663-04:00 info memory: 1367MB total (Tab 830MB, GPU 332MB, Browser 135MB, Utility 69MB)
2026-08-30T23:14:28.675-04:00 info memory: 1367MB total (Tab 831MB, GPU 332MB, Browser 135MB, Utility 69MB)
2026-08-30T23:15:28.677-04:00 info memory: 1367MB total (Tab 831MB, GPU 332MB, Browser 135MB, Utility 69MB)
2026-08-30T23:16:28.694-04:00 info memory: 1367MB total (Tab 830MB, GPU 332MB, Browser 135MB, Utility 69MB)
2026-08-30T23:17:28.706-04:00 info memory: 1367MB total (Tab 831MB, GPU 332MB, Browser 135MB, Utility 69MB)
2026-08-30T23:18:28.717-04:00 info memory: 1366MB total (Tab 830MB, GPU 332MB, Browser 134MB, Utility 69MB)
2026-08-30T23:19:28.733-04:00 info memory: 1365MB total (Tab 830MB, GPU 332MB, Browser 134MB, Utility 69MB)
2026-08-30T23:20:28.750-04:00 info memory: 1366MB total (Tab 830MB, GPU 332MB, Browser 134MB, Utility 69MB)
2026-08-30T23:21:28.764-04:00 info memory: 1366MB total (Tab 830MB, GPU 332MB, Browser 135MB, Utility 69MB)
2026-08-30T23:22:28.777-04:00 info memory: 1366MB total (Tab 830MB, GPU 332MB, Browser 135MB, Utility 69MB)
2026-08-30T23:23:28.788-04:00 info memory: 1366MB total (Tab 830MB, GPU 332MB, Browser 135MB, Utility 69MB)
2026-08-30T23:24:28.793-04:00 info memory: 1366MB total (Tab 830MB, GPU 332MB, Browser 135MB, Utility 69MB)
2026-08-30T23:25:28.803-04:00 info memory: 1366MB total (Tab 830MB, GPU 332MB, Browser 135MB, Utility 69MB)
2026-08-30T23:26:28.811-04:00 info memory: 1366MB total (Tab 830MB, GPU 332MB, Browser 135MB, Utility 69MB)
2026-08-30T23:27:28.826-04:00 info memory: 1366MB total (Tab 830MB, GPU 332MB, Browser 135MB, Utility 69MB)
2026-08-30T23:28:28.840-04:00 info memory: 1366MB total (Tab 830MB, GPU 332MB, Browser 135MB, Utility 69MB)
2026-08-30T23:29:28.851-04:00 info memory: 1364MB total (Tab 828MB, GPU 332MB, Browser 135MB, Utility 69MB)
2026-08-30T23:30:28.854-04:00 info memory: 1364MB total (Tab 829MB, GPU 332MB, Browser 135MB, Utility 69MB)
2026-08-30T23:31:28.869-04:00 info memory: 1365MB total (Tab 829MB, GPU 332MB, Browser 135MB, Utility 69MB)
2026-08-30T23:32:28.878-04:00 info memory: 1366MB total (Tab 830MB, GPU 332MB, Browser 135MB, Utility 69MB)
2026-08-30T23:32:40.579-04:00 info layout 1920x1080 in a 1920x1079 window, scaled to 0.999
2026-08-30T23:32:41.092-04:00 info layout 1920x1080 in a 1920x1080 window, 1:1
2026-08-30T23:33:28.890-04:00 info memory: 1372MB total (Tab 836MB, GPU 332MB, Browser 135MB, Utility 69MB)
2026-08-30T23:34:28.906-04:00 info memory: 1371MB total (Tab 836MB, GPU 332MB, Browser 135MB, Utility 69MB)
2026-08-30T23:35:28.915-04:00 info memory: 1371MB total (Tab 836MB, GPU 331MB, Browser 135MB, Utility 69MB)
2026-08-30T23:36:28.928-04:00 info memory: 1371MB total (Tab 836MB, GPU 331MB, Browser 135MB, Utility 69MB)
2026-08-30T23:37:28.938-04:00 info memory: 1371MB total (Tab 836MB, GPU 332MB, Browser 135MB, Utility 69MB)
2026-08-30T23:38:28.955-04:00 info memory: 1367MB total (Tab 831MB, GPU 332MB, Browser 135MB, Utility 69MB)
2026-08-30T23:39:28.961-04:00 info memory: 1368MB total (Tab 832MB, GPU 332MB, Browser 135MB, Utility 69MB)
2026-08-30T23:40:28.966-04:00 info memory: 1367MB total (Tab 832MB, GPU 332MB, Browser 135MB, Utility 69MB)
2026-08-30T23:41:28.979-04:00 info memory: 1365MB total (Tab 829MB, GPU 332MB, Browser 135MB, Utility 69MB)
2026-08-30T23:42:28.990-04:00 info memory: 1366MB total (Tab 830MB, GPU 332MB, Browser 135MB, Utility 69MB)
2026-08-30T23:43:29.003-04:00 info memory: 1365MB total (Tab 830MB, GPU 332MB, Browser 135MB, Utility 69MB)
2026-08-30T23:44:29.019-04:00 info memory: 1366MB total (Tab 830MB, GPU 332MB, Browser 135MB, Utility 69MB)
2026-08-30T23:45:29.027-04:00 info memory: 1366MB total (Tab 831MB, GPU 332MB, Browser 135MB, Utility 69MB)
2026-08-30T23:46:29.032-04:00 info memory: 1365MB total (Tab 829MB, GPU 331MB, Browser 135MB, Utility 69MB)
2026-08-30T23:47:29.043-04:00 info memory: 1365MB total (Tab 830MB, GPU 331MB, Browser 135MB, Utility 69MB)
2026-08-30T23:48:29.056-04:00 info memory: 1365MB total (Tab 829MB, GPU 331MB, Browser 135MB, Utility 69MB)
2026-08-30T23:49:29.064-04:00 info memory: 1365MB total (Tab 830MB, GPU 332MB, Browser 135MB, Utility 69MB)
2026-08-30T23:50:29.074-04:00 info memory: 1366MB total (Tab 830MB, GPU 332MB, Browser 135MB, Utility 69MB)
2026-08-30T23:51:29.081-04:00 info memory: 1364MB total (Tab 829MB, GPU 331MB, Browser 135MB, Utility 69MB)
2026-08-30T23:52:29.089-04:00 info memory: 1365MB total (Tab 830MB, GPU 331MB, Browser 135MB, Utility 69MB)
2026-08-30T23:53:29.098-04:00 info memory: 1365MB total (Tab 830MB, GPU 331MB, Browser 135MB, Utility 69MB)
2026-08-30T23:54:29.110-04:00 info memory: 1365MB total (Tab 830MB, GPU 331MB, Browser 135MB, Utility 69MB)
2026-08-30T23:55:29.122-04:00 info memory: 1366MB total (Tab 831MB, GPU 332MB, Browser 135MB, Utility 69MB)
2026-08-30T23:56:29.130-04:00 info memory: 1365MB total (Tab 830MB, GPU 331MB, Browser 135MB, Utility 69MB)
2026-08-30T23:57:29.140-04:00 info memory: 1366MB total (Tab 830MB, GPU 332MB, Browser 135MB, Utility 69MB)
2026-08-30T23:58:29.156-04:00 info memory: 1366MB total (Tab 831MB, GPU 331MB, Browser 135MB, Utility 69MB)
2026-08-30T23:59:29.161-04:00 info memory: 1366MB total (Tab 830MB, GPU 332MB, Browser 135MB, Utility 69MB)
2026-08-31T00:00:29.164-04:00 info memory: 1366MB total (Tab 831MB, GPU 332MB, Browser 135MB, Utility 69MB)
2026-08-31T00:01:29.173-04:00 info memory: 1365MB total (Tab 829MB, GPU 332MB, Browser 135MB, Utility 69MB)
2026-08-31T00:02:29.177-04:00 info memory: 1367MB total (Tab 832MB, GPU 332MB, Browser 135MB, Utility 69MB)
2026-08-31T00:02:40.592-04:00 info layout 1920x1080 in a 1920x1079 window, scaled to 0.999
2026-08-31T00:02:41.084-04:00 info layout 1920x1080 in a 1920x1080 window, 1:1
2026-08-31T00:03:29.181-04:00 info memory: 1373MB total (Tab 837MB, GPU 332MB, Browser 135MB, Utility 69MB)
2026-08-31T00:04:29.191-04:00 info memory: 1372MB total (Tab 836MB, GPU 332MB, Browser 135MB, Utility 69MB)
2026-08-31T00:05:29.202-04:00 info memory: 1373MB total (Tab 836MB, GPU 332MB, Browser 135MB, Utility 69MB)
2026-08-31T00:06:29.205-04:00 info memory: 1376MB total (Tab 836MB, GPU 335MB, Browser 135MB, Utility 69MB)
2026-08-31T00:07:29.207-04:00 info memory: 1373MB total (Tab 836MB, GPU 332MB, Browser 135MB, Utility 69MB)
2026-08-31T00:08:29.220-04:00 info memory: 1368MB total (Tab 833MB, GPU 332MB, Browser 135MB, Utility 69MB)
2026-08-31T00:09:29.237-04:00 info memory: 1369MB total (Tab 833MB, GPU 331MB, Browser 135MB, Utility 69MB)
2026-08-31T00:10:29.252-04:00 info memory: 1369MB total (Tab 833MB, GPU 332MB, Browser 135MB, Utility 69MB)
2026-08-31T00:11:29.257-04:00 info memory: 1366MB total (Tab 830MB, GPU 331MB, Browser 135MB, Utility 69MB)
2026-08-31T00:12:29.272-04:00 info memory: 1365MB total (Tab 829MB, GPU 331MB, Browser 135MB, Utility 69MB)
2026-08-31T00:13:29.286-04:00 info memory: 1365MB total (Tab 829MB, GPU 331MB, Browser 135MB, Utility 69MB)
2026-08-31T00:14:29.290-04:00 info memory: 1365MB total (Tab 829MB, GPU 331MB, Browser 135MB, Utility 69MB)
2026-08-31T00:15:29.294-04:00 info memory: 1366MB total (Tab 830MB, GPU 332MB, Browser 135MB, Utility 69MB)
2026-08-31T00:16:29.304-04:00 info memory: 1365MB total (Tab 829MB, GPU 331MB, Browser 135MB, Utility 69MB)
2026-08-31T00:17:29.307-04:00 info memory: 1365MB total (Tab 830MB, GPU 331MB, Browser 135MB, Utility 69MB)
2026-08-31T00:18:29.322-04:00 info memory: 1365MB total (Tab 830MB, GPU 331MB, Browser 135MB, Utility 69MB)
2026-08-31T00:19:29.332-04:00 info memory: 1366MB total (Tab 830MB, GPU 331MB, Browser 135MB, Utility 69MB)
2026-08-31T00:20:29.336-04:00 info memory: 1366MB total (Tab 830MB, GPU 331MB, Browser 135MB, Utility 69MB)
2026-08-31T00:21:29.349-04:00 info memory: 1364MB total (Tab 828MB, GPU 331MB, Browser 135MB, Utility 69MB)
2026-08-31T00:22:29.362-04:00 info memory: 1364MB total (Tab 829MB, GPU 331MB, Browser 135MB, Utility 69MB)
2026-08-31T00:23:29.376-04:00 info memory: 1365MB total (Tab 829MB, GPU 331MB, Browser 135MB, Utility 69MB)
2026-08-31T00:24:29.388-04:00 info memory: 1365MB total (Tab 829MB, GPU 331MB, Browser 135MB, Utility 69MB)
2026-08-31T00:25:29.401-04:00 info memory: 1366MB total (Tab 830MB, GPU 331MB, Browser 135MB, Utility 69MB)
2026-08-31T00:26:29.404-04:00 info memory: 1365MB total (Tab 829MB, GPU 331MB, Browser 135MB, Utility 69MB)
2026-08-31T00:27:29.415-04:00 info memory: 1366MB total (Tab 830MB, GPU 331MB, Browser 135MB, Utility 69MB)
2026-08-31T00:28:29.428-04:00 info memory: 1366MB total (Tab 830MB, GPU 331MB, Browser 135MB, Utility 69MB)
2026-08-31T00:29:29.434-04:00 info memory: 1366MB total (Tab 830MB, GPU 331MB, Browser 135MB, Utility 69MB)
2026-08-31T00:30:29.444-04:00 info memory: 1367MB total (Tab 831MB, GPU 331MB, Browser 135MB, Utility 69MB)
2026-08-31T00:31:29.456-04:00 info memory: 1365MB total (Tab 829MB, GPU 331MB, Browser 135MB, Utility 69MB)
2026-08-31T00:32:29.473-04:00 info memory: 1369MB total (Tab 834MB, GPU 331MB, Browser 135MB, Utility 69MB)
2026-08-31T00:32:40.622-04:00 info layout 1920x1080 in a 1920x1079 window, scaled to 0.999
2026-08-31T00:32:41.134-04:00 info layout 1920x1080 in a 1920x1080 window, 1:1
2026-08-31T00:33:29.484-04:00 info memory: 1373MB total (Tab 837MB, GPU 332MB, Browser 135MB, Utility 69MB)
2026-08-31T00:34:29.495-04:00 info memory: 1370MB total (Tab 835MB, GPU 331MB, Browser 135MB, Utility 69MB)
2026-08-31T00:35:29.499-04:00 info memory: 1374MB total (Tab 831MB, GPU 339MB, Browser 135MB, Utility 69MB)
2026-08-31T00:36:29.513-04:00 info memory: 1366MB total (Tab 831MB, GPU 331MB, Browser 135MB, Utility 69MB)
2026-08-31T00:37:29.530-04:00 info memory: 1366MB total (Tab 831MB, GPU 331MB, Browser 135MB, Utility 69MB)
2026-08-31T00:38:29.535-04:00 info memory: 1363MB total (Tab 828MB, GPU 331MB, Browser 135MB, Utility 69MB)
2026-08-31T00:39:29.539-04:00 info memory: 1364MB total (Tab 829MB, GPU 331MB, Browser 135MB, Utility 69MB)
2026-08-31T00:40:29.543-04:00 info memory: 1364MB total (Tab 829MB, GPU 331MB, Browser 135MB, Utility 69MB)
2026-08-31T00:41:29.553-04:00 info memory: 1364MB total (Tab 829MB, GPU 331MB, Browser 135MB, Utility 69MB)
2026-08-31T00:42:29.558-04:00 info memory: 1364MB total (Tab 829MB, GPU 331MB, Browser 135MB, Utility 69MB)
2026-08-31T00:43:29.564-04:00 info memory: 1363MB total (Tab 828MB, GPU 331MB, Browser 135MB, Utility 69MB)
2026-08-31T00:44:29.570-04:00 info memory: 1364MB total (Tab 829MB, GPU 331MB, Browser 135MB, Utility 69MB)
2026-08-31T00:45:29.576-04:00 info memory: 1363MB total (Tab 828MB, GPU 331MB, Browser 135MB, Utility 69MB)
2026-08-31T00:46:29.578-04:00 info memory: 1363MB total (Tab 828MB, GPU 331MB, Browser 135MB, Utility 69MB)
2026-08-31T00:47:29.585-04:00 info memory: 1364MB total (Tab 829MB, GPU 331MB, Browser 135MB, Utility 69MB)
2026-08-31T00:48:29.589-04:00 info memory: 1363MB total (Tab 827MB, GPU 331MB, Browser 135MB, Utility 69MB)
2026-08-31T00:49:29.597-04:00 info memory: 1363MB total (Tab 828MB, GPU 331MB, Browser 135MB, Utility 69MB)
2026-08-31T00:50:29.603-04:00 info memory: 1363MB total (Tab 827MB, GPU 331MB, Browser 135MB, Utility 69MB)
2026-08-31T00:51:29.614-04:00 info memory: 1363MB total (Tab 828MB, GPU 331MB, Browser 135MB, Utility 69MB)
2026-08-31T00:52:29.624-04:00 info memory: 1363MB total (Tab 828MB, GPU 331MB, Browser 135MB, Utility 69MB)
2026-08-31T00:53:29.630-04:00 info memory: 1363MB total (Tab 828MB, GPU 331MB, Browser 135MB, Utility 69MB)
2026-08-31T00:54:29.642-04:00 info memory: 1364MB total (Tab 829MB, GPU 331MB, Browser 135MB, Utility 69MB)
2026-08-31T00:55:29.655-04:00 info memory: 1363MB total (Tab 828MB, GPU 331MB, Browser 135MB, Utility 69MB)
2026-08-31T00:56:29.671-04:00 info memory: 1363MB total (Tab 828MB, GPU 331MB, Browser 135MB, Utility 69MB)
2026-08-31T00:57:29.674-04:00 info memory: 1363MB total (Tab 828MB, GPU 331MB, Browser 135MB, Utility 69MB)
2026-08-31T00:58:29.689-04:00 info memory: 1367MB total (Tab 828MB, GPU 335MB, Browser 135MB, Utility 69MB)
2026-08-31T00:59:29.703-04:00 info memory: 1363MB total (Tab 828MB, GPU 331MB, Browser 135MB, Utility 69MB)
2026-08-31T01:00:29.718-04:00 info memory: 1362MB total (Tab 828MB, GPU 331MB, Browser 135MB, Utility 69MB)
2026-08-31T01:01:29.729-04:00 info memory: 1363MB total (Tab 828MB, GPU 331MB, Browser 135MB, Utility 69MB)
2026-08-31T01:02:29.739-04:00 info memory: 1359MB total (Tab 823MB, GPU 332MB, Browser 135MB, Utility 69MB)
2026-08-31T01:02:40.626-04:00 info layout 1920x1080 in a 1920x1079 window, scaled to 0.999
2026-08-31T01:02:41.128-04:00 info layout 1920x1080 in a 1920x1080 window, 1:1
2026-08-31T01:03:29.743-04:00 info memory: 1367MB total (Tab 831MB, GPU 332MB, Browser 135MB, Utility 69MB)
2026-08-31T01:04:29.750-04:00 info memory: 1369MB total (Tab 833MB, GPU 332MB, Browser 135MB, Utility 69MB)
2026-08-31T01:05:29.756-04:00 info memory: 1368MB total (Tab 832MB, GPU 332MB, Browser 135MB, Utility 69MB)
2026-08-31T01:06:29.767-04:00 info memory: 1369MB total (Tab 833MB, GPU 332MB, Browser 135MB, Utility 69MB)
2026-08-31T01:07:29.773-04:00 info memory: 1369MB total (Tab 833MB, GPU 332MB, Browser 135MB, Utility 69MB)
2026-08-31T01:08:29.777-04:00 info memory: 1366MB total (Tab 830MB, GPU 331MB, Browser 135MB, Utility 69MB)
2026-08-31T01:09:29.781-04:00 info memory: 1366MB total (Tab 830MB, GPU 331MB, Browser 135MB, Utility 69MB)
2026-08-31T01:10:29.786-04:00 info memory: 1363MB total (Tab 828MB, GPU 331MB, Browser 135MB, Utility 69MB)
2026-08-31T01:11:29.801-04:00 info memory: 1364MB total (Tab 828MB, GPU 331MB, Browser 135MB, Utility 69MB)
2026-08-31T01:12:29.803-04:00 info memory: 1363MB total (Tab 828MB, GPU 331MB, Browser 135MB, Utility 69MB)
2026-08-31T01:13:29.818-04:00 info memory: 1364MB total (Tab 828MB, GPU 331MB, Browser 135MB, Utility 69MB)
2026-08-31T01:14:29.826-04:00 info memory: 1363MB total (Tab 827MB, GPU 331MB, Browser 135MB, Utility 69MB)
2026-08-31T01:15:29.839-04:00 info memory: 1363MB total (Tab 827MB, GPU 332MB, Browser 135MB, Utility 69MB)
2026-08-31T01:16:29.856-04:00 info memory: 1364MB total (Tab 828MB, GPU 332MB, Browser 135MB, Utility 69MB)
2026-08-31T01:17:29.867-04:00 info memory: 1362MB total (Tab 827MB, GPU 331MB, Browser 135MB, Utility 69MB)
2026-08-31T01:18:29.875-04:00 info memory: 1363MB total (Tab 828MB, GPU 331MB, Browser 135MB, Utility 69MB)
2026-08-31T01:19:29.888-04:00 info memory: 1364MB total (Tab 828MB, GPU 331MB, Browser 135MB, Utility 69MB)
2026-08-31T01:20:29.892-04:00 info memory: 1363MB total (Tab 827MB, GPU 331MB, Browser 135MB, Utility 69MB)
2026-08-31T01:21:29.898-04:00 info memory: 1363MB total (Tab 828MB, GPU 331MB, Browser 135MB, Utility 69MB)
2026-08-31T01:22:29.906-04:00 info memory: 1362MB total (Tab 827MB, GPU 332MB, Browser 135MB, Utility 69MB)
2026-08-31T01:23:29.919-04:00 info memory: 1362MB total (Tab 827MB, GPU 331MB, Browser 135MB, Utility 69MB)
2026-08-31T01:24:29.922-04:00 info memory: 1362MB total (Tab 827MB, GPU 331MB, Browser 135MB, Utility 69MB)
2026-08-31T01:25:29.926-04:00 info memory: 1362MB total (Tab 827MB, GPU 331MB, Browser 135MB, Utility 69MB)
2026-08-31T01:26:29.939-04:00 info memory: 1363MB total (Tab 827MB, GPU 331MB, Browser 135MB, Utility 69MB)
2026-08-31T01:27:29.953-04:00 info memory: 1362MB total (Tab 827MB, GPU 331MB, Browser 135MB, Utility 69MB)
2026-08-31T01:28:29.966-04:00 info memory: 1363MB total (Tab 827MB, GPU 331MB, Browser 135MB, Utility 69MB)
2026-08-31T01:29:29.968-04:00 info memory: 1364MB total (Tab 828MB, GPU 331MB, Browser 135MB, Utility 69MB)
2026-08-31T01:30:29.973-04:00 info memory: 1362MB total (Tab 827MB, GPU 331MB, Browser 135MB, Utility 69MB)
2026-08-31T01:31:29.977-04:00 info memory: 1362MB total (Tab 827MB, GPU 331MB, Browser 135MB, Utility 69MB)
2026-08-31T01:32:29.983-04:00 info memory: 1359MB total (Tab 822MB, GPU 332MB, Browser 135MB, Utility 69MB)
2026-08-31T01:32:40.629-04:00 info layout 1920x1080 in a 1920x1079 window, scaled to 0.999
2026-08-31T01:32:41.150-04:00 info layout 1920x1080 in a 1920x1080 window, 1:1
2026-08-31T01:33:29.993-04:00 info memory: 1371MB total (Tab 834MB, GPU 333MB, Browser 135MB, Utility 69MB)
2026-08-31T01:34:30.007-04:00 info memory: 1370MB total (Tab 833MB, GPU 333MB, Browser 135MB, Utility 69MB)
2026-08-31T01:35:30.010-04:00 info memory: 1371MB total (Tab 834MB, GPU 333MB, Browser 135MB, Utility 69MB)
2026-08-31T01:36:30.027-04:00 info memory: 1371MB total (Tab 834MB, GPU 333MB, Browser 135MB, Utility 69MB)
2026-08-31T01:37:30.034-04:00 info memory: 1371MB total (Tab 834MB, GPU 333MB, Browser 135MB, Utility 69MB)
2026-08-31T01:38:30.043-04:00 info memory: 1367MB total (Tab 830MB, GPU 332MB, Browser 135MB, Utility 69MB)
2026-08-31T01:39:30.056-04:00 info memory: 1367MB total (Tab 830MB, GPU 332MB, Browser 135MB, Utility 69MB)
2026-08-31T01:40:30.061-04:00 info memory: 1364MB total (Tab 828MB, GPU 332MB, Browser 135MB, Utility 69MB)
2026-08-31T01:41:30.063-04:00 info memory: 1363MB total (Tab 828MB, GPU 331MB, Browser 135MB, Utility 69MB)
2026-08-31T01:42:30.079-04:00 info memory: 1365MB total (Tab 829MB, GPU 332MB, Browser 135MB, Utility 69MB)
2026-08-31T01:43:30.095-04:00 info memory: 1364MB total (Tab 828MB, GPU 332MB, Browser 135MB, Utility 69MB)
2026-08-31T01:44:30.097-04:00 info memory: 1363MB total (Tab 828MB, GPU 331MB, Browser 135MB, Utility 69MB)
2026-08-31T01:45:30.112-04:00 info memory: 1364MB total (Tab 829MB, GPU 331MB, Browser 135MB, Utility 69MB)
2026-08-31T01:46:30.121-04:00 info memory: 1363MB total (Tab 828MB, GPU 331MB, Browser 135MB, Utility 69MB)
2026-08-31T01:47:30.127-04:00 info memory: 1364MB total (Tab 829MB, GPU 331MB, Browser 135MB, Utility 69MB)
2026-08-31T01:48:30.134-04:00 info memory: 1364MB total (Tab 829MB, GPU 331MB, Browser 135MB, Utility 69MB)
2026-08-31T01:49:30.148-04:00 info memory: 1364MB total (Tab 829MB, GPU 331MB, Browser 135MB, Utility 69MB)
2026-08-31T01:50:30.160-04:00 info memory: 1364MB total (Tab 828MB, GPU 331MB, Browser 135MB, Utility 69MB)
2026-08-31T01:51:30.162-04:00 info memory: 1363MB total (Tab 828MB, GPU 331MB, Browser 135MB, Utility 69MB)
2026-08-31T01:52:30.168-04:00 info memory: 1364MB total (Tab 829MB, GPU 331MB, Browser 135MB, Utility 69MB)
2026-08-31T01:53:30.179-04:00 info memory: 1364MB total (Tab 829MB, GPU 331MB, Browser 135MB, Utility 69MB)
2026-08-31T01:54:30.184-04:00 info memory: 1363MB total (Tab 828MB, GPU 331MB, Browser 135MB, Utility 69MB)
2026-08-31T01:55:30.189-04:00 info memory: 1364MB total (Tab 829MB, GPU 331MB, Browser 135MB, Utility 69MB)
2026-08-31T01:56:30.197-04:00 info memory: 1364MB total (Tab 829MB, GPU 331MB, Browser 135MB, Utility 69MB)
2026-08-31T01:57:30.199-04:00 info memory: 1365MB total (Tab 829MB, GPU 331MB, Browser 135MB, Utility 69MB)
2026-08-31T01:58:30.210-04:00 info memory: 1364MB total (Tab 829MB, GPU 331MB, Browser 135MB, Utility 69MB)
2026-08-31T01:59:30.219-04:00 info memory: 1363MB total (Tab 828MB, GPU 331MB, Browser 135MB, Utility 69MB)
2026-08-31T02:00:30.227-04:00 info memory: 1364MB total (Tab 828MB, GPU 331MB, Browser 135MB, Utility 69MB)
2026-08-31T02:01:30.240-04:00 info memory: 1364MB total (Tab 828MB, GPU 331MB, Browser 135MB, Utility 69MB)
2026-08-31T02:02:30.246-04:00 info memory: 1366MB total (Tab 830MB, GPU 332MB, Browser 135MB, Utility 69MB)
2026-08-31T02:02:40.640-04:00 info layout 1920x1080 in a 1920x1079 window, scaled to 0.999
2026-08-31T02:02:41.140-04:00 info layout 1920x1080 in a 1920x1080 window, 1:1
2026-08-31T02:03:30.262-04:00 info memory: 1382MB total (Tab 842MB, GPU 336MB, Browser 135MB, Utility 69MB)
2026-08-31T02:04:30.267-04:00 info memory: 1370MB total (Tab 834MB, GPU 332MB, Browser 135MB, Utility 69MB)
2026-08-31T02:05:30.276-04:00 info memory: 1370MB total (Tab 834MB, GPU 332MB, Browser 135MB, Utility 69MB)
2026-08-31T02:06:30.291-04:00 info memory: 1370MB total (Tab 834MB, GPU 332MB, Browser 135MB, Utility 69MB)
2026-08-31T02:07:30.298-04:00 info memory: 1370MB total (Tab 834MB, GPU 332MB, Browser 135MB, Utility 69MB)
2026-08-31T02:08:30.309-04:00 info memory: 1365MB total (Tab 830MB, GPU 331MB, Browser 135MB, Utility 69MB)
2026-08-31T02:09:30.319-04:00 info memory: 1363MB total (Tab 828MB, GPU 331MB, Browser 135MB, Utility 69MB)
2026-08-31T02:10:30.334-04:00 info memory: 1363MB total (Tab 827MB, GPU 331MB, Browser 135MB, Utility 69MB)
2026-08-31T02:11:30.348-04:00 info memory: 1363MB total (Tab 827MB, GPU 331MB, Browser 135MB, Utility 69MB)
2026-08-31T02:12:30.362-04:00 info memory: 1364MB total (Tab 828MB, GPU 331MB, Browser 135MB, Utility 69MB)
2026-08-31T02:13:30.372-04:00 info memory: 1363MB total (Tab 828MB, GPU 331MB, Browser 135MB, Utility 69MB)
2026-08-31T02:14:30.384-04:00 info memory: 1364MB total (Tab 828MB, GPU 331MB, Browser 135MB, Utility 69MB)
2026-08-31T02:15:30.387-04:00 info memory: 1363MB total (Tab 827MB, GPU 332MB, Browser 135MB, Utility 69MB)
2026-08-31T02:16:30.402-04:00 info memory: 1363MB total (Tab 828MB, GPU 332MB, Browser 135MB, Utility 69MB)
2026-08-31T02:17:30.405-04:00 info memory: 1364MB total (Tab 828MB, GPU 332MB, Browser 135MB, Utility 69MB)
2026-08-31T02:18:30.412-04:00 info memory: 1363MB total (Tab 828MB, GPU 331MB, Browser 135MB, Utility 69MB)
2026-08-31T02:19:30.422-04:00 info memory: 1363MB total (Tab 827MB, GPU 331MB, Browser 135MB, Utility 69MB)
2026-08-31T02:20:30.425-04:00 info memory: 1363MB total (Tab 827MB, GPU 332MB, Browser 135MB, Utility 69MB)
2026-08-31T02:21:30.435-04:00 info memory: 1363MB total (Tab 828MB, GPU 331MB, Browser 135MB, Utility 69MB)
2026-08-31T02:22:30.442-04:00 info memory: 1364MB total (Tab 828MB, GPU 331MB, Browser 135MB, Utility 69MB)
2026-08-31T02:23:30.454-04:00 info memory: 1364MB total (Tab 828MB, GPU 331MB, Browser 135MB, Utility 69MB)
2026-08-31T02:24:30.464-04:00 info memory: 1363MB total (Tab 828MB, GPU 332MB, Browser 135MB, Utility 69MB)
2026-08-31T02:25:30.475-04:00 info memory: 1363MB total (Tab 828MB, GPU 331MB, Browser 135MB, Utility 69MB)
2026-08-31T02:26:30.486-04:00 info memory: 1364MB total (Tab 828MB, GPU 331MB, Browser 135MB, Utility 69MB)
2026-08-31T02:27:30.501-04:00 info memory: 1364MB total (Tab 829MB, GPU 331MB, Browser 135MB, Utility 69MB)
2026-08-31T02:28:30.515-04:00 info memory: 1364MB total (Tab 828MB, GPU 331MB, Browser 135MB, Utility 69MB)
2026-08-31T02:29:30.532-04:00 info memory: 1364MB total (Tab 828MB, GPU 331MB, Browser 135MB, Utility 69MB)
2026-08-31T02:30:30.546-04:00 info memory: 1364MB total (Tab 828MB, GPU 331MB, Browser 135MB, Utility 69MB)
2026-08-31T02:31:30.557-04:00 info memory: 1364MB total (Tab 828MB, GPU 331MB, Browser 135MB, Utility 69MB)
2026-08-31T02:32:30.572-04:00 info memory: 1359MB total (Tab 824MB, GPU 331MB, Browser 135MB, Utility 69MB)
2026-08-31T02:32:40.673-04:00 info layout 1920x1080 in a 1920x1079 window, scaled to 0.999
2026-08-31T02:32:41.201-04:00 info layout 1920x1080 in a 1920x1080 window, 1:1
2026-08-31T02:33:30.587-04:00 info memory: 1375MB total (Tab 834MB, GPU 336MB, Browser 135MB, Utility 69MB)
2026-08-31T02:34:30.594-04:00 info memory: 1374MB total (Tab 834MB, GPU 336MB, Browser 135MB, Utility 69MB)
2026-08-31T02:35:30.604-04:00 info memory: 1371MB total (Tab 835MB, GPU 332MB, Browser 135MB, Utility 69MB)
2026-08-31T02:36:30.606-04:00 info memory: 1370MB total (Tab 834MB, GPU 332MB, Browser 135MB, Utility 69MB)
2026-08-31T02:37:30.609-04:00 info memory: 1368MB total (Tab 832MB, GPU 332MB, Browser 135MB, Utility 69MB)
2026-08-31T02:38:30.611-04:00 info memory: 1365MB total (Tab 829MB, GPU 331MB, Browser 135MB, Utility 69MB)
2026-08-31T02:39:30.624-04:00 info memory: 1365MB total (Tab 829MB, GPU 331MB, Browser 135MB, Utility 69MB)
2026-08-31T02:40:30.629-04:00 info memory: 1364MB total (Tab 828MB, GPU 331MB, Browser 135MB, Utility 69MB)
2026-08-31T02:41:30.635-04:00 info memory: 1364MB total (Tab 828MB, GPU 332MB, Browser 135MB, Utility 69MB)
2026-08-31T02:42:30.643-04:00 info memory: 1365MB total (Tab 829MB, GPU 331MB, Browser 135MB, Utility 69MB)
2026-08-31T02:43:30.650-04:00 info memory: 1365MB total (Tab 829MB, GPU 331MB, Browser 135MB, Utility 69MB)
2026-08-31T02:44:30.661-04:00 info memory: 1365MB total (Tab 830MB, GPU 331MB, Browser 135MB, Utility 69MB)
2026-08-31T02:45:30.670-04:00 info memory: 1365MB total (Tab 829MB, GPU 331MB, Browser 135MB, Utility 69MB)
2026-08-31T02:46:30.681-04:00 info memory: 1365MB total (Tab 829MB, GPU 331MB, Browser 135MB, Utility 69MB)
2026-08-31T02:47:30.691-04:00 info memory: 1366MB total (Tab 830MB, GPU 331MB, Browser 135MB, Utility 69MB)
2026-08-31T02:48:30.705-04:00 info memory: 1366MB total (Tab 830MB, GPU 331MB, Browser 135MB, Utility 69MB)
2026-08-31T02:49:30.707-04:00 info memory: 1366MB total (Tab 830MB, GPU 332MB, Browser 135MB, Utility 69MB)
2026-08-31T02:50:30.715-04:00 info memory: 1363MB total (Tab 828MB, GPU 331MB, Browser 135MB, Utility 69MB)
2026-08-31T02:51:30.723-04:00 info memory: 1364MB total (Tab 828MB, GPU 332MB, Browser 135MB, Utility 69MB)
2026-08-31T02:52:30.728-04:00 info memory: 1364MB total (Tab 828MB, GPU 331MB, Browser 135MB, Utility 69MB)
2026-08-31T02:53:30.729-04:00 info memory: 1364MB total (Tab 829MB, GPU 331MB, Browser 135MB, Utility 69MB)
2026-08-31T02:54:30.733-04:00 info memory: 1365MB total (Tab 829MB, GPU 331MB, Browser 135MB, Utility 69MB)
2026-08-31T02:55:30.736-04:00 info memory: 1365MB total (Tab 829MB, GPU 331MB, Browser 135MB, Utility 69MB)
2026-08-31T02:56:30.747-04:00 info memory: 1365MB total (Tab 829MB, GPU 332MB, Browser 135MB, Utility 69MB)
2026-08-31T02:57:30.762-04:00 info memory: 1365MB total (Tab 830MB, GPU 331MB, Browser 135MB, Utility 69MB)
2026-08-31T02:58:30.774-04:00 info memory: 1364MB total (Tab 829MB, GPU 331MB, Browser 135MB, Utility 69MB)
2026-08-31T02:59:30.787-04:00 info memory: 1364MB total (Tab 829MB, GPU 331MB, Browser 135MB, Utility 69MB)
2026-08-31T03:00:30.795-04:00 info memory: 1363MB total (Tab 828MB, GPU 332MB, Browser 135MB, Utility 69MB)
2026-08-31T03:01:30.798-04:00 info memory: 1363MB total (Tab 828MB, GPU 331MB, Browser 135MB, Utility 69MB)
2026-08-31T03:02:30.802-04:00 info memory: 1373MB total (Tab 838MB, GPU 332MB, Browser 135MB, Utility 69MB)
2026-08-31T03:02:40.667-04:00 info layout 1920x1080 in a 1920x1079 window, scaled to 0.999
2026-08-31T03:02:41.166-04:00 info layout 1920x1080 in a 1920x1080 window, 1:1
2026-08-31T03:03:30.811-04:00 info memory: 1375MB total (Tab 838MB, GPU 332MB, Browser 135MB, Utility 69MB)
2026-08-31T03:04:30.826-04:00 info memory: 1372MB total (Tab 836MB, GPU 332MB, Browser 135MB, Utility 69MB)
2026-08-31T03:05:30.835-04:00 info memory: 1372MB total (Tab 836MB, GPU 332MB, Browser 135MB, Utility 69MB)
2026-08-31T03:06:30.851-04:00 info memory: 1372MB total (Tab 836MB, GPU 332MB, Browser 135MB, Utility 69MB)
2026-08-31T03:07:30.854-04:00 info memory: 1372MB total (Tab 836MB, GPU 332MB, Browser 135MB, Utility 69MB)
2026-08-31T03:08:30.855-04:00 info memory: 1367MB total (Tab 832MB, GPU 332MB, Browser 135MB, Utility 69MB)
2026-08-31T03:09:30.861-04:00 info memory: 1365MB total (Tab 829MB, GPU 332MB, Browser 135MB, Utility 69MB)
2026-08-31T03:10:30.866-04:00 info memory: 1365MB total (Tab 829MB, GPU 332MB, Browser 135MB, Utility 69MB)
2026-08-31T03:11:30.870-04:00 info memory: 1365MB total (Tab 829MB, GPU 332MB, Browser 135MB, Utility 69MB)
2026-08-31T03:12:30.876-04:00 info memory: 1366MB total (Tab 830MB, GPU 332MB, Browser 135MB, Utility 69MB)
2026-08-31T03:13:30.878-04:00 info memory: 1366MB total (Tab 830MB, GPU 332MB, Browser 135MB, Utility 69MB)
2026-08-31T03:14:30.884-04:00 info memory: 1366MB total (Tab 831MB, GPU 332MB, Browser 135MB, Utility 69MB)
2026-08-31T03:15:30.900-04:00 info memory: 1365MB total (Tab 829MB, GPU 332MB, Browser 135MB, Utility 69MB)
2026-08-31T03:16:30.910-04:00 info memory: 1365MB total (Tab 829MB, GPU 332MB, Browser 135MB, Utility 69MB)
2026-08-31T03:17:30.925-04:00 info memory: 1365MB total (Tab 829MB, GPU 332MB, Browser 135MB, Utility 69MB)
2026-08-31T03:18:30.929-04:00 info memory: 1364MB total (Tab 828MB, GPU 331MB, Browser 135MB, Utility 69MB)
2026-08-31T03:19:30.940-04:00 info memory: 1364MB total (Tab 829MB, GPU 331MB, Browser 135MB, Utility 69MB)
2026-08-31T03:20:30.943-04:00 info memory: 1365MB total (Tab 830MB, GPU 332MB, Browser 135MB, Utility 69MB)
2026-08-31T03:21:30.951-04:00 info memory: 1365MB total (Tab 829MB, GPU 332MB, Browser 135MB, Utility 69MB)
2026-08-31T03:22:30.961-04:00 info memory: 1365MB total (Tab 830MB, GPU 332MB, Browser 135MB, Utility 69MB)
2026-08-31T03:23:30.963-04:00 info memory: 1365MB total (Tab 829MB, GPU 332MB, Browser 135MB, Utility 69MB)
2026-08-31T03:24:30.967-04:00 info memory: 1366MB total (Tab 830MB, GPU 332MB, Browser 135MB, Utility 69MB)
2026-08-31T03:25:30.976-04:00 info memory: 1366MB total (Tab 831MB, GPU 332MB, Browser 135MB, Utility 69MB)
2026-08-31T03:26:30.984-04:00 info memory: 1366MB total (Tab 830MB, GPU 332MB, Browser 135MB, Utility 69MB)
2026-08-31T03:27:30.986-04:00 info memory: 1365MB total (Tab 829MB, GPU 332MB, Browser 135MB, Utility 69MB)
2026-08-31T03:28:30.994-04:00 info memory: 1365MB total (Tab 829MB, GPU 332MB, Browser 135MB, Utility 69MB)
2026-08-31T03:29:31.001-04:00 info memory: 1366MB total (Tab 830MB, GPU 332MB, Browser 135MB, Utility 69MB)
2026-08-31T03:30:31.008-04:00 info memory: 1366MB total (Tab 830MB, GPU 332MB, Browser 135MB, Utility 69MB)
2026-08-31T03:31:31.020-04:00 info memory: 1366MB total (Tab 830MB, GPU 332MB, Browser 135MB, Utility 69MB)
2026-08-31T03:32:31.026-04:00 info memory: 1368MB total (Tab 832MB, GPU 332MB, Browser 135MB, Utility 69MB)
2026-08-31T03:32:40.696-04:00 info layout 1920x1080 in a 1920x1079 window, scaled to 0.999
2026-08-31T03:32:41.195-04:00 info layout 1920x1080 in a 1920x1080 window, 1:1
2026-08-31T03:33:31.028-04:00 info memory: 1373MB total (Tab 837MB, GPU 332MB, Browser 135MB, Utility 69MB)
2026-08-31T03:34:31.040-04:00 info memory: 1371MB total (Tab 835MB, GPU 332MB, Browser 135MB, Utility 69MB)
2026-08-31T03:35:31.045-04:00 info memory: 1370MB total (Tab 834MB, GPU 332MB, Browser 135MB, Utility 69MB)
2026-08-31T03:36:31.059-04:00 info memory: 1369MB total (Tab 833MB, GPU 332MB, Browser 135MB, Utility 69MB)
2026-08-31T03:37:31.074-04:00 info memory: 1374MB total (Tab 834MB, GPU 336MB, Browser 135MB, Utility 69MB)
2026-08-31T03:38:31.081-04:00 info memory: 1366MB total (Tab 830MB, GPU 332MB, Browser 135MB, Utility 69MB)
2026-08-31T03:39:31.086-04:00 info memory: 1367MB total (Tab 830MB, GPU 332MB, Browser 135MB, Utility 69MB)
2026-08-31T03:40:31.100-04:00 info memory: 1366MB total (Tab 830MB, GPU 332MB, Browser 135MB, Utility 69MB)
2026-08-31T03:41:31.114-04:00 info memory: 1366MB total (Tab 831MB, GPU 331MB, Browser 135MB, Utility 69MB)
2026-08-31T03:42:31.117-04:00 info memory: 1366MB total (Tab 830MB, GPU 331MB, Browser 135MB, Utility 69MB)
2026-08-31T03:43:31.126-04:00 info memory: 1364MB total (Tab 829MB, GPU 332MB, Browser 135MB, Utility 69MB)
2026-08-31T03:44:31.129-04:00 info memory: 1365MB total (Tab 829MB, GPU 331MB, Browser 135MB, Utility 69MB)
2026-08-31T03:45:31.134-04:00 info memory: 1365MB total (Tab 829MB, GPU 331MB, Browser 135MB, Utility 69MB)
2026-08-31T03:46:31.149-04:00 info memory: 1366MB total (Tab 830MB, GPU 331MB, Browser 135MB, Utility 69MB)
2026-08-31T03:47:31.157-04:00 info memory: 1366MB total (Tab 830MB, GPU 332MB, Browser 135MB, Utility 69MB)
2026-08-31T03:48:31.169-04:00 info memory: 1365MB total (Tab 830MB, GPU 331MB, Browser 135MB, Utility 69MB)
2026-08-31T03:49:31.176-04:00 info memory: 1366MB total (Tab 831MB, GPU 331MB, Browser 135MB, Utility 69MB)
2026-08-31T03:50:31.190-04:00 info memory: 1366MB total (Tab 830MB, GPU 331MB, Browser 135MB, Utility 69MB)
2026-08-31T03:51:31.205-04:00 info memory: 1366MB total (Tab 831MB, GPU 331MB, Browser 135MB, Utility 69MB)
2026-08-31T03:52:31.219-04:00 info memory: 1365MB total (Tab 829MB, GPU 331MB, Browser 135MB, Utility 69MB)
2026-08-31T03:53:31.235-04:00 info memory: 1365MB total (Tab 830MB, GPU 331MB, Browser 135MB, Utility 69MB)
2026-08-31T03:54:31.251-04:00 info memory: 1366MB total (Tab 830MB, GPU 331MB, Browser 135MB, Utility 69MB)
2026-08-31T03:55:31.261-04:00 info memory: 1365MB total (Tab 830MB, GPU 331MB, Browser 135MB, Utility 69MB)
2026-08-31T03:56:31.276-04:00 info memory: 1366MB total (Tab 830MB, GPU 331MB, Browser 135MB, Utility 69MB)
2026-08-31T03:57:31.290-04:00 info memory: 1366MB total (Tab 830MB, GPU 331MB, Browser 135MB, Utility 69MB)
2026-08-31T03:58:31.301-04:00 info memory: 1366MB total (Tab 830MB, GPU 331MB, Browser 135MB, Utility 69MB)
2026-08-31T03:59:31.311-04:00 info memory: 1365MB total (Tab 829MB, GPU 331MB, Browser 135MB, Utility 69MB)
2026-08-31T04:00:31.324-04:00 info memory: 1364MB total (Tab 829MB, GPU 331MB, Browser 135MB, Utility 69MB)
2026-08-31T04:01:31.340-04:00 info memory: 1365MB total (Tab 830MB, GPU 331MB, Browser 135MB, Utility 69MB)
2026-08-31T04:02:31.346-04:00 info memory: 1361MB total (Tab 825MB, GPU 332MB, Browser 135MB, Utility 69MB)
2026-08-31T04:02:40.687-04:00 info layout 1920x1080 in a 1920x1079 window, scaled to 0.999
2026-08-31T04:02:41.203-04:00 info layout 1920x1080 in a 1920x1080 window, 1:1
2026-08-31T04:03:31.351-04:00 info memory: 1372MB total (Tab 836MB, GPU 332MB, Browser 135MB, Utility 69MB)
2026-08-31T04:04:31.361-04:00 info memory: 1372MB total (Tab 835MB, GPU 332MB, Browser 135MB, Utility 69MB)
2026-08-31T04:05:31.368-04:00 info memory: 1372MB total (Tab 836MB, GPU 332MB, Browser 135MB, Utility 69MB)
2026-08-31T04:06:31.375-04:00 info memory: 1372MB total (Tab 835MB, GPU 332MB, Browser 135MB, Utility 69MB)
2026-08-31T04:07:31.394-04:00 info memory: 1372MB total (Tab 836MB, GPU 332MB, Browser 135MB, Utility 69MB)
2026-08-31T04:08:31.402-04:00 info memory: 1371MB total (Tab 832MB, GPU 335MB, Browser 135MB, Utility 69MB)
2026-08-31T04:09:31.405-04:00 info memory: 1365MB total (Tab 829MB, GPU 332MB, Browser 135MB, Utility 69MB)
2026-08-31T04:10:31.409-04:00 info memory: 1365MB total (Tab 829MB, GPU 331MB, Browser 135MB, Utility 69MB)
2026-08-31T04:11:31.420-04:00 info memory: 1364MB total (Tab 829MB, GPU 331MB, Browser 135MB, Utility 69MB)
2026-08-31T04:12:31.437-04:00 info memory: 1365MB total (Tab 830MB, GPU 331MB, Browser 135MB, Utility 69MB)
2026-08-31T04:13:31.443-04:00 info memory: 1365MB total (Tab 830MB, GPU 331MB, Browser 135MB, Utility 69MB)
2026-08-31T04:14:31.450-04:00 info memory: 1365MB total (Tab 830MB, GPU 331MB, Browser 135MB, Utility 69MB)
2026-08-31T04:15:31.455-04:00 info memory: 1365MB total (Tab 830MB, GPU 331MB, Browser 135MB, Utility 69MB)
2026-08-31T04:16:31.463-04:00 info memory: 1363MB total (Tab 828MB, GPU 331MB, Browser 135MB, Utility 69MB)
2026-08-31T04:17:31.467-04:00 info memory: 1364MB total (Tab 829MB, GPU 331MB, Browser 135MB, Utility 69MB)
2026-08-31T04:18:31.471-04:00 info memory: 1364MB total (Tab 829MB, GPU 331MB, Browser 135MB, Utility 69MB)
2026-08-31T04:19:31.478-04:00 info memory: 1364MB total (Tab 829MB, GPU 331MB, Browser 135MB, Utility 69MB)
2026-08-31T04:20:31.488-04:00 info memory: 1364MB total (Tab 829MB, GPU 331MB, Browser 135MB, Utility 69MB)
2026-08-31T04:21:31.496-04:00 info memory: 1365MB total (Tab 829MB, GPU 331MB, Browser 135MB, Utility 69MB)
2026-08-31T04:22:31.499-04:00 info memory: 1365MB total (Tab 830MB, GPU 331MB, Browser 135MB, Utility 69MB)
2026-08-31T04:23:31.502-04:00 info memory: 1365MB total (Tab 829MB, GPU 331MB, Browser 135MB, Utility 69MB)
2026-08-31T04:24:31.505-04:00 info memory: 1364MB total (Tab 829MB, GPU 331MB, Browser 135MB, Utility 69MB)
2026-08-31T04:25:31.519-04:00 info memory: 1364MB total (Tab 829MB, GPU 331MB, Browser 135MB, Utility 69MB)
2026-08-31T04:26:31.536-04:00 info memory: 1364MB total (Tab 829MB, GPU 331MB, Browser 135MB, Utility 69MB)
2026-08-31T04:27:31.541-04:00 info memory: 1363MB total (Tab 828MB, GPU 331MB, Browser 135MB, Utility 69MB)
2026-08-31T04:28:31.547-04:00 info memory: 1364MB total (Tab 829MB, GPU 331MB, Browser 135MB, Utility 69MB)
2026-08-31T04:29:31.552-04:00 info memory: 1364MB total (Tab 829MB, GPU 331MB, Browser 135MB, Utility 69MB)
2026-08-31T04:30:31.565-04:00 info memory: 1365MB total (Tab 829MB, GPU 331MB, Browser 135MB, Utility 69MB)
2026-08-31T04:31:31.574-04:00 info memory: 1364MB total (Tab 829MB, GPU 331MB, Browser 135MB, Utility 69MB)
2026-08-31T04:32:31.583-04:00 info memory: 1367MB total (Tab 831MB, GPU 332MB, Browser 135MB, Utility 69MB)
2026-08-31T04:32:40.697-04:00 info layout 1920x1080 in a 1920x1079 window, scaled to 0.999
2026-08-31T04:32:41.215-04:00 info layout 1920x1080 in a 1920x1080 window, 1:1
2026-08-31T04:33:31.596-04:00 info memory: 1374MB total (Tab 837MB, GPU 332MB, Browser 135MB, Utility 69MB)
2026-08-31T04:34:31.608-04:00 info memory: 1375MB total (Tab 838MB, GPU 333MB, Browser 135MB, Utility 69MB)
2026-08-31T04:35:31.612-04:00 info memory: 1379MB total (Tab 838MB, GPU 337MB, Browser 135MB, Utility 69MB)
2026-08-31T04:36:31.618-04:00 info memory: 1378MB total (Tab 838MB, GPU 336MB, Browser 135MB, Utility 69MB)
2026-08-31T04:37:31.626-04:00 info memory: 1374MB total (Tab 838MB, GPU 332MB, Browser 135MB, Utility 69MB)
2026-08-31T04:38:31.630-04:00 info memory: 1371MB total (Tab 835MB, GPU 332MB, Browser 135MB, Utility 69MB)
2026-08-31T04:39:31.641-04:00 info memory: 1371MB total (Tab 835MB, GPU 332MB, Browser 135MB, Utility 69MB)
2026-08-31T04:40:31.651-04:00 info memory: 1373MB total (Tab 836MB, GPU 332MB, Browser 135MB, Utility 69MB)
2026-08-31T04:41:31.665-04:00 info memory: 1372MB total (Tab 836MB, GPU 332MB, Browser 135MB, Utility 69MB)
2026-08-31T04:42:31.669-04:00 info memory: 1370MB total (Tab 834MB, GPU 332MB, Browser 135MB, Utility 69MB)
2026-08-31T04:43:31.683-04:00 info memory: 1370MB total (Tab 834MB, GPU 332MB, Browser 135MB, Utility 69MB)
2026-08-31T04:44:31.685-04:00 info memory: 1370MB total (Tab 834MB, GPU 332MB, Browser 135MB, Utility 69MB)
2026-08-31T04:45:31.693-04:00 info memory: 1371MB total (Tab 835MB, GPU 332MB, Browser 135MB, Utility 69MB)
2026-08-31T04:46:31.709-04:00 info memory: 1369MB total (Tab 833MB, GPU 332MB, Browser 135MB, Utility 69MB)
2026-08-31T04:47:31.721-04:00 info memory: 1370MB total (Tab 834MB, GPU 332MB, Browser 135MB, Utility 69MB)
2026-08-31T04:48:31.736-04:00 info memory: 1370MB total (Tab 834MB, GPU 332MB, Browser 135MB, Utility 69MB)
2026-08-31T04:49:31.744-04:00 info memory: 1370MB total (Tab 834MB, GPU 332MB, Browser 135MB, Utility 69MB)
2026-08-31T04:50:31.748-04:00 info memory: 1371MB total (Tab 834MB, GPU 332MB, Browser 135MB, Utility 69MB)
2026-08-31T04:51:31.753-04:00 info memory: 1370MB total (Tab 834MB, GPU 332MB, Browser 135MB, Utility 69MB)
2026-08-31T04:52:31.770-04:00 info memory: 1369MB total (Tab 833MB, GPU 332MB, Browser 135MB, Utility 69MB)
2026-08-31T04:53:31.780-04:00 info memory: 1367MB total (Tab 831MB, GPU 332MB, Browser 135MB, Utility 69MB)
2026-08-31T04:54:31.791-04:00 info memory: 1367MB total (Tab 831MB, GPU 332MB, Browser 135MB, Utility 69MB)
2026-08-31T04:55:31.800-04:00 info memory: 1367MB total (Tab 831MB, GPU 332MB, Browser 135MB, Utility 69MB)
2026-08-31T04:56:31.806-04:00 info memory: 1368MB total (Tab 832MB, GPU 332MB, Browser 135MB, Utility 69MB)
2026-08-31T04:57:31.813-04:00 info memory: 1368MB total (Tab 831MB, GPU 332MB, Browser 135MB, Utility 69MB)
2026-08-31T04:58:31.823-04:00 info memory: 1367MB total (Tab 831MB, GPU 332MB, Browser 135MB, Utility 69MB)
2026-08-31T04:59:31.825-04:00 info memory: 1367MB total (Tab 831MB, GPU 332MB, Browser 135MB, Utility 69MB)
2026-08-31T05:00:31.838-04:00 info memory: 1368MB total (Tab 831MB, GPU 332MB, Browser 135MB, Utility 69MB)
2026-08-31T05:01:31.848-04:00 info memory: 1368MB total (Tab 832MB, GPU 332MB, Browser 135MB, Utility 69MB)
2026-08-31T05:02:31.860-04:00 info memory: 1365MB total (Tab 828MB, GPU 332MB, Browser 135MB, Utility 69MB)
2026-08-31T05:02:40.726-04:00 info layout 1920x1080 in a 1920x1079 window, scaled to 0.999
2026-08-31T05:02:41.231-04:00 info layout 1920x1080 in a 1920x1080 window, 1:1
2026-08-31T05:03:31.871-04:00 info memory: 1374MB total (Tab 837MB, GPU 333MB, Browser 135MB, Utility 69MB)
2026-08-31T05:04:31.873-04:00 info memory: 1372MB total (Tab 835MB, GPU 332MB, Browser 135MB, Utility 69MB)
2026-08-31T05:05:31.885-04:00 info memory: 1372MB total (Tab 835MB, GPU 332MB, Browser 135MB, Utility 69MB)
2026-08-31T05:06:31.887-04:00 info memory: 1371MB total (Tab 834MB, GPU 332MB, Browser 135MB, Utility 69MB)
2026-08-31T05:07:31.892-04:00 info memory: 1372MB total (Tab 835MB, GPU 333MB, Browser 135MB, Utility 69MB)
2026-08-31T05:08:31.902-04:00 info memory: 1369MB total (Tab 832MB, GPU 332MB, Browser 135MB, Utility 69MB)
2026-08-31T05:09:31.913-04:00 info memory: 1369MB total (Tab 832MB, GPU 333MB, Browser 135MB, Utility 69MB)
2026-08-31T05:10:31.929-04:00 info memory: 1369MB total (Tab 832MB, GPU 332MB, Browser 135MB, Utility 69MB)
2026-08-31T05:11:31.934-04:00 info memory: 1369MB total (Tab 832MB, GPU 332MB, Browser 135MB, Utility 69MB)
2026-08-31T05:12:31.950-04:00 info memory: 1371MB total (Tab 830MB, GPU 336MB, Browser 135MB, Utility 69MB)
2026-08-31T05:13:31.958-04:00 info memory: 1366MB total (Tab 829MB, GPU 333MB, Browser 135MB, Utility 69MB)
2026-08-31T05:14:31.961-04:00 info memory: 1366MB total (Tab 830MB, GPU 332MB, Browser 135MB, Utility 69MB)
2026-08-31T05:15:31.961-04:00 info memory: 1366MB total (Tab 830MB, GPU 332MB, Browser 135MB, Utility 69MB)
2026-08-31T05:16:31.972-04:00 info memory: 1366MB total (Tab 830MB, GPU 332MB, Browser 135MB, Utility 69MB)
2026-08-31T05:17:31.983-04:00 info memory: 1366MB total (Tab 830MB, GPU 332MB, Browser 135MB, Utility 69MB)
2026-08-31T05:18:31.993-04:00 info memory: 1367MB total (Tab 831MB, GPU 332MB, Browser 135MB, Utility 69MB)
2026-08-31T05:19:32.010-04:00 info memory: 1366MB total (Tab 830MB, GPU 332MB, Browser 135MB, Utility 69MB)
2026-08-31T05:20:32.015-04:00 info memory: 1367MB total (Tab 830MB, GPU 332MB, Browser 135MB, Utility 69MB)
2026-08-31T05:21:32.031-04:00 info memory: 1366MB total (Tab 831MB, GPU 332MB, Browser 135MB, Utility 69MB)
2026-08-31T05:22:32.039-04:00 info memory: 1365MB total (Tab 830MB, GPU 332MB, Browser 135MB, Utility 69MB)
2026-08-31T05:23:32.050-04:00 info memory: 1366MB total (Tab 830MB, GPU 332MB, Browser 135MB, Utility 69MB)
2026-08-31T05:24:32.052-04:00 info memory: 1366MB total (Tab 830MB, GPU 332MB, Browser 135MB, Utility 69MB)
2026-08-31T05:25:32.064-04:00 info memory: 1366MB total (Tab 831MB, GPU 332MB, Browser 135MB, Utility 69MB)
2026-08-31T05:26:32.074-04:00 info memory: 1366MB total (Tab 830MB, GPU 332MB, Browser 135MB, Utility 69MB)
2026-08-31T05:27:32.077-04:00 info memory: 1366MB total (Tab 830MB, GPU 332MB, Browser 135MB, Utility 69MB)
2026-08-31T05:28:32.087-04:00 info memory: 1366MB total (Tab 830MB, GPU 332MB, Browser 135MB, Utility 69MB)
2026-08-31T05:29:32.091-04:00 info memory: 1364MB total (Tab 829MB, GPU 332MB, Browser 135MB, Utility 69MB)
2026-08-31T05:30:32.106-04:00 info memory: 1365MB total (Tab 829MB, GPU 332MB, Browser 135MB, Utility 69MB)
2026-08-31T05:31:32.118-04:00 info memory: 1366MB total (Tab 830MB, GPU 332MB, Browser 135MB, Utility 69MB)
2026-08-31T05:32:32.125-04:00 info memory: 1363MB total (Tab 826MB, GPU 332MB, Browser 135MB, Utility 69MB)
2026-08-31T05:32:40.715-04:00 info layout 1920x1080 in a 1920x1079 window, scaled to 0.999
2026-08-31T05:32:41.231-04:00 info layout 1920x1080 in a 1920x1080 window, 1:1
2026-08-31T05:33:32.128-04:00 info memory: 1377MB total (Tab 840MB, GPU 333MB, Browser 135MB, Utility 69MB)
2026-08-31T05:34:32.141-04:00 info memory: 1372MB total (Tab 835MB, GPU 333MB, Browser 135MB, Utility 69MB)
2026-08-31T05:35:32.157-04:00 info memory: 1372MB total (Tab 835MB, GPU 333MB, Browser 135MB, Utility 69MB)
2026-08-31T05:36:32.171-04:00 info memory: 1372MB total (Tab 836MB, GPU 333MB, Browser 135MB, Utility 69MB)
2026-08-31T05:37:32.175-04:00 info memory: 1375MB total (Tab 834MB, GPU 337MB, Browser 135MB, Utility 69MB)
2026-08-31T05:38:32.185-04:00 info memory: 1366MB total (Tab 830MB, GPU 333MB, Browser 135MB, Utility 69MB)
2026-08-31T05:39:32.201-04:00 info memory: 1367MB total (Tab 830MB, GPU 332MB, Browser 135MB, Utility 69MB)
2026-08-31T05:40:32.216-04:00 info memory: 1367MB total (Tab 830MB, GPU 333MB, Browser 135MB, Utility 69MB)
2026-08-31T05:41:32.230-04:00 info memory: 1366MB total (Tab 830MB, GPU 332MB, Browser 135MB, Utility 69MB)
2026-08-31T05:42:32.233-04:00 info memory: 1367MB total (Tab 830MB, GPU 332MB, Browser 135MB, Utility 69MB)
2026-08-31T05:43:32.240-04:00 info memory: 1371MB total (Tab 830MB, GPU 337MB, Browser 135MB, Utility 69MB)
2026-08-31T05:44:32.256-04:00 info memory: 1371MB total (Tab 830MB, GPU 336MB, Browser 135MB, Utility 69MB)
2026-08-31T05:45:32.261-04:00 info memory: 1371MB total (Tab 831MB, GPU 336MB, Browser 135MB, Utility 69MB)
2026-08-31T05:46:32.276-04:00 info memory: 1370MB total (Tab 830MB, GPU 336MB, Browser 135MB, Utility 69MB)
2026-08-31T05:47:32.283-04:00 info memory: 1375MB total (Tab 830MB, GPU 340MB, Browser 135MB, Utility 69MB)
2026-08-31T05:48:32.285-04:00 info memory: 1371MB total (Tab 830MB, GPU 337MB, Browser 135MB, Utility 69MB)
2026-08-31T05:49:32.297-04:00 info memory: 1370MB total (Tab 830MB, GPU 336MB, Browser 135MB, Utility 69MB)
2026-08-31T05:50:32.309-04:00 info memory: 1371MB total (Tab 831MB, GPU 337MB, Browser 135MB, Utility 69MB)
2026-08-31T05:51:32.314-04:00 info memory: 1370MB total (Tab 830MB, GPU 336MB, Browser 135MB, Utility 69MB)
2026-08-31T05:52:32.316-04:00 info memory: 1371MB total (Tab 830MB, GPU 337MB, Browser 135MB, Utility 69MB)
2026-08-31T05:53:32.330-04:00 info memory: 1367MB total (Tab 831MB, GPU 332MB, Browser 135MB, Utility 69MB)
2026-08-31T05:54:32.338-04:00 info memory: 1367MB total (Tab 830MB, GPU 332MB, Browser 135MB, Utility 69MB)
2026-08-31T05:55:32.347-04:00 info memory: 1367MB total (Tab 830MB, GPU 332MB, Browser 135MB, Utility 69MB)
2026-08-31T05:56:32.358-04:00 info memory: 1366MB total (Tab 830MB, GPU 332MB, Browser 135MB, Utility 69MB)
2026-08-31T05:57:32.362-04:00 info memory: 1366MB total (Tab 830MB, GPU 332MB, Browser 135MB, Utility 69MB)
2026-08-31T05:58:32.374-04:00 info memory: 1367MB total (Tab 831MB, GPU 332MB, Browser 135MB, Utility 69MB)
2026-08-31T05:59:32.386-04:00 info memory: 1366MB total (Tab 830MB, GPU 332MB, Browser 135MB, Utility 69MB)
2026-08-31T06:00:32.392-04:00 info memory: 1366MB total (Tab 830MB, GPU 332MB, Browser 135MB, Utility 69MB)
2026-08-31T06:01:32.393-04:00 info memory: 1366MB total (Tab 830MB, GPU 332MB, Browser 135MB, Utility 69MB)
2026-08-31T06:02:32.396-04:00 info memory: 1362MB total (Tab 826MB, GPU 332MB, Browser 135MB, Utility 69MB)
2026-08-31T06:02:40.718-04:00 info layout 1920x1080 in a 1920x1079 window, scaled to 0.999
2026-08-31T06:02:41.244-04:00 info layout 1920x1080 in a 1920x1080 window, 1:1
2026-08-31T06:03:32.411-04:00 info memory: 1377MB total (Tab 840MB, GPU 333MB, Browser 135MB, Utility 69MB)
2026-08-31T06:04:32.426-04:00 info memory: 1374MB total (Tab 837MB, GPU 333MB, Browser 135MB, Utility 69MB)
2026-08-31T06:05:32.434-04:00 info memory: 1374MB total (Tab 837MB, GPU 333MB, Browser 135MB, Utility 69MB)
2026-08-31T06:06:32.438-04:00 info memory: 1374MB total (Tab 837MB, GPU 333MB, Browser 135MB, Utility 69MB)
2026-08-31T06:07:32.444-04:00 info memory: 1372MB total (Tab 835MB, GPU 333MB, Browser 135MB, Utility 69MB)
2026-08-31T06:08:32.455-04:00 info memory: 1368MB total (Tab 831MB, GPU 333MB, Browser 135MB, Utility 69MB)
2026-08-31T06:09:32.461-04:00 info memory: 1368MB total (Tab 831MB, GPU 332MB, Browser 135MB, Utility 69MB)
2026-08-31T06:10:32.477-04:00 info memory: 1368MB total (Tab 832MB, GPU 332MB, Browser 135MB, Utility 69MB)
2026-08-31T06:11:32.487-04:00 info memory: 1368MB total (Tab 831MB, GPU 332MB, Browser 135MB, Utility 69MB)
2026-08-31T06:12:32.496-04:00 info memory: 1368MB total (Tab 832MB, GPU 332MB, Browser 135MB, Utility 69MB)
2026-08-31T06:13:32.503-04:00 info memory: 1368MB total (Tab 831MB, GPU 332MB, Browser 135MB, Utility 69MB)
2026-08-31T06:14:32.513-04:00 info memory: 1368MB total (Tab 832MB, GPU 332MB, Browser 135MB, Utility 69MB)
2026-08-31T06:15:32.529-04:00 info memory: 1369MB total (Tab 832MB, GPU 332MB, Browser 135MB, Utility 69MB)
2026-08-31T06:16:32.537-04:00 info memory: 1369MB total (Tab 832MB, GPU 332MB, Browser 135MB, Utility 69MB)
2026-08-31T06:17:32.548-04:00 info memory: 1369MB total (Tab 832MB, GPU 332MB, Browser 135MB, Utility 69MB)
2026-08-31T06:18:32.559-04:00 info memory: 1368MB total (Tab 831MB, GPU 332MB, Browser 135MB, Utility 69MB)
2026-08-31T06:19:32.569-04:00 info memory: 1367MB total (Tab 831MB, GPU 332MB, Browser 135MB, Utility 69MB)
2026-08-31T06:20:32.575-04:00 info memory: 1368MB total (Tab 832MB, GPU 332MB, Browser 135MB, Utility 69MB)
2026-08-31T06:21:32.581-04:00 info memory: 1367MB total (Tab 831MB, GPU 332MB, Browser 135MB, Utility 69MB)
2026-08-31T06:22:32.593-04:00 info memory: 1367MB total (Tab 831MB, GPU 332MB, Browser 135MB, Utility 69MB)
2026-08-31T06:23:32.595-04:00 info memory: 1368MB total (Tab 831MB, GPU 332MB, Browser 135MB, Utility 69MB)
2026-08-31T06:24:32.605-04:00 info memory: 1367MB total (Tab 830MB, GPU 332MB, Browser 135MB, Utility 69MB)
2026-08-31T06:25:32.617-04:00 info memory: 1367MB total (Tab 831MB, GPU 332MB, Browser 135MB, Utility 69MB)
2026-08-31T06:26:32.626-04:00 info memory: 1367MB total (Tab 831MB, GPU 332MB, Browser 135MB, Utility 69MB)
2026-08-31T06:27:32.638-04:00 info memory: 1368MB total (Tab 831MB, GPU 332MB, Browser 135MB, Utility 69MB)
2026-08-31T06:28:32.652-04:00 info memory: 1368MB total (Tab 831MB, GPU 332MB, Browser 135MB, Utility 69MB)
2026-08-31T06:29:32.664-04:00 info memory: 1367MB total (Tab 830MB, GPU 332MB, Browser 135MB, Utility 69MB)
2026-08-31T06:30:32.667-04:00 info memory: 1367MB total (Tab 830MB, GPU 332MB, Browser 135MB, Utility 69MB)
2026-08-31T06:31:32.676-04:00 info memory: 1367MB total (Tab 830MB, GPU 332MB, Browser 135MB, Utility 69MB)
2026-08-31T06:32:32.690-04:00 info memory: 1362MB total (Tab 825MB, GPU 332MB, Browser 135MB, Utility 69MB)
2026-08-31T06:32:40.736-04:00 info layout 1920x1080 in a 1920x1079 window, scaled to 0.999
2026-08-31T06:32:41.253-04:00 info layout 1920x1080 in a 1920x1080 window, 1:1
2026-08-31T06:33:32.701-04:00 info memory: 1375MB total (Tab 838MB, GPU 333MB, Browser 135MB, Utility 69MB)
2026-08-31T06:34:32.719-04:00 info memory: 1372MB total (Tab 836MB, GPU 333MB, Browser 135MB, Utility 69MB)
2026-08-31T06:35:32.732-04:00 info memory: 1372MB total (Tab 836MB, GPU 333MB, Browser 135MB, Utility 69MB)
2026-08-31T06:36:32.740-04:00 info memory: 1376MB total (Tab 836MB, GPU 337MB, Browser 135MB, Utility 69MB)
2026-08-31T06:37:32.754-04:00 info memory: 1373MB total (Tab 836MB, GPU 333MB, Browser 135MB, Utility 69MB)
2026-08-31T06:38:32.761-04:00 info memory: 1369MB total (Tab 833MB, GPU 332MB, Browser 135MB, Utility 69MB)
2026-08-31T06:39:32.777-04:00 info memory: 1367MB total (Tab 831MB, GPU 332MB, Browser 135MB, Utility 69MB)
2026-08-31T06:40:32.787-04:00 info memory: 1367MB total (Tab 831MB, GPU 332MB, Browser 135MB, Utility 69MB)
2026-08-31T06:41:32.800-04:00 info memory: 1367MB total (Tab 831MB, GPU 332MB, Browser 135MB, Utility 69MB)
2026-08-31T06:42:32.804-04:00 info memory: 1368MB total (Tab 831MB, GPU 332MB, Browser 135MB, Utility 69MB)
2026-08-31T06:43:32.819-04:00 info memory: 1367MB total (Tab 831MB, GPU 332MB, Browser 135MB, Utility 69MB)
2026-08-31T06:44:32.822-04:00 info memory: 1368MB total (Tab 832MB, GPU 332MB, Browser 135MB, Utility 69MB)
2026-08-31T06:45:32.825-04:00 info memory: 1368MB total (Tab 832MB, GPU 332MB, Browser 135MB, Utility 69MB)
2026-08-31T06:46:32.827-04:00 info memory: 1367MB total (Tab 831MB, GPU 332MB, Browser 135MB, Utility 69MB)
2026-08-31T06:47:32.836-04:00 info memory: 1368MB total (Tab 831MB, GPU 332MB, Browser 135MB, Utility 69MB)
2026-08-31T06:48:32.847-04:00 info memory: 1367MB total (Tab 831MB, GPU 332MB, Browser 135MB, Utility 69MB)
2026-08-31T06:49:32.862-04:00 info memory: 1367MB total (Tab 831MB, GPU 332MB, Browser 135MB, Utility 69MB)
2026-08-31T06:50:32.873-04:00 info memory: 1368MB total (Tab 832MB, GPU 332MB, Browser 135MB, Utility 69MB)
2026-08-31T06:51:32.878-04:00 info memory: 1367MB total (Tab 831MB, GPU 332MB, Browser 135MB, Utility 69MB)
2026-08-31T06:52:32.887-04:00 info memory: 1368MB total (Tab 831MB, GPU 332MB, Browser 135MB, Utility 69MB)
2026-08-31T06:53:32.890-04:00 info memory: 1367MB total (Tab 831MB, GPU 332MB, Browser 135MB, Utility 69MB)
2026-08-31T06:54:32.896-04:00 info memory: 1367MB total (Tab 831MB, GPU 332MB, Browser 135MB, Utility 69MB)
2026-08-31T06:55:32.901-04:00 info memory: 1367MB total (Tab 831MB, GPU 332MB, Browser 135MB, Utility 69MB)
2026-08-31T06:56:32.903-04:00 info memory: 1366MB total (Tab 830MB, GPU 332MB, Browser 135MB, Utility 69MB)
2026-08-31T06:57:32.916-04:00 info memory: 1367MB total (Tab 830MB, GPU 332MB, Browser 135MB, Utility 69MB)
2026-08-31T06:58:32.925-04:00 info memory: 1367MB total (Tab 831MB, GPU 332MB, Browser 135MB, Utility 69MB)
2026-08-31T06:59:32.934-04:00 info memory: 1367MB total (Tab 830MB, GPU 332MB, Browser 135MB, Utility 69MB)
2026-08-31T07:00:32.946-04:00 info memory: 1367MB total (Tab 831MB, GPU 332MB, Browser 135MB, Utility 69MB)
2026-08-31T07:01:32.962-04:00 info memory: 1367MB total (Tab 831MB, GPU 332MB, Browser 135MB, Utility 69MB)
2026-08-31T07:02:32.975-04:00 info memory: 1366MB total (Tab 825MB, GPU 336MB, Browser 135MB, Utility 69MB)
2026-08-31T07:02:40.759-04:00 info layout 1920x1080 in a 1920x1079 window, scaled to 0.999
2026-08-31T07:02:41.274-04:00 info layout 1920x1080 in a 1920x1080 window, 1:1
2026-08-31T07:03:32.988-04:00 info memory: 1369MB total (Tab 833MB, GPU 332MB, Browser 135MB, Utility 69MB)
2026-08-31T07:04:32.997-04:00 info memory: 1374MB total (Tab 834MB, GPU 335MB, Browser 135MB, Utility 69MB)
2026-08-31T07:05:33.009-04:00 info memory: 1369MB total (Tab 834MB, GPU 331MB, Browser 135MB, Utility 69MB)
2026-08-31T07:06:33.019-04:00 info memory: 1370MB total (Tab 834MB, GPU 332MB, Browser 135MB, Utility 69MB)
2026-08-31T07:07:33.034-04:00 info memory: 1369MB total (Tab 834MB, GPU 331MB, Browser 135MB, Utility 69MB)
2026-08-31T07:08:33.038-04:00 info memory: 1365MB total (Tab 830MB, GPU 331MB, Browser 135MB, Utility 69MB)
2026-08-31T07:09:33.050-04:00 info memory: 1365MB total (Tab 830MB, GPU 331MB, Browser 135MB, Utility 69MB)
2026-08-31T07:10:33.059-04:00 info memory: 1365MB total (Tab 829MB, GPU 331MB, Browser 135MB, Utility 69MB)
2026-08-31T07:11:33.069-04:00 info memory: 1365MB total (Tab 830MB, GPU 331MB, Browser 135MB, Utility 69MB)
2026-08-31T07:12:33.078-04:00 info memory: 1365MB total (Tab 829MB, GPU 331MB, Browser 135MB, Utility 69MB)
2026-08-31T07:13:33.084-04:00 info memory: 1364MB total (Tab 829MB, GPU 331MB, Browser 135MB, Utility 69MB)
2026-08-31T07:14:33.100-04:00 info memory: 1365MB total (Tab 830MB, GPU 331MB, Browser 135MB, Utility 69MB)
2026-08-31T07:15:33.111-04:00 info memory: 1365MB total (Tab 829MB, GPU 331MB, Browser 135MB, Utility 69MB)
2026-08-31T07:16:33.111-04:00 info memory: 1365MB total (Tab 830MB, GPU 331MB, Browser 135MB, Utility 69MB)
2026-08-31T07:17:33.122-04:00 info memory: 1365MB total (Tab 829MB, GPU 331MB, Browser 135MB, Utility 69MB)
2026-08-31T07:18:33.138-04:00 info memory: 1365MB total (Tab 829MB, GPU 331MB, Browser 135MB, Utility 69MB)
2026-08-31T07:19:33.146-04:00 info memory: 1366MB total (Tab 830MB, GPU 331MB, Browser 135MB, Utility 69MB)
2026-08-31T07:20:33.156-04:00 info memory: 1365MB total (Tab 830MB, GPU 331MB, Browser 135MB, Utility 69MB)
2026-08-31T07:21:33.172-04:00 info memory: 1366MB total (Tab 830MB, GPU 331MB, Browser 135MB, Utility 69MB)
2026-08-31T07:22:33.181-04:00 info memory: 1366MB total (Tab 831MB, GPU 331MB, Browser 135MB, Utility 69MB)
2026-08-31T07:23:33.188-04:00 info memory: 1366MB total (Tab 830MB, GPU 331MB, Browser 135MB, Utility 69MB)
2026-08-31T07:24:33.198-04:00 info memory: 1366MB total (Tab 831MB, GPU 331MB, Browser 135MB, Utility 69MB)
2026-08-31T07:25:33.210-04:00 info memory: 1366MB total (Tab 830MB, GPU 331MB, Browser 135MB, Utility 69MB)
2026-08-31T07:26:33.216-04:00 info memory: 1366MB total (Tab 830MB, GPU 331MB, Browser 135MB, Utility 69MB)
2026-08-31T07:27:33.231-04:00 info memory: 1366MB total (Tab 831MB, GPU 331MB, Browser 135MB, Utility 69MB)
2026-08-31T07:28:33.246-04:00 info memory: 1366MB total (Tab 830MB, GPU 331MB, Browser 135MB, Utility 69MB)
2026-08-31T07:29:33.261-04:00 info memory: 1366MB total (Tab 830MB, GPU 331MB, Browser 135MB, Utility 69MB)
2026-08-31T07:30:33.275-04:00 info memory: 1366MB total (Tab 830MB, GPU 331MB, Browser 135MB, Utility 69MB)
2026-08-31T07:31:33.290-04:00 info memory: 1366MB total (Tab 830MB, GPU 331MB, Browser 135MB, Utility 69MB)
2026-08-31T07:32:33.300-04:00 info memory: 1373MB total (Tab 832MB, GPU 336MB, Browser 135MB, Utility 69MB)
2026-08-31T07:32:40.762-04:00 info layout 1920x1080 in a 1920x1079 window, scaled to 0.999
2026-08-31T07:32:41.265-04:00 info layout 1920x1080 in a 1920x1080 window, 1:1
2026-08-31T07:33:33.306-04:00 info memory: 1380MB total (Tab 840MB, GPU 335MB, Browser 135MB, Utility 69MB)
2026-08-31T07:34:33.314-04:00 info memory: 1374MB total (Tab 838MB, GPU 331MB, Browser 135MB, Utility 69MB)
2026-08-31T07:35:33.326-04:00 info memory: 1374MB total (Tab 838MB, GPU 331MB, Browser 135MB, Utility 69MB)
2026-08-31T07:36:33.330-04:00 info memory: 1373MB total (Tab 838MB, GPU 331MB, Browser 135MB, Utility 69MB)
2026-08-31T07:37:33.335-04:00 info memory: 1374MB total (Tab 838MB, GPU 331MB, Browser 135MB, Utility 69MB)
2026-08-31T07:38:33.352-04:00 info memory: 1369MB total (Tab 833MB, GPU 331MB, Browser 135MB, Utility 69MB)
2026-08-31T07:39:33.356-04:00 info memory: 1368MB total (Tab 832MB, GPU 331MB, Browser 135MB, Utility 69MB)
2026-08-31T07:40:33.359-04:00 info memory: 1367MB total (Tab 831MB, GPU 331MB, Browser 135MB, Utility 69MB)
2026-08-31T07:41:33.375-04:00 info memory: 1367MB total (Tab 832MB, GPU 331MB, Browser 135MB, Utility 69MB)
2026-08-31T07:42:33.388-04:00 info memory: 1367MB total (Tab 831MB, GPU 331MB, Browser 135MB, Utility 69MB)
2026-08-31T07:43:33.399-04:00 info memory: 1366MB total (Tab 831MB, GPU 331MB, Browser 135MB, Utility 69MB)
2026-08-31T07:44:33.401-04:00 info memory: 1367MB total (Tab 831MB, GPU 331MB, Browser 135MB, Utility 69MB)
2026-08-31T07:45:33.413-04:00 info memory: 1367MB total (Tab 831MB, GPU 331MB, Browser 135MB, Utility 69MB)
2026-08-31T07:46:33.419-04:00 info memory: 1366MB total (Tab 830MB, GPU 331MB, Browser 135MB, Utility 69MB)
2026-08-31T07:47:33.425-04:00 info memory: 1366MB total (Tab 831MB, GPU 331MB, Browser 135MB, Utility 69MB)
2026-08-31T07:48:33.441-04:00 info memory: 1366MB total (Tab 831MB, GPU 331MB, Browser 135MB, Utility 69MB)
2026-08-31T07:49:33.452-04:00 info memory: 1366MB total (Tab 831MB, GPU 331MB, Browser 135MB, Utility 69MB)
2026-08-31T07:50:33.466-04:00 info memory: 1366MB total (Tab 831MB, GPU 331MB, Browser 135MB, Utility 69MB)
2026-08-31T07:51:33.468-04:00 info memory: 1366MB total (Tab 831MB, GPU 331MB, Browser 135MB, Utility 69MB)
2026-08-31T07:52:33.472-04:00 info memory: 1366MB total (Tab 832MB, GPU 331MB, Browser 135MB, Utility 69MB)
2026-08-31T07:53:33.476-04:00 info memory: 1366MB total (Tab 831MB, GPU 331MB, Browser 135MB, Utility 69MB)
2026-08-31T07:54:33.491-04:00 info memory: 1367MB total (Tab 832MB, GPU 331MB, Browser 135MB, Utility 69MB)
2026-08-31T07:55:33.503-04:00 info memory: 1366MB total (Tab 831MB, GPU 331MB, Browser 135MB, Utility 69MB)
2026-08-31T07:56:33.508-04:00 info memory: 1366MB total (Tab 830MB, GPU 331MB, Browser 135MB, Utility 69MB)
2026-08-31T07:57:33.522-04:00 info memory: 1366MB total (Tab 831MB, GPU 331MB, Browser 135MB, Utility 69MB)
2026-08-31T07:58:33.526-04:00 info memory: 1366MB total (Tab 831MB, GPU 331MB, Browser 135MB, Utility 69MB)
2026-08-31T07:59:33.536-04:00 info memory: 1366MB total (Tab 831MB, GPU 331MB, Browser 135MB, Utility 69MB)
2026-08-31T08:00:33.538-04:00 info memory: 1365MB total (Tab 830MB, GPU 331MB, Browser 135MB, Utility 69MB)
2026-08-31T08:01:33.551-04:00 info memory: 1365MB total (Tab 830MB, GPU 331MB, Browser 135MB, Utility 69MB)
2026-08-31T08:02:33.556-04:00 info memory: 1368MB total (Tab 833MB, GPU 331MB, Browser 135MB, Utility 69MB)
2026-08-31T08:02:40.760-04:00 info layout 1920x1080 in a 1920x1079 window, scaled to 0.999
2026-08-31T08:02:41.271-04:00 info layout 1920x1080 in a 1920x1080 window, 1:1
2026-08-31T08:03:33.562-04:00 info memory: 1377MB total (Tab 837MB, GPU 336MB, Browser 135MB, Utility 69MB)
2026-08-31T08:04:33.576-04:00 info memory: 1372MB total (Tab 836MB, GPU 331MB, Browser 135MB, Utility 69MB)
2026-08-31T08:05:33.587-04:00 info memory: 1376MB total (Tab 836MB, GPU 336MB, Browser 135MB, Utility 69MB)
2026-08-31T08:06:33.591-04:00 info memory: 1372MB total (Tab 835MB, GPU 332MB, Browser 135MB, Utility 69MB)
2026-08-31T08:07:33.593-04:00 info memory: 1375MB total (Tab 836MB, GPU 336MB, Browser 135MB, Utility 69MB)
2026-08-31T08:08:33.603-04:00 info memory: 1372MB total (Tab 833MB, GPU 335MB, Browser 135MB, Utility 69MB)
2026-08-31T08:09:33.615-04:00 info memory: 1373MB total (Tab 833MB, GPU 336MB, Browser 135MB, Utility 69MB)
2026-08-31T08:10:33.621-04:00 info memory: 1371MB total (Tab 832MB, GPU 336MB, Browser 135MB, Utility 69MB)
2026-08-31T08:11:33.621-04:00 info memory: 1371MB total (Tab 832MB, GPU 336MB, Browser 135MB, Utility 69MB)
2026-08-31T08:12:33.634-04:00 info memory: 1368MB total (Tab 832MB, GPU 331MB, Browser 135MB, Utility 69MB)
2026-08-31T08:13:33.643-04:00 info memory: 1364MB total (Tab 828MB, GPU 332MB, Browser 135MB, Utility 69MB)
2026-08-31T08:14:33.653-04:00 info memory: 1364MB total (Tab 829MB, GPU 331MB, Browser 135MB, Utility 69MB)
2026-08-31T08:15:33.663-04:00 info memory: 1366MB total (Tab 830MB, GPU 332MB, Browser 135MB, Utility 69MB)
2026-08-31T08:16:33.670-04:00 info memory: 1364MB total (Tab 828MB, GPU 332MB, Browser 135MB, Utility 69MB)
2026-08-31T08:17:33.681-04:00 info memory: 1369MB total (Tab 829MB, GPU 336MB, Browser 135MB, Utility 69MB)
2026-08-31T08:18:33.683-04:00 info memory: 1365MB total (Tab 829MB, GPU 331MB, Browser 135MB, Utility 69MB)
2026-08-31T08:19:33.692-04:00 info memory: 1370MB total (Tab 829MB, GPU 336MB, Browser 135MB, Utility 69MB)
2026-08-31T08:20:33.700-04:00 info memory: 1370MB total (Tab 830MB, GPU 336MB, Browser 135MB, Utility 69MB)
2026-08-31T08:21:33.707-04:00 info memory: 1369MB total (Tab 829MB, GPU 335MB, Browser 135MB, Utility 69MB)
2026-08-31T08:22:33.723-04:00 info memory: 1370MB total (Tab 830MB, GPU 336MB, Browser 135MB, Utility 69MB)
2026-08-31T08:23:33.734-04:00 info memory: 1368MB total (Tab 829MB, GPU 336MB, Browser 135MB, Utility 69MB)
2026-08-31T08:24:33.738-04:00 info memory: 1365MB total (Tab 829MB, GPU 332MB, Browser 135MB, Utility 69MB)
2026-08-31T08:25:33.750-04:00 info memory: 1366MB total (Tab 830MB, GPU 332MB, Browser 135MB, Utility 69MB)
2026-08-31T08:26:33.761-04:00 info memory: 1369MB total (Tab 830MB, GPU 335MB, Browser 135MB, Utility 69MB)
2026-08-31T08:27:33.772-04:00 info memory: 1366MB total (Tab 830MB, GPU 331MB, Browser 135MB, Utility 69MB)
2026-08-31T08:28:33.785-04:00 info memory: 1370MB total (Tab 830MB, GPU 336MB, Browser 135MB, Utility 69MB)
2026-08-31T08:29:33.802-04:00 info memory: 1366MB total (Tab 830MB, GPU 331MB, Browser 135MB, Utility 69MB)
2026-08-31T08:30:33.806-04:00 info memory: 1366MB total (Tab 830MB, GPU 331MB, Browser 135MB, Utility 69MB)
2026-08-31T08:31:33.810-04:00 info memory: 1366MB total (Tab 830MB, GPU 331MB, Browser 135MB, Utility 69MB)
2026-08-31T08:32:33.821-04:00 info memory: 1362MB total (Tab 826MB, GPU 331MB, Browser 135MB, Utility 69MB)
2026-08-31T08:32:40.775-04:00 info layout 1920x1080 in a 1920x1079 window, scaled to 0.999
2026-08-31T08:32:41.295-04:00 info layout 1920x1080 in a 1920x1080 window, 1:1
2026-08-31T08:33:33.829-04:00 info memory: 1372MB total (Tab 835MB, GPU 332MB, Browser 135MB, Utility 69MB)
2026-08-31T08:34:33.844-04:00 info memory: 1372MB total (Tab 835MB, GPU 332MB, Browser 135MB, Utility 69MB)
2026-08-31T08:35:33.849-04:00 info memory: 1372MB total (Tab 835MB, GPU 332MB, Browser 135MB, Utility 69MB)
2026-08-31T08:36:33.856-04:00 info memory: 1375MB total (Tab 835MB, GPU 336MB, Browser 135MB, Utility 69MB)
2026-08-31T08:37:33.868-04:00 info memory: 1372MB total (Tab 835MB, GPU 332MB, Browser 135MB, Utility 69MB)
2026-08-31T08:38:33.881-04:00 info memory: 1370MB total (Tab 833MB, GPU 332MB, Browser 135MB, Utility 69MB)
2026-08-31T08:39:33.888-04:00 info memory: 1370MB total (Tab 833MB, GPU 332MB, Browser 135MB, Utility 69MB)
2026-08-31T08:40:33.899-04:00 info memory: 1367MB total (Tab 831MB, GPU 331MB, Browser 135MB, Utility 69MB)
2026-08-31T08:41:33.915-04:00 info memory: 1366MB total (Tab 831MB, GPU 331MB, Browser 135MB, Utility 69MB)
2026-08-31T08:42:33.929-04:00 info memory: 1367MB total (Tab 831MB, GPU 331MB, Browser 135MB, Utility 69MB)
2026-08-31T08:43:33.938-04:00 info memory: 1365MB total (Tab 830MB, GPU 331MB, Browser 135MB, Utility 69MB)
2026-08-31T08:44:33.954-04:00 info memory: 1366MB total (Tab 830MB, GPU 331MB, Browser 135MB, Utility 69MB)
2026-08-31T08:45:33.963-04:00 info memory: 1367MB total (Tab 831MB, GPU 331MB, Browser 135MB, Utility 69MB)
2026-08-31T08:46:33.966-04:00 info memory: 1366MB total (Tab 831MB, GPU 331MB, Browser 135MB, Utility 69MB)
2026-08-31T08:47:33.984-04:00 info memory: 1367MB total (Tab 831MB, GPU 331MB, Browser 135MB, Utility 69MB)
2026-08-31T08:48:33.999-04:00 info memory: 1367MB total (Tab 831MB, GPU 331MB, Browser 135MB, Utility 69MB)
2026-08-31T08:49:34.007-04:00 info memory: 1367MB total (Tab 831MB, GPU 331MB, Browser 135MB, Utility 69MB)
2026-08-31T08:50:34.021-04:00 info memory: 1367MB total (Tab 831MB, GPU 331MB, Browser 135MB, Utility 69MB)
2026-08-31T08:51:34.024-04:00 info memory: 1367MB total (Tab 831MB, GPU 331MB, Browser 135MB, Utility 69MB)
2026-08-31T08:52:34.041-04:00 info memory: 1367MB total (Tab 831MB, GPU 331MB, Browser 135MB, Utility 69MB)
2026-08-31T08:53:34.046-04:00 info memory: 1366MB total (Tab 831MB, GPU 331MB, Browser 135MB, Utility 69MB)
2026-08-31T08:54:34.058-04:00 info memory: 1366MB total (Tab 830MB, GPU 331MB, Browser 135MB, Utility 69MB)
2026-08-31T08:55:34.063-04:00 info memory: 1367MB total (Tab 831MB, GPU 331MB, Browser 135MB, Utility 69MB)
2026-08-31T08:56:34.067-04:00 info memory: 1367MB total (Tab 831MB, GPU 331MB, Browser 135MB, Utility 69MB)
2026-08-31T08:57:34.079-04:00 info memory: 1367MB total (Tab 831MB, GPU 331MB, Browser 135MB, Utility 69MB)
2026-08-31T08:58:34.092-04:00 info memory: 1367MB total (Tab 831MB, GPU 331MB, Browser 135MB, Utility 69MB)
2026-08-31T08:59:34.096-04:00 info memory: 1367MB total (Tab 831MB, GPU 331MB, Browser 135MB, Utility 69MB)
2026-08-31T09:00:34.100-04:00 info memory: 1366MB total (Tab 830MB, GPU 331MB, Browser 135MB, Utility 69MB)
2026-08-31T09:01:34.109-04:00 info memory: 1365MB total (Tab 830MB, GPU 331MB, Browser 135MB, Utility 69MB)
2026-08-31T09:02:34.122-04:00 info memory: 1366MB total (Tab 826MB, GPU 336MB, Browser 135MB, Utility 69MB)
2026-08-31T09:02:40.783-04:00 info layout 1920x1080 in a 1920x1079 window, scaled to 0.999
2026-08-31T09:02:41.300-04:00 info layout 1920x1080 in a 1920x1080 window, 1:1
2026-08-31T09:03:34.135-04:00 info memory: 1375MB total (Tab 839MB, GPU 332MB, Browser 135MB, Utility 69MB)
2026-08-31T09:04:34.142-04:00 info memory: 1373MB total (Tab 837MB, GPU 332MB, Browser 135MB, Utility 69MB)
2026-08-31T09:05:34.156-04:00 info memory: 1373MB total (Tab 837MB, GPU 332MB, Browser 135MB, Utility 69MB)
2026-08-31T09:06:34.168-04:00 info memory: 1373MB total (Tab 837MB, GPU 332MB, Browser 135MB, Utility 69MB)
2026-08-31T09:07:34.175-04:00 info memory: 1373MB total (Tab 837MB, GPU 332MB, Browser 135MB, Utility 69MB)
2026-08-31T09:08:34.179-04:00 info memory: 1368MB total (Tab 832MB, GPU 332MB, Browser 135MB, Utility 69MB)
2026-08-31T09:09:34.182-04:00 info memory: 1368MB total (Tab 832MB, GPU 332MB, Browser 135MB, Utility 69MB)
2026-08-31T09:10:34.185-04:00 info memory: 1365MB total (Tab 830MB, GPU 332MB, Browser 135MB, Utility 69MB)
2026-08-31T09:11:34.193-04:00 info memory: 1366MB total (Tab 830MB, GPU 332MB, Browser 135MB, Utility 69MB)
2026-08-31T09:12:34.206-04:00 info memory: 1367MB total (Tab 831MB, GPU 332MB, Browser 135MB, Utility 69MB)
2026-08-31T09:13:34.212-04:00 info memory: 1366MB total (Tab 830MB, GPU 331MB, Browser 135MB, Utility 69MB)
2026-08-31T09:14:34.225-04:00 info memory: 1367MB total (Tab 831MB, GPU 332MB, Browser 135MB, Utility 69MB)
2026-08-31T09:15:34.232-04:00 info memory: 1367MB total (Tab 831MB, GPU 332MB, Browser 135MB, Utility 69MB)
2026-08-31T09:16:34.238-04:00 info memory: 1367MB total (Tab 831MB, GPU 332MB, Browser 135MB, Utility 69MB)
2026-08-31T09:17:34.247-04:00 info memory: 1365MB total (Tab 829MB, GPU 331MB, Browser 135MB, Utility 69MB)
2026-08-31T09:18:34.252-04:00 info memory: 1365MB total (Tab 829MB, GPU 331MB, Browser 135MB, Utility 69MB)
2026-08-31T09:19:34.267-04:00 info memory: 1365MB total (Tab 829MB, GPU 331MB, Browser 135MB, Utility 69MB)
2026-08-31T09:20:34.270-04:00 info memory: 1366MB total (Tab 830MB, GPU 331MB, Browser 135MB, Utility 69MB)
2026-08-31T09:21:34.284-04:00 info memory: 1365MB total (Tab 830MB, GPU 331MB, Browser 135MB, Utility 69MB)
2026-08-31T09:22:34.294-04:00 info memory: 1366MB total (Tab 830MB, GPU 332MB, Browser 135MB, Utility 69MB)
2026-08-31T09:23:34.306-04:00 info memory: 1366MB total (Tab 831MB, GPU 331MB, Browser 135MB, Utility 69MB)
2026-08-31T09:24:34.323-04:00 info memory: 1366MB total (Tab 830MB, GPU 331MB, Browser 135MB, Utility 69MB)
2026-08-31T09:25:34.329-04:00 info memory: 1366MB total (Tab 831MB, GPU 331MB, Browser 135MB, Utility 69MB)
2026-08-31T09:26:34.332-04:00 info memory: 1365MB total (Tab 830MB, GPU 331MB, Browser 135MB, Utility 69MB)
2026-08-31T09:27:34.343-04:00 info memory: 1366MB total (Tab 830MB, GPU 331MB, Browser 135MB, Utility 69MB)
2026-08-31T09:28:34.351-04:00 info memory: 1366MB total (Tab 830MB, GPU 332MB, Browser 135MB, Utility 69MB)
2026-08-31T09:29:34.361-04:00 info memory: 1366MB total (Tab 830MB, GPU 331MB, Browser 135MB, Utility 69MB)
2026-08-31T09:30:34.377-04:00 info memory: 1366MB total (Tab 830MB, GPU 331MB, Browser 135MB, Utility 69MB)
2026-08-31T09:31:34.386-04:00 info memory: 1365MB total (Tab 830MB, GPU 331MB, Browser 135MB, Utility 69MB)
2026-08-31T09:32:34.398-04:00 info memory: 1368MB total (Tab 832MB, GPU 331MB, Browser 135MB, Utility 69MB)
2026-08-31T09:32:40.801-04:00 info layout 1920x1080 in a 1920x1079 window, scaled to 0.999
2026-08-31T09:32:41.315-04:00 info layout 1920x1080 in a 1920x1080 window, 1:1
2026-08-31T09:33:34.412-04:00 info memory: 1377MB total (Tab 840MB, GPU 332MB, Browser 135MB, Utility 69MB)
2026-08-31T09:34:34.426-04:00 info memory: 1375MB total (Tab 838MB, GPU 332MB, Browser 135MB, Utility 69MB)
2026-08-31T09:35:34.431-04:00 info memory: 1374MB total (Tab 838MB, GPU 332MB, Browser 135MB, Utility 69MB)
2026-08-31T09:36:34.443-04:00 info memory: 1374MB total (Tab 838MB, GPU 332MB, Browser 135MB, Utility 69MB)
2026-08-31T09:37:34.452-04:00 info memory: 1375MB total (Tab 838MB, GPU 332MB, Browser 135MB, Utility 69MB)
2026-08-31T09:38:34.464-04:00 info memory: 1371MB total (Tab 835MB, GPU 332MB, Browser 135MB, Utility 69MB)
2026-08-31T09:39:34.467-04:00 info memory: 1372MB total (Tab 836MB, GPU 332MB, Browser 135MB, Utility 69MB)
2026-08-31T09:40:34.467-04:00 info memory: 1371MB total (Tab 835MB, GPU 332MB, Browser 135MB, Utility 69MB)
2026-08-31T09:41:34.473-04:00 info memory: 1371MB total (Tab 835MB, GPU 331MB, Browser 135MB, Utility 69MB)
2026-08-31T09:42:34.482-04:00 info memory: 1370MB total (Tab 834MB, GPU 331MB, Browser 135MB, Utility 69MB)
2026-08-31T09:43:34.494-04:00 info memory: 1369MB total (Tab 833MB, GPU 332MB, Browser 135MB, Utility 69MB)
2026-08-31T09:44:34.504-04:00 info memory: 1370MB total (Tab 834MB, GPU 332MB, Browser 135MB, Utility 69MB)
2026-08-31T09:45:34.508-04:00 info memory: 1369MB total (Tab 833MB, GPU 331MB, Browser 135MB, Utility 69MB)
2026-08-31T09:46:34.523-04:00 info memory: 1369MB total (Tab 834MB, GPU 331MB, Browser 135MB, Utility 69MB)
2026-08-31T09:47:34.526-04:00 info memory: 1370MB total (Tab 834MB, GPU 331MB, Browser 135MB, Utility 69MB)
2026-08-31T09:48:34.541-04:00 info memory: 1370MB total (Tab 834MB, GPU 331MB, Browser 135MB, Utility 69MB)
2026-08-31T09:49:34.549-04:00 info memory: 1370MB total (Tab 834MB, GPU 331MB, Browser 135MB, Utility 69MB)
2026-08-31T09:50:34.553-04:00 info memory: 1370MB total (Tab 834MB, GPU 331MB, Browser 135MB, Utility 69MB)
2026-08-31T09:51:34.560-04:00 info memory: 1373MB total (Tab 833MB, GPU 336MB, Browser 135MB, Utility 69MB)
2026-08-31T09:52:34.572-04:00 info memory: 1369MB total (Tab 833MB, GPU 331MB, Browser 135MB, Utility 69MB)
